batch,meanReward,policyLoss,valueLoss,entropy,meanAdvantage
1,0.434796,0.328102,9.295183,4.318364,-0.000000
2,0.415947,0.204950,7.150925,4.250803,-0.000000
3,0.418577,0.266082,6.903230,4.158374,-0.000000
4,0.411938,0.492814,7.251486,4.045993,-0.000000
5,0.452646,1.422475,9.251382,3.939954,-0.000000
6,0.391926,0.250348,6.973859,3.843720,0.000000
7,0.451892,0.174967,10.801154,3.785872,0.000000
8,0.436575,0.080513,12.776686,3.740128,0.000000
9,0.411432,0.212543,15.899367,3.704275,-0.000000
10,0.396449,0.264514,19.897977,3.652581,-0.000000
11,0.390368,0.177132,16.521813,3.611481,-0.000000
12,0.409539,0.111014,12.054486,3.589417,-0.000000
13,0.390819,0.386219,14.725449,3.543168,0.000000
14,0.402675,0.054634,12.402535,3.500280,-0.000000
15,0.410247,0.071836,11.040136,3.472574,-0.000000
16,0.408438,0.107933,13.087924,3.432773,0.000000
17,0.377895,1.301957,16.567966,3.376845,0.000000
18,0.387456,0.080362,10.801990,3.328129,-0.000000
19,0.384469,0.282346,11.229462,3.279903,-0.000000
20,0.385861,0.081665,9.674319,3.240385,0.000000
21,0.412168,0.059139,9.570012,3.201384,0.000000
22,0.392290,0.112143,9.532390,3.147703,0.000000
23,0.399840,0.149823,9.203495,3.094230,0.000000
24,0.387902,0.083151,10.617566,3.045508,-0.000000
25,0.384332,0.146959,7.856736,3.007367,-0.000000
26,0.376454,0.079352,7.522728,2.969483,0.000000
27,0.378933,0.179040,7.287939,2.931183,0.000000
28,0.399960,0.203037,8.278820,2.892576,0.000000
29,0.375385,0.079102,6.530656,2.854326,0.000000
30,0.398199,0.042525,6.443370,2.835786,0.000000
31,0.428198,0.057358,6.741085,2.821907,0.000000
32,0.391353,0.004210,6.820839,2.787332,-0.000000
33,0.409051,0.706994,8.406651,2.752869,-0.000000
34,0.409229,0.039742,8.044969,2.718963,0.000000
35,0.373715,0.005565,6.249977,2.682578,-0.000000
36,0.366437,0.007302,6.491853,2.650614,0.000000
37,0.382734,0.027232,6.562441,2.626434,-0.000000
38,0.377801,0.064616,5.497491,2.606465,0.000000
39,0.386125,0.008249,4.225006,2.601120,0.000000
40,0.419870,0.090695,5.594738,2.583156,-0.000000
41,0.387208,0.066909,6.622357,2.544279,-0.000000
42,0.393515,0.021243,4.129518,2.531839,0.000000
43,0.390226,0.039162,5.061456,2.535234,-0.000000
44,0.417903,0.022444,4.733700,2.514038,-0.000000
45,0.428783,0.047540,4.653395,2.487383,0.000000
46,0.473689,0.091241,6.225065,2.461148,0.000000
47,0.442545,0.014757,5.572243,2.438973,0.000000
48,0.473355,0.027563,5.028944,2.428391,0.000000
49,0.491920,0.051199,3.904348,2.420799,0.000000
50,0.451464,0.019563,5.483737,2.413888,0.000000
51,0.447219,0.044552,4.339407,2.403138,0.000000
52,0.516406,0.032312,7.034405,2.379717,0.000000
53,0.457563,0.005869,5.637036,2.376062,0.000000
54,0.476331,0.213666,5.401651,2.357248,0.000000
55,0.494223,0.336776,7.121458,2.316064,0.000000
56,0.486718,0.015274,5.683456,2.305176,-0.000000
57,0.486712,0.010566,5.991074,2.296922,0.000000
58,0.513621,0.026416,5.032072,2.295903,0.000000
59,0.494851,0.010735,2.018723,2.286343,-0.000000
60,0.479815,0.002817,4.100374,2.279301,-0.000000
61,0.508782,0.045337,5.986981,2.280818,0.000000
62,0.504749,0.064515,10.532003,2.282865,0.000000
63,0.551176,0.029061,4.860540,2.261221,-0.000000
64,0.515064,0.004505,7.426075,2.232910,0.000000
65,0.525483,-0.000388,11.381330,2.228232,0.000000
66,0.518641,0.184188,7.809118,2.214622,0.000000
67,0.542659,0.020361,4.096044,2.189286,-0.000000
68,0.569631,0.023679,2.455523,2.166183,0.000000
69,0.525326,0.064731,1.708452,2.155097,0.000000
70,0.576789,0.013163,10.183782,2.158162,0.000000
71,0.603241,0.010873,5.667038,2.162344,-0.000000
72,0.581355,0.008011,1.030306,2.141577,-0.000000
73,0.553018,-0.006266,6.133269,2.130997,0.000000
74,0.667917,0.013451,17.256672,2.147826,-0.000000
75,0.566455,0.059747,2.739020,2.145993,0.000000
76,0.570496,0.040083,2.036115,2.114559,0.000000
77,0.666407,0.020326,1.341971,2.082881,-0.000000
78,0.557006,0.011447,5.821817,2.077841,0.000000
79,0.554588,0.012923,1.300686,2.061460,0.000000
80,0.688104,-0.001542,16.463615,2.050910,0.000000
81,0.647325,-0.000185,3.794562,2.052553,-0.000000
82,0.587763,0.033656,3.759777,2.060382,0.000000
83,0.585518,0.022129,7.855628,2.065818,0.000000
84,0.611751,0.001432,9.498453,2.083600,0.000000
85,0.628279,0.019836,18.167614,2.107602,0.000000
86,0.612588,0.010339,18.531105,2.105831,0.000000
87,0.676142,0.033543,19.368954,2.090811,-0.000000
88,0.724136,0.003152,17.693850,2.079956,0.000000
89,0.728807,0.022273,25.113436,2.089681,0.000000
90,0.726591,0.001174,31.156161,2.127707,-0.000000
91,0.735738,0.001330,16.451347,2.157170,0.000000
92,0.714638,-0.003807,10.166337,2.157107,-0.000000
93,0.684049,0.021957,9.781023,2.129191,0.000000
94,0.696486,0.001061,28.896124,2.125226,-0.000000
95,0.718965,0.009091,17.154212,2.144281,0.000000
96,0.727960,0.032636,20.229891,2.141636,-0.000000
97,0.729596,0.011720,34.339078,2.135927,0.000000
98,0.722894,0.009443,31.182610,2.137974,0.000000
99,0.717669,0.032132,25.966137,2.136615,0.000000
100,0.763983,-0.000637,31.356603,2.136994,-0.000000
101,0.724004,0.000456,41.201653,2.148352,0.000000
102,0.729722,0.002723,41.513161,2.158625,0.000000
103,0.732751,0.004462,41.338571,2.178038,-0.000000
104,0.744888,0.160579,11.116201,2.181066,0.000000
105,0.697284,0.029126,25.914079,2.152119,0.000000
106,0.713126,0.129541,16.020230,2.126547,-0.000000
107,0.697394,0.010190,19.217449,2.111652,0.000000
108,0.694181,0.020300,17.935710,2.112794,0.000000
109,0.713238,0.032676,14.966613,2.131169,-0.000000
110,0.739665,0.001743,31.201316,2.152215,-0.000000
111,0.718291,0.020777,24.700881,2.189293,0.000000
112,0.699831,0.018810,11.055876,2.214163,0.000000
113,0.730104,0.021986,26.126751,2.228110,-0.000000
114,0.713985,0.001689,25.644031,2.260442,0.000000
115,0.735460,0.016343,20.576836,2.273791,-0.000000
116,0.728797,0.008216,22.541075,2.270968,-0.000000
117,0.690070,0.039857,15.844131,2.267881,0.000000
118,0.690396,0.020752,11.502099,2.267412,0.000000
119,0.651682,0.131462,13.883095,2.270189,0.000000
120,0.685183,0.011429,6.836367,2.263434,-0.000000
121,0.666988,0.034139,4.343285,2.257312,-0.000000
122,0.725578,0.007943,18.451783,2.247067,-0.000000
123,0.703481,0.140122,11.147359,2.243339,0.000000
124,0.675293,0.008743,2.032285,2.229370,0.000000
125,0.636506,0.080930,4.304632,2.224553,0.000000
126,0.683180,0.063100,9.787084,2.214984,0.000000
127,0.692918,0.000740,5.681000,2.210295,-0.000000
128,0.708213,0.010481,13.801129,2.228038,0.000000
129,0.721947,0.031853,11.866908,2.256261,0.000000
130,0.738761,-0.003298,10.534215,2.274913,0.000000
131,0.719827,0.008390,13.393425,2.297416,0.000000
132,0.737253,0.001952,7.904329,2.320521,0.000000
133,0.705692,0.009621,5.403534,2.322308,0.000000
134,0.732036,-0.001955,4.254365,2.315212,0.000000
135,0.725834,0.144338,7.675668,2.316669,-0.000000
136,0.733948,-0.000535,9.832533,2.316855,0.000000
137,0.753154,0.002815,9.983112,2.315361,0.000000
138,0.725867,0.014076,4.800486,2.294827,-0.000000
139,0.745185,0.104804,8.322691,2.261706,-0.000000
140,0.743270,0.015092,12.658314,2.248458,-0.000000
141,0.765186,0.063691,13.476579,2.228122,-0.000000
142,0.727008,0.043053,17.648568,2.208378,-0.000000
143,0.777053,-0.004087,21.527248,2.225272,0.000000
144,0.764877,0.029880,17.860929,2.240863,0.000000
145,0.750265,0.037948,12.106703,2.240463,-0.000000
146,0.745679,0.005552,12.797165,2.250708,-0.000000
147,0.756225,0.007411,11.071195,2.257836,0.000000
148,0.752064,0.014415,6.732469,2.261994,0.000000
149,0.740843,0.022234,5.069803,2.246884,-0.000000
150,0.750756,0.029569,6.265944,2.221367,-0.000000
151,0.736409,0.033965,5.540988,2.194190,0.000000
152,0.733410,0.043799,3.916696,2.147055,-0.000000
153,0.723589,0.011203,5.869424,2.106342,0.000000
154,0.708054,0.046058,3.605122,2.084067,-0.000000
155,0.710778,0.003215,2.440055,2.082494,0.000000
156,0.736999,0.059845,7.700790,2.074515,-0.000000
157,0.703408,0.019424,6.501054,2.052976,0.000000
158,0.738186,-0.006745,20.950177,2.049077,0.000000
159,0.703227,0.000169,5.630574,2.059358,-0.000000
160,0.640501,0.001322,24.577560,2.080853,0.000000
161,0.679903,0.009684,6.758037,2.101219,0.000000
162,0.651651,0.057434,1.286275,2.090257,-0.000000
163,0.657662,0.017443,3.742860,2.068870,-0.000000
164,0.703020,0.041327,2.144035,2.051973,0.000000
165,0.663215,0.030479,0.671449,2.031184,-0.000000
166,0.672762,0.023912,1.818953,2.019381,0.000000
167,0.683524,0.354923,1.978185,2.011322,-0.000000
168,0.697956,0.001533,1.356042,1.999534,0.000000
169,0.719112,0.003460,7.212343,1.996047,0.000000
170,0.725426,0.004290,1.473321,2.007410,-0.000000
171,0.716192,0.028894,1.938250,2.037581,0.000000
172,0.693478,0.032814,1.079427,2.027580,0.000000
173,0.717183,0.007011,1.315463,2.015135,-0.000000
174,0.729947,-0.001753,3.587339,2.003789,-0.000000
175,0.749449,-0.002316,5.194660,1.996975,0.000000
176,0.735541,-0.000799,5.089350,2.008886,0.000000
177,0.725897,-0.003362,1.590641,1.995522,0.000000
178,0.751702,0.030863,10.325360,1.978439,0.000000
179,0.741700,-0.002605,5.819747,1.994253,-0.000000
180,0.756496,-0.008451,9.306043,2.010336,0.000000
181,0.741969,-0.002612,2.612619,2.022640,0.000000
182,0.728267,0.022022,4.679970,2.006106,0.000000
183,0.744075,0.014543,3.303754,1.970067,-0.000000
184,0.725956,0.010147,2.136948,1.937625,0.000000
185,0.735845,0.021148,1.529008,1.909253,-0.000000
186,0.728660,0.010231,9.819400,1.891721,0.000000
187,0.764988,-0.001576,11.546122,1.902728,-0.000000
188,0.752045,-0.001025,9.238243,1.923508,-0.000000
189,0.720092,0.009386,13.723517,1.927207,0.000000
190,0.740991,0.002699,5.921888,1.946379,0.000000
191,0.730179,0.022398,1.459708,1.948023,-0.000000
192,0.682332,-0.001735,34.043679,1.968659,0.000000
193,0.710166,0.014092,2.689818,2.012774,-0.000000
194,0.735769,0.015026,8.779318,2.006944,0.000000
195,0.566220,0.030285,35.672071,2.001668,-0.000000
196,0.578451,0.016053,13.707092,2.025388,0.000000
197,0.641397,0.564550,11.142315,2.038929,-0.000000
198,0.591816,0.031090,8.815056,2.024884,-0.000000
199,0.619454,0.015744,9.789101,2.006190,0.000000
200,0.633745,0.028508,3.243066,1.988821,-0.000000
201,0.722727,0.105306,8.151874,1.984623,0.000000
202,0.686500,0.018238,11.994525,1.979860,0.000000
203,0.722027,0.008856,4.377968,1.961032,0.000000
204,0.730355,0.019400,4.472637,1.946408,0.000000
205,0.742593,0.011253,5.596598,1.952038,0.000000
206,0.733960,0.067909,2.856995,1.965658,-0.000000
207,0.720839,0.015458,2.125055,1.950596,-0.000000
208,0.735475,0.001246,4.606955,1.954195,-0.000000
209,0.734184,0.003435,2.911916,1.978804,0.000000
210,0.739213,0.003727,7.940397,1.988504,0.000000
211,0.735912,0.007512,4.366911,2.006451,0.000000
212,0.753190,0.001299,9.117986,2.014103,0.000000
213,0.714929,0.000721,16.881062,2.023255,-0.000000
214,0.739670,0.007782,5.952126,2.045922,0.000000
215,0.757466,-0.000262,4.547373,2.055984,0.000000
216,0.743063,0.502938,1.516324,2.028722,0.000000
217,0.750779,0.044984,7.137371,1.996999,0.000000
218,0.756265,0.017818,6.229663,1.986696,0.000000
219,0.742238,0.006156,1.668726,1.955897,0.000000
220,0.760342,0.000098,10.467203,1.941389,-0.000000
221,0.756571,0.041523,6.832299,1.952403,-0.000000
222,0.709812,0.972614,38.680754,1.959244,0.000000
223,0.766363,0.006516,8.098851,1.954764,-0.000000
224,0.734382,0.010946,5.284231,1.937190,0.000000
225,0.745576,0.007802,8.637252,1.925406,0.000000
226,0.730309,0.464025,13.354525,1.924489,-0.000000
227,0.704682,0.020760,7.299934,1.914632,-0.000000
228,0.638301,0.050281,26.538751,1.917329,0.000000
229,0.771562,0.015636,6.811451,1.934527,-0.000000
230,0.744640,0.005392,7.623182,1.948405,-0.000000
231,0.762063,0.010180,2.708120,1.948523,0.000000
232,0.752795,0.011089,3.190955,1.930901,0.000000
233,0.767816,0.005972,2.322546,1.904142,0.000000
234,0.773230,0.055780,4.803703,1.881818,0.000000
235,0.769285,-0.001178,4.010076,1.878911,0.000000
236,0.765163,0.024745,2.887316,1.881219,0.000000
237,0.754347,0.013175,1.960989,1.865931,0.000000
238,0.774124,-0.002130,5.453668,1.861390,0.000000
239,0.771668,0.004416,5.397965,1.854444,0.000000
240,0.765460,0.005223,4.750627,1.843747,0.000000
241,0.636388,0.041630,39.604719,1.840800,0.000000
242,0.725392,0.008656,13.184587,1.834473,-0.000000
243,0.714177,0.020110,6.203890,1.846910,-0.000000
244,0.679356,0.024903,7.267197,1.860607,0.000000
245,0.720412,0.047770,5.748141,1.845998,0.000000
246,0.683979,0.024271,3.743814,1.839093,-0.000000
247,0.707381,0.033970,2.160022,1.828077,0.000000
248,0.678953,0.047378,14.719535,1.815369,0.000000
249,0.727917,0.022065,8.155949,1.810375,0.000000
250,0.659450,0.052211,0.567211,1.789097,0.000000
251,0.702497,0.143728,4.660452,1.753073,0.000000
252,0.715653,0.008873,2.160670,1.731677,-0.000000
253,0.747668,0.018565,3.129024,1.721904,-0.000000
254,0.697390,0.000767,8.151277,1.737896,0.000000
255,0.622985,0.053133,21.939602,1.747625,0.000000
256,0.638969,0.031798,8.089198,1.773948,0.000000
257,0.684365,0.034478,11.100721,1.798734,0.000000
258,0.698574,0.038044,2.622462,1.795786,0.000000
259,0.629115,0.054602,5.401269,1.798070,-0.000000
260,0.624100,0.078569,0.969284,1.796396,-0.000000
261,0.647436,0.085415,2.930036,1.774857,0.000000
262,0.663696,0.027131,3.467846,1.748109,0.000000
263,0.674066,0.029021,2.445916,1.711783,0.000000
264,0.628668,0.057003,1.440389,1.678197,-0.000000
265,0.657440,0.021666,1.741600,1.669501,0.000000
266,0.622085,0.046920,2.415269,1.657719,0.000000
267,0.602986,0.154709,7.128629,1.645148,0.000000
268,0.569197,0.076398,4.315194,1.656607,0.000000
269,0.599641,0.200733,5.606835,1.667851,-0.000000
270,0.566437,0.054229,4.608347,1.660412,0.000000
271,0.522136,0.114971,2.509752,1.644107,0.000000
272,0.566971,0.022064,1.021572,1.626168,0.000000
273,0.585444,0.105121,1.475644,1.604258,0.000000
274,0.604529,-0.004782,3.924905,1.583959,-0.000000
275,0.637305,0.009848,1.424647,1.550497,0.000000
276,0.620911,0.021511,0.549572,1.502185,0.000000
277,0.709590,-0.004104,12.218854,1.505920,-0.000000
278,0.653682,0.033596,2.751572,1.531363,0.000000
279,0.657909,0.123094,1.024537,1.508477,0.000000
280,0.673184,0.027792,8.768261,1.497631,-0.000000
281,0.611301,0.019469,3.389777,1.492511,-0.000000
282,0.653213,0.027606,1.358045,1.465785,0.000000
283,0.625959,0.252109,3.370099,1.452673,-0.000000
284,0.589481,0.043917,1.396294,1.430509,0.000000
285,0.669593,0.058421,0.745854,1.399522,-0.000000
286,0.615379,0.016205,2.422145,1.386366,0.000000
287,0.620376,0.010563,0.839796,1.398169,-0.000000
288,0.698356,-0.004038,14.491171,1.393333,-0.000000
289,0.654672,0.021860,3.136870,1.384114,0.000000
290,0.669120,0.008430,1.373787,1.383414,-0.000000
291,0.689672,-0.001210,1.732540,1.382595,0.000000
292,0.698457,0.003803,2.712621,1.379962,-0.000000
293,0.659465,0.042053,0.555598,1.372290,0.000000
294,0.668893,0.007274,0.968121,1.364748,-0.000000
295,0.688281,-0.003050,19.637797,1.379663,0.000000
296,0.740954,0.005642,22.925839,1.399757,-0.000000
297,0.747975,-0.004093,9.844466,1.428515,0.000000
298,0.754372,0.010792,10.747800,1.464761,0.000000
299,0.741345,0.008327,9.701392,1.493646,-0.000000
300,0.725298,0.001120,19.032515,1.502793,-0.000000
301,0.721290,-0.002783,11.162823,1.516481,0.000000
302,0.741776,0.000854,9.936866,1.545345,-0.000000
303,0.712539,0.053313,4.671686,1.551649,0.000000
304,0.731197,0.016921,16.668789,1.545814,0.000000
305,0.721867,0.042207,8.816153,1.558317,-0.000000
306,0.663955,0.026067,3.892699,1.558352,0.000000
307,0.606959,0.094095,8.554960,1.547891,-0.000000
308,0.690176,0.018543,3.575523,1.555462,0.000000
309,0.678654,0.017302,0.978900,1.564800,0.000000
310,0.700089,0.008974,4.488817,1.536542,0.000000
311,0.705584,0.006788,1.812497,1.511279,-0.000000
312,0.763457,0.019446,8.587059,1.486450,-0.000000
313,0.743325,0.032260,2.197929,1.474975,-0.000000
314,0.671022,0.008229,5.831256,1.471357,-0.000000
315,0.700868,0.013112,5.698653,1.460060,0.000000
316,0.676467,0.005095,5.273204,1.463244,-0.000000
317,0.673586,0.015225,6.209210,1.463663,0.000000
318,0.670096,0.024699,2.184362,1.453519,0.000000
319,0.639867,0.022554,1.491081,1.443788,-0.000000
320,0.675171,0.028956,2.404443,1.442577,0.000000
321,0.637056,0.271416,0.998627,1.440803,0.000000
322,0.663504,0.009818,1.422329,1.434996,0.000000
323,0.765843,0.011532,3.079717,1.423083,-0.000000
324,0.715097,0.017953,1.383572,1.413458,-0.000000
325,0.751151,0.015057,4.470145,1.390237,0.000000
326,0.756786,-0.006064,2.686944,1.368911,0.000000
327,0.768602,0.000048,2.059304,1.381245,-0.000000
328,0.769455,-0.003113,4.222827,1.400204,-0.000000
329,0.762703,0.001657,2.526021,1.435611,-0.000000
330,0.782467,-0.007412,7.686343,1.461147,-0.000000
331,0.780145,0.035398,3.656843,1.488942,0.000000
332,0.788789,0.002377,34.559667,1.535788,-0.000000
333,0.752247,0.011177,28.338546,1.555529,0.000000
334,0.787134,-0.000256,25.734368,1.575894,-0.000000
335,0.764028,0.002185,32.852876,1.601714,-0.000000
336,0.706515,0.009778,11.375593,1.609828,-0.000000
337,0.734321,0.002917,12.741684,1.607997,0.000000
338,0.647663,0.019037,8.342741,1.596171,-0.000000
339,0.700264,0.042177,17.110406,1.597307,-0.000000
340,0.683804,0.300949,9.732700,1.595723,-0.000000
341,0.664664,0.052641,3.758726,1.577747,0.000000
342,0.644361,0.042268,5.480280,1.554375,0.000000
343,0.669764,0.055773,2.354972,1.532275,0.000000
344,0.638472,0.059518,12.239404,1.522073,-0.000000
345,0.683312,0.008262,0.351650,1.507236,-0.000000
346,0.680345,0.067512,0.852892,1.486344,-0.000000
347,0.683599,0.131203,1.523922,1.474642,-0.000000
348,0.689732,0.003012,1.595933,1.470260,0.000000
349,0.706802,-0.012041,0.988911,1.463741,0.000000
350,0.670396,0.002373,4.251195,1.466837,-0.000000
351,0.686536,0.003265,1.783417,1.464752,-0.000000
352,0.707802,0.018810,0.431809,1.449306,-0.000000
353,0.716028,-0.000891,7.657536,1.455077,0.000000
354,0.760147,0.044639,8.750730,1.458567,-0.000000
355,0.772959,0.015543,12.881919,1.457175,0.000000
356,0.770754,0.015274,10.511630,1.484051,0.000000
357,0.790532,0.023531,25.300374,1.522261,0.000000
358,0.737637,0.001304,15.971245,1.554656,-0.000000
359,0.759335,0.000778,25.466366,1.569608,-0.000000
360,0.773419,0.043412,15.617955,1.578287,-0.000000
361,0.773665,0.006236,12.495064,1.591428,0.000000
362,0.790124,-0.006189,20.754354,1.597987,0.000000
363,0.797964,1.539035,32.521421,1.608796,0.000000
364,0.765561,0.017149,26.362913,1.624413,-0.000000
365,0.791000,-0.004194,30.070060,1.664672,0.000000
366,0.781941,-0.003128,22.701971,1.684012,0.000000
367,0.786956,0.046459,10.278698,1.659440,-0.000000
368,0.762179,0.014037,21.576979,1.635186,-0.000000
369,0.763004,0.004889,37.207490,1.642569,0.000000
370,0.778491,0.064497,12.226875,1.651101,0.000000
371,0.790968,-0.005571,11.040047,1.644623,0.000000
372,0.791218,0.001131,11.910107,1.622228,-0.000000
373,0.744892,0.036062,12.899073,1.595662,-0.000000
374,0.746364,0.013451,13.023318,1.579900,0.000000
375,0.622113,0.021568,27.806483,1.576705,-0.000000
376,0.567215,0.033465,13.925260,1.569954,-0.000000
377,0.653914,0.000147,8.775821,1.566615,-0.000000
378,0.682952,0.018388,1.715881,1.560398,0.000000
379,0.723844,0.006166,1.678136,1.548627,-0.000000
380,0.721412,0.110325,1.373781,1.545244,-0.000000
381,0.697090,0.017855,0.644965,1.534181,-0.000000
382,0.712287,0.000933,2.193335,1.531469,-0.000000
383,0.760284,0.030372,7.081310,1.528637,-0.000000
384,0.700581,-0.003507,5.822623,1.522807,-0.000000
385,0.787451,0.003927,9.880414,1.539445,-0.000000
386,0.759186,0.010272,16.436490,1.545376,-0.000000
387,0.793549,0.002807,23.809979,1.540595,-0.000000
388,0.784532,-0.001890,22.198923,1.554617,0.000000
389,0.724004,0.009471,25.217756,1.583550,-0.000000
390,0.689399,-0.000034,23.437146,1.585771,-0.000000
391,0.755469,0.017312,18.380830,1.593127,0.000000
392,0.717820,0.019747,3.060660,1.592413,-0.000000
393,0.773724,0.000661,27.279216,1.580499,-0.000000
394,0.758454,-0.006606,10.551598,1.601350,-0.000000
395,0.765621,0.026373,22.043472,1.605227,0.000000
396,0.788859,-0.001179,26.618609,1.617290,0.000000
397,0.745436,5.840340,29.045364,1.635142,0.000000
398,0.756928,-0.001461,22.682082,1.639002,0.000000
399,0.769041,0.000595,22.043065,1.634769,-0.000000
400,0.757038,-0.004016,18.898270,1.632934,0.000000
401,0.729266,-0.005619,5.866809,1.644326,-0.000000
402,0.726828,0.008041,7.979408,1.636539,0.000000
403,0.803374,-0.002858,30.714151,1.645955,0.000000
404,0.799027,0.073173,27.841250,1.671558,-0.000000
405,0.771716,0.003725,16.267777,1.680204,-0.000000
406,0.764856,-0.005674,23.268364,1.696440,-0.000000
407,0.751444,0.007099,24.089941,1.719590,-0.000000
408,0.805290,0.000131,31.989694,1.730626,-0.000000
409,0.775401,0.075168,22.322877,1.760734,-0.000000
410,0.792155,-0.003978,29.283071,1.787209,-0.000000
411,0.726904,0.010279,35.680763,1.812392,0.000000
412,0.673072,0.064390,21.275631,1.825539,0.000000
413,0.772891,0.020473,23.229925,1.829607,-0.000000
414,0.765982,0.001633,25.082615,1.830813,-0.000000
415,0.757233,0.022099,16.627727,1.829277,-0.000000
416,0.711341,0.005915,10.128725,1.830838,-0.000000
417,0.753796,0.002494,16.348558,1.842054,0.000000
418,0.630629,0.221524,12.855546,1.850207,0.000000
419,0.722563,0.012781,14.251235,1.851808,-0.000000
420,0.721752,0.722509,9.205475,1.853934,0.000000
421,0.741828,0.016124,7.794781,1.841347,-0.000000
422,0.792986,0.004085,16.463933,1.838233,-0.000000
423,0.731390,0.017596,14.567131,1.858334,0.000000
424,0.705827,0.047699,22.967686,1.873606,0.000000
425,0.757708,0.004299,22.948893,1.892997,-0.000000
426,0.719907,0.015920,13.803975,1.903355,0.000000
427,0.718593,0.037194,13.987207,1.901626,-0.000000
428,0.778862,0.001005,21.529802,1.900520,-0.000000
429,0.789996,0.003207,24.522671,1.898727,-0.000000
430,0.784964,0.011518,17.202850,1.900213,0.000000
431,0.691389,-0.000687,13.846170,1.897934,0.000000
432,0.754084,0.001587,21.905674,1.895021,0.000000
433,0.780496,0.003498,20.146964,1.904823,0.000000
434,0.765925,-0.004463,19.909308,1.922620,0.000000
435,0.763830,0.020379,16.845814,1.931074,0.000000
436,0.755817,0.000837,21.978908,1.949991,0.000000
437,0.718354,0.004330,25.977911,1.970206,-0.000000
438,0.799680,0.018027,33.623857,1.996725,-0.000000
439,0.761968,0.002731,29.951067,2.030038,0.000000
440,0.686272,-0.000037,22.733053,2.050989,0.000000
441,0.725701,0.020456,13.935514,2.054562,0.000000
442,0.728389,0.012535,12.785934,2.051696,0.000000
443,0.761399,0.008855,28.443848,2.051817,-0.000000
444,0.766749,0.019160,33.702056,2.034862,0.000000
445,0.688019,0.002699,2.839444,2.018411,0.000000
446,0.766107,0.000649,20.581219,2.010681,-0.000000
447,0.703749,0.033475,3.677991,2.012524,-0.000000
448,0.716294,0.025310,10.309951,2.014677,0.000000
449,0.754243,0.027427,21.393537,2.008168,0.000000
450,0.763028,0.018391,24.494183,1.997624,0.000000
451,0.749423,0.063768,15.798139,1.985422,0.000000
452,0.700398,0.007429,11.792897,1.992174,-0.000000
453,0.687490,0.033445,1.680460,1.991571,-0.000000
454,0.685481,0.025878,1.487632,1.950776,-0.000000
455,0.730123,0.006001,7.637854,1.948904,0.000000
456,0.728157,0.006798,9.934656,1.943288,0.000000
457,0.765963,0.007872,18.131903,1.912466,-0.000000
458,0.721874,0.009704,9.215974,1.891369,0.000000
459,0.772298,-0.001612,12.794198,1.873547,0.000000
460,0.774108,-0.000900,20.648074,1.885349,0.000000
461,0.763331,0.021614,28.467177,1.896722,0.000000
462,0.794361,0.000329,33.288906,1.907119,-0.000000
463,0.792165,-0.000883,39.212525,1.926306,0.000000
464,0.794061,-0.001695,36.429066,1.941531,-0.000000
465,0.794472,-0.002852,37.954196,1.971072,-0.000000
466,0.792266,0.005863,37.907818,1.997127,0.000000
467,0.793834,0.010504,36.290167,2.013313,-0.000000
468,0.800752,0.011071,26.713454,2.033633,-0.000000
469,0.791442,0.124936,28.823410,2.033198,0.000000
470,0.790969,0.003433,27.942083,2.021398,-0.000000
471,0.779394,0.060418,22.493753,2.027999,0.000000
472,0.744502,0.030290,17.177159,2.029338,-0.000000
473,0.728391,0.020309,19.741623,2.020876,-0.000000
474,0.721410,0.028343,15.657200,2.028294,0.000000
475,0.747986,0.065148,11.578212,2.016125,-0.000000
476,0.751685,4.599620,5.725448,1.996888,0.000000
477,0.701994,0.068723,10.155733,1.976293,0.000000
478,0.666297,0.032657,2.663982,1.959381,-0.000000
479,0.572410,0.096577,8.290404,1.941551,-0.000000
480,0.663154,0.172910,3.745179,1.917134,0.000000
481,0.758449,0.001807,9.106264,1.900905,0.000000
482,0.694599,0.039891,7.204497,1.900500,-0.000000
483,0.637779,0.508889,5.125728,1.890878,-0.000000
484,0.702443,0.002693,6.848106,1.893633,-0.000000
485,0.785537,0.042866,19.905706,1.894828,-0.000000
486,0.703900,0.103112,6.570937,1.885134,0.000000
487,0.737266,0.082900,6.441636,1.889727,-0.000000
488,0.751688,0.030819,14.629575,1.894517,-0.000000
489,0.747366,0.001303,9.552536,1.900981,0.000000
490,0.740662,0.028165,6.781482,1.885293,0.000000
491,0.715592,0.012974,6.339167,1.847839,-0.000000
492,0.741960,0.014997,6.221381,1.804383,0.000000
493,0.751253,0.028471,6.646136,1.788047,0.000000
494,0.758534,-0.001502,15.463915,1.790596,-0.000000
495,0.789215,0.003386,13.006407,1.792090,-0.000000
496,0.737199,0.058719,13.704855,1.791142,0.000000
497,0.790078,0.027828,19.220839,1.777664,0.000000
498,0.752152,0.084416,14.429188,1.791282,0.000000
499,0.782968,-0.001407,17.357243,1.802201,-0.000000
500,0.755442,0.013900,27.475684,1.821428,0.000000
501,0.797215,0.006614,31.600987,1.850616,0.000000
502,0.746614,0.017910,20.326847,1.845843,-0.000000
503,0.691901,0.001390,12.341828,1.835473,0.000000
504,0.787038,0.002933,17.605038,1.846693,-0.000000
505,0.732770,0.012364,11.168197,1.853069,0.000000
506,0.716828,0.007504,7.796203,1.837441,0.000000
507,0.679648,0.037239,8.005811,1.822863,0.000000
508,0.686027,0.019109,2.545176,1.797306,-0.000000
509,0.695919,0.064863,3.139180,1.796528,0.000000
510,0.701309,0.005883,7.083999,1.810604,0.000000
511,0.709881,0.030787,5.132659,1.803650,-0.000000
512,0.739858,0.013409,12.916141,1.802342,0.000000
513,0.746955,0.022603,8.715920,1.801908,-0.000000
514,0.747478,0.010097,9.257424,1.802412,-0.000000
515,0.743634,0.002805,10.315029,1.810420,-0.000000
516,0.762261,0.005283,14.549212,1.822525,-0.000000
517,0.709551,-0.000503,10.903354,1.845653,-0.000000
518,0.762537,0.009824,15.829191,1.851899,-0.000000
519,0.789834,0.007037,33.180574,1.862137,-0.000000
520,0.784184,0.015688,17.155921,1.865527,-0.000000
521,0.758458,0.008700,16.525391,1.860194,-0.000000
522,0.789661,-0.001314,22.208631,1.867843,0.000000
523,0.793930,0.008925,27.494538,1.893299,0.000000
524,0.784440,0.006991,23.760914,1.904394,-0.000000
525,0.779082,0.050955,20.756324,1.901301,-0.000000
526,0.786259,0.050273,30.516136,1.903306,-0.000000
527,0.790283,0.000811,20.307467,1.921410,0.000000
528,0.779202,0.044979,16.752941,1.939160,-0.000000
529,0.786046,0.013957,27.952276,1.936832,-0.000000
530,0.797724,0.001740,41.356057,1.939984,0.000000
531,0.796493,0.001918,37.484730,1.948688,0.000000
532,0.714458,0.000954,18.119753,1.958652,-0.000000
533,0.759473,0.047101,19.957148,1.975674,0.000000
534,0.668309,0.149674,2.523302,1.966148,0.000000
535,0.747175,0.023902,6.929164,1.932906,0.000000
536,0.712865,0.007409,22.653685,1.920786,0.000000
537,0.764834,-0.000301,20.733924,1.925822,-0.000000
538,0.786314,0.011255,29.362516,1.907676,-0.000000
539,0.771051,-0.002016,32.165934,1.890143,0.000000
540,0.759807,-0.003922,19.628661,1.899713,-0.000000
541,0.758424,-0.001327,23.072756,1.913703,-0.000000
542,0.758875,0.008462,28.577248,1.928138,-0.000000
543,0.755168,0.005941,30.538526,1.940207,0.000000
544,0.800969,-0.005038,39.357060,1.966441,0.000000
545,0.765439,0.022526,29.944939,1.990406,0.000000
546,0.726550,0.047016,28.897445,1.985944,0.000000
547,0.680782,0.032155,10.119944,1.989032,0.000000
548,0.547962,0.036997,12.724097,1.980313,0.000000
549,0.573608,0.015627,10.909147,1.959342,0.000000
550,0.591256,0.019661,15.315226,1.961231,0.000000
551,0.716219,0.044338,20.347042,1.959326,-0.000000
552,0.678188,-0.000468,24.525226,1.953994,0.000000
553,0.774187,0.001091,23.688988,1.973381,-0.000000
554,0.790715,-0.001286,26.436353,2.010503,0.000000
555,0.785044,0.058801,29.646191,2.034815,-0.000000
556,0.792562,-0.006111,36.777262,2.059829,-0.000000
557,0.790004,0.005703,32.086216,2.095675,-0.000000
558,0.794421,0.016464,29.004438,2.125507,0.000000
559,0.793304,0.002550,26.600150,2.162166,0.000000
560,0.792223,-0.002143,24.925020,2.202646,-0.000000
561,0.797314,-0.000239,27.608964,2.208319,0.000000
562,0.787307,0.000450,21.695279,2.217157,0.000000
563,0.779278,0.004325,24.029632,2.227364,0.000000
564,0.786116,0.003522,30.256238,2.228269,-0.000000
565,0.780460,0.010927,25.816369,2.223920,-0.000000
566,0.789662,0.021223,26.252211,2.207500,-0.000000
567,0.777936,0.097339,26.995909,2.209583,-0.000000
568,0.708181,0.019835,22.788038,2.228911,-0.000000
569,0.757760,0.002473,23.983515,2.252398,0.000000
570,0.775019,0.030834,21.502631,2.270406,-0.000000
571,0.786472,0.004641,30.364240,2.258879,0.000000
572,0.784598,0.004721,30.965580,2.256994,-0.000000
573,0.785249,0.049586,31.581731,2.264110,0.000000
574,0.779022,0.016723,36.817607,2.270739,-0.000000
575,0.779185,0.018501,29.641214,2.256283,-0.000000
576,0.766145,0.009477,25.191811,2.223045,0.000000
577,0.759650,0.109988,18.197035,2.223958,0.000000
578,0.780282,0.016996,32.985217,2.236600,-0.000000
579,0.742445,1.278524,31.594372,2.238262,0.000000
580,0.773771,0.056694,31.859967,2.220340,0.000000
581,0.771178,0.011084,30.114975,2.187703,0.000000
582,0.732786,0.015809,20.648801,2.169168,-0.000000
583,0.758372,-0.000669,21.707745,2.156968,-0.000000
584,0.774965,0.029858,24.757762,2.137242,-0.000000
585,0.750245,0.002294,10.923497,2.126968,0.000000
586,0.778693,-0.005285,15.873953,2.146990,0.000000
587,0.766258,0.011199,19.081946,2.167955,0.000000
588,0.735024,0.152000,8.067313,2.141167,0.000000
589,0.782999,0.017609,20.798841,2.115013,0.000000
590,0.773579,0.002793,14.694954,2.110088,0.000000
591,0.777034,0.001237,19.484280,2.115616,-0.000000
592,0.772492,-0.000399,14.875477,2.129871,-0.000000
593,0.778100,0.006745,22.458044,2.139995,0.000000
594,0.770836,0.020166,17.947845,2.140984,0.000000
595,0.766582,0.005551,10.907078,2.121540,0.000000
596,0.769829,0.002488,9.154574,2.109280,-0.000000
597,0.774775,0.078773,16.456031,2.107310,0.000000
598,0.773991,0.002726,7.942453,2.117222,-0.000000
599,0.778133,0.004613,8.574757,2.149132,0.000000
600,0.766872,0.023195,3.275943,2.144162,-0.000000
601,0.779747,0.008222,11.779630,2.106071,0.000000
602,0.772113,0.007767,8.247039,2.126158,-0.000000
603,0.771480,0.023982,3.725184,2.143580,-0.000000
604,0.774626,0.183261,9.847945,2.122774,0.000000
605,0.770710,0.033386,6.193673,2.114561,-0.000000
606,0.778657,0.008574,6.846658,2.110306,-0.000000
607,0.764960,0.015059,2.753537,2.093753,-0.000000
608,0.767609,0.214052,3.530452,2.074984,-0.000000
609,0.774340,0.037242,4.961395,2.067153,-0.000000
610,0.765142,0.061467,3.834596,2.056928,-0.000000
611,0.769896,0.026372,4.136435,2.060181,0.000000
612,0.771170,0.035078,3.898871,2.064221,-0.000000
613,0.769413,0.049982,4.043267,2.025355,-0.000000
614,0.777314,0.001763,6.262661,2.003372,0.000000
615,0.788059,-0.002989,15.464161,2.028180,-0.000000
616,0.778458,0.080977,5.298145,2.053878,0.000000
617,0.788119,0.022399,5.760082,2.050933,-0.000000
618,0.774466,0.003740,2.798856,2.052043,0.000000
619,0.784607,0.006916,7.540504,2.057009,0.000000
620,0.773996,0.014305,5.037829,2.060205,-0.000000
621,0.777675,0.000906,6.589964,2.069258,0.000000
622,0.777090,0.017143,3.936696,2.072787,0.000000
623,0.776414,0.011494,4.876031,2.044214,-0.000000
624,0.786536,0.004895,6.927859,2.023196,-0.000000
625,0.783071,0.062808,3.719974,2.023332,-0.000000
626,0.787977,-0.000337,9.571615,2.029600,0.000000
627,0.786888,0.005338,13.665141,2.041750,-0.000000
628,0.790662,0.018100,22.076004,2.044464,-0.000000
629,0.787120,-0.002243,14.324390,2.053486,-0.000000
630,0.780019,0.036807,6.852213,2.052434,0.000000
631,0.786570,0.017416,5.173202,2.034789,0.000000
632,0.783006,0.043760,2.831751,2.041230,0.000000
633,0.783012,0.008163,2.658051,2.037919,0.000000
634,0.779767,0.006989,8.684304,2.044872,0.000000
635,0.791639,0.009517,39.651186,2.055541,0.000000
636,0.796780,-0.001543,19.621285,2.046404,0.000000
637,0.793171,0.031330,13.633948,2.028227,0.000000
638,0.785211,0.000708,9.135257,2.021399,-0.000000
639,0.785984,-0.000501,3.630952,2.024607,-0.000000
640,0.778864,0.022007,13.967206,2.000495,-0.000000
641,0.781333,0.000801,11.493340,1.965535,-0.000000
642,0.777438,0.013432,9.181895,1.932090,-0.000000
643,0.760504,0.005787,5.067314,1.910543,0.000000
644,0.746975,0.010737,2.054714,1.903393,0.000000
645,0.760541,0.171550,7.199898,1.904065,-0.000000
646,0.680950,0.019732,5.037112,1.908257,-0.000000
647,0.714126,0.016982,14.137622,1.912728,-0.000000
648,0.726636,0.007376,6.847689,1.914994,0.000000
649,0.753450,0.018846,14.844583,1.920967,-0.000000
650,0.748004,0.024283,16.519253,1.921620,0.000000
651,0.762191,0.029292,16.101747,1.900374,-0.000000
652,0.790152,-0.002047,15.889597,1.887649,-0.000000
653,0.750712,0.009181,8.339889,1.857493,0.000000
654,0.777690,0.101928,11.303307,1.834678,-0.000000
655,0.790107,0.050150,19.734235,1.849725,-0.000000
656,0.749386,0.027481,23.206976,1.876200,0.000000
657,0.757926,0.001324,26.183459,1.879243,0.000000
658,0.790199,0.009560,18.563242,1.879373,-0.000000
659,0.770942,0.016768,12.034077,1.886287,0.000000
660,0.758485,0.022962,11.638213,1.878882,-0.000000
661,0.743929,0.015227,6.098471,1.866849,0.000000
662,0.718220,0.010017,10.118669,1.831942,-0.000000
663,0.768554,0.003233,19.977173,1.802822,0.000000
664,0.773183,0.005486,29.698229,1.800656,0.000000
665,0.761819,0.024754,13.844314,1.801443,0.000000
666,0.758755,0.039392,19.479349,1.795364,-0.000000
667,0.714845,0.001363,11.168571,1.799432,0.000000
668,0.744499,0.008575,15.009950,1.796461,0.000000
669,0.717181,0.015658,17.759790,1.784083,0.000000
670,0.718688,0.003576,19.867225,1.771853,0.000000
671,0.750193,0.002261,25.173433,1.763910,-0.000000
672,0.654225,0.082122,21.453720,1.752152,0.000000
673,0.761661,0.008598,28.870342,1.757489,-0.000000
674,0.732477,0.000820,28.815589,1.774022,-0.000000
675,0.707787,0.001020,24.202450,1.780471,0.000000
676,0.708659,0.016172,17.202047,1.778116,0.000000
677,0.702334,-0.000900,17.321140,1.780102,-0.000000
678,0.746652,0.048141,11.720233,1.793266,-0.000000
679,0.751581,0.007519,17.968431,1.799076,-0.000000
680,0.741967,0.006328,19.678274,1.782487,-0.000000
681,0.753478,-0.003601,19.717787,1.764736,0.000000
682,0.794100,-0.002467,28.905544,1.774391,0.000000
683,0.761662,0.031420,14.635339,1.777170,0.000000
684,0.787879,0.029805,27.824920,1.771349,0.000000
685,0.784035,-0.001373,26.083588,1.784786,-0.000000
686,0.788186,-0.003700,34.526420,1.796052,-0.000000
687,0.783541,0.000181,21.809239,1.807378,0.000000
688,0.748626,0.007676,26.430378,1.835380,0.000000
689,0.779589,0.007808,12.733148,1.853657,0.000000
690,0.755855,0.005508,14.898714,1.866311,-0.000000
691,0.768472,0.047582,16.667498,1.870797,0.000000
692,0.776163,0.005526,15.734896,1.867879,-0.000000
693,0.764433,0.084901,8.811555,1.851565,-0.000000
694,0.762894,0.031379,7.032014,1.832570,-0.000000
695,0.738685,0.007106,5.222726,1.828588,0.000000
696,0.713845,0.040601,7.270441,1.824265,0.000000
697,0.672002,0.016672,12.723489,1.819109,-0.000000
698,0.718645,0.079210,6.952437,1.816590,0.000000
699,0.660407,285.032218,5.844090,1.812924,-0.000000
700,0.651639,0.064989,3.416047,1.805648,0.000000
701,0.711277,0.057191,2.839747,1.792342,-0.000000
702,0.691452,0.033088,3.011556,1.780264,0.000000
703,0.707545,0.032751,6.658757,1.774881,0.000000
704,0.745097,0.032293,5.187121,1.765905,-0.000000
705,0.670666,0.039129,6.626374,1.759719,0.000000
706,0.779789,0.020899,20.956415,1.743366,-0.000000
707,0.789109,-0.005300,13.921080,1.728063,0.000000
708,0.745114,0.006991,7.184163,1.720908,0.000000
709,0.800849,0.005529,17.798290,1.732893,-0.000000
710,0.790497,0.026852,8.370928,1.749376,0.000000
711,0.798163,0.004792,8.744322,1.749184,0.000000
712,0.798450,0.001964,10.938626,1.776413,0.000000
713,0.795085,-0.001279,11.881497,1.785251,-0.000000
714,0.791309,0.015590,2.850704,1.775432,-0.000000
715,0.795482,0.008420,5.584482,1.771680,0.000000
716,0.782524,0.036713,10.618719,1.783383,-0.000000
717,0.783749,0.007218,5.574538,1.786826,-0.000000
718,0.793695,0.009873,3.242838,1.784856,-0.000000
719,0.753322,0.007989,10.144244,1.780840,0.000000
720,0.746793,0.026642,8.518438,1.770807,0.000000
721,0.743938,0.227929,3.670322,1.757384,-0.000000
722,0.667900,0.066332,4.272852,1.748727,0.000000
723,0.712328,0.004037,6.071300,1.735380,0.000000
724,0.711507,0.062034,12.921591,1.722585,0.000000
725,0.724212,0.031149,7.029562,1.716002,-0.000000
726,0.734564,0.022851,10.712890,1.724823,0.000000
727,0.780397,0.158733,9.063818,1.738938,0.000000
728,0.787522,0.021503,11.088121,1.715469,0.000000
729,0.791743,0.003956,14.159125,1.683201,0.000000
730,0.800352,-0.001003,17.182390,1.677581,-0.000000
731,0.793444,0.041523,21.008815,1.676851,-0.000000
732,0.776607,-0.002351,13.894464,1.687047,0.000000
733,0.793260,0.009011,30.658803,1.714995,0.000000
734,0.786597,0.011105,18.712388,1.735114,0.000000
735,0.796767,0.056163,9.973574,1.720127,0.000000
736,0.786951,0.036787,6.441250,1.689383,0.000000
737,0.672583,0.024329,11.961284,1.679918,0.000000
738,0.745696,0.115525,7.784337,1.689634,0.000000
739,0.707713,0.002989,19.782188,1.703972,0.000000
740,0.708508,0.007103,12.585193,1.698806,0.000000
741,0.701917,0.014990,20.175433,1.672722,0.000000
742,0.763699,0.025495,17.134333,1.658392,0.000000
743,0.735253,0.018836,19.483542,1.670121,0.000000
744,0.684831,0.025972,11.135497,1.668811,0.000000
745,0.713135,0.093238,7.942682,1.651732,-0.000000
746,0.688942,0.024843,11.187334,1.625659,0.000000
747,0.724251,0.016025,5.027042,1.610928,-0.000000
748,0.745210,0.024089,8.005545,1.602299,-0.000000
749,0.727993,0.102952,8.917875,1.578600,0.000000
750,0.744751,0.004482,17.348474,1.554695,0.000000
751,0.778371,0.000519,21.562126,1.559271,-0.000000
752,0.779744,0.012230,23.016424,1.575930,-0.000000
753,0.776833,-0.004964,24.754256,1.582184,0.000000
754,0.741715,-0.000230,14.014739,1.581864,0.000000
755,0.784132,0.001251,14.981249,1.592473,0.000000
756,0.738789,0.020055,13.164167,1.603052,0.000000
757,0.751475,-0.002344,13.949822,1.612711,0.000000
758,0.760094,0.001104,10.529388,1.642981,0.000000
759,0.760637,0.093837,9.591046,1.670471,0.000000
760,0.752334,-0.005445,3.202245,1.672163,-0.000000
761,0.752490,0.006847,12.814892,1.666399,-0.000000
762,0.746483,0.024061,7.797364,1.672294,-0.000000
763,0.786999,-0.000617,18.606629,1.693372,0.000000
764,0.784394,0.000686,16.667161,1.698726,0.000000
765,0.785255,-0.002910,18.393953,1.699038,-0.000000
766,0.735035,0.035804,8.271981,1.706489,0.000000
767,0.786314,-0.001200,7.439994,1.716443,0.000000
768,0.780046,0.015503,12.431591,1.716311,0.000000
769,0.793837,-0.002252,9.023607,1.726906,0.000000
770,0.793887,0.026431,13.109892,1.744150,0.000000
771,0.781968,-0.000232,10.950813,1.750129,-0.000000
772,0.774071,0.043790,5.451358,1.739291,0.000000
773,0.738263,0.047514,2.125316,1.717411,0.000000
774,0.736096,0.044487,2.270378,1.700251,-0.000000
775,0.715184,0.018589,9.436232,1.667939,-0.000000
776,0.738379,0.015006,8.278655,1.628124,-0.000000
777,0.741275,0.003638,4.158274,1.619400,-0.000000
778,0.708097,0.011968,2.822390,1.614893,-0.000000
779,0.758163,0.051961,3.955209,1.615945,-0.000000
780,0.738989,0.043117,2.868654,1.612165,-0.000000
781,0.783357,0.000408,6.704207,1.590670,-0.000000
782,0.720211,0.008827,4.193437,1.582377,-0.000000
783,0.738522,4.963623,1.753234,1.571586,-0.000000
784,0.763881,-0.004064,2.271233,1.551628,0.000000
785,0.745826,0.016747,4.661537,1.519909,0.000000
786,0.777229,0.063762,3.330038,1.468789,0.000000
787,0.742675,0.066968,7.482909,1.440965,0.000000
788,0.732612,0.008781,3.971520,1.465451,0.000000
789,0.743986,0.006960,6.010940,1.494444,0.000000
790,0.743015,0.007784,2.834871,1.512341,-0.000000
791,0.740772,0.001921,3.364110,1.547307,-0.000000
792,0.788410,0.014234,2.969874,1.540338,-0.000000
793,0.782746,0.009899,2.739268,1.511853,-0.000000
794,0.770780,0.008355,2.721468,1.499933,-0.000000
795,0.773035,0.009186,2.074858,1.487488,0.000000
796,0.773231,0.021879,2.409843,1.478863,0.000000
797,0.787301,0.014051,5.286616,1.476722,0.000000
798,0.786031,0.007711,2.611651,1.467592,-0.000000
799,0.739381,-0.002387,4.050671,1.456278,0.000000
800,0.738441,0.104006,4.915424,1.461177,0.000000
801,0.793713,-0.001488,3.485473,1.477683,-0.000000
802,0.786304,0.019421,2.252318,1.495850,0.000000
803,0.786779,0.025784,1.976151,1.488747,0.000000
804,0.772828,0.003261,1.800814,1.474129,-0.000000
805,0.771793,0.004252,2.176587,1.450892,-0.000000
806,0.775975,-0.002085,3.325525,1.436465,-0.000000
807,0.779860,0.004915,0.829847,1.414656,0.000000
808,0.730467,-0.001284,5.484748,1.403002,-0.000000
809,0.724011,0.000102,4.060564,1.401591,-0.000000
810,0.776499,0.002837,1.666986,1.400251,-0.000000
811,0.741804,-0.000025,2.173977,1.390963,0.000000
812,0.764930,0.053369,0.987534,1.360914,0.000000
813,0.778293,0.016869,2.181062,1.321034,-0.000000
814,0.777121,-0.004357,2.528469,1.310253,0.000000
815,0.770425,0.001041,1.200151,1.309750,0.000000
816,0.761656,0.007449,1.317952,1.301000,0.000000
817,0.773528,0.005519,1.250480,1.306864,0.000000
818,0.766191,0.013523,1.240904,1.322932,0.000000
819,0.770956,0.002751,2.282278,1.344002,-0.000000
820,0.775262,-0.006397,1.155219,1.354585,0.000000
821,0.765075,-0.004254,2.590704,1.353985,-0.000000
822,0.770648,0.019294,2.638382,1.354439,0.000000
823,0.769876,0.001555,2.042879,1.342938,0.000000
824,0.780767,-0.001609,4.386468,1.359059,0.000000
825,0.779331,-0.004756,1.809445,1.398516,-0.000000
826,0.766020,0.005981,1.393209,1.403955,0.000000
827,0.767185,0.001731,0.801422,1.388574,0.000000
828,0.774342,0.009890,0.986560,1.373542,0.000000
829,0.780255,0.012875,0.822751,1.366761,0.000000
830,0.767686,0.150573,1.622145,1.370308,-0.000000
831,0.756864,0.019215,0.649629,1.369656,0.000000
832,0.764256,-0.002826,1.469035,1.366629,-0.000000
833,0.761040,0.016162,0.659521,1.355939,0.000000
834,0.773528,0.004600,2.620220,1.327482,0.000000
835,0.743442,0.001182,5.113792,1.323506,-0.000000
836,0.729572,0.003683,2.587857,1.331280,0.000000
837,0.735026,-0.001687,0.875187,1.324325,-0.000000
838,0.771360,0.017868,0.674499,1.321258,0.000000
839,0.729724,0.004925,1.149988,1.312698,0.000000
840,0.683094,0.019503,4.170464,1.298096,-0.000000
841,0.697727,0.007519,1.995198,1.285041,-0.000000
842,0.726174,0.085683,1.160905,1.286114,0.000000
843,0.691003,0.005251,1.502107,1.287064,-0.000000
844,0.733284,0.005402,2.525096,1.288801,-0.000000
845,0.769925,0.004049,1.810564,1.285145,0.000000
846,0.773209,0.000335,1.023144,1.275295,0.000000
847,0.776021,0.006505,6.241489,1.285730,-0.000000
848,0.772891,-0.003128,2.115232,1.315833,0.000000
849,0.762984,0.007271,4.534820,1.315763,-0.000000
850,0.751905,0.015527,6.888039,1.310783,0.000000
851,0.708175,0.008643,5.233500,1.318660,0.000000
852,0.760329,0.000284,0.680410,1.317493,0.000000
853,0.781042,-0.002271,1.888402,1.316136,-0.000000
854,0.774678,-0.002913,2.336822,1.306007,-0.000000
855,0.781097,-0.000726,2.135730,1.300376,0.000000
856,0.768462,0.012430,2.955041,1.314933,-0.000000
857,0.782854,-0.005682,2.838529,1.310019,0.000000
858,0.779346,-0.011374,3.474144,1.315159,-0.000000
859,0.778906,0.047505,3.802829,1.312850,0.000000
860,0.789251,0.008092,3.529821,1.289069,-0.000000
861,0.781872,0.000396,5.647259,1.285659,-0.000000
862,0.781308,0.002492,7.283797,1.297459,0.000000
863,0.790430,-0.003671,12.305146,1.326676,-0.000000
864,0.795986,-0.005496,10.072650,1.360188,-0.000000
865,0.795237,0.000503,9.784627,1.378850,0.000000
866,0.796928,-0.000825,11.776413,1.389753,0.000000
867,0.791391,0.000426,3.478549,1.386202,0.000000
868,0.783679,-0.003366,3.998163,1.374576,-0.000000
869,0.794806,0.001202,4.117194,1.390778,0.000000
870,0.794856,0.273094,5.937716,1.412299,-0.000000
871,0.791743,0.000677,16.361870,1.407391,-0.000000
872,0.790739,0.008536,2.442932,1.412567,0.000000
873,0.787944,0.003939,5.103716,1.412711,-0.000000
874,0.788396,-0.001562,9.199515,1.397209,0.000000
875,0.799037,0.000861,6.942496,1.398566,0.000000
876,0.785801,0.006793,4.746910,1.406431,0.000000
877,0.792803,0.003477,4.230247,1.399416,0.000000
878,0.744082,0.110765,8.289903,1.389103,0.000000
879,0.752353,0.000167,5.480612,1.384957,0.000000
880,0.702836,0.019261,2.855059,1.376278,-0.000000
881,0.716613,-0.002404,2.716614,1.349233,-0.000000
882,0.736035,0.005647,2.332843,1.330861,-0.000000
883,0.710618,0.001062,6.567492,1.339207,-0.000000
884,0.726442,0.045924,2.273370,1.348836,-0.000000
885,0.784712,0.005179,2.060508,1.347495,0.000000
886,0.739307,0.014453,3.322520,1.347242,0.000000
887,0.793371,0.002177,1.914161,1.351090,0.000000
888,0.748722,0.011001,3.706880,1.353408,0.000000
889,0.780433,0.024819,2.589456,1.340241,0.000000
890,0.789196,0.001372,6.549734,1.342023,0.000000
891,0.784298,-0.006464,4.018201,1.345206,0.000000
892,0.789619,0.005859,13.079885,1.343720,0.000000
893,0.786684,0.065706,17.446084,1.346354,0.000000
894,0.784499,0.002289,24.060208,1.343971,-0.000000
895,0.794818,0.000753,20.506928,1.347422,0.000000
896,0.789676,-0.001886,8.242669,1.363364,0.000000
897,0.792436,-0.002056,11.033054,1.387436,0.000000
898,0.715071,0.014153,9.814596,1.385989,-0.000000
899,0.717030,-0.002761,18.573411,1.377458,0.000000
900,0.791384,-0.001511,6.479804,1.384390,0.000000
901,0.746055,0.025486,9.348018,1.401754,-0.000000
902,0.786580,0.003449,10.159819,1.419996,-0.000000
903,0.783846,0.038110,10.873600,1.424718,0.000000
904,0.794968,-0.002544,24.909446,1.431985,-0.000000
905,0.789674,0.011539,24.496063,1.435893,-0.000000
906,0.795240,0.003735,18.552237,1.441505,0.000000
907,0.794647,0.008272,26.590607,1.453844,0.000000
908,0.798475,0.008438,34.262062,1.465485,-0.000000
909,0.751501,-0.004609,25.652171,1.482121,-0.000000
910,0.788263,-0.002228,32.237455,1.502883,-0.000000
911,0.784449,0.004180,30.252555,1.504616,0.000000
912,0.790831,0.012304,24.364532,1.500352,-0.000000
913,0.785468,-0.000231,31.930537,1.492456,0.000000
914,0.795552,0.002930,52.443075,1.515415,-0.000000
915,0.786850,-0.002231,39.507773,1.563580,-0.000000
916,0.795017,0.005094,50.351559,1.575065,0.000000
917,0.796257,-0.005209,39.555134,1.588370,0.000000
918,0.772568,0.005468,50.027652,1.609135,-0.000000
919,0.757784,-0.001684,45.388201,1.635596,0.000000
920,0.759288,-0.002552,40.505224,1.668367,-0.000000
921,0.752527,0.006301,33.960340,1.693991,0.000000
922,0.720545,0.008122,31.742411,1.713804,-0.000000
923,0.805081,0.012719,36.687711,1.719360,0.000000
924,0.730475,0.218708,21.827655,1.723480,-0.000000
925,0.744677,-0.000129,27.726567,1.733733,-0.000000
926,0.764505,-0.004087,33.000037,1.740465,0.000000
927,0.799963,-0.002083,37.395805,1.743658,-0.000000
928,0.759293,-0.000011,29.984470,1.746490,0.000000
929,0.774545,0.191303,26.959225,1.760645,0.000000
930,0.762997,0.000614,21.259296,1.794283,-0.000000
931,0.805357,-0.000347,26.685483,1.824731,-0.000000
932,0.778721,0.003146,23.801862,1.830995,-0.000000
933,0.768667,0.013646,16.803753,1.823787,-0.000000
934,0.765503,-0.000345,24.496346,1.814830,0.000000
935,0.792059,-0.003303,40.312687,1.824919,0.000000
936,0.761514,0.004467,30.472817,1.853194,-0.000000
937,0.786906,0.009080,34.151888,1.863269,-0.000000
938,0.792581,0.473582,37.039598,1.866975,-0.000000
939,0.799334,0.000243,32.808949,1.877553,-0.000000
940,0.787418,0.024609,30.467383,1.915197,-0.000000
941,0.787381,0.010250,35.501483,1.935730,0.000000
942,0.786583,-0.000629,36.616961,1.938134,0.000000
943,0.768991,0.000261,30.669817,1.954461,-0.000000
944,0.789217,0.018380,34.329193,1.980621,-0.000000
945,0.700822,-0.004306,13.221779,2.019008,0.000000
946,0.789703,1.943615,22.724658,2.016039,-0.000000
947,0.737605,0.015199,13.478807,2.002297,0.000000
948,0.752978,0.039358,11.345417,2.001214,-0.000000
949,0.794152,0.005633,8.436917,1.984499,0.000000
950,0.739645,0.066356,10.512937,1.980972,0.000000
951,0.766030,0.017835,5.994015,1.990940,-0.000000
952,0.787956,0.017846,11.705665,1.998121,-0.000000
953,0.770953,0.062994,21.284704,1.996201,0.000000
954,0.777788,0.004441,14.246005,1.988366,-0.000000
955,0.768632,0.005496,14.370718,1.992996,0.000000
956,0.755881,0.004361,15.717722,1.988425,-0.000000
957,0.788664,0.019425,12.988179,1.975162,0.000000
958,0.791385,0.014211,20.280671,1.956573,-0.000000
959,0.786055,0.042456,18.039577,1.939105,-0.000000
960,0.756906,0.008572,14.057611,1.942791,-0.000000
961,0.790449,0.003070,27.337062,1.956556,-0.000000
962,0.782384,0.140859,11.073284,1.971100,0.000000
963,0.780859,0.015437,14.209561,1.986567,0.000000
964,0.773357,0.027013,16.642617,1.995862,-0.000000
965,0.786397,0.005404,17.073417,1.996176,-0.000000
966,0.782270,0.019930,10.505950,1.992302,-0.000000
967,0.706901,0.024066,8.033540,1.990296,0.000000
968,0.750769,0.025715,7.088415,1.983525,0.000000
969,0.778504,0.009104,4.237573,1.982018,0.000000
970,0.744209,0.016043,8.129345,1.969324,0.000000
971,0.667399,0.051405,31.923514,1.962209,0.000000
972,0.632670,0.021337,5.723103,1.961336,0.000000
973,0.638518,0.149357,11.245669,1.949621,-0.000000
974,0.625364,0.031151,3.821734,1.935043,0.000000
975,0.656637,0.015016,2.478108,1.928089,0.000000
976,0.693717,0.003995,2.591483,1.918193,0.000000
977,0.704252,0.035669,3.388505,1.897206,0.000000
978,0.743094,0.053673,15.012528,1.867345,-0.000000
979,0.783366,0.013584,15.035803,1.852974,-0.000000
980,0.744987,0.038214,9.485529,1.846704,-0.000000
981,0.708966,0.209255,7.555414,1.830673,0.000000
982,0.612867,0.025323,6.083468,1.811432,-0.000000
983,0.655551,0.082723,3.444527,1.780953,-0.000000
984,0.741570,0.015323,7.301488,1.771081,0.000000
985,0.721286,0.051850,4.862886,1.752527,0.000000
986,0.740129,0.070607,4.789459,1.741046,0.000000
987,0.743362,0.018476,8.437084,1.749588,-0.000000
988,0.781964,0.008277,7.070862,1.756033,-0.000000
989,0.740071,0.043136,7.207188,1.771408,-0.000000
990,0.742307,-0.002700,7.807342,1.773709,-0.000000
991,0.750846,0.000042,10.220530,1.783529,0.000000
992,0.748035,0.018475,6.788004,1.777578,-0.000000
993,0.781482,0.022200,7.821140,1.744379,-0.000000
994,0.765448,0.016306,8.895711,1.717349,0.000000
995,0.756278,0.002756,6.021761,1.710435,0.000000
996,0.790856,0.023772,8.175824,1.702427,-0.000000
997,0.761345,0.049039,11.867351,1.681227,0.000000
998,0.800805,-0.004856,15.219337,1.696820,0.000000
999,0.791928,0.039820,7.520878,1.709447,0.000000
1000,0.749729,0.016832,7.784330,1.704342,0.000000
1001,0.792507,0.002303,13.096445,1.696250,0.000000
1002,0.757620,0.008732,7.599895,1.681596,0.000000
1003,0.741352,0.017553,14.188018,1.673593,-0.000000
1004,0.742058,0.020288,6.352180,1.670388,0.000000
1005,0.750935,0.003597,7.060858,1.673021,0.000000
1006,0.730772,0.080341,5.365409,1.664728,0.000000
1007,0.739666,0.001295,10.258147,1.662092,-0.000000
1008,0.723578,0.055926,5.962218,1.660234,0.000000
1009,0.717699,0.006929,2.645208,1.641830,0.000000
1010,0.684562,0.021001,2.834446,1.638814,-0.000000
1011,0.726130,0.015644,4.986688,1.637253,0.000000
1012,0.742901,-0.004092,12.912827,1.658315,0.000000
1013,0.689024,0.006067,10.577493,1.687633,0.000000
1014,0.763545,0.007333,7.102194,1.718970,0.000000
1015,0.698397,-0.005816,4.830653,1.724283,0.000000
1016,0.784458,0.020249,5.239961,1.692680,0.000000
1017,0.711538,0.003365,4.663571,1.638170,-0.000000
1018,0.649184,0.019056,4.651899,1.603152,0.000000
1019,0.751710,0.029070,4.093288,1.588766,-0.000000
1020,0.667861,0.048192,4.418578,1.566603,0.000000
1021,0.686591,0.003602,5.607718,1.547290,0.000000
1022,0.740482,0.016403,2.226375,1.520092,-0.000000
1023,0.765541,0.000591,5.108012,1.511837,0.000000
1024,0.735454,0.006065,2.432182,1.499349,-0.000000
1025,0.737380,0.001529,4.330776,1.477725,0.000000
1026,0.746754,0.005790,4.460804,1.476828,0.000000
1027,0.736701,0.009818,2.965191,1.472707,-0.000000
1028,0.742940,0.000650,1.791039,1.475387,-0.000000
1029,0.771987,-0.002461,5.816737,1.480459,-0.000000
1030,0.774841,0.026431,3.679432,1.495493,0.000000
1031,0.783939,0.016254,2.333477,1.489888,-0.000000
1032,0.726560,0.040544,6.644205,1.471240,-0.000000
1033,0.769206,0.012430,3.663617,1.456476,0.000000
1034,0.771597,-0.001694,3.526053,1.441653,-0.000000
1035,0.739119,-0.007700,3.947567,1.437759,-0.000000
1036,0.766154,0.040618,3.030763,1.424028,-0.000000
1037,0.762552,0.016168,2.825014,1.391569,0.000000
1038,0.763091,0.014563,3.560137,1.369292,-0.000000
1039,0.788191,-0.002808,9.248277,1.378445,0.000000
1040,0.754575,0.029610,3.362473,1.384809,0.000000
1041,0.783777,-0.009177,7.124646,1.385604,0.000000
1042,0.776759,0.041000,4.981372,1.394721,0.000000
1043,0.779884,0.040639,2.481346,1.379353,0.000000
1044,0.792867,-0.006627,10.168096,1.377551,-0.000000
1045,0.795169,-0.000345,17.201477,1.402849,0.000000
1046,0.779485,0.043274,4.515650,1.399782,-0.000000
1047,0.786346,-0.000281,4.437603,1.402409,0.000000
1048,0.767939,-0.003288,1.957499,1.423597,0.000000
1049,0.773402,0.003447,11.443444,1.450847,0.000000
1050,0.774952,-0.002281,14.327528,1.481152,0.000000
1051,0.754320,0.105616,19.448268,1.493681,0.000000
1052,0.760818,-0.003134,14.584544,1.508351,-0.000000
1053,0.744257,0.006066,8.126099,1.503829,0.000000
1054,0.755597,0.020364,5.667838,1.483926,0.000000
1055,0.713459,0.017052,20.441626,1.483316,-0.000000
1056,0.714344,0.000923,14.699850,1.507873,0.000000
1057,0.707136,0.015287,6.752173,1.524430,0.000000
1058,0.719701,-0.000274,10.474881,1.541846,0.000000
1059,0.781258,0.005362,8.947054,1.544235,-0.000000
1060,0.769181,0.000465,5.860468,1.534074,-0.000000
1061,0.787719,0.009323,4.069797,1.522862,0.000000
1062,0.784830,0.003395,5.779914,1.505017,0.000000
1063,0.753685,0.000421,6.480312,1.505204,-0.000000
1064,0.758611,0.016501,6.737160,1.529585,-0.000000
1065,0.742656,0.007908,13.221883,1.543718,-0.000000
1066,0.759044,0.061809,7.388388,1.555380,-0.000000
1067,0.789870,-0.002558,16.732818,1.573118,-0.000000
1068,0.793226,-0.002172,25.367477,1.592469,-0.000000
1069,0.785318,-0.003100,21.948614,1.594179,0.000000
1070,0.793221,0.272827,20.038837,1.570347,0.000000
1071,0.781958,0.006117,18.632099,1.589827,0.000000
1072,0.784546,-0.001842,22.656122,1.614599,-0.000000
1073,0.798118,0.004827,23.164566,1.614237,-0.000000
1074,0.776668,-0.004102,17.531190,1.625965,-0.000000
1075,0.792378,0.035126,12.357444,1.628547,0.000000
1076,0.788676,0.004535,13.215777,1.625755,-0.000000
1077,0.790067,-0.002030,14.937114,1.617148,-0.000000
1078,0.788510,0.003742,18.750988,1.607847,0.000000
1079,0.792705,0.004211,21.343106,1.622801,0.000000
1080,0.797962,-0.001396,30.509650,1.634829,0.000000
1081,0.765327,-0.000082,45.548590,1.638618,-0.000000
1082,0.796654,0.002118,53.857328,1.665301,0.000000
1083,0.804661,-0.000303,49.401973,1.689820,0.000000
1084,0.773120,0.125243,33.066828,1.705550,-0.000000
1085,0.777761,-0.005121,24.385001,1.728885,0.000000
1086,0.771304,0.046324,19.957317,1.763362,0.000000
1087,0.774193,0.002842,25.278464,1.781436,0.000000
1088,0.797627,0.002133,32.218544,1.769910,0.000000
1089,0.757860,0.031379,16.540209,1.744121,-0.000000
1090,0.765130,-0.002756,31.938410,1.738297,-0.000000
1091,0.796330,0.025589,24.975362,1.749381,0.000000
1092,0.802317,0.009317,21.715107,1.742973,0.000000
1093,0.775951,0.220276,16.377579,1.739261,0.000000
1094,0.781373,0.002346,20.801573,1.731395,0.000000
1095,0.761538,0.006617,17.729940,1.720991,0.000000
1096,0.763982,0.180405,12.162847,1.732938,-0.000000
1097,0.763376,0.018878,11.056320,1.743461,0.000000
1098,0.771453,-0.002289,6.091885,1.738438,0.000000
1099,0.757841,0.006068,8.520855,1.748620,0.000000
1100,0.777818,0.004628,9.134725,1.749160,0.000000
1101,0.796559,0.030949,19.064180,1.753279,0.000000
1102,0.793195,0.011304,13.994012,1.766821,-0.000000
1103,0.794980,0.051164,17.856407,1.769202,0.000000
1104,0.793690,-0.004100,26.075051,1.758518,0.000000
1105,0.794678,0.022872,20.697799,1.746905,-0.000000
1106,0.794673,0.027516,15.257051,1.749105,-0.000000
1107,0.804490,0.010940,14.950326,1.753068,-0.000000
1108,0.797035,0.041857,17.953720,1.769381,-0.000000
1109,0.795155,-0.000197,21.207532,1.785356,0.000000
1110,0.788221,0.024762,11.613631,1.797667,-0.000000
1111,0.787181,0.009680,5.027965,1.779310,0.000000
1112,0.794574,-0.001043,9.677903,1.773589,0.000000
1113,0.796831,-0.000462,12.815114,1.800219,-0.000000
1114,0.792713,0.036430,11.585063,1.822084,0.000000
1115,0.785092,0.046452,6.377081,1.800694,-0.000000
1116,0.790353,0.000826,9.181258,1.782629,0.000000
1117,0.791112,0.002348,10.843191,1.773363,-0.000000
1118,0.789649,0.009949,3.913366,1.765936,-0.000000
1119,0.790756,0.000415,5.208889,1.776028,0.000000
1120,0.741550,0.009028,6.683628,1.778954,0.000000
1121,0.780163,0.006564,2.191457,1.765018,0.000000
1122,0.774307,0.027883,3.444579,1.736324,0.000000
1123,0.771457,0.010591,6.432087,1.702830,-0.000000
1124,0.783972,-0.001184,5.935851,1.703659,0.000000
1125,0.746740,0.002879,7.904676,1.719499,-0.000000
1126,0.771761,0.111552,4.201284,1.728148,-0.000000
1127,0.733846,0.107553,3.350732,1.735471,-0.000000
1128,0.755821,0.071349,6.560619,1.732931,0.000000
1129,0.787864,-0.001340,11.306540,1.745887,-0.000000
1130,0.790921,0.028230,7.621678,1.767494,0.000000
1131,0.789535,0.016388,4.949120,1.761973,-0.000000
1132,0.748554,0.027222,7.075047,1.743074,0.000000
1133,0.748394,0.002749,3.685471,1.747126,-0.000000
1134,0.748500,0.035604,2.657154,1.755325,0.000000
1135,0.779202,0.013417,1.855396,1.746890,0.000000
1136,0.775838,0.002491,1.722647,1.734021,-0.000000
1137,0.785150,0.026392,2.737169,1.727533,0.000000
1138,0.610779,0.062032,12.577741,1.732926,-0.000000
1139,0.637122,0.006980,8.208097,1.727537,0.000000
1140,0.767373,0.016486,2.971044,1.717702,0.000000
1141,0.718141,0.010949,5.569072,1.719172,0.000000
1142,0.747568,0.011495,4.333218,1.719888,0.000000
1143,0.786136,0.004961,3.133619,1.709511,0.000000
1144,0.784387,0.007984,1.993536,1.696451,-0.000000
1145,0.760217,0.021735,1.840759,1.676265,0.000000
1146,0.780256,0.008155,2.044525,1.660330,0.000000
1147,0.774674,0.027897,2.700715,1.640332,0.000000
1148,0.775707,0.003809,2.910514,1.620909,-0.000000
1149,0.776229,-0.003416,2.220529,1.629645,-0.000000
1150,0.765289,0.006184,2.869552,1.641081,-0.000000
1151,0.772296,0.009287,1.363790,1.628178,0.000000
1152,0.773041,0.003223,1.758804,1.604862,0.000000
1153,0.768053,0.016126,3.489364,1.580107,-0.000000
1154,0.766907,0.076970,1.143354,1.561801,-0.000000
1155,0.772231,0.011813,2.071932,1.530377,0.000000
1156,0.742017,0.004006,2.659484,1.506859,0.000000
1157,0.747431,-0.004617,4.233588,1.488971,-0.000000
1158,0.757673,0.019558,1.983781,1.464875,-0.000000
1159,0.743944,0.017606,0.725961,1.442004,0.000000
1160,0.761898,0.002384,0.763021,1.424635,-0.000000
1161,0.755854,-0.002781,1.082716,1.409296,0.000000
1162,0.687257,0.005225,4.006817,1.396900,0.000000
1163,0.740468,0.003125,1.603622,1.384654,-0.000000
1164,0.736298,-0.000970,0.538761,1.375901,0.000000
1165,0.741064,0.007445,1.290903,1.382545,0.000000
1166,0.700683,0.009232,16.472983,1.388834,0.000000
1167,0.719399,0.014897,6.921476,1.395628,-0.000000
1168,0.692152,-0.000694,13.530000,1.406002,-0.000000
1169,0.719816,0.002810,2.938777,1.396672,0.000000
1170,0.717781,-0.007787,2.949921,1.386498,0.000000
1171,0.770863,0.002804,0.876193,1.395394,-0.000000
1172,0.761417,0.012028,1.424132,1.382926,0.000000
1173,0.761782,0.013801,0.829643,1.357412,-0.000000
1174,0.772558,0.003616,1.551282,1.349127,0.000000
1175,0.768766,-0.000580,1.511800,1.357536,0.000000
1176,0.757954,-0.003001,3.541473,1.355207,0.000000
1177,0.766915,0.000371,8.222477,1.357587,0.000000
1178,0.774159,0.021008,6.044061,1.356037,-0.000000
1179,0.777927,-0.002067,2.322947,1.351449,-0.000000
1180,0.740613,-0.006820,9.848197,1.360011,0.000000
1181,0.763779,0.011386,1.804615,1.364000,0.000000
1182,0.684059,0.135547,22.745690,1.347626,-0.000000
1183,0.756765,0.003406,9.452888,1.312392,0.000000
1184,0.778323,-0.007605,6.114802,1.304580,0.000000
1185,0.780418,-0.001987,7.257258,1.312939,0.000000
1186,0.769170,0.005425,2.028042,1.301127,-0.000000
1187,0.782048,0.002351,2.461021,1.283415,-0.000000
1188,0.778275,0.009732,2.706639,1.256007,0.000000
1189,0.752894,0.019504,3.093651,1.242785,-0.000000
1190,0.767089,-0.002555,2.958477,1.244237,-0.000000
1191,0.743757,0.018060,4.535388,1.241109,0.000000
1192,0.704004,-0.007803,10.002592,1.251844,-0.000000
1193,0.714227,-0.008834,15.093973,1.278218,0.000000
1194,0.651053,-0.002548,16.333050,1.291957,0.000000
1195,0.655217,-0.005168,8.143952,1.283793,0.000000
1196,0.760723,0.048187,9.589266,1.272404,0.000000
1197,0.772674,0.006895,2.685487,1.259556,0.000000
1198,0.757030,0.034534,2.462784,1.248154,-0.000000
1199,0.739572,-0.002332,5.605530,1.231586,0.000000
1200,0.763702,0.002786,3.369774,1.238837,0.000000
1201,0.739434,0.005188,2.038244,1.232255,0.000000
1202,0.711845,0.000348,8.704850,1.246971,-0.000000
1203,0.767956,-0.004070,4.762645,1.258924,-0.000000
1204,0.761351,-0.005525,1.141532,1.246910,0.000000
1205,0.754013,0.009403,1.932596,1.236541,-0.000000
1206,0.744762,-0.000270,2.711169,1.243786,0.000000
1207,0.775960,0.001767,8.355413,1.274461,0.000000
1208,0.757341,-0.001776,1.944026,1.271708,0.000000
1209,0.774180,0.000858,3.487755,1.274366,0.000000
1210,0.786417,0.004482,4.968592,1.291705,0.000000
1211,0.789128,-0.000908,19.778096,1.306860,0.000000
1212,0.772281,0.037350,9.075044,1.320483,0.000000
1213,0.784515,0.004200,11.523313,1.331875,0.000000
1214,0.764175,0.006834,4.684213,1.344521,-0.000000
1215,0.773608,0.004456,5.097414,1.359205,0.000000
1216,0.785488,0.000101,7.021375,1.386388,0.000000
1217,0.777725,0.001780,3.611827,1.392709,0.000000
1218,0.778106,0.003552,4.442509,1.383780,0.000000
1219,0.752295,-0.001670,4.426932,1.399996,-0.000000
1220,0.798873,-0.004296,15.093898,1.419222,-0.000000
1221,0.789491,-0.004504,14.620731,1.439100,0.000000
1222,0.800729,0.036382,12.355540,1.467582,0.000000
1223,0.787954,-0.001219,13.162578,1.491632,0.000000
1224,0.789660,-0.001799,8.536955,1.511815,0.000000
1225,0.775289,-0.003722,7.570861,1.521641,0.000000
1226,0.792409,-0.003056,8.523909,1.517354,-0.000000
1227,0.772845,0.014463,4.040183,1.521054,0.000000
1228,0.791147,-0.003871,4.050291,1.531021,0.000000
1229,0.780361,0.617301,4.005076,1.537141,0.000000
1230,0.782480,0.004191,2.907541,1.524212,0.000000
1231,0.789375,0.000705,5.219776,1.528536,0.000000
1232,0.775385,0.022166,1.931059,1.539359,-0.000000
1233,0.785620,0.029516,3.191596,1.547861,-0.000000
1234,0.778480,0.035240,4.608128,1.549811,-0.000000
1235,0.753045,0.016193,18.996204,1.547190,-0.000000
1236,0.785176,0.004998,12.640364,1.559385,0.000000
1237,0.773737,-0.005362,18.229742,1.566411,0.000000
1238,0.646424,-0.002542,20.980324,1.586585,0.000000
1239,0.716475,0.028103,13.583676,1.594432,0.000000
1240,0.748101,-0.002369,21.440734,1.593503,0.000000
1241,0.771751,0.007777,10.754382,1.600052,0.000000
1242,0.784834,0.012200,8.063578,1.588258,0.000000
1243,0.742366,0.202643,15.167400,1.581912,0.000000
1244,0.689610,0.010951,9.665210,1.585667,0.000000
1245,0.763182,0.176640,13.755061,1.591306,-0.000000
1246,0.749216,-0.000688,18.009040,1.610162,0.000000
1247,0.771601,0.006114,5.667808,1.614783,-0.000000
1248,0.788432,0.104774,4.312787,1.597221,0.000000
1249,0.750771,-0.001240,6.710953,1.579244,-0.000000
1250,0.756308,0.014791,8.207552,1.578360,0.000000
1251,0.756550,0.010648,3.083948,1.575517,-0.000000
1252,0.791438,0.018190,6.616415,1.559716,0.000000
1253,0.783554,0.027122,7.381737,1.553046,-0.000000
1254,0.790259,0.011295,13.412047,1.565310,0.000000
1255,0.758124,0.038090,8.246125,1.570728,0.000000
1256,0.741270,0.033682,3.073548,1.554863,0.000000
1257,0.786827,0.098912,4.070017,1.534148,-0.000000
1258,0.748595,0.008613,3.406914,1.511897,0.000000
1259,0.761618,1.395844,2.910051,1.504598,0.000000
1260,0.784517,0.037951,4.614047,1.490322,0.000000
1261,0.759684,0.002899,11.300838,1.452458,0.000000
1262,0.753417,0.007362,5.487487,1.440465,0.000000
1263,0.795864,-0.005197,9.234719,1.444273,-0.000000
1264,0.785539,0.006623,8.662898,1.438982,-0.000000
1265,0.790714,0.015448,6.748695,1.437439,0.000000
1266,0.792944,0.002085,5.351571,1.434143,0.000000
1267,0.736082,0.026944,3.821134,1.430259,-0.000000
1268,0.772405,0.000164,3.698589,1.422759,0.000000
1269,0.774226,0.002952,2.401067,1.414572,0.000000
1270,0.772650,0.017605,1.141961,1.411681,-0.000000
1271,0.755774,0.012592,1.452326,1.415361,0.000000
1272,0.757761,0.000035,1.681567,1.407005,-0.000000
1273,0.771221,0.007829,0.858956,1.395534,0.000000
1274,0.772144,0.030905,2.186204,1.392970,-0.000000
1275,0.757587,0.038990,2.079783,1.391575,0.000000
1276,0.764369,-0.005173,1.666054,1.395992,0.000000
1277,0.768917,0.168764,1.688366,1.397111,-0.000000
1278,0.766262,0.020837,1.092965,1.388383,0.000000
1279,0.769522,0.068014,2.035051,1.368109,0.000000
1280,0.770043,0.000352,0.849969,1.342719,0.000000
1281,0.770709,0.000205,0.924029,1.339591,-0.000000
1282,0.762026,-0.006441,0.823265,1.348869,0.000000
1283,0.744770,-0.000670,3.707391,1.368588,0.000000
1284,0.762647,2.138527,1.141717,1.379392,0.000000
1285,0.758742,0.010018,1.525668,1.367381,0.000000
1286,0.740315,0.001118,2.992588,1.357124,0.000000
1287,0.758535,0.019437,1.177042,1.349390,-0.000000
1288,0.745055,0.004591,1.180810,1.334750,0.000000
1289,0.713266,0.037959,1.632378,1.323750,-0.000000
1290,0.758505,0.000436,0.806278,1.313614,-0.000000
1291,0.737610,0.019468,1.824297,1.293829,0.000000
1292,0.755366,-0.002261,2.068894,1.277370,0.000000
1293,0.761066,0.001379,1.966732,1.268340,0.000000
1294,0.742823,-0.004133,2.723154,1.270170,-0.000000
1295,0.736893,0.003190,1.900386,1.283789,-0.000000
1296,0.710416,0.013501,8.394728,1.283703,0.000000
1297,0.708923,0.028351,2.407417,1.269717,0.000000
1298,0.715126,-0.006559,1.276683,1.272668,0.000000
1299,0.728429,0.003806,1.009472,1.283327,0.000000
1300,0.694145,0.007001,2.890604,1.283538,-0.000000
1301,0.713396,0.002167,2.097349,1.298399,-0.000000
1302,0.768914,0.001250,2.258735,1.312629,-0.000000
1303,0.748392,0.005758,1.309604,1.312812,-0.000000
1304,0.722787,0.001974,1.411006,1.310563,0.000000
1305,0.717889,0.019817,1.242621,1.313336,-0.000000
1306,0.733273,-0.005207,1.970857,1.311462,0.000000
1307,0.712071,1.188386,0.878804,1.305599,0.000000
1308,0.734320,0.005560,0.749788,1.292256,0.000000
1309,0.724590,-0.007980,1.114893,1.279349,0.000000
1310,0.737725,0.002372,2.003834,1.278107,0.000000
1311,0.722096,0.033542,0.951643,1.284659,-0.000000
1312,0.748862,0.006435,0.608775,1.276105,0.000000
1313,0.735082,0.000423,2.172456,1.281056,0.000000
1314,0.724845,-0.004760,0.652632,1.288741,-0.000000
1315,0.734758,0.000075,0.946813,1.278754,0.000000
1316,0.719894,-0.004709,0.657829,1.280275,0.000000
1317,0.728314,0.000665,0.561148,1.294366,0.000000
1318,0.738022,0.004773,0.534342,1.303815,0.000000
1319,0.725831,-0.005361,0.704170,1.301162,0.000000
1320,0.729216,0.005428,0.737627,1.302264,-0.000000
1321,0.720657,0.001496,0.463710,1.298320,-0.000000
1322,0.734571,0.003221,0.656212,1.292646,-0.000000
1323,0.749737,0.002663,0.560059,1.298355,-0.000000
1324,0.706341,0.010848,1.064318,1.289493,0.000000
1325,0.739359,0.003619,0.742715,1.267551,0.000000
1326,0.727166,0.001638,0.735821,1.264705,-0.000000
1327,0.728252,-0.000403,0.769408,1.270373,0.000000
1328,0.731008,0.003482,0.657645,1.265966,0.000000
1329,0.720376,-0.001764,1.036962,1.257123,0.000000
1330,0.722782,-0.001337,0.710216,1.259581,0.000000
1331,0.743440,0.000208,3.199321,1.271994,0.000000
1332,0.723341,0.003155,2.408810,1.276784,0.000000
1333,0.759965,0.004114,7.770103,1.272348,0.000000
1334,0.761472,-0.001532,3.589358,1.281996,-0.000000
1335,0.757174,-0.003320,3.616202,1.303435,0.000000
1336,0.756698,-0.001117,2.137784,1.306146,0.000000
1337,0.763084,-0.002922,2.728343,1.285677,0.000000
1338,0.774069,0.015369,7.289110,1.282760,0.000000
1339,0.769340,-0.000717,3.098988,1.296766,0.000000
1340,0.770802,-0.000361,5.381123,1.296149,-0.000000
1341,0.771752,-0.000531,2.492562,1.311985,0.000000
1342,0.777524,-0.000474,10.072546,1.357101,-0.000000
1343,0.779042,0.001145,2.943059,1.379831,0.000000
1344,0.748598,0.005529,2.604026,1.381727,-0.000000
1345,0.791955,0.014540,4.754727,1.368686,0.000000
1346,0.761156,-0.002187,0.779213,1.373919,-0.000000
1347,0.753687,0.016955,1.552618,1.367654,0.000000
1348,0.789743,0.007538,6.434601,1.352853,0.000000
1349,0.763947,0.002977,1.782687,1.339747,0.000000
1350,0.773760,-0.002161,3.236846,1.322410,-0.000000
1351,0.769328,0.017924,19.099501,1.321383,-0.000000
1352,0.778891,0.002781,5.534162,1.318381,-0.000000
1353,0.799167,-0.002908,12.725567,1.316969,0.000000
1354,0.783919,0.021092,15.455202,1.328773,-0.000000
1355,0.784562,0.002198,6.291461,1.330816,0.000000
1356,0.769961,-0.003668,14.098941,1.339666,-0.000000
1357,0.773863,0.001226,12.537894,1.358319,-0.000000
1358,0.784788,-0.002187,18.805567,1.384848,0.000000
1359,0.754103,0.001992,8.578986,1.407537,-0.000000
1360,0.761161,0.034117,3.877714,1.394057,-0.000000
1361,0.772411,0.034430,3.967393,1.359154,0.000000
1362,0.783215,0.001087,3.379441,1.363577,-0.000000
1363,0.774389,0.014659,4.128093,1.380019,0.000000
1364,0.773028,0.006889,2.554476,1.392575,0.000000
1365,0.773205,0.000253,3.018859,1.403685,-0.000000
1366,0.770962,0.036231,4.623166,1.407830,-0.000000
1367,0.785145,-0.003262,8.495719,1.429393,0.000000
1368,0.765001,-0.004179,7.447144,1.475229,0.000000
1369,0.777736,0.033402,7.245457,1.495010,0.000000
1370,0.774520,0.028857,3.541324,1.475321,0.000000
1371,0.775697,-0.000667,6.068300,1.467965,0.000000
1372,0.778761,-0.001168,7.014915,1.486287,0.000000
1373,0.733912,0.086091,3.156357,1.494149,0.000000
1374,0.737422,0.001099,11.767581,1.496589,-0.000000
1375,0.662936,0.047094,14.269508,1.515876,0.000000
1376,0.718480,0.017649,4.334607,1.512354,-0.000000
1377,0.616939,0.042532,9.232256,1.494908,0.000000
1378,0.655901,1.130567,9.286770,1.485688,0.000000
1379,0.589222,0.297732,12.635043,1.480015,0.000000
1380,0.683544,0.004900,6.838434,1.471874,0.000000
1381,0.664342,0.003442,2.496869,1.459693,0.000000
1382,0.677413,0.027448,4.102475,1.438585,0.000000
1383,0.672914,0.018084,1.970352,1.389013,0.000000
1384,0.721731,0.007428,2.112856,1.353644,-0.000000
1385,0.691348,0.012275,4.138275,1.349051,0.000000
1386,0.651672,0.003144,1.957357,1.356022,-0.000000
1387,0.669196,0.053972,1.949298,1.362107,0.000000
1388,0.681081,0.023336,0.991258,1.344018,-0.000000
1389,0.723142,0.106679,1.900323,1.338602,-0.000000
1390,0.675492,0.059903,1.617703,1.357944,0.000000
1391,0.729392,-0.003170,0.860777,1.359873,-0.000000
1392,0.734488,-0.000177,1.569426,1.366378,0.000000
1393,0.742406,0.308191,2.091978,1.358743,0.000000
1394,0.725939,-0.005256,2.116585,1.327577,0.000000
1395,0.755330,0.125438,1.673904,1.319221,0.000000
1396,0.754873,0.001404,1.513006,1.326638,0.000000
1397,0.756303,-0.003079,3.295353,1.333494,-0.000000
1398,0.758827,0.002228,1.936359,1.334948,-0.000000
1399,0.772131,0.010828,2.554986,1.358103,0.000000
1400,0.741315,0.000805,1.964517,1.365701,-0.000000
1401,0.779515,-0.000179,12.553334,1.370761,0.000000
1402,0.770939,0.007527,2.355766,1.376156,0.000000
1403,0.767960,0.003337,3.951274,1.366095,0.000000
1404,0.769221,0.006878,8.066308,1.365023,-0.000000
1405,0.756325,0.000882,5.940704,1.360119,0.000000
1406,0.767464,0.001114,28.297342,1.384078,0.000000
1407,0.760218,0.010282,5.986609,1.389142,-0.000000
1408,0.722801,0.003788,45.560781,1.396285,0.000000
1409,0.714799,0.002544,41.268246,1.414982,0.000000
1410,0.792438,0.001855,39.879321,1.425223,-0.000000
1411,0.768689,-0.003194,28.163870,1.431716,-0.000000
1412,0.797127,-0.002859,25.250098,1.440166,-0.000000
1413,0.721765,0.008213,32.254819,1.472164,-0.000000
1414,0.689053,0.016878,32.370579,1.505172,0.000000
1415,0.722159,0.037389,10.396325,1.523661,-0.000000
1416,0.646597,0.045220,10.756556,1.536289,0.000000
1417,0.664551,0.005252,17.070149,1.524891,-0.000000
1418,0.784020,0.008021,20.926644,1.510009,0.000000
1419,0.726516,0.003883,3.296887,1.497646,0.000000
1420,0.736824,0.002867,6.121671,1.487660,-0.000000
1421,0.760707,0.011727,2.665410,1.490336,0.000000
1422,0.755905,0.002147,14.656668,1.498899,0.000000
1423,0.774793,0.015253,15.698376,1.498554,0.000000
1424,0.786618,0.023723,13.809497,1.495723,-0.000000
1425,0.759836,0.000802,21.834508,1.510653,0.000000
1426,0.779547,0.004410,20.033356,1.528759,-0.000000
1427,0.765989,0.126707,52.635920,1.546540,-0.000000
1428,0.739947,0.005307,41.004440,1.584932,0.000000
1429,0.761978,0.000856,37.692239,1.624049,0.000000
1430,0.741613,0.003672,14.445045,1.631365,0.000000
1431,0.764381,0.004868,21.224458,1.634548,-0.000000
1432,0.793228,0.010705,23.109055,1.641016,-0.000000
1433,0.735787,0.001739,20.791897,1.629887,0.000000
1434,0.800000,0.015567,34.788753,1.624166,-0.000000
1435,0.770735,-0.001823,30.342995,1.640667,0.000000
1436,0.727026,0.018528,17.137652,1.648933,0.000000
1437,0.782487,-0.001903,15.646117,1.650166,-0.000000
1438,0.758569,0.003257,18.331437,1.656018,0.000000
1439,0.704642,0.047080,11.939396,1.658133,0.000000
1440,0.726583,0.089666,24.265967,1.659208,0.000000
1441,0.710794,0.002492,22.304497,1.666457,0.000000
1442,0.780294,0.132498,28.781975,1.675308,0.000000
1443,0.794534,0.000561,34.222327,1.702486,-0.000000
1444,0.777972,0.008685,33.257433,1.718693,-0.000000
1445,0.792328,-0.003598,29.594553,1.702943,0.000000
1446,0.787889,-0.001627,32.993909,1.684646,-0.000000
1447,0.766322,0.005936,29.092795,1.712879,-0.000000
1448,0.761843,0.000826,25.505297,1.741834,0.000000
1449,0.766960,0.013574,25.030488,1.745561,-0.000000
1450,0.740787,0.235156,24.133595,1.729685,-0.000000
1451,0.749300,0.054397,15.335261,1.728965,0.000000
1452,0.755778,-0.000198,8.077840,1.737963,0.000000
1453,0.798973,0.012803,31.779624,1.736559,0.000000
1454,0.761092,-0.000155,24.359605,1.729958,-0.000000
1455,0.795358,0.267359,32.967782,1.727515,0.000000
1456,0.761499,0.004500,27.911141,1.731172,0.000000
1457,0.739118,0.006955,17.335364,1.741761,-0.000000
1458,0.776983,0.010449,11.126690,1.749962,0.000000
1459,0.734423,0.040088,4.528646,1.737705,0.000000
1460,0.793708,0.100658,17.907719,1.748426,0.000000
1461,0.773205,0.021633,8.200690,1.755830,0.000000
1462,0.796853,-0.005292,35.253669,1.754916,-0.000000
1463,0.759742,0.009745,28.776154,1.777298,0.000000
1464,0.793853,0.004387,36.457546,1.812057,-0.000000
1465,0.792005,0.003929,25.016150,1.831681,-0.000000
1466,0.764730,0.005077,15.794753,1.826386,-0.000000
1467,0.780490,0.022788,26.792869,1.834499,-0.000000
1468,0.788585,0.001833,20.886997,1.851222,0.000000
1469,0.791088,0.136187,27.580631,1.868516,-0.000000
1470,0.795137,0.000060,15.685707,1.874156,0.000000
1471,0.789242,0.006133,23.826154,1.887147,0.000000
1472,0.779515,0.016045,10.294664,1.909242,0.000000
1473,0.786400,0.000957,30.374028,1.902009,0.000000
1474,0.784846,0.031541,23.663370,1.897189,-0.000000
1475,0.788437,0.009789,22.883017,1.910363,0.000000
1476,0.786362,-0.002335,22.638533,1.910943,-0.000000
1477,0.793404,0.001625,31.858994,1.926591,-0.000000
1478,0.796928,0.005670,23.201235,1.948341,-0.000000
1479,0.795103,0.005154,20.632899,1.965203,-0.000000
1480,0.787679,0.054836,27.396426,1.977069,0.000000
1481,0.762024,0.183769,16.005650,1.980028,0.000000
1482,0.779937,0.001561,12.612196,1.984574,0.000000
1483,0.785941,0.061506,21.226991,1.984368,-0.000000
1484,0.784696,0.020121,17.172163,1.992719,0.000000
1485,0.779108,0.037160,10.724548,2.005033,0.000000
1486,0.786843,0.016576,19.387973,2.017548,0.000000
1487,0.778602,0.021227,8.485769,2.031128,0.000000
1488,0.779881,0.089417,14.824212,2.024550,-0.000000
1489,0.734243,-0.005925,17.897335,2.034465,-0.000000
1490,0.773595,0.004474,8.480930,2.042493,0.000000
1491,0.774552,0.018251,7.387211,2.021186,-0.000000
1492,0.783883,0.008350,9.449758,1.986328,0.000000
1493,0.770957,-0.000800,5.170031,1.982758,-0.000000
1494,0.749251,0.009957,8.723228,1.982002,-0.000000
1495,0.737145,0.008494,9.804980,1.974579,-0.000000
1496,0.783667,-0.002661,11.894112,1.979937,0.000000
1497,0.797916,0.002759,9.374835,1.985075,0.000000
1498,0.749433,-0.000812,5.577744,1.991905,0.000000
1499,0.784011,0.012019,6.932075,2.002824,-0.000000
1500,0.784960,0.031482,4.605381,1.985832,-0.000000
1501,0.788717,0.005430,8.929934,1.970230,0.000000
1502,0.785974,-0.001639,2.028436,1.974780,0.000000
1503,0.758261,0.033412,4.873911,1.969189,0.000000
1504,0.767730,0.015184,2.299279,1.937553,0.000000
1505,0.784387,0.016906,12.366482,1.917949,-0.000000
1506,0.785870,0.007612,2.622934,1.915794,-0.000000
1507,0.767431,0.010491,2.249497,1.901039,0.000000
1508,0.787742,0.001627,12.360556,1.891075,-0.000000
1509,0.773520,0.055120,7.993144,1.885207,0.000000
1510,0.768143,0.007515,2.324458,1.860105,0.000000
1511,0.712994,0.032080,25.177921,1.824159,0.000000
1512,0.512458,0.025722,11.732333,1.802810,0.000000
1513,0.734156,0.032726,13.759977,1.764846,-0.000000
1514,0.765925,0.052317,3.920468,1.733599,-0.000000
1515,0.729599,0.308028,3.274861,1.715578,-0.000000
1516,0.699687,0.029933,4.718995,1.699448,0.000000
1517,0.699583,0.000856,6.274482,1.695311,-0.000000
1518,0.722251,0.043346,2.458187,1.709556,-0.000000
1519,0.718630,0.012289,2.093349,1.704579,-0.000000
1520,0.742813,0.028589,1.668040,1.675479,-0.000000
1521,0.774198,0.006982,1.501942,1.652734,0.000000
1522,0.781107,0.009950,2.980325,1.640031,0.000000
1523,0.732610,0.029761,2.838930,1.633563,-0.000000
1524,0.734685,-0.003768,2.369823,1.642870,0.000000
1525,0.754827,-0.006224,5.547112,1.670357,-0.000000
1526,0.747386,0.068847,15.363332,1.704576,-0.000000
1527,0.776304,-0.001969,6.086870,1.727785,-0.000000
1528,0.773601,0.002292,10.953431,1.736642,-0.000000
1529,0.717001,0.028250,13.619325,1.739846,-0.000000
1530,0.782122,0.011561,16.898669,1.757610,-0.000000
1531,0.756111,0.053221,5.888793,1.775419,0.000000
1532,0.764391,-0.003122,14.887582,1.772611,-0.000000
1533,0.763039,-0.002774,4.745379,1.782057,0.000000
1534,0.737297,0.007300,3.202552,1.796519,0.000000
1535,0.703048,0.014766,3.517181,1.803542,-0.000000
1536,0.689516,0.040473,2.399137,1.784799,0.000000
1537,0.734672,0.000462,12.252890,1.783223,-0.000000
1538,0.697302,0.042807,3.057619,1.792956,0.000000
1539,0.740030,0.026665,4.191019,1.784823,0.000000
1540,0.762846,-0.000408,10.414212,1.796416,-0.000000
1541,0.764231,0.021803,4.647484,1.786263,0.000000
1542,0.761063,0.013161,9.058264,1.770710,0.000000
1543,0.732512,0.031913,2.953264,1.756095,0.000000
1544,0.750979,0.037357,6.775686,1.745758,0.000000
1545,0.765624,-0.003295,6.174456,1.752058,0.000000
1546,0.787891,-0.001261,17.925215,1.762194,0.000000
1547,0.766396,0.046127,12.217356,1.757747,-0.000000
1548,0.769583,0.010015,7.117800,1.733851,0.000000
1549,0.740399,0.208847,15.831144,1.721998,-0.000000
1550,0.786987,0.008480,23.357632,1.715773,-0.000000
1551,0.762343,0.011084,23.985664,1.699882,0.000000
1552,0.771720,-0.004621,16.128266,1.697744,0.000000
1553,0.804888,-0.004864,36.432730,1.718648,0.000000
1554,0.791933,0.020159,7.224621,1.731799,-0.000000
1555,0.778267,0.003374,8.891969,1.717469,0.000000
1556,0.764461,-0.002821,18.270474,1.701723,0.000000
1557,0.783664,0.020885,4.511720,1.691775,-0.000000
1558,0.795110,-0.001454,13.980996,1.685337,0.000000
1559,0.794945,0.004654,13.391549,1.711516,0.000000
1560,0.756749,0.034339,2.914945,1.714725,-0.000000
1561,0.781252,0.007659,5.312839,1.703852,0.000000
1562,0.785659,0.007611,8.024198,1.723910,0.000000
1563,0.799011,-0.003995,12.946341,1.742697,0.000000
1564,0.799108,-0.001342,5.635810,1.742528,0.000000
1565,0.734941,0.045100,2.204085,1.738751,-0.000000
1566,0.773656,0.009003,2.895572,1.729806,0.000000
1567,0.761049,0.032534,4.113581,1.722642,-0.000000
1568,0.738805,-0.002510,3.248333,1.724039,0.000000
1569,0.768359,0.065134,4.619684,1.723227,-0.000000
1570,0.766749,0.012113,4.019977,1.707042,0.000000
1571,0.785093,0.097702,8.593904,1.689837,-0.000000
1572,0.781995,-0.000096,6.471850,1.686722,0.000000
1573,0.782284,0.305111,6.051265,1.683996,0.000000
1574,0.780543,0.063305,4.488014,1.679112,0.000000
1575,0.786477,0.003046,5.493097,1.669213,-0.000000
1576,0.774752,0.003478,6.072181,1.660743,0.000000
1577,0.790724,-0.002612,4.779910,1.661421,-0.000000
1578,0.735414,0.241517,4.412256,1.661998,0.000000
1579,0.741167,0.006804,1.968533,1.664626,-0.000000
1580,0.743521,0.005871,3.075394,1.662651,-0.000000
1581,0.755356,0.007511,1.528917,1.655812,0.000000
1582,0.686795,0.008842,1.389658,1.649617,0.000000
1583,0.682588,-0.001369,2.275656,1.653156,-0.000000
1584,0.770861,0.004086,7.530726,1.644139,-0.000000
1585,0.728064,0.007864,1.310976,1.611758,0.000000
1586,0.753027,0.001492,5.534659,1.603108,-0.000000
1587,0.757271,0.009374,0.833889,1.601058,-0.000000
1588,0.758611,-0.000158,3.581977,1.611097,0.000000
1589,0.761413,0.001667,7.798394,1.627049,0.000000
1590,0.759277,-0.000554,5.927899,1.634122,-0.000000
1591,0.778480,0.000462,13.036895,1.659312,-0.000000
1592,0.777668,0.006141,14.786651,1.687890,0.000000
1593,0.795382,0.003512,38.508249,1.683144,-0.000000
1594,0.784982,0.002423,21.290914,1.697690,0.000000
1595,0.768363,0.012256,20.559550,1.719016,-0.000000
1596,0.759877,0.000735,32.445755,1.716286,0.000000
1597,0.788644,0.203286,33.928279,1.706379,0.000000
1598,0.776977,-0.003752,20.771690,1.696997,-0.000000
1599,0.646893,0.008864,11.541100,1.699728,-0.000000
1600,0.649459,0.039348,7.052138,1.692351,0.000000
1601,0.714204,0.000087,2.379295,1.682952,0.000000
1602,0.747238,0.004264,5.794685,1.679071,-0.000000
1603,0.728244,-0.001875,1.426047,1.685809,-0.000000
1604,0.761575,0.034010,7.032277,1.691888,0.000000
1605,0.783480,0.000840,12.948785,1.704028,-0.000000
1606,0.780790,0.016332,16.499275,1.709705,-0.000000
1607,0.800737,-0.002431,30.373980,1.711817,0.000000
1608,0.772637,-0.003391,18.290291,1.725336,0.000000
1609,0.794645,0.001809,29.481954,1.742745,0.000000
1610,0.797792,0.002897,16.213412,1.758421,0.000000
1611,0.790647,0.000429,26.542967,1.765648,-0.000000
1612,0.780735,0.009344,18.115217,1.770730,-0.000000
1613,0.789697,-0.000922,21.041806,1.767885,-0.000000
1614,0.779527,0.013409,13.341728,1.764389,0.000000
1615,0.776542,0.004811,5.629964,1.768852,0.000000
1616,0.769136,0.002549,3.364258,1.782080,0.000000
1617,0.781559,0.003611,8.116792,1.800841,0.000000
1618,0.787172,0.038997,10.507952,1.801433,-0.000000
1619,0.773132,0.008332,6.044825,1.783092,0.000000
1620,0.777389,0.015906,7.677505,1.751511,-0.000000
1621,0.782332,0.001394,7.425121,1.744524,-0.000000
1622,0.781545,-0.002677,9.525330,1.754313,-0.000000
1623,0.786617,0.008368,12.532033,1.753435,-0.000000
1624,0.780723,-0.002861,15.354629,1.769440,0.000000
1625,0.787836,0.007976,8.296017,1.778076,0.000000
1626,0.770006,0.045538,4.144016,1.770132,0.000000
1627,0.768845,0.003788,5.605795,1.772113,-0.000000
1628,0.796192,0.008576,10.504499,1.772794,0.000000
1629,0.791209,0.011880,6.624199,1.782576,-0.000000
1630,0.784797,0.006470,8.214475,1.778079,0.000000
1631,0.786963,0.005477,9.351455,1.775209,-0.000000
1632,0.787627,0.035924,20.707201,1.771820,0.000000
1633,0.780579,0.001786,9.001885,1.784843,0.000000
1634,0.758550,0.004015,16.566502,1.795097,0.000000
1635,0.789029,-0.001603,24.572533,1.808719,-0.000000
1636,0.768079,0.053256,6.419939,1.809399,0.000000
1637,0.794716,-0.000661,10.939067,1.788728,-0.000000
1638,0.780462,0.005741,11.134129,1.783981,-0.000000
1639,0.785925,-0.007408,21.980327,1.778343,0.000000
1640,0.791855,-0.004721,21.078696,1.777503,0.000000
1641,0.790677,0.002950,15.558810,1.781685,-0.000000
1642,0.786773,-0.000219,9.266990,1.798306,-0.000000
1643,0.797624,0.000482,10.476113,1.795523,-0.000000
1644,0.782146,0.006721,15.676226,1.797528,0.000000
1645,0.786805,0.004970,14.920445,1.801271,0.000000
1646,0.778631,0.020154,16.558809,1.793417,-0.000000
1647,0.776576,0.037553,9.929253,1.786696,0.000000
1648,0.783791,0.068504,13.245625,1.760221,-0.000000
1649,0.785592,0.005733,13.344669,1.735407,0.000000
1650,0.768950,0.006386,13.719092,1.740979,-0.000000
1651,0.783355,0.042098,9.594321,1.753736,-0.000000
1652,0.775600,0.019760,5.187068,1.738127,0.000000
1653,0.772007,0.098703,3.103425,1.712091,-0.000000
1654,0.787304,-0.000851,10.131661,1.717217,0.000000
1655,0.770738,0.012800,2.714869,1.731420,0.000000
1656,0.768831,0.018922,2.677908,1.709820,-0.000000
1657,0.722607,0.018196,4.699602,1.699790,0.000000
1658,0.782176,0.018567,5.314321,1.708496,0.000000
1659,0.715239,0.011630,3.554600,1.707818,-0.000000
1660,0.762282,0.048041,3.182227,1.695588,0.000000
1661,0.773034,0.031267,2.269130,1.689947,0.000000
1662,0.762874,0.021525,4.714884,1.690098,-0.000000
1663,0.771038,0.001933,2.503670,1.680839,0.000000
1664,0.771694,-0.000086,2.875266,1.692041,-0.000000
1665,0.767409,0.013892,4.299042,1.705639,0.000000
1666,0.781734,0.004159,4.936138,1.708036,0.000000
1667,0.780986,0.007677,4.678944,1.703899,0.000000
1668,0.762230,0.006426,3.189395,1.693933,0.000000
1669,0.768657,0.002864,6.055740,1.711447,0.000000
1670,0.777449,0.002751,13.018388,1.736376,-0.000000
1671,0.778060,0.002440,9.891674,1.728227,-0.000000
1672,0.768503,0.022143,5.221447,1.715402,0.000000
1673,0.761278,0.001346,2.829942,1.710428,0.000000
1674,0.780451,-0.007324,13.013574,1.727138,-0.000000
1675,0.772819,0.034546,10.787545,1.729557,0.000000
1676,0.768374,0.003478,2.376237,1.689171,-0.000000
1677,0.775854,0.009259,5.380221,1.668668,0.000000
1678,0.757024,0.025424,5.876285,1.659095,-0.000000
1679,0.774672,0.026637,4.300174,1.655136,0.000000
1680,0.789854,0.000378,8.183687,1.651953,0.000000
1681,0.782978,0.000288,4.800633,1.643588,0.000000
1682,0.780201,0.011544,4.066231,1.626246,0.000000
1683,0.785649,-0.001543,6.665805,1.624689,0.000000
1684,0.769638,0.016694,4.113862,1.626020,-0.000000
1685,0.773216,-0.001660,4.367404,1.614680,-0.000000
1686,0.786448,-0.004510,8.081765,1.623503,-0.000000
1687,0.777635,-0.001212,7.015423,1.637725,-0.000000
1688,0.779538,-0.000758,2.354222,1.625318,0.000000
1689,0.785528,0.013336,7.762396,1.625291,0.000000
1690,0.780959,0.009252,4.844776,1.625388,0.000000
1691,0.793237,-0.003120,4.747450,1.656740,0.000000
1692,0.793250,0.066628,1.646578,1.675911,0.000000
1693,0.787408,0.008135,4.246912,1.676432,-0.000000
1694,0.784892,-0.002261,2.044875,1.699483,-0.000000
1695,0.784057,0.086644,2.512369,1.707856,0.000000
1696,0.779665,0.002986,4.805232,1.688968,0.000000
1697,0.791593,-0.004536,7.425801,1.682475,0.000000
1698,0.794834,-0.000228,13.963575,1.691837,-0.000000
1699,0.792468,-0.006034,12.665806,1.691906,0.000000
1700,0.783661,0.073956,10.446790,1.704145,-0.000000
1701,0.787951,0.001086,4.193293,1.706131,0.000000
1702,0.782661,0.031621,1.734074,1.690382,-0.000000
1703,0.777822,0.014080,1.691094,1.664540,-0.000000
1704,0.784793,0.002527,4.354321,1.640079,0.000000
1705,0.782361,-0.001195,1.925240,1.620368,-0.000000
1706,0.780781,-0.001375,4.991857,1.607796,0.000000
1707,0.785720,-0.000358,16.211412,1.604888,0.000000
1708,0.794219,-0.003910,10.712723,1.614426,-0.000000
1709,0.784288,0.005678,7.025030,1.619833,-0.000000
1710,0.790778,0.000586,13.155457,1.630766,0.000000
1711,0.787720,0.040120,10.179302,1.640061,0.000000
1712,0.789482,0.005565,6.902672,1.638086,-0.000000
1713,0.784116,0.007304,4.225736,1.637045,-0.000000
1714,0.786348,0.007260,0.896040,1.648847,-0.000000
1715,0.783736,0.004041,4.116418,1.652978,0.000000
1716,0.768628,0.043320,2.454708,1.651998,-0.000000
1717,0.769785,0.004673,3.203050,1.659495,0.000000
1718,0.780053,0.015085,3.409597,1.644191,0.000000
1719,0.775109,0.019254,3.990302,1.637216,-0.000000
1720,0.783565,0.001593,4.943873,1.652301,-0.000000
1721,0.773830,0.016798,5.454419,1.667870,-0.000000
1722,0.787462,0.002675,8.542469,1.680656,0.000000
1723,0.785785,-0.000892,5.103193,1.689104,-0.000000
1724,0.784965,0.002658,12.429673,1.727267,-0.000000
1725,0.781874,0.040392,10.753890,1.778849,0.000000
1726,0.794941,0.000931,14.303336,1.815251,-0.000000
1727,0.774068,0.003766,7.486417,1.836303,0.000000
1728,0.762058,0.026702,4.230517,1.800602,0.000000
1729,0.769905,0.009722,4.676394,1.763649,0.000000
1730,0.788161,-0.003047,20.215466,1.758300,0.000000
1731,0.779404,0.036546,9.849166,1.771570,-0.000000
1732,0.788455,0.006552,10.506280,1.785005,0.000000
1733,0.786886,0.189741,6.533022,1.804872,-0.000000
1734,0.773338,0.663899,4.589743,1.789847,-0.000000
1735,0.779252,0.003616,3.772449,1.759054,-0.000000
1736,0.764212,0.000587,3.131470,1.757126,-0.000000
1737,0.705555,0.038108,22.870805,1.773489,0.000000
1738,0.699441,0.010230,11.715765,1.787230,0.000000
1739,0.773206,0.053982,5.483055,1.778165,0.000000
1740,0.744990,-0.001359,10.147277,1.781211,0.000000
1741,0.759271,0.000851,2.249577,1.796119,0.000000
1742,0.768303,0.002281,2.739014,1.789180,-0.000000
1743,0.757888,0.005346,3.366729,1.763637,-0.000000
1744,0.770501,0.007074,1.586969,1.734468,0.000000
1745,0.747550,0.000769,0.969318,1.712450,-0.000000
1746,0.763913,-0.000341,2.628213,1.708197,-0.000000
1747,0.706661,-0.005979,10.780086,1.715966,-0.000000
1748,0.742366,-0.003841,3.023341,1.730021,-0.000000
1749,0.758645,0.011843,3.987913,1.727537,-0.000000
1750,0.754748,0.232101,2.182474,1.703402,-0.000000
1751,0.770356,0.010404,5.298646,1.696220,0.000000
1752,0.744866,0.012037,2.737850,1.693694,0.000000
1753,0.771542,0.028380,5.279134,1.674892,0.000000
1754,0.773423,-0.000062,8.098941,1.670854,0.000000
1755,0.771461,0.017944,5.665750,1.686008,-0.000000
1756,0.770125,-0.002212,6.674837,1.693027,0.000000
1757,0.763062,0.001054,6.646260,1.696609,-0.000000
1758,0.767774,0.008864,2.198898,1.665753,-0.000000
1759,0.757510,0.002463,2.033275,1.634533,0.000000
1760,0.750357,0.040264,0.978882,1.625820,0.000000
1761,0.757253,-0.004716,2.372173,1.607714,0.000000
1762,0.746718,0.017212,3.365274,1.603772,0.000000
1763,0.738280,0.010356,0.797083,1.591202,-0.000000
1764,0.739657,0.017386,1.150538,1.570923,-0.000000
1765,0.750222,0.009781,1.145507,1.546928,-0.000000
1766,0.757288,0.015619,0.771534,1.540904,0.000000
1767,0.740552,0.009202,1.941831,1.539441,-0.000000
1768,0.715836,0.004073,0.543945,1.510609,0.000000
1769,0.749068,0.002218,1.836514,1.480209,0.000000
1770,0.729594,0.174706,0.682224,1.469797,0.000000
1771,0.727918,0.011283,1.512002,1.454906,0.000000
1772,0.747145,0.000650,1.779024,1.455593,-0.000000
1773,0.730463,-0.002165,1.044393,1.476716,-0.000000
1774,0.782677,0.025624,6.610984,1.501156,0.000000
1775,0.744738,0.018473,2.864315,1.514600,-0.000000
1776,0.721692,0.007736,1.163265,1.505124,-0.000000
1777,0.675920,0.021770,1.644644,1.501194,-0.000000
1778,0.720496,0.008320,1.099275,1.510548,-0.000000
1779,0.712992,0.007792,1.029088,1.514026,0.000000
1780,0.734244,-0.005137,0.909290,1.493982,0.000000
1781,0.718206,0.008911,1.964887,1.478752,0.000000
1782,0.750727,0.004136,6.541794,1.476724,0.000000
1783,0.726344,0.053254,8.520880,1.498834,0.000000
1784,0.723784,0.002365,9.806253,1.510102,0.000000
1785,0.706242,0.001168,6.068768,1.499122,0.000000
1786,0.686263,0.000838,7.455424,1.483854,0.000000
1787,0.745401,0.012086,0.874975,1.462706,-0.000000
1788,0.741079,0.012568,1.014322,1.450003,-0.000000
1789,0.723876,0.040566,1.770399,1.429364,0.000000
1790,0.743054,0.144840,1.770335,1.411380,-0.000000
1791,0.742266,0.002522,1.188525,1.419872,-0.000000
1792,0.736485,0.014855,1.968325,1.435482,-0.000000
1793,0.748988,0.003375,1.091818,1.474382,0.000000
1794,0.746938,-0.008258,2.993929,1.514287,0.000000
1795,0.655363,0.020273,0.855730,1.518694,0.000000
1796,0.661302,0.088058,0.642180,1.486719,0.000000
1797,0.686670,0.009399,0.395316,1.456314,0.000000
1798,0.736765,0.035667,0.433445,1.429365,-0.000000
1799,0.731814,0.074945,1.180503,1.408539,-0.000000
1800,0.678535,0.024110,0.999396,1.387094,0.000000
1801,0.730022,0.021582,0.483329,1.377136,0.000000
1802,0.716655,0.001396,0.885568,1.368785,-0.000000
1803,0.703375,0.033546,0.914689,1.357559,0.000000
1804,0.675242,0.015595,0.911176,1.372701,-0.000000
1805,0.726018,-0.001432,0.789650,1.398481,-0.000000
1806,0.745765,0.114218,0.590617,1.411765,0.000000
1807,0.690363,0.147504,1.293045,1.397075,0.000000
1808,0.732572,0.010489,0.575897,1.386143,0.000000
1809,0.648597,-0.008288,2.414091,1.405403,0.000000
1810,0.674894,0.044995,0.786791,1.421254,0.000000
1811,0.704484,0.003658,1.407150,1.418136,0.000000
1812,0.707053,0.002911,0.908020,1.439051,-0.000000
1813,0.721827,0.004666,1.011090,1.439926,0.000000
1814,0.700740,0.002611,1.830066,1.437043,0.000000
1815,0.713996,0.002671,0.978539,1.422123,-0.000000
1816,0.754384,0.004904,2.501122,1.415056,0.000000
1817,0.698510,0.002821,1.473695,1.420785,0.000000
1818,0.738724,0.001208,0.494373,1.408215,-0.000000
1819,0.741862,-0.005026,0.469901,1.381591,0.000000
1820,0.693301,0.009227,20.417112,1.390064,-0.000000
1821,0.700920,0.038899,15.595194,1.425855,0.000000
1822,0.648322,0.001018,15.570214,1.442146,-0.000000
1823,0.694982,0.050272,1.842836,1.443162,-0.000000
1824,0.616598,0.150505,12.056655,1.457043,0.000000
1825,0.686807,0.010394,6.943476,1.485923,0.000000
1826,0.732908,0.068122,1.374805,1.480333,0.000000
1827,0.714332,0.021047,1.262973,1.469862,-0.000000
1828,0.726522,0.001106,1.987800,1.455315,-0.000000
1829,0.732413,0.029517,4.369194,1.440629,0.000000
1830,0.735732,0.000613,0.671635,1.442828,0.000000
1831,0.748694,0.001864,0.840142,1.425084,0.000000
1832,0.765762,0.006133,1.625778,1.400579,-0.000000
1833,0.765292,0.000027,2.150511,1.401525,0.000000
1834,0.757962,0.027427,1.712932,1.385111,0.000000
1835,0.768505,0.002342,1.567925,1.373440,-0.000000
1836,0.755229,-0.003165,1.135614,1.380844,-0.000000
1837,0.767187,-0.003132,1.418972,1.386183,0.000000
1838,0.767218,0.008476,1.111771,1.380726,-0.000000
1839,0.766362,-0.001058,1.055829,1.353540,0.000000
1840,0.775986,0.008504,1.424778,1.340606,0.000000
1841,0.774318,-0.001945,0.526271,1.347386,-0.000000
1842,0.755499,-0.000584,0.442278,1.345539,0.000000
1843,0.766083,-0.002448,2.335305,1.344958,0.000000
1844,0.764430,0.015868,1.276123,1.358216,-0.000000
1845,0.762634,0.005639,1.077041,1.355478,-0.000000
1846,0.771495,-0.002927,0.701088,1.356800,0.000000
1847,0.770115,0.035594,0.845069,1.346617,-0.000000
1848,0.733352,-0.004809,4.687232,1.327180,0.000000
1849,0.745039,0.000610,1.094884,1.328859,-0.000000
1850,0.768096,-0.001587,0.672531,1.331885,0.000000
1851,0.773881,-0.003609,1.546864,1.340107,0.000000
1852,0.766469,0.000229,0.430922,1.326479,-0.000000
1853,0.766894,0.021353,0.998058,1.301324,0.000000
1854,0.765208,-0.004834,1.068676,1.284311,-0.000000
1855,0.764670,-0.003512,1.502944,1.277410,-0.000000
1856,0.770867,-0.005309,0.754912,1.265527,-0.000000
1857,0.734708,0.011119,4.916000,1.258762,0.000000
1858,0.757359,-0.003226,0.571955,1.273843,0.000000
1859,0.768562,-0.000286,0.914251,1.288659,0.000000
1860,0.764266,0.010010,0.921121,1.291911,0.000000
1861,0.767498,0.006833,0.821235,1.274081,-0.000000
1862,0.769587,-0.001931,1.468842,1.252782,0.000000
1863,0.755885,-0.002301,1.241136,1.242669,0.000000
1864,0.780308,-0.002811,0.934225,1.237726,0.000000
1865,0.761991,0.001874,0.542353,1.226850,0.000000
1866,0.768696,0.009832,0.623884,1.222031,0.000000
1867,0.770938,0.007062,0.405842,1.201376,-0.000000
1868,0.770019,0.003377,0.768539,1.180010,0.000000
1869,0.756844,-0.003916,0.703352,1.157045,-0.000000
1870,0.751226,-0.004291,0.712331,1.148695,0.000000
1871,0.759701,-0.003226,0.355517,1.153981,0.000000
1872,0.758232,-0.001867,0.464061,1.167573,-0.000000
1873,0.761426,0.014436,0.596817,1.173706,-0.000000
1874,0.766577,-0.005363,0.572718,1.203399,0.000000
1875,0.750480,0.001067,0.680270,1.206566,-0.000000
1876,0.765316,0.008759,0.684367,1.179243,0.000000
1877,0.748072,0.001991,0.714866,1.160990,-0.000000
1878,0.749733,0.008127,0.413907,1.156456,0.000000
1879,0.755017,0.010484,0.271417,1.153317,0.000000
1880,0.691138,-0.004370,13.034472,1.173477,0.000000
1881,0.729397,-0.003598,10.263372,1.222576,-0.000000
1882,0.762834,0.004405,0.636316,1.250988,-0.000000
1883,0.761191,0.009830,1.688154,1.267609,0.000000
1884,0.763438,-0.004501,0.489735,1.282176,-0.000000
1885,0.773048,-0.004486,0.676957,1.269351,0.000000
1886,0.751415,-0.003269,2.151291,1.263347,-0.000000
1887,0.750805,0.043859,0.673195,1.254597,-0.000000
1888,0.759327,0.001413,0.734164,1.227374,-0.000000
1889,0.767162,-0.003686,1.538372,1.236327,0.000000
1890,0.761005,-0.003355,0.798755,1.248885,0.000000
1891,0.752977,0.003153,0.924960,1.228717,0.000000
1892,0.757329,-0.002154,0.840099,1.212487,0.000000
1893,0.753418,0.004042,0.807852,1.192480,-0.000000
1894,0.750525,0.002088,0.533493,1.169679,0.000000
1895,0.731407,0.005097,0.590416,1.170346,0.000000
1896,0.727616,-0.008514,0.739992,1.180432,-0.000000
1897,0.748205,0.056040,0.520984,1.158743,0.000000
1898,0.753283,0.016890,0.624933,1.148239,0.000000
1899,0.749250,0.002714,0.815587,1.157981,0.000000
1900,0.726109,-0.003123,5.711316,1.178440,0.000000
1901,0.757949,-0.003156,0.542997,1.197047,-0.000000
1902,0.755293,0.003150,0.401994,1.176742,0.000000
1903,0.741648,-0.003615,0.482665,1.167916,-0.000000
1904,0.757122,0.001884,0.793632,1.174375,-0.000000
1905,0.745311,-0.002029,0.786719,1.172278,0.000000
1906,0.735634,0.004941,0.380894,1.167035,0.000000
1907,0.741834,0.002471,0.853114,1.151749,0.000000
1908,0.762115,-0.003615,1.257082,1.159363,0.000000
1909,0.741040,-0.004074,0.379761,1.168528,-0.000000
1910,0.748210,-0.001228,0.663440,1.175947,-0.000000
1911,0.755944,-0.003399,0.781833,1.197296,-0.000000
1912,0.746976,-0.004055,1.468782,1.202868,0.000000
1913,0.737632,0.002219,0.545365,1.210913,-0.000000
1914,0.752592,0.058219,0.933959,1.230319,-0.000000
1915,0.744752,0.001341,0.525513,1.238722,0.000000
1916,0.744687,-0.004347,0.680719,1.227060,-0.000000
1917,0.740050,0.006267,0.915401,1.209841,0.000000
1918,0.746241,0.003721,0.885438,1.216365,-0.000000
1919,0.741215,-0.001705,1.606991,1.234489,-0.000000
1920,0.741022,-0.005991,0.682726,1.242748,-0.000000
1921,0.740672,0.004397,1.245572,1.232015,0.000000
1922,0.718406,-0.004861,1.691782,1.234995,0.000000
1923,0.733270,-0.004628,0.371768,1.233264,-0.000000
1924,0.732838,0.001167,1.874573,1.219271,-0.000000
1925,0.724704,0.000463,1.202627,1.215893,0.000000
1926,0.726482,0.000463,1.064439,1.227023,0.000000
1927,0.723450,0.005928,0.926820,1.235265,-0.000000
1928,0.724497,0.000262,0.487211,1.238646,-0.000000
1929,0.711537,-0.001740,0.722419,1.257474,-0.000000
1930,0.703488,-0.005755,0.846513,1.268180,0.000000
1931,0.708260,0.066148,0.389096,1.268265,-0.000000
1932,0.706172,-0.007897,1.494860,1.264301,0.000000
1933,0.703786,-0.004215,0.502217,1.279405,-0.000000
1934,0.713355,0.006202,0.791719,1.282446,-0.000000
1935,0.720666,-0.002452,1.101029,1.290547,-0.000000
1936,0.713773,0.038117,0.727043,1.299399,-0.000000
1937,0.711758,0.000039,0.812695,1.295634,0.000000
1938,0.722840,0.011702,0.374148,1.308623,0.000000
1939,0.717827,-0.001362,1.056677,1.309207,0.000000
1940,0.723087,0.002102,0.812603,1.295929,-0.000000
1941,0.723143,0.019309,0.596445,1.286905,-0.000000
1942,0.699579,0.000538,14.139619,1.288753,-0.000000
1943,0.713503,0.000545,0.718332,1.287211,-0.000000
1944,0.725811,0.010671,0.696324,1.283480,-0.000000
1945,0.725351,0.001013,0.348334,1.277559,-0.000000
1946,0.736122,-0.003277,0.630312,1.255057,0.000000
1947,0.747552,-0.003144,0.385625,1.252960,-0.000000
1948,0.730927,-0.003155,1.852808,1.268326,-0.000000
1949,0.739679,-0.004054,0.488527,1.282430,-0.000000
1950,0.730484,0.000745,0.488110,1.285481,0.000000
1951,0.727827,-0.002038,0.687582,1.282927,-0.000000
1952,0.726907,-0.001801,0.847825,1.291441,0.000000
1953,0.730028,-0.006233,0.624596,1.282126,-0.000000
1954,0.718250,0.000578,0.524537,1.276503,0.000000
1955,0.712045,0.006550,0.813259,1.271797,-0.000000
1956,0.716795,-0.001061,0.560379,1.269345,0.000000
1957,0.724213,0.000932,0.409461,1.270723,-0.000000
1958,0.719630,0.028566,0.519660,1.274294,0.000000
1959,0.718825,0.007948,0.535849,1.272151,0.000000
1960,0.722396,-0.000099,0.572655,1.260933,-0.000000
1961,0.703637,-0.001609,10.471039,1.250779,-0.000000
1962,0.692950,-0.003775,15.264037,1.263270,-0.000000
1963,0.698379,-0.006743,13.388722,1.286884,-0.000000
1964,0.732468,0.007661,0.659809,1.287018,0.000000
1965,0.680327,-0.004742,3.862437,1.276990,0.000000
1966,0.725676,-0.000794,0.551951,1.286463,-0.000000
1967,0.726615,-0.008153,0.845611,1.299100,0.000000
1968,0.727971,0.010738,0.858172,1.305477,-0.000000
1969,0.719540,0.000678,0.260760,1.294301,0.000000
1970,0.719318,0.011172,0.384020,1.262121,0.000000
1971,0.718494,0.001481,0.556357,1.247098,-0.000000
1972,0.714997,-0.003728,0.401245,1.231068,0.000000
1973,0.716640,0.011836,0.302823,1.220779,0.000000
1974,0.716128,-0.005573,0.586637,1.228559,-0.000000
1975,0.710268,-0.002363,0.319557,1.225766,0.000000
1976,0.701908,0.007538,0.427813,1.220992,0.000000
1977,0.706006,-0.004121,0.379910,1.206162,-0.000000
1978,0.650677,-0.002617,22.880942,1.214896,0.000000
1979,0.621051,-0.001088,15.858619,1.251230,0.000000
1980,0.637225,-0.002854,13.121707,1.287265,0.000000
1981,0.588431,-0.005402,6.222139,1.320043,0.000000
1982,0.595501,-0.004573,5.161561,1.331734,-0.000000
1983,0.632270,-0.002033,2.083332,1.315097,-0.000000
1984,0.605548,0.005264,7.637648,1.281766,-0.000000
1985,0.656311,0.003984,2.374430,1.261677,0.000000
1986,0.629757,-0.000173,21.962557,1.282610,0.000000
1987,0.644115,0.007184,7.340630,1.294532,-0.000000
1988,0.580532,-0.003977,4.424144,1.303029,-0.000000
1989,0.637931,0.028659,2.728144,1.333981,0.000000
1990,0.702843,0.007459,2.368366,1.327894,-0.000000
1991,0.607904,0.005728,6.225925,1.320777,0.000000
1992,0.706655,0.021568,1.509579,1.314306,0.000000
1993,0.704922,0.185540,1.651631,1.291923,0.000000
1994,0.709843,0.035159,1.079955,1.257123,-0.000000
1995,0.696040,0.002213,1.187176,1.231853,-0.000000
1996,0.714439,-0.003051,0.899285,1.235973,-0.000000
1997,0.703191,-0.002196,0.992477,1.250951,0.000000
1998,0.708305,0.005034,0.813963,1.258857,0.000000
1999,0.697628,-0.002264,0.936087,1.278675,-0.000000
2000,0.690443,0.013341,0.776736,1.282297,-0.000000
