batch,meanReward,policyLoss,valueLoss,entropy,meanAdvantage
1,0.398707,0.538223,7.019545,2.866140,-0.000000
2,0.387921,0.357984,6.168852,2.788272,-0.000000
3,0.402304,0.113555,6.644265,2.727126,-0.000000
4,0.412856,0.154095,7.421681,2.680200,0.000000
5,0.428232,0.147074,4.998610,2.623031,-0.000000
6,0.441376,0.194103,6.114935,2.552209,-0.000000
7,0.441249,0.108805,5.663771,2.490121,-0.000000
8,0.419862,0.398986,5.070392,2.443849,0.000000
9,0.419903,0.464100,4.323674,2.396261,0.000000
10,0.407607,0.140224,7.425912,2.352898,-0.000000
11,0.432838,0.050493,3.506621,2.313412,-0.000000
12,0.422041,0.173050,3.495661,2.271582,0.000000
13,0.451950,0.087311,3.517953,2.229401,0.000000
14,0.433332,0.228470,4.590068,2.186731,0.000000
15,0.421430,0.110795,3.981339,2.164654,-0.000000
16,0.486696,0.039767,4.749276,2.140242,0.000000
17,0.465964,0.033919,4.892862,2.104992,-0.000000
18,0.529403,0.101971,5.965900,2.080843,-0.000000
19,0.476002,0.056055,5.548342,2.065567,0.000000
20,0.543940,0.031298,6.012740,2.039191,-0.000000
21,0.536746,0.157820,5.165449,2.001875,-0.000000
22,0.501823,0.016225,2.099341,1.971103,-0.000000
23,0.553942,0.068290,14.228030,1.951794,0.000000
24,0.626686,0.045303,14.250925,1.932209,0.000000
25,0.560120,0.099023,12.319009,1.909719,-0.000000
26,0.687759,0.200849,11.145284,1.881343,-0.000000
27,0.632541,0.007593,20.725755,1.859807,-0.000000
28,0.698873,0.066442,10.269744,1.845361,0.000000
29,0.460740,0.033349,7.897136,1.829670,-0.000000
30,0.603396,0.017733,9.878563,1.809976,-0.000000
31,0.633354,0.033342,20.864709,1.799691,-0.000000
32,0.659954,0.256374,9.256869,1.786188,-0.000000
33,0.661646,0.004510,7.568926,1.765909,0.000000
34,0.638833,0.099551,15.593449,1.748773,0.000000
35,0.597215,0.012961,11.052645,1.732608,0.000000
36,0.629808,0.040187,13.891945,1.731664,-0.000000
37,0.659943,0.000745,23.814328,1.752161,0.000000
38,0.676198,0.013178,15.520657,1.759561,0.000000
39,0.670998,0.053535,11.472834,1.738512,-0.000000
40,0.663112,0.030999,19.565324,1.721836,0.000000
41,0.651987,0.022477,11.535296,1.708162,-0.000000
42,0.656605,0.060335,13.767015,1.686889,-0.000000
43,0.658962,-0.001605,8.187643,1.675403,-0.000000
44,0.667056,0.002835,5.570627,1.667126,0.000000
45,0.720417,0.013024,22.029575,1.660703,0.000000
46,0.703033,0.000798,7.394932,1.652593,0.000000
47,0.663412,0.012559,4.620580,1.649087,0.000000
48,0.700212,0.023462,12.029030,1.638895,-0.000000
49,0.648522,0.038456,4.900648,1.616908,0.000000
50,0.688297,0.031746,7.055487,1.607309,-0.000000
51,0.669656,0.001055,15.250715,1.622177,0.000000
52,0.714377,0.024286,3.906712,1.632931,0.000000
53,0.668417,0.013902,10.113132,1.612374,-0.000000
54,0.682758,0.015882,7.769403,1.595766,-0.000000
55,0.688107,0.201865,7.153297,1.604479,-0.000000
56,0.706448,0.002470,4.968080,1.622194,0.000000
57,0.626235,0.057702,3.827623,1.623527,-0.000000
58,0.681907,0.022034,4.963608,1.607525,-0.000000
59,0.663437,0.017063,2.510264,1.602385,0.000000
60,0.646256,0.011556,4.806413,1.606180,0.000000
61,0.619382,0.019977,4.462552,1.595453,-0.000000
62,0.709376,0.003971,6.967681,1.590803,-0.000000
63,0.697102,0.020131,8.523706,1.587484,0.000000
64,0.685311,-0.000052,6.504451,1.564427,0.000000
65,0.714764,0.008707,5.647848,1.551686,0.000000
66,0.670687,0.019896,4.646407,1.548336,0.000000
67,0.696468,-0.001343,9.012424,1.550567,-0.000000
68,0.708215,0.000819,5.582994,1.556298,-0.000000
69,0.733297,-0.000472,10.334004,1.559009,-0.000000
70,0.733761,0.003210,8.461828,1.556129,0.000000
71,0.732753,0.041407,6.536224,1.537463,-0.000000
72,0.712781,0.018204,5.881771,1.522686,-0.000000
73,0.732431,0.025908,7.241216,1.521951,0.000000
74,0.732045,0.008333,5.103214,1.517790,0.000000
75,0.718995,0.032842,6.495209,1.518477,0.000000
76,0.728312,0.006271,6.154599,1.519326,0.000000
77,0.710547,0.020387,16.527349,1.523964,-0.000000
78,0.718361,0.013421,3.488025,1.530835,-0.000000
79,0.704622,0.356790,5.994325,1.526592,0.000000
80,0.666529,0.022973,8.604057,1.519027,0.000000
81,0.637933,0.030961,4.405540,1.523145,0.000000
82,0.735689,0.291730,6.066706,1.533089,-0.000000
83,0.730604,0.009445,4.431960,1.532866,-0.000000
84,0.676813,0.030506,3.040272,1.526159,-0.000000
85,0.640498,0.012783,3.977889,1.527088,-0.000000
86,0.637639,0.030596,2.517048,1.527141,0.000000
87,0.695032,0.054960,9.912479,1.523368,0.000000
88,0.728409,0.016240,6.984837,1.517645,-0.000000
89,0.723455,0.010597,2.804741,1.514785,0.000000
90,0.737029,0.007686,6.522513,1.515631,0.000000
91,0.754493,0.011027,6.484834,1.503224,-0.000000
92,0.740281,0.017232,3.656676,1.483742,0.000000
93,0.762895,0.048953,9.618185,1.477721,0.000000
94,0.765399,0.000937,6.710399,1.500027,0.000000
95,0.764728,0.021364,13.938588,1.517743,0.000000
96,0.742184,0.011252,6.862690,1.515269,-0.000000
97,0.719359,0.007654,14.767006,1.511987,-0.000000
98,0.564043,0.061186,51.416434,1.499177,-0.000000
99,0.604469,0.021486,24.601712,1.484853,-0.000000
100,0.600046,0.041168,12.905003,1.479086,0.000000
101,0.638673,0.012039,24.319235,1.479920,0.000000
102,0.726112,0.033353,14.259547,1.477361,-0.000000
103,0.618142,0.022666,35.402092,1.474645,0.000000
104,0.691363,0.014982,6.382866,1.478287,0.000000
105,0.728630,0.006780,8.751198,1.479500,0.000000
106,0.732145,0.003042,5.954696,1.474188,-0.000000
107,0.731897,0.025185,6.804163,1.464660,-0.000000
108,0.703101,0.019060,4.282219,1.441548,0.000000
109,0.749533,-0.000924,6.059884,1.418709,-0.000000
110,0.742355,0.013713,5.131479,1.410855,0.000000
111,0.758737,0.008149,9.440768,1.411243,0.000000
112,0.743887,0.013515,6.227057,1.421518,0.000000
113,0.710831,0.009856,7.900936,1.429661,0.000000
114,0.718536,0.013441,33.840222,1.447262,0.000000
115,0.724729,0.424624,14.732865,1.441470,0.000000
116,0.756422,0.052495,4.728712,1.425602,-0.000000
117,0.773981,-0.001221,5.333533,1.436692,0.000000
118,0.766408,0.033238,3.637078,1.441399,-0.000000
119,0.599224,0.019243,32.511839,1.432395,0.000000
120,0.764390,0.003021,14.817419,1.459420,0.000000
121,0.760592,0.019364,6.699387,1.479569,0.000000
122,0.772694,0.005740,9.900167,1.470716,-0.000000
123,0.752078,0.020848,3.702954,1.454057,0.000000
124,0.769864,0.013075,22.609952,1.448623,-0.000000
125,0.731692,0.029348,4.993598,1.453609,-0.000000
126,0.747016,-0.002559,23.965525,1.453664,0.000000
127,0.764579,0.013446,17.702234,1.459236,0.000000
128,0.780846,0.005036,15.835122,1.471603,-0.000000
129,0.756292,-0.001686,21.986788,1.498853,0.000000
130,0.789062,-0.000276,19.833143,1.519811,0.000000
131,0.775529,0.000105,24.915274,1.520981,0.000000
132,0.781491,-0.001055,20.260533,1.528330,0.000000
133,0.775384,0.003453,13.430406,1.542880,-0.000000
134,0.769556,0.008857,17.725523,1.539141,0.000000
135,0.776833,0.010563,15.978193,1.528727,0.000000
136,0.735919,0.156350,31.197401,1.538098,-0.000000
137,0.770232,0.072883,27.579330,1.543391,-0.000000
138,0.757205,0.016635,5.758698,1.511374,-0.000000
139,0.739477,0.009201,19.005848,1.483862,0.000000
140,0.770616,0.001158,25.515217,1.482312,-0.000000
141,0.712188,0.017480,4.212641,1.481971,0.000000
142,0.558899,0.031389,16.321539,1.477054,0.000000
143,0.703143,0.031293,17.024569,1.468960,-0.000000
144,0.681329,0.023687,11.935431,1.450968,0.000000
145,0.664787,0.012555,9.590323,1.449940,-0.000000
146,0.736198,0.063820,9.468240,1.449879,0.000000
147,0.656497,0.026848,1.791016,1.431620,0.000000
148,0.610555,0.022942,4.431077,1.424508,0.000000
149,0.653671,0.021709,0.451617,1.409758,0.000000
150,0.661311,0.009743,4.788447,1.382552,0.000000
151,0.602590,0.055979,0.418678,1.363741,0.000000
152,0.600593,-0.004349,3.087109,1.368010,-0.000000
153,0.634970,0.073416,2.946711,1.378798,-0.000000
154,0.650170,0.313228,3.252364,1.365795,0.000000
155,0.678397,0.005108,4.387975,1.360740,0.000000
156,0.603306,0.623824,2.921791,1.358850,-0.000000
157,0.676365,-0.000359,3.289470,1.367600,-0.000000
158,0.664489,0.038655,5.676781,1.374943,0.000000
159,0.662301,0.045859,2.314948,1.377122,-0.000000
160,0.684472,0.038872,4.780357,1.379456,0.000000
161,0.695351,0.000236,1.885473,1.355717,0.000000
162,0.605783,0.000700,1.761879,1.337454,0.000000
163,0.646546,0.034262,1.207134,1.324402,-0.000000
164,0.653024,0.073398,2.194348,1.316610,-0.000000
165,0.656989,0.005665,7.693438,1.320844,-0.000000
166,0.698481,0.007940,3.966029,1.321991,-0.000000
167,0.675303,0.010165,2.566153,1.314114,-0.000000
168,0.725147,0.018108,2.555993,1.308195,0.000000
169,0.731540,0.016477,17.535368,1.321196,-0.000000
170,0.733657,-0.001583,15.421919,1.350541,0.000000
171,0.651069,0.022302,10.450402,1.357367,-0.000000
172,0.642612,0.014603,1.254006,1.343480,0.000000
173,0.672805,1.405345,1.832733,1.322889,-0.000000
174,0.701074,-0.000538,12.597506,1.313793,-0.000000
175,0.651273,-0.005196,2.460695,1.330804,0.000000
176,0.672687,0.026825,4.032692,1.334088,-0.000000
177,0.722333,-0.003824,9.526221,1.330462,0.000000
178,0.696411,0.009623,4.732124,1.338200,-0.000000
179,0.614316,0.023601,3.817686,1.337966,0.000000
180,0.649395,0.011450,8.472252,1.323263,0.000000
181,0.709519,0.019924,9.905354,1.312196,0.000000
182,0.781329,0.015578,15.790595,1.310873,-0.000000
183,0.770963,0.003874,14.528869,1.318457,-0.000000
184,0.754627,0.006562,24.033629,1.338366,0.000000
185,0.769322,0.009446,14.744228,1.357499,-0.000000
186,0.765524,0.010814,12.000478,1.358725,0.000000
187,0.781948,0.004064,20.494748,1.358445,-0.000000
188,0.761008,0.027991,10.145632,1.364107,0.000000
189,0.746378,0.006503,18.202990,1.369266,-0.000000
190,0.782454,0.001597,15.151479,1.392375,0.000000
191,0.791276,0.014000,12.452549,1.420797,-0.000000
192,0.781924,-0.004888,14.824348,1.440048,-0.000000
193,0.769051,0.034769,9.572568,1.439539,-0.000000
194,0.758531,0.024955,10.617630,1.436856,-0.000000
195,0.679549,0.012518,18.323437,1.456151,0.000000
196,0.789421,0.203084,27.817084,1.468674,-0.000000
197,0.761041,0.002526,21.428190,1.482976,0.000000
198,0.670214,0.004212,29.523046,1.484474,-0.000000
199,0.717379,0.010883,3.996104,1.489022,0.000000
200,0.671044,0.015772,8.276638,1.490709,0.000000
201,0.691640,0.006188,11.106965,1.482015,0.000000
202,0.758407,0.002240,3.708497,1.475627,0.000000
203,0.720429,0.001168,1.181108,1.478816,-0.000000
204,0.763366,0.035186,5.598752,1.480871,0.000000
205,0.770106,0.034453,22.799399,1.483191,-0.000000
206,0.777082,0.006490,15.092357,1.478945,0.000000
207,0.759086,0.005135,18.051748,1.465347,-0.000000
208,0.741195,0.003887,18.544089,1.454573,0.000000
209,0.765525,0.006153,22.539713,1.452323,0.000000
210,0.722854,0.026164,35.826762,1.455775,0.000000
211,0.730164,0.009418,15.973959,1.478797,0.000000
212,0.761571,0.014980,13.408122,1.491787,-0.000000
213,0.753075,0.014948,6.303965,1.473215,-0.000000
214,0.739681,0.000031,6.421988,1.447249,-0.000000
215,0.780344,0.016269,6.328324,1.428991,0.000000
216,0.755696,0.042228,5.317740,1.424928,0.000000
217,0.783594,0.010516,15.037273,1.429936,-0.000000
218,0.780753,0.005350,11.183538,1.441059,0.000000
219,0.779484,0.070168,9.561588,1.444855,0.000000
220,0.771317,-0.000255,5.549090,1.439774,-0.000000
221,0.785053,0.007341,8.153505,1.459221,0.000000
222,0.764314,0.031271,5.165124,1.461212,0.000000
223,0.768727,0.002728,4.761945,1.439690,0.000000
224,0.774341,0.002014,5.824514,1.439757,0.000000
225,0.768264,0.089242,6.093540,1.433952,0.000000
226,0.778823,-0.001684,7.302178,1.423806,0.000000
227,0.776038,0.014209,8.863350,1.418087,0.000000
228,0.783736,0.014428,3.491440,1.410283,0.000000
229,0.763159,0.076138,25.324703,1.407834,0.000000
230,0.780803,-0.001845,4.113769,1.398560,-0.000000
231,0.783237,0.068934,4.168357,1.372020,0.000000
232,0.750300,0.005692,16.865415,1.357088,0.000000
233,0.775332,0.028420,1.451174,1.365186,0.000000
234,0.727890,0.062763,24.399238,1.375802,0.000000
235,0.750435,-0.001913,6.385686,1.395715,-0.000000
236,0.788249,0.011770,8.678093,1.385096,-0.000000
237,0.777578,0.027702,4.566259,1.359176,-0.000000
238,0.753534,0.008275,22.802511,1.352126,0.000000
239,0.759162,0.123066,13.262720,1.366584,0.000000
240,0.794439,0.150773,18.437447,1.362132,-0.000000
241,0.807580,-0.001023,28.175064,1.361404,0.000000
242,0.805699,0.005437,16.578303,1.376179,0.000000
243,0.792102,0.001564,11.671843,1.370406,0.000000
244,0.785657,0.011996,2.488990,1.362561,0.000000
245,0.695247,0.022499,3.561952,1.358720,-0.000000
246,0.712187,-0.000111,13.953209,1.361470,-0.000000
247,0.746475,0.027587,10.957570,1.371422,-0.000000
248,0.707864,0.012871,10.246790,1.365581,0.000000
249,0.718813,0.069535,0.761785,1.346750,-0.000000
250,0.750203,0.010623,8.491331,1.326770,-0.000000
251,0.710051,0.000326,9.195891,1.322235,0.000000
252,0.761085,0.009034,6.342937,1.326889,-0.000000
253,0.783152,0.002944,7.584552,1.325819,-0.000000
254,0.770677,0.007662,13.096252,1.319975,0.000000
255,0.804214,-0.001981,21.485872,1.322590,0.000000
256,0.807807,0.002435,29.693923,1.339278,0.000000
257,0.808926,0.004190,10.931429,1.342748,-0.000000
258,0.803456,0.008139,36.905861,1.352329,0.000000
259,0.806311,0.001356,22.074483,1.366128,-0.000000
260,0.726785,-0.002943,49.360088,1.376659,-0.000000
261,0.761300,0.006139,22.077496,1.394359,0.000000
262,0.712457,0.095506,15.426533,1.400579,0.000000
263,0.683684,0.021871,14.356331,1.403825,-0.000000
264,0.707453,0.007636,5.499012,1.393458,-0.000000
265,0.688129,0.029726,4.628440,1.374403,0.000000
266,0.694195,0.068223,1.589132,1.352403,0.000000
267,0.723966,0.014507,9.478982,1.331094,-0.000000
268,0.696714,0.003425,2.060348,1.324802,-0.000000
269,0.745187,-0.000868,7.563516,1.319352,0.000000
270,0.764724,0.036837,26.498588,1.315776,-0.000000
271,0.779099,0.039262,21.439834,1.319786,-0.000000
272,0.767923,0.006017,14.078255,1.325424,-0.000000
273,0.729664,0.007031,6.990698,1.323660,0.000000
274,0.773846,0.000580,11.072322,1.316231,0.000000
275,0.767430,0.009258,16.756524,1.303895,-0.000000
276,0.767106,0.022165,22.834461,1.314691,0.000000
277,0.760193,0.023313,16.549307,1.343520,-0.000000
278,0.728019,0.036763,12.557111,1.342595,0.000000
279,0.716015,0.006342,6.460861,1.332876,0.000000
280,0.679345,0.068127,0.494209,1.326004,-0.000000
281,0.692942,0.007103,0.422672,1.309720,0.000000
282,0.726260,0.008702,4.843613,1.289741,0.000000
283,0.768126,0.059791,5.931450,1.284831,-0.000000
284,0.782575,0.022997,7.751084,1.279812,-0.000000
285,0.775004,0.004692,10.960183,1.253888,-0.000000
286,0.780501,0.004792,15.636612,1.243339,-0.000000
287,0.791273,0.020906,14.776713,1.256447,0.000000
288,0.799356,-0.000511,6.989906,1.275555,0.000000
289,0.779969,-0.000679,10.060541,1.288362,0.000000
290,0.806845,0.023206,11.480528,1.288764,0.000000
291,0.799642,0.020839,14.146886,1.312741,0.000000
292,0.761895,-0.000888,17.187041,1.314729,-0.000000
293,0.727288,0.031074,20.161609,1.321703,-0.000000
294,0.642301,0.014202,20.044824,1.350374,0.000000
295,0.739026,0.009604,12.872781,1.368396,0.000000
296,0.728910,0.005025,7.368429,1.376365,0.000000
297,0.722879,0.149001,6.400252,1.384904,-0.000000
298,0.772935,0.138567,6.811157,1.366947,-0.000000
299,0.756916,0.075264,3.509850,1.330921,-0.000000
300,0.712638,0.066284,1.643306,1.304532,0.000000
301,0.777141,0.010282,3.890558,1.282961,0.000000
302,0.711732,0.092399,5.285885,1.266155,-0.000000
303,0.693471,0.025331,0.988567,1.240209,-0.000000
304,0.689077,0.063321,0.375505,1.214749,-0.000000
305,0.689864,0.018812,3.325564,1.207254,-0.000000
306,0.723713,0.011882,1.036978,1.212399,0.000000
307,0.770324,0.001041,7.575204,1.201026,0.000000
308,0.791719,0.001536,12.617358,1.200140,-0.000000
309,0.782812,-0.006054,11.601865,1.202425,0.000000
310,0.768034,0.000630,11.185493,1.221109,0.000000
311,0.764008,0.012314,21.787603,1.238258,0.000000
312,0.805484,-0.004035,25.002053,1.253257,-0.000000
313,0.763712,0.095215,22.621373,1.249506,0.000000
314,0.756694,0.093328,36.099132,1.243518,0.000000
315,0.723096,0.006084,9.808740,1.245165,0.000000
316,0.688630,0.097470,15.395027,1.238491,-0.000000
317,0.698425,0.016732,12.660342,1.246506,0.000000
318,0.687364,0.055911,18.698673,1.259166,0.000000
319,0.758180,0.026908,8.651662,1.249528,-0.000000
320,0.724027,0.025997,10.094473,1.235952,-0.000000
321,0.698942,0.041071,8.855226,1.237693,0.000000
322,0.752205,0.003014,21.381868,1.244303,0.000000
323,0.767384,0.043250,26.147731,1.249294,-0.000000
324,0.750281,0.005696,18.236079,1.261996,-0.000000
325,0.776702,0.000351,24.027040,1.270629,-0.000000
326,0.780356,-0.002197,27.554744,1.286818,0.000000
327,0.805678,0.045964,30.200414,1.299122,-0.000000
328,0.768379,0.023915,24.928318,1.310988,0.000000
329,0.782146,0.042077,27.312399,1.337221,-0.000000
330,0.801157,0.011066,21.059137,1.354101,-0.000000
331,0.780663,0.003019,35.945130,1.358568,0.000000
332,0.807278,0.077912,38.288395,1.373686,-0.000000
333,0.770179,-0.002395,29.146358,1.385705,0.000000
334,0.784032,0.014769,21.891148,1.384473,0.000000
335,0.749836,0.007719,29.310342,1.394022,-0.000000
336,0.815355,0.001770,34.893302,1.418641,0.000000
337,0.756642,0.019290,34.195559,1.435511,0.000000
338,0.756745,0.031186,39.946918,1.443438,0.000000
339,0.788694,0.020276,26.233279,1.452145,0.000000
340,0.811222,0.001265,27.234569,1.455534,-0.000000
341,0.785531,0.036777,33.320682,1.458342,0.000000
342,0.810952,0.078036,18.902457,1.454851,0.000000
343,0.818678,0.003966,21.111788,1.459043,-0.000000
344,0.810607,0.014895,28.079707,1.459245,-0.000000
345,0.814509,-0.003833,61.938194,1.455209,-0.000000
346,0.789383,0.084851,59.207808,1.469064,0.000000
347,0.745489,0.003952,43.334748,1.485428,-0.000000
348,0.818273,0.001820,37.488945,1.497790,0.000000
349,0.809927,0.073381,34.976357,1.493632,0.000000
350,0.794562,0.011266,32.517576,1.490081,-0.000000
351,0.701036,0.057295,17.282068,1.489155,0.000000
352,0.677277,0.057355,3.770248,1.454389,-0.000000
353,0.680181,0.117791,10.670595,1.429602,-0.000000
354,0.688677,0.081107,1.680760,1.434332,0.000000
355,0.672230,0.127461,8.257735,1.436967,0.000000
356,0.632000,0.028009,6.859681,1.419367,-0.000000
357,0.698873,0.022635,1.992412,1.389987,-0.000000
358,0.701205,0.018066,0.745598,1.363380,0.000000
359,0.694607,0.004551,1.638318,1.354184,-0.000000
360,0.690421,0.043035,1.920112,1.341003,0.000000
361,0.744809,0.020131,10.672880,1.317089,-0.000000
362,0.740068,0.053861,13.478941,1.295199,0.000000
363,0.734670,0.083747,17.662414,1.267492,0.000000
364,0.744733,0.010113,3.523318,1.242795,0.000000
365,0.735783,0.026077,15.213733,1.223649,0.000000
366,0.809362,0.016159,23.380563,1.226053,-0.000000
367,0.816178,0.027653,31.925984,1.246477,0.000000
368,0.788196,0.013589,35.086720,1.266913,-0.000000
369,0.736155,0.027381,15.660924,1.264993,0.000000
370,0.757533,0.019564,19.899604,1.247875,-0.000000
371,0.750109,0.006169,25.842903,1.250135,-0.000000
372,0.757653,0.001262,24.010982,1.272632,-0.000000
373,0.789622,0.006052,25.966868,1.291749,0.000000
374,0.791977,0.005628,32.833021,1.306886,0.000000
375,0.817166,0.026723,38.423646,1.323224,0.000000
376,0.796309,0.005032,33.529969,1.328045,-0.000000
377,0.810862,0.012299,29.671298,1.337969,0.000000
378,0.776003,0.014539,27.509830,1.354862,0.000000
379,0.775096,0.045933,14.574896,1.360810,-0.000000
380,0.813137,-0.002713,28.214812,1.360715,0.000000
381,0.779122,0.006580,20.155458,1.368527,0.000000
382,0.809921,0.006342,19.574540,1.376274,0.000000
383,0.796409,0.021596,15.191848,1.354137,-0.000000
384,0.810969,0.001483,29.235236,1.341120,0.000000
385,0.810729,0.003195,24.280802,1.347207,0.000000
386,0.783834,0.008021,14.002198,1.358634,-0.000000
387,0.807786,0.003008,23.354622,1.365124,0.000000
388,0.816628,0.009830,28.252187,1.372158,0.000000
389,0.812162,0.055573,28.964061,1.362764,0.000000
390,0.797376,0.016308,25.404884,1.347631,-0.000000
391,0.773162,0.025900,21.870161,1.341957,-0.000000
392,0.740663,0.053576,32.989288,1.335237,0.000000
393,0.767772,0.019846,18.254296,1.325694,-0.000000
394,0.756895,0.063885,14.304314,1.317857,-0.000000
395,0.777738,0.059064,16.624369,1.311227,0.000000
396,0.789083,0.017940,13.120261,1.307791,0.000000
397,0.720100,0.031515,8.362540,1.301083,0.000000
398,0.637673,0.068451,1.429861,1.279834,-0.000000
399,0.665688,1.088702,6.686689,1.252634,-0.000000
400,0.684269,0.037429,0.809969,1.221059,0.000000
401,0.690561,0.144346,1.931628,1.181088,0.000000
402,0.627457,0.522248,1.209596,1.151682,0.000000
403,0.635341,0.022924,4.021806,1.138336,-0.000000
404,0.587072,0.142801,5.384814,1.141117,0.000000
405,0.602495,0.032386,5.318969,1.143499,0.000000
406,0.631234,0.182620,2.785594,1.122511,0.000000
407,0.674547,0.039449,2.424592,1.097239,0.000000
408,0.636897,0.114826,1.516836,1.080286,-0.000000
409,0.667044,0.018694,2.144822,1.069402,-0.000000
410,0.670963,0.005869,0.373600,1.050992,-0.000000
411,0.724268,0.013769,2.461913,1.042561,-0.000000
412,0.761237,0.172046,2.078550,1.039985,0.000000
413,0.737249,0.012140,3.549795,1.022782,-0.000000
414,0.760079,0.011023,6.465000,1.007291,0.000000
415,0.782580,0.021929,6.560660,1.001446,-0.000000
416,0.786336,0.012245,1.669125,0.983061,0.000000
417,0.779800,0.002912,2.580486,0.972135,-0.000000
418,0.787414,0.000835,3.195640,0.968549,-0.000000
419,0.770389,-0.001503,2.543528,0.958561,-0.000000
420,0.792342,-0.002543,3.379701,0.949134,-0.000000
421,0.787722,0.007605,4.937982,0.955951,0.000000
422,0.755957,-0.005987,8.558127,0.975387,0.000000
423,0.795100,0.013740,4.772592,0.983202,0.000000
424,0.790793,0.000306,2.667279,0.968123,0.000000
425,0.770207,0.005965,2.172402,0.961974,0.000000
426,0.784887,0.007069,1.527732,0.944106,-0.000000
427,0.742311,-0.000823,3.225025,0.924132,0.000000
428,0.785315,0.000034,2.415432,0.934984,0.000000
429,0.793874,0.014150,3.348344,0.952738,-0.000000
430,0.789907,0.005469,4.968638,0.949400,-0.000000
431,0.797162,-0.006587,2.474946,0.948423,0.000000
432,0.707254,0.006553,19.993022,0.950566,0.000000
433,0.741030,0.003773,9.617815,0.946571,0.000000
434,0.751564,0.006876,12.054081,0.933969,0.000000
435,0.608476,0.015432,9.822484,0.925702,0.000000
436,0.514829,0.023312,23.032841,0.919372,-0.000000
437,0.474646,0.091240,4.547440,0.924757,0.000000
438,0.566681,0.023880,8.861633,0.918864,0.000000
439,0.609164,0.017153,7.855670,0.890880,0.000000
440,0.649471,0.487221,10.065997,0.871497,0.000000
441,0.683089,0.024514,3.706186,0.855831,0.000000
442,0.666431,0.036391,8.091987,0.827821,0.000000
443,0.707066,0.024642,2.386979,0.809303,-0.000000
444,0.758760,0.006607,1.527354,0.806144,-0.000000
445,0.741799,0.014888,1.819368,0.790160,-0.000000
446,0.782049,0.020094,1.402350,0.781086,0.000000
447,0.784207,0.025185,2.721715,0.801561,0.000000
448,0.782606,0.008038,2.557072,0.825029,-0.000000
449,0.773666,-0.002206,3.448319,0.842171,0.000000
450,0.789419,-0.002541,1.852506,0.858862,0.000000
451,0.785449,0.000448,1.381074,0.853730,0.000000
452,0.777115,0.003938,3.593250,0.852791,0.000000
453,0.771657,0.031634,1.729529,0.851321,0.000000
454,0.769395,0.005556,0.892432,0.830603,-0.000000
455,0.784823,0.005159,1.784203,0.816712,-0.000000
456,0.772542,0.027222,1.712891,0.819893,0.000000
457,0.785054,-0.003014,1.674496,0.833012,0.000000
458,0.786142,0.004085,4.561246,0.865445,0.000000
459,0.784371,-0.003431,10.521007,0.909234,0.000000
460,0.804911,0.010253,7.370357,0.951458,0.000000
461,0.785993,-0.003001,2.802588,0.971154,-0.000000
462,0.795969,0.079732,2.485440,0.968836,0.000000
463,0.785457,0.020794,1.810230,0.955119,0.000000
464,0.787002,0.003951,4.306381,0.954958,0.000000
465,0.769866,-0.002270,3.664877,0.966903,-0.000000
466,0.797401,0.004388,11.718082,0.960789,0.000000
467,0.802233,0.007601,20.357694,0.970874,0.000000
468,0.782219,-0.000175,6.495830,0.991167,-0.000000
469,0.801717,0.000585,10.003376,1.012332,0.000000
470,0.781958,-0.001025,13.865947,1.042394,-0.000000
471,0.763800,0.002504,11.388062,1.050618,0.000000
472,0.771200,-0.005851,9.027615,1.046059,0.000000
473,0.729246,-0.003228,7.433211,1.048935,-0.000000
474,0.792719,0.006495,2.762569,1.048352,0.000000
475,0.743886,0.028177,10.747872,1.050126,0.000000
476,0.790778,0.001533,16.586723,1.046190,-0.000000
477,0.809470,0.003255,16.011422,1.046241,-0.000000
478,0.760530,-0.002007,12.167336,1.068463,0.000000
479,0.716516,0.030578,17.079942,1.065018,-0.000000
480,0.798045,0.002948,20.683100,1.055832,0.000000
481,0.740383,-0.000546,18.892029,1.070097,-0.000000
482,0.806259,0.381251,12.872587,1.075790,0.000000
483,0.815474,-0.000954,23.209779,1.078912,0.000000
484,0.815761,-0.000125,39.133837,1.082713,0.000000
485,0.739277,-0.001863,31.355702,1.098580,0.000000
486,0.680845,0.015972,12.996711,1.112277,-0.000000
487,0.698159,0.126249,20.755207,1.116004,0.000000
488,0.776550,0.009267,13.370804,1.115671,0.000000
489,0.766350,0.000693,17.225678,1.115019,-0.000000
490,0.780217,0.015960,8.679710,1.104326,-0.000000
491,0.777168,0.021821,9.363053,1.092944,0.000000
492,0.743693,0.018007,5.099049,1.083142,-0.000000
493,0.766393,0.201357,4.177937,1.078365,0.000000
494,0.726201,0.071615,1.766997,1.060626,-0.000000
495,0.771317,0.002099,4.471016,1.036036,0.000000
496,0.761768,0.061090,6.671392,1.008466,0.000000
497,0.756723,0.006483,2.804588,0.982245,0.000000
498,0.722362,-0.000726,11.036621,0.979381,-0.000000
499,0.796640,0.014574,5.595109,0.965598,0.000000
500,0.779308,-0.000612,17.813386,0.939786,0.000000
501,0.806618,0.000810,13.915025,0.933207,0.000000
502,0.768334,0.492775,9.592701,0.935037,-0.000000
503,0.801485,0.007850,11.960683,0.925922,0.000000
504,0.768219,0.026504,7.655501,0.938263,0.000000
505,0.747265,0.016191,8.335609,0.958867,0.000000
506,0.728569,0.009868,6.504145,0.955001,0.000000
507,0.772170,0.017165,3.913957,0.941729,0.000000
508,0.765958,0.003380,5.332364,0.942617,0.000000
509,0.758832,0.009270,6.475266,0.953419,0.000000
510,0.799383,0.020320,9.591693,0.960655,0.000000
511,0.809719,0.004583,7.957993,0.956584,0.000000
512,0.804685,0.011046,9.230768,0.960517,-0.000000
513,0.704805,0.018554,8.428332,0.973112,0.000000
514,0.797674,-0.000797,13.792507,0.989460,0.000000
515,0.794677,0.019929,6.179328,1.003986,0.000000
516,0.754568,0.017875,2.984949,1.006854,-0.000000
517,0.796461,0.015701,14.110324,0.999297,0.000000
518,0.815474,-0.000529,3.392756,0.983005,-0.000000
519,0.802697,-0.004139,14.560378,0.977453,-0.000000
520,0.805960,0.005851,4.597813,0.971822,0.000000
521,0.762824,0.033383,4.709598,0.966356,-0.000000
522,0.795248,0.078073,5.447736,0.952102,-0.000000
523,0.804875,0.049942,2.849823,0.940145,-0.000000
524,0.773832,0.003348,7.538909,0.944907,-0.000000
525,0.806795,-0.001661,5.351390,0.959278,-0.000000
526,0.782755,0.008496,3.951976,0.969681,-0.000000
527,0.722263,0.021502,10.312873,0.978210,0.000000
528,0.770697,0.031116,5.752307,0.987535,0.000000
529,0.716577,0.114765,9.614915,0.978349,0.000000
530,0.777589,0.009421,5.928650,0.961544,-0.000000
531,0.816747,-0.003000,8.267239,0.958869,0.000000
532,0.760708,0.007699,16.253683,0.974030,0.000000
533,0.768811,-0.002052,4.698172,0.974558,0.000000
534,0.805765,0.027232,1.888264,0.967155,0.000000
535,0.744744,0.052655,8.476627,0.961108,0.000000
536,0.782806,0.006268,4.545365,0.955038,0.000000
537,0.795307,0.024164,2.354749,0.941185,-0.000000
538,0.777655,0.071588,3.830786,0.916359,-0.000000
539,0.805581,-0.001250,3.023728,0.913431,0.000000
540,0.740223,0.003102,11.705576,0.901119,-0.000000
541,0.800100,0.058808,4.931415,0.887212,-0.000000
542,0.759734,0.028602,1.917469,0.878377,0.000000
543,0.788927,0.005504,1.313170,0.855906,-0.000000
544,0.780208,0.004535,5.813911,0.858830,0.000000
545,0.806767,-0.001565,2.378307,0.863774,-0.000000
546,0.803236,0.010319,1.526809,0.858941,0.000000
547,0.735632,0.000497,4.078737,0.858439,0.000000
548,0.674386,0.663433,3.065457,0.868082,-0.000000
549,0.688847,0.009500,2.309091,0.861657,0.000000
550,0.694975,0.019751,2.492516,0.865828,0.000000
551,0.720856,0.013750,2.385383,0.843233,0.000000
552,0.734366,0.000014,1.792487,0.821953,0.000000
553,0.791884,0.003032,1.540670,0.822089,0.000000
554,0.800015,0.016233,1.940725,0.815650,0.000000
555,0.747950,0.029471,0.568069,0.810973,-0.000000
556,0.796644,0.019718,1.784056,0.808692,-0.000000
557,0.733877,-0.002014,4.947598,0.810839,0.000000
558,0.707842,0.005989,2.700441,0.825584,-0.000000
559,0.802259,0.001023,14.300397,0.834668,0.000000
560,0.794668,0.014575,4.027611,0.853338,0.000000
561,0.804061,-0.001812,4.438016,0.871766,0.000000
562,0.805588,0.001635,5.398708,0.884630,-0.000000
563,0.806172,0.001159,6.534799,0.889535,0.000000
564,0.798521,-0.000894,3.522689,0.881313,0.000000
565,0.808961,-0.000657,4.869677,0.884793,0.000000
566,0.808845,0.002255,3.679418,0.903078,-0.000000
567,0.802833,0.012455,4.849624,0.908309,-0.000000
568,0.801153,0.002151,3.084460,0.902762,0.000000
569,0.800463,0.000402,2.212473,0.905452,0.000000
570,0.805315,0.001400,1.894523,0.919319,0.000000
571,0.807376,-0.002239,4.773093,0.931647,-0.000000
572,0.798365,-0.003351,5.240654,0.942121,0.000000
573,0.799734,0.001327,5.762817,0.952823,-0.000000
574,0.803941,0.005344,3.991352,0.949440,0.000000
575,0.809598,-0.001669,4.185045,0.948370,0.000000
576,0.807195,0.026457,2.109207,0.953533,0.000000
577,0.792206,0.023187,3.281788,0.949848,-0.000000
578,0.804937,-0.001917,10.244811,0.936476,-0.000000
579,0.806541,-0.001982,7.386800,0.945653,-0.000000
580,0.812683,-0.003129,5.338046,0.962351,0.000000
581,0.803271,-0.000105,2.110418,0.975513,-0.000000
582,0.811982,0.013983,8.354505,0.983002,-0.000000
583,0.795618,0.011420,1.876701,0.979016,0.000000
584,0.801803,0.057402,1.611825,0.970676,0.000000
585,0.810582,0.026106,4.436494,0.962790,0.000000
586,0.805872,0.034049,2.448906,0.965733,-0.000000
587,0.806958,0.001555,2.175038,0.953007,-0.000000
588,0.761387,0.000282,16.441692,0.963466,-0.000000
589,0.808778,-0.007173,10.430491,0.986270,-0.000000
590,0.811907,0.004217,8.052203,0.991449,0.000000
591,0.807235,0.001886,27.076706,0.988557,-0.000000
592,0.801960,-0.003008,15.881900,1.015335,-0.000000
593,0.812988,0.001817,4.882506,1.031989,-0.000000
594,0.779290,0.006544,3.432997,1.022274,0.000000
595,0.808022,0.002496,4.047915,1.011938,-0.000000
596,0.803212,0.014045,3.080903,0.995624,0.000000
597,0.810466,0.009918,3.384333,0.987006,-0.000000
598,0.811064,-0.003704,16.218259,1.005099,0.000000
599,0.802447,0.027678,13.671485,1.011918,-0.000000
600,0.796947,0.005767,8.379842,1.012250,-0.000000
601,0.806003,-0.004594,6.538189,1.022704,-0.000000
602,0.753270,3.429437,11.928808,1.036527,-0.000000
603,0.772647,0.000403,9.728434,1.052190,0.000000
604,0.727850,0.018609,18.950325,1.068061,0.000000
605,0.722392,0.022000,11.610915,1.077866,-0.000000
606,0.803459,0.201110,2.522715,1.058878,-0.000000
607,0.655486,0.015529,17.699450,1.044490,0.000000
608,0.764686,-0.003061,5.284073,1.056698,-0.000000
609,0.739338,0.025732,11.523008,1.070870,0.000000
610,0.685906,0.055341,5.862659,1.073387,-0.000000
611,0.767049,0.032784,3.155034,1.074353,0.000000
612,0.760939,0.059174,2.248827,1.058365,-0.000000
613,0.735598,0.061163,3.331457,1.024631,-0.000000
614,0.795807,0.014889,1.132715,0.994494,-0.000000
615,0.799868,0.032682,1.811730,0.966640,0.000000
616,0.713150,0.032572,3.322986,0.952648,0.000000
617,0.772258,0.007001,4.184242,0.951684,-0.000000
618,0.739030,0.046234,3.411889,0.946919,-0.000000
619,0.784156,0.736590,1.494181,0.931553,-0.000000
620,0.746746,-0.002116,3.408861,0.925897,-0.000000
621,0.700982,0.072657,5.641336,0.926408,-0.000000
622,0.787695,0.002493,2.303158,0.926236,0.000000
623,0.757141,0.005833,2.183942,0.917874,0.000000
624,0.756765,0.006804,3.127986,0.891903,-0.000000
625,0.745899,0.011931,2.670409,0.867342,-0.000000
626,0.774777,0.010858,3.198166,0.864297,0.000000
627,0.808628,0.010597,1.605336,0.869349,-0.000000
628,0.814945,-0.001032,4.271323,0.858717,-0.000000
629,0.815987,-0.000389,5.840239,0.837420,0.000000
630,0.801161,0.001122,4.233609,0.828486,-0.000000
631,0.812312,-0.002049,9.988715,0.835968,0.000000
632,0.817935,-0.003505,8.351274,0.854912,-0.000000
633,0.812361,0.008493,3.465732,0.859080,0.000000
634,0.811756,-0.000501,2.371798,0.863307,0.000000
635,0.816961,0.001007,6.877294,0.882108,0.000000
636,0.818071,0.012244,7.228819,0.898222,0.000000
637,0.802267,0.021540,12.382431,0.885275,0.000000
638,0.806117,0.021508,2.898177,0.873451,-0.000000
639,0.804361,-0.003498,4.913360,0.877111,0.000000
640,0.776048,0.000748,8.936022,0.885523,-0.000000
641,0.773395,0.009293,9.284010,0.903983,-0.000000
642,0.804333,0.009526,7.372641,0.901327,-0.000000
643,0.816894,0.002734,12.011482,0.886604,0.000000
644,0.810937,0.009304,2.238881,0.884191,0.000000
645,0.817368,-0.000585,2.908441,0.879051,0.000000
646,0.811128,0.014753,2.305876,0.871000,-0.000000
647,0.818037,-0.002756,16.142371,0.859642,-0.000000
648,0.818343,0.009629,4.441018,0.864130,0.000000
649,0.817876,0.008720,17.223439,0.871250,0.000000
650,0.811311,0.000144,12.437212,0.878876,0.000000
651,0.817318,-0.005487,20.616159,0.902130,-0.000000
652,0.818590,0.005262,43.285936,0.930419,0.000000
653,0.818192,0.020186,57.291366,0.945905,-0.000000
654,0.822127,0.000839,35.563932,0.973710,-0.000000
655,0.781876,0.000618,82.858859,0.984715,-0.000000
656,0.818192,-0.000066,64.735390,0.999508,-0.000000
657,0.729998,-0.000918,81.426389,1.026779,-0.000000
658,0.702324,-0.002300,50.159656,1.049680,0.000000
659,0.758857,0.006868,26.624697,1.075107,0.000000
660,0.694333,-0.004699,18.273403,1.098641,-0.000000
661,0.795680,0.008263,38.542473,1.107261,-0.000000
662,0.810339,-0.003838,28.843564,1.107847,0.000000
663,0.806816,0.047824,15.881482,1.113739,0.000000
664,0.820664,0.006762,42.999211,1.120356,-0.000000
665,0.791895,0.008634,42.791647,1.113571,0.000000
666,0.820278,0.009089,41.114681,1.098697,0.000000
667,0.817072,0.003200,39.958535,1.104532,-0.000000
668,0.782300,0.005072,36.284384,1.125506,-0.000000
669,0.795410,0.004920,31.531415,1.148578,0.000000
670,0.784735,0.016917,25.203722,1.152692,0.000000
671,0.779965,0.012895,30.014620,1.157005,-0.000000
672,0.761520,-0.002107,33.875410,1.167019,-0.000000
673,0.811666,0.008841,28.530805,1.161018,-0.000000
674,0.788859,0.009987,23.053464,1.147252,0.000000
675,0.815452,-0.000247,29.976698,1.150151,0.000000
676,0.818107,0.004314,31.204064,1.155730,-0.000000
677,0.787874,0.081361,20.821551,1.165632,0.000000
678,0.771111,0.015091,22.914762,1.171220,-0.000000
679,0.809486,0.016207,30.799266,1.176632,0.000000
680,0.805573,0.040756,24.059867,1.174970,0.000000
681,0.813580,-0.003029,26.324672,1.179907,0.000000
682,0.811764,0.014498,35.164920,1.195085,-0.000000
683,0.804463,0.044774,7.755912,1.176470,0.000000
684,0.808652,-0.005241,13.844288,1.165430,-0.000000
685,0.801355,-0.002302,25.968298,1.180178,0.000000
686,0.777471,0.033525,36.416081,1.188612,0.000000
687,0.772149,0.004959,16.589167,1.188674,0.000000
688,0.816505,-0.004879,25.989114,1.201633,-0.000000
689,0.749230,0.004747,21.907426,1.236531,0.000000
690,0.734897,0.007100,13.917285,1.251458,0.000000
691,0.734641,0.033989,21.166153,1.231256,-0.000000
692,0.779225,0.099090,26.957490,1.225069,0.000000
693,0.756699,0.008261,22.502509,1.242665,0.000000
694,0.753080,0.064595,24.359022,1.255709,0.000000
695,0.782738,0.129998,21.287615,1.262668,-0.000000
696,0.737987,0.058153,12.422790,1.248954,-0.000000
697,0.718603,0.023159,9.508957,1.242020,-0.000000
698,0.727844,0.178840,15.843958,1.240264,0.000000
699,0.732480,0.038306,9.055983,1.230357,0.000000
700,0.805533,0.020190,23.460215,1.228218,0.000000
701,0.737439,0.000856,21.852099,1.250210,0.000000
702,0.803355,0.000746,25.689135,1.261556,-0.000000
703,0.812445,0.003350,30.054387,1.265492,-0.000000
704,0.808627,0.002841,15.408256,1.269186,-0.000000
705,0.813195,-0.001796,32.322395,1.281056,0.000000
706,0.805820,-0.001656,29.305794,1.302947,-0.000000
707,0.795897,0.010391,28.105552,1.292625,0.000000
708,0.768508,0.018515,19.915293,1.274558,0.000000
709,0.784084,0.001813,22.390397,1.279477,-0.000000
710,0.780773,0.001952,32.407160,1.296698,-0.000000
711,0.727560,0.023605,11.878708,1.298190,0.000000
712,0.807304,-0.005372,21.203106,1.292912,0.000000
713,0.712158,0.038293,3.662400,1.288690,0.000000
714,0.742668,0.008585,9.568762,1.277401,0.000000
715,0.780064,0.084926,19.882409,1.269362,-0.000000
716,0.804718,0.012076,21.509001,1.257959,0.000000
717,0.767407,0.007554,9.034602,1.261017,-0.000000
718,0.776241,0.001726,9.927380,1.258068,-0.000000
719,0.809742,0.029730,23.190919,1.254623,0.000000
720,0.796440,0.001751,17.745551,1.259061,0.000000
721,0.802719,-0.005647,17.261305,1.281999,-0.000000
722,0.805724,-0.001451,23.822289,1.301112,-0.000000
723,0.803738,0.000967,25.753431,1.308213,-0.000000
724,0.782383,0.022392,11.300525,1.319167,0.000000
725,0.762841,0.016450,19.705601,1.319560,-0.000000
726,0.714612,0.015902,8.278342,1.305277,-0.000000
727,0.656113,0.030710,14.825740,1.292177,-0.000000
728,0.717521,0.033312,18.523779,1.272363,0.000000
729,0.666982,0.032835,3.149483,1.241774,0.000000
730,0.668149,0.070979,11.503103,1.218287,-0.000000
731,0.734133,0.057278,11.068973,1.208598,-0.000000
732,0.792300,0.001786,7.261603,1.205303,-0.000000
733,0.750419,0.116445,3.384155,1.189316,0.000000
734,0.774487,0.102202,6.945483,1.140890,0.000000
735,0.777707,0.006459,3.749554,1.104742,0.000000
736,0.793486,0.006904,4.262039,1.102424,-0.000000
737,0.775168,0.050903,2.783529,1.104040,0.000000
738,0.743247,0.006087,3.213683,1.096708,0.000000
739,0.762226,0.001693,1.299431,1.099024,-0.000000
740,0.747616,0.128062,2.030386,1.095697,-0.000000
741,0.734061,0.068544,2.422635,1.082676,0.000000
742,0.765247,0.021814,5.477054,1.070483,0.000000
743,0.771784,0.079550,6.113277,1.067263,0.000000
744,0.785605,-0.002385,2.336123,1.066230,0.000000
745,0.766343,0.020540,7.560670,1.067650,-0.000000
746,0.696207,0.045548,6.447720,1.054644,0.000000
747,0.767687,1.060106,1.978576,1.032293,0.000000
748,0.778766,0.019982,3.031699,1.019146,0.000000
749,0.742000,0.013669,2.355931,1.005825,0.000000
750,0.687311,0.032639,3.568676,0.997616,-0.000000
751,0.771886,-0.004305,2.241472,1.018057,0.000000
752,0.791641,-0.002145,2.819543,1.028691,0.000000
753,0.764984,-0.001499,17.197450,1.032929,0.000000
754,0.756915,0.008718,6.532274,1.037944,0.000000
755,0.742550,0.001440,4.428183,1.048999,0.000000
756,0.746388,0.006128,3.135700,1.039751,-0.000000
757,0.694870,0.002293,4.011748,1.024805,-0.000000
758,0.712800,0.037702,3.892647,1.025190,0.000000
759,0.673703,0.167940,1.688490,1.019804,0.000000
760,0.722960,0.034910,2.549429,1.011211,-0.000000
761,0.734984,0.005087,1.721728,0.993030,-0.000000
762,0.748102,0.001496,6.913024,0.974542,0.000000
763,0.794494,-0.004244,10.618317,0.973225,0.000000
764,0.775254,-0.002722,10.155877,0.999448,0.000000
765,0.728784,0.043243,23.119878,1.000383,0.000000
766,0.795616,0.003001,5.335317,0.978983,0.000000
767,0.774274,-0.001650,8.963186,0.972546,-0.000000
768,0.792879,-0.006775,6.776683,0.966422,0.000000
769,0.800807,0.013517,5.195813,0.954232,-0.000000
770,0.799314,-0.001199,7.310259,0.962382,-0.000000
771,0.813023,0.000127,15.710563,0.983276,-0.000000
772,0.783613,0.013059,2.246058,0.985538,0.000000
773,0.767920,0.001038,4.562567,0.982845,0.000000
774,0.794563,0.000683,1.673922,0.967325,-0.000000
775,0.795413,0.001234,4.628998,0.947345,-0.000000
776,0.803279,0.000140,1.845998,0.938408,-0.000000
777,0.809479,-0.005018,3.635659,0.924802,-0.000000
778,0.806669,0.002757,3.509765,0.904235,-0.000000
779,0.778630,-0.000830,11.251376,0.909501,0.000000
780,0.801715,0.002899,6.972907,0.920308,0.000000
781,0.815424,0.004937,5.279214,0.920839,-0.000000
782,0.810742,0.002168,4.329963,0.926233,0.000000
783,0.804217,0.008915,2.540822,0.922467,0.000000
784,0.810071,0.007397,10.172589,0.917896,0.000000
785,0.809708,-0.004938,7.144790,0.928866,0.000000
786,0.805257,-0.002469,30.677354,0.958051,0.000000
787,0.820172,-0.002226,32.888904,0.997208,-0.000000
788,0.811585,0.002114,27.010769,1.030020,-0.000000
789,0.811071,0.004751,32.303168,1.031799,0.000000
790,0.813109,0.014673,30.553564,1.020144,0.000000
791,0.662071,0.080482,34.710040,1.020856,0.000000
792,0.789696,-0.000204,19.010288,1.020266,0.000000
793,0.743337,0.023861,14.669322,1.014744,-0.000000
794,0.723978,0.008994,8.470344,1.015796,0.000000
795,0.805441,0.012964,7.278349,1.009884,-0.000000
796,0.756859,-0.001342,13.559450,1.010662,-0.000000
797,0.736665,0.012675,10.156036,1.016834,-0.000000
798,0.810950,0.000322,21.532260,1.004452,-0.000000
799,0.782369,0.010715,14.098668,0.978127,-0.000000
800,0.794730,0.013664,16.027295,0.957330,0.000000
801,0.801792,-0.000942,12.741492,0.948975,0.000000
802,0.777451,0.005456,10.282041,0.959992,0.000000
803,0.776986,0.005533,15.301186,0.970179,-0.000000
804,0.773435,0.018111,13.539186,0.977413,-0.000000
805,0.734767,0.030962,9.290878,0.965110,-0.000000
806,0.718247,0.008607,4.512161,0.961904,-0.000000
807,0.788148,-0.000682,16.106568,0.976208,0.000000
808,0.776600,0.010446,15.472298,0.962765,0.000000
809,0.808885,0.000194,18.376002,0.956676,0.000000
810,0.780291,0.002286,15.690549,0.960700,-0.000000
811,0.778647,0.002705,20.511227,0.953028,-0.000000
812,0.809811,0.007280,28.633207,0.953394,-0.000000
813,0.810761,0.000500,24.099100,0.957402,-0.000000
814,0.812192,-0.000049,21.785073,0.960076,0.000000
815,0.770947,-0.000472,31.514124,0.962090,-0.000000
816,0.812607,0.007236,31.530190,0.965879,0.000000
817,0.699773,0.081969,25.259154,0.980009,0.000000
818,0.680656,0.200861,14.694304,0.978955,0.000000
819,0.650387,0.033780,14.672224,0.961987,-0.000000
820,0.681554,0.017963,3.116455,0.947840,0.000000
821,0.697165,-0.003669,3.065562,0.935160,0.000000
822,0.724502,-0.002430,2.428461,0.927806,0.000000
823,0.735518,0.008547,7.249260,0.924244,0.000000
824,0.793380,0.010378,9.243395,0.922625,-0.000000
825,0.811422,0.015802,15.144550,0.917592,-0.000000
826,0.812238,0.002540,14.632376,0.923496,0.000000
827,0.807200,0.004398,14.614353,0.942448,0.000000
828,0.802155,0.023015,15.888679,0.960889,-0.000000
829,0.809225,0.004564,14.657241,0.964503,-0.000000
830,0.775739,0.015143,16.295314,0.965157,-0.000000
831,0.786556,-0.002809,20.015856,0.958783,-0.000000
832,0.768685,0.003743,15.202593,0.958506,0.000000
833,0.726568,0.022803,4.193236,0.963096,0.000000
834,0.725635,0.042778,9.362739,0.967559,0.000000
835,0.801061,0.002516,12.160472,0.975597,0.000000
836,0.739220,0.002219,13.613957,0.982251,-0.000000
837,0.780071,0.008438,9.894327,0.993932,0.000000
838,0.799754,0.003648,7.701575,1.007566,-0.000000
839,0.797026,0.009196,3.295016,0.997406,0.000000
840,0.810750,0.000873,5.227409,0.965814,0.000000
841,0.778007,0.001048,12.647796,0.949473,0.000000
842,0.778851,-0.001435,13.394385,0.944334,0.000000
843,0.734729,0.010280,5.799947,0.931380,0.000000
844,0.795379,0.006188,8.213493,0.919396,0.000000
845,0.809040,0.007305,4.368743,0.904842,0.000000
846,0.804217,0.023948,4.622250,0.920332,0.000000
847,0.788672,0.004645,2.394111,0.943042,0.000000
848,0.810046,0.001440,11.128492,0.964033,0.000000
849,0.765596,0.006809,2.934461,0.982503,0.000000
850,0.789764,0.023343,2.075466,0.982938,0.000000
851,0.792960,0.008243,1.109882,0.972912,0.000000
852,0.779061,-0.000164,4.275205,0.957768,-0.000000
853,0.771157,0.000492,5.684941,0.957376,-0.000000
854,0.745905,0.030756,2.866739,0.952936,0.000000
855,0.766239,0.007406,6.686065,0.932508,-0.000000
856,0.785488,0.105119,1.495181,0.920554,0.000000
857,0.781184,0.076085,5.146802,0.901560,0.000000
858,0.800178,0.014694,8.147464,0.904090,0.000000
859,0.785459,-0.001085,5.682389,0.905780,-0.000000
860,0.809544,0.041598,1.550585,0.892229,0.000000
861,0.805526,0.004593,3.018904,0.882448,-0.000000
862,0.784483,0.175604,5.338950,0.890683,-0.000000
863,0.795559,0.008614,2.724273,0.888718,-0.000000
864,0.791157,0.010342,5.938113,0.893638,0.000000
865,0.781441,0.023587,4.062827,0.881267,-0.000000
866,0.778614,0.019510,1.859106,0.860805,-0.000000
867,0.786703,0.023898,3.219739,0.859062,0.000000
868,0.797099,0.079624,3.068725,0.846961,-0.000000
869,0.717249,0.020735,7.113797,0.840931,0.000000
870,0.740919,0.017883,11.188896,0.831182,-0.000000
871,0.792788,0.023311,10.250706,0.826299,-0.000000
872,0.782807,0.004982,4.079482,0.833099,0.000000
873,0.766725,0.044725,4.286865,0.831872,0.000000
874,0.797871,0.019147,2.417775,0.827694,0.000000
875,0.747220,0.003821,7.095835,0.818192,0.000000
876,0.776648,0.015945,3.611283,0.818373,-0.000000
877,0.796269,0.004978,2.835497,0.817258,0.000000
878,0.759735,0.004235,1.701274,0.805193,0.000000
879,0.762400,0.015961,2.158350,0.801622,0.000000
880,0.792091,0.007802,1.500381,0.785830,0.000000
881,0.744463,0.017977,1.623170,0.765087,0.000000
882,0.772787,-0.004207,2.523340,0.755601,0.000000
883,0.795080,-0.000485,1.918181,0.765418,0.000000
884,0.776003,0.012895,0.864858,0.762412,0.000000
885,0.782624,0.062935,1.475482,0.742394,-0.000000
886,0.785969,0.000878,0.876985,0.723956,0.000000
887,0.802584,-0.001897,2.650213,0.738234,0.000000
888,0.797165,-0.002155,1.428919,0.761996,0.000000
889,0.805251,-0.000758,3.365098,0.772517,-0.000000
890,0.800132,0.000746,4.347386,0.792006,0.000000
891,0.814753,-0.003486,5.742843,0.816188,0.000000
892,0.795921,0.003619,3.315891,0.822324,0.000000
893,0.801599,0.005840,1.750799,0.835451,0.000000
894,0.801092,-0.003651,13.188425,0.838253,0.000000
895,0.803793,0.005357,3.509647,0.839804,0.000000
896,0.813796,0.000707,8.868209,0.844817,-0.000000
897,0.802659,-0.004741,22.061209,0.856308,0.000000
898,0.812297,0.000152,10.560258,0.869564,-0.000000
899,0.775891,0.025166,8.807547,0.898139,-0.000000
900,0.765995,-0.001234,6.275977,0.915986,0.000000
901,0.757137,0.012413,3.299127,0.911318,0.000000
902,0.719057,0.018764,10.063277,0.918228,-0.000000
903,0.756130,0.026937,8.201938,0.932849,-0.000000
904,0.799477,0.011650,3.570486,0.926918,0.000000
905,0.772301,0.002828,4.411676,0.920800,0.000000
906,0.794237,0.034387,3.887924,0.903211,-0.000000
907,0.799721,-0.000757,2.300567,0.889540,0.000000
908,0.803234,-0.000221,3.474635,0.893025,-0.000000
909,0.793485,0.006575,13.946572,0.904908,0.000000
910,0.809585,0.005430,5.493108,0.900805,-0.000000
911,0.796828,0.000693,20.377724,0.894734,-0.000000
912,0.777396,0.001888,3.035521,0.886271,0.000000
913,0.800373,0.025735,3.125314,0.880490,0.000000
914,0.802068,0.032721,3.452197,0.890207,0.000000
915,0.794301,0.441611,2.428534,0.878914,-0.000000
916,0.794270,0.006416,11.909778,0.869087,0.000000
917,0.712066,0.109072,2.621755,0.870036,0.000000
918,0.743402,0.111449,11.251066,0.873043,-0.000000
919,0.742455,0.004798,2.878358,0.878641,-0.000000
920,0.747180,0.016709,2.014416,0.881721,-0.000000
921,0.780047,-0.000773,1.843348,0.876189,-0.000000
922,0.798583,0.004800,1.252924,0.872168,-0.000000
923,0.755092,0.003415,4.528058,0.872378,-0.000000
924,0.797673,0.101088,4.397196,0.871110,0.000000
925,0.735758,-0.002659,7.104245,0.867703,0.000000
926,0.749630,0.032561,11.875049,0.875761,0.000000
927,0.782309,0.020659,2.724996,0.872356,0.000000
928,0.704232,2.853656,7.676785,0.877253,-0.000000
929,0.755280,0.037893,2.123909,0.888015,0.000000
930,0.784041,0.020717,1.684367,0.886841,0.000000
931,0.782252,0.006235,0.892509,0.869952,-0.000000
932,0.780419,-0.000479,3.555050,0.874864,-0.000000
933,0.793658,0.008456,4.911697,0.887331,0.000000
934,0.796451,0.004048,6.565177,0.884910,-0.000000
935,0.781886,0.008524,2.013312,0.867169,0.000000
936,0.806665,-0.002937,4.605486,0.863628,0.000000
937,0.778241,-0.000997,13.750323,0.861503,-0.000000
938,0.777914,0.005098,5.106653,0.868666,0.000000
939,0.780871,0.033207,14.630471,0.874703,0.000000
940,0.783889,-0.004580,5.777341,0.880901,-0.000000
941,0.748378,0.031961,7.358285,0.874917,0.000000
942,0.756173,0.018306,5.214470,0.859391,-0.000000
943,0.738140,0.015435,12.559274,0.844536,0.000000
944,0.778594,0.001232,4.451751,0.836972,-0.000000
945,0.805420,0.351740,5.793385,0.828897,-0.000000
946,0.757976,0.011224,5.009919,0.818566,0.000000
947,0.759079,0.005320,3.470203,0.816382,-0.000000
948,0.781986,0.009821,3.047221,0.817822,0.000000
949,0.790090,0.017969,4.872874,0.820808,-0.000000
950,0.794846,0.001242,11.654368,0.820233,0.000000
951,0.795294,-0.000995,8.170797,0.811468,-0.000000
952,0.794500,0.003713,10.210854,0.809515,-0.000000
953,0.782619,0.005709,9.429197,0.803650,-0.000000
954,0.738824,0.045642,14.782444,0.811499,-0.000000
955,0.684697,0.020902,2.569377,0.803600,0.000000
956,0.748564,0.032591,5.929875,0.792072,-0.000000
957,0.789229,0.005156,9.114630,0.784382,-0.000000
958,0.785069,0.011919,8.512063,0.769775,-0.000000
959,0.772060,0.009937,7.133057,0.775240,0.000000
960,0.767469,0.003568,7.915046,0.794647,-0.000000
961,0.816222,-0.003640,28.897779,0.814468,-0.000000
962,0.783724,-0.002832,26.687370,0.837051,-0.000000
963,0.817151,0.000799,37.503520,0.845968,0.000000
964,0.787803,-0.000491,22.694036,0.842344,-0.000000
965,0.783015,0.011536,16.858140,0.840021,-0.000000
966,0.816942,0.002049,28.530534,0.844946,-0.000000
967,0.807260,0.001516,25.237797,0.864467,0.000000
968,0.810146,0.003298,24.341035,0.896224,0.000000
969,0.816352,0.002949,24.145319,0.925287,0.000000
970,0.821761,0.000140,20.176754,0.935990,-0.000000
971,0.811182,0.022483,18.745178,0.941334,-0.000000
972,0.816917,-0.001526,20.793175,0.965621,-0.000000
973,0.787434,0.001297,24.721243,0.987343,-0.000000
974,0.791824,0.008319,22.149552,0.977868,-0.000000
975,0.759028,-0.001062,10.827547,0.979826,0.000000
976,0.762679,0.002276,12.944908,1.003057,-0.000000
977,0.790453,0.034140,9.514856,1.010433,-0.000000
978,0.806987,0.005346,7.055407,1.006759,0.000000
979,0.799887,0.094439,3.508916,0.986994,0.000000
980,0.784892,-0.001038,11.065929,0.971086,-0.000000
981,0.721696,0.904254,10.212483,0.958847,-0.000000
982,0.748521,0.105250,5.492567,0.943993,0.000000
983,0.774844,0.019332,5.281278,0.932005,0.000000
984,0.783691,0.002158,6.754365,0.913112,-0.000000
985,0.817118,-0.000725,13.105070,0.899065,0.000000
986,0.777009,0.004958,20.500288,0.887496,-0.000000
987,0.822736,-0.003502,30.210373,0.897879,-0.000000
988,0.815650,0.016301,18.030382,0.884000,-0.000000
989,0.803324,0.009122,6.978744,0.856619,0.000000
990,0.777065,0.009283,10.762209,0.849361,-0.000000
991,0.767278,0.003073,8.771664,0.831356,0.000000
992,0.777090,0.459660,9.690772,0.819535,0.000000
993,0.766744,0.124023,7.899102,0.822247,0.000000
994,0.778906,0.003709,7.942800,0.835341,0.000000
995,0.758056,0.034829,9.537778,0.853952,0.000000
996,0.692323,-0.001593,9.094189,0.871745,-0.000000
997,0.751994,0.003454,2.847603,0.875295,0.000000
998,0.788045,-0.002479,4.083114,0.875930,0.000000
999,0.779159,0.019676,2.981434,0.865400,0.000000
1000,0.803959,-0.006798,2.369341,0.850397,-0.000000
1001,0.785469,-0.000546,4.397751,0.839291,0.000000
1002,0.736835,0.015281,4.297930,0.825245,-0.000000
1003,0.789598,0.009432,2.557157,0.796726,0.000000
1004,0.736175,0.004659,12.802864,0.785616,-0.000000
1005,0.740832,0.025197,1.984329,0.771812,0.000000
1006,0.781506,0.001999,5.266664,0.768293,0.000000
1007,0.789465,-0.002791,5.520405,0.780449,0.000000
1008,0.807960,-0.001564,32.203418,0.780539,-0.000000
1009,0.807160,0.001285,10.882592,0.782089,-0.000000
1010,0.797734,0.003464,4.019870,0.798284,0.000000
1011,0.798253,0.015870,2.847941,0.803665,0.000000
1012,0.801931,0.048420,5.712981,0.800078,0.000000
1013,0.806378,0.002068,8.435119,0.813344,0.000000
1014,0.776309,0.005678,18.834912,0.823313,0.000000
1015,0.807972,-0.001800,34.511821,0.841247,-0.000000
1016,0.731434,0.004090,22.873331,0.865993,-0.000000
1017,0.750345,0.014563,36.916198,0.883131,-0.000000
1018,0.654386,0.005162,23.115366,0.902244,0.000000
1019,0.784300,-0.002646,23.571353,0.915062,0.000000
1020,0.792214,-0.002673,32.452368,0.932454,-0.000000
1021,0.698175,0.007930,12.065350,0.942031,0.000000
1022,0.783849,-0.001455,9.502383,0.939801,-0.000000
1023,0.804319,0.004457,11.515239,0.937964,-0.000000
1024,0.761768,0.001405,12.454736,0.957497,-0.000000
1025,0.802671,0.000736,6.314944,0.960049,-0.000000
1026,0.768286,0.022103,9.001144,0.954517,0.000000
1027,0.729221,0.014821,21.901005,0.940429,-0.000000
1028,0.783454,0.003167,18.604315,0.933071,0.000000
1029,0.778508,0.001515,8.420760,0.939135,0.000000
1030,0.785859,0.126735,15.122922,0.938493,0.000000
1031,0.801617,0.120708,6.481061,0.939737,-0.000000
1032,0.777636,-0.002724,23.573922,0.944813,-0.000000
1033,0.708597,0.013511,5.308644,0.952065,0.000000
1034,0.755070,0.018390,15.233893,0.952540,-0.000000
1035,0.700826,0.016846,5.105701,0.937475,0.000000
1036,0.761606,0.048488,4.910879,0.910725,0.000000
1037,0.679977,0.017943,4.314488,0.883518,0.000000
1038,0.735014,0.007208,7.919572,0.868432,-0.000000
1039,0.742201,-0.001234,4.203416,0.862882,-0.000000
1040,0.687971,0.008874,2.742568,0.851644,-0.000000
1041,0.717897,0.031498,2.477058,0.843806,0.000000
1042,0.690556,0.004127,3.379024,0.842002,0.000000
1043,0.700454,0.036946,7.814972,0.821577,0.000000
1044,0.730199,0.004769,4.143878,0.804417,0.000000
1045,0.753412,-0.004688,3.589387,0.811882,0.000000
1046,0.797705,-0.002371,3.074017,0.824836,0.000000
1047,0.751604,0.002947,2.167094,0.830667,0.000000
1048,0.793185,0.074393,10.758546,0.833039,-0.000000
1049,0.807912,-0.000865,8.065714,0.833511,0.000000
1050,0.806327,0.009059,19.684382,0.840645,0.000000
1051,0.796957,-0.001883,28.811749,0.864979,0.000000
1052,0.803446,-0.002040,27.031357,0.899640,0.000000
1053,0.777254,0.003438,36.623438,0.909038,-0.000000
1054,0.815281,-0.002242,44.220123,0.922054,0.000000
1055,0.814585,-0.007952,31.212823,0.949636,0.000000
1056,0.786350,0.011538,19.893670,0.958402,-0.000000
1057,0.773946,0.017725,25.804994,0.948190,-0.000000
1058,0.748664,0.024349,16.826974,0.947206,-0.000000
1059,0.777883,0.005274,8.775963,0.938306,0.000000
1060,0.742960,-0.004561,6.356216,0.924157,-0.000000
1061,0.821423,-0.000761,32.949558,0.915857,-0.000000
1062,0.787263,0.010524,9.491377,0.906212,0.000000
1063,0.788497,0.004096,9.749228,0.900884,-0.000000
1064,0.811891,-0.001416,12.330710,0.910651,0.000000
1065,0.817428,0.001210,21.675268,0.932761,0.000000
1066,0.810205,0.005462,16.461778,0.941786,0.000000
1067,0.804471,0.004498,12.887755,0.938803,-0.000000
1068,0.808337,-0.003926,11.858951,0.936147,0.000000
1069,0.806219,0.007225,7.166920,0.938890,0.000000
1070,0.774113,0.145925,6.823182,0.930498,0.000000
1071,0.808781,0.001254,6.684150,0.923074,0.000000
1072,0.792391,-0.000914,5.588023,0.916323,0.000000
1073,0.805805,0.881139,5.285912,0.906707,0.000000
1074,0.812797,0.016115,4.954341,0.890798,0.000000
1075,0.813152,-0.003192,3.854239,0.891992,0.000000
1076,0.807860,0.000637,3.271104,0.900395,0.000000
1077,0.803272,0.002798,1.435125,0.903463,0.000000
1078,0.798797,0.015731,1.440782,0.911909,-0.000000
1079,0.782704,-0.001147,5.152961,0.917196,0.000000
1080,0.788766,0.004602,1.213532,0.913364,0.000000
1081,0.800338,0.016447,2.444333,0.902924,0.000000
1082,0.791825,1.509535,1.485638,0.890261,0.000000
1083,0.782487,0.006932,2.375353,0.882086,0.000000
1084,0.697334,-0.000216,2.907776,0.881152,0.000000
1085,0.788594,0.001478,1.799409,0.862806,-0.000000
1086,0.760798,-0.002053,3.416995,0.855336,0.000000
1087,0.717482,0.061578,2.226049,0.857545,-0.000000
1088,0.754998,0.012151,3.385831,0.848641,0.000000
1089,0.776334,-0.000344,1.385520,0.850029,0.000000
1090,0.748779,0.005915,2.925620,0.846646,0.000000
1091,0.776660,-0.003820,2.391627,0.842909,-0.000000
1092,0.767137,0.000679,17.833164,0.851654,0.000000
1093,0.736960,0.015724,13.686927,0.854598,-0.000000
1094,0.678624,0.019597,22.246682,0.837834,-0.000000
1095,0.723540,-0.003229,6.726816,0.823495,0.000000
1096,0.758533,0.015591,2.916512,0.818910,-0.000000
1097,0.779056,0.002397,2.680198,0.807505,0.000000
1098,0.776574,0.011587,2.003852,0.793293,-0.000000
1099,0.801706,-0.002333,0.847747,0.769395,0.000000
1100,0.770120,0.013598,1.830874,0.761067,-0.000000
1101,0.764448,0.056804,3.793384,0.756620,0.000000
1102,0.750649,0.020252,3.602245,0.759658,0.000000
1103,0.764037,0.003105,1.139415,0.761093,-0.000000
1104,0.782974,-0.000272,2.836730,0.746650,-0.000000
1105,0.795782,-0.000593,2.471565,0.747039,0.000000
1106,0.764878,-0.003188,10.576488,0.764745,0.000000
1107,0.797210,0.010509,3.162922,0.772034,0.000000
1108,0.807189,0.004462,1.935062,0.758801,0.000000
1109,0.782791,0.011975,9.842526,0.752866,0.000000
1110,0.803520,-0.001605,3.052808,0.759228,-0.000000
1111,0.805354,0.000830,3.269760,0.764200,0.000000
1112,0.797135,-0.003092,16.730964,0.777575,-0.000000
1113,0.807802,-0.006204,9.658933,0.802801,0.000000
1114,0.792754,0.001854,6.751971,0.811068,0.000000
1115,0.782769,0.001612,1.679428,0.799885,0.000000
1116,0.808629,-0.003238,6.558085,0.789344,-0.000000
1117,0.794373,0.001494,3.655954,0.789569,0.000000
1118,0.764713,-0.005434,10.585857,0.798150,-0.000000
1119,0.780017,0.019159,3.531755,0.808670,0.000000
1120,0.796898,0.007539,1.494009,0.815001,0.000000
1121,0.794144,-0.001269,4.635171,0.824283,0.000000
1122,0.770688,0.064246,1.335062,0.819327,-0.000000
1123,0.793429,0.000728,2.620775,0.807573,-0.000000
1124,0.728634,0.005938,4.014662,0.803322,0.000000
1125,0.738157,0.869016,3.033536,0.815654,-0.000000
1126,0.796748,0.012076,2.492643,0.817056,0.000000
1127,0.759271,-0.001250,1.319639,0.796569,0.000000
1128,0.749918,0.059194,2.191205,0.768864,0.000000
1129,0.733482,0.028969,4.486383,0.749703,0.000000
1130,0.751058,-0.002787,3.278440,0.750913,0.000000
1131,0.707646,0.004147,1.988838,0.747026,-0.000000
1132,0.779235,0.015001,4.299566,0.750718,-0.000000
1133,0.751662,0.022506,2.560934,0.759163,-0.000000
1134,0.756579,0.001511,2.873912,0.776153,0.000000
1135,0.762250,0.047497,1.145398,0.783933,-0.000000
1136,0.783520,0.016543,2.458021,0.761346,0.000000
1137,0.779145,0.005612,2.901500,0.750481,-0.000000
1138,0.782863,0.004975,1.331706,0.754100,0.000000
1139,0.798651,0.008292,1.873059,0.756567,0.000000
1140,0.765319,0.000427,1.901476,0.748693,-0.000000
1141,0.804116,0.001059,3.180365,0.738011,0.000000
1142,0.800163,0.014225,1.385066,0.740168,0.000000
1143,0.799371,0.002532,1.032380,0.757432,0.000000
1144,0.777445,0.006686,1.602165,0.759730,-0.000000
1145,0.711948,-0.001090,7.951231,0.748402,0.000000
1146,0.774820,0.001213,9.338315,0.733213,-0.000000
1147,0.793761,0.005186,7.421604,0.731329,-0.000000
1148,0.765404,0.046101,17.644881,0.737860,0.000000
1149,0.796040,0.003322,5.090900,0.746555,-0.000000
1150,0.771710,-0.000219,5.833223,0.766379,0.000000
1151,0.746851,0.000774,18.601757,0.791007,0.000000
1152,0.819257,-0.002102,14.162223,0.825303,0.000000
1153,0.801139,0.008642,7.941728,0.825556,0.000000
1154,0.795423,-0.004443,5.536420,0.813885,0.000000
1155,0.812792,-0.001584,15.846631,0.833846,-0.000000
1156,0.783381,-0.000042,8.379025,0.852702,0.000000
1157,0.798006,0.002481,8.902095,0.861072,0.000000
1158,0.702002,0.015698,19.983382,0.870727,-0.000000
1159,0.702952,-0.000787,12.774790,0.875327,0.000000
1160,0.735809,-0.004388,7.215192,0.869817,-0.000000
1161,0.737028,0.116866,10.781128,0.854221,0.000000
1162,0.734882,0.030305,7.201174,0.832778,0.000000
1163,0.818844,0.006491,14.992821,0.826604,0.000000
1164,0.729047,0.005966,6.150063,0.821770,0.000000
1165,0.705034,0.024105,4.319791,0.825951,-0.000000
1166,0.781145,0.006603,7.676112,0.833275,0.000000
1167,0.728562,0.000192,7.105114,0.822864,-0.000000
1168,0.808183,-0.000816,6.808526,0.820669,-0.000000
1169,0.817795,0.002302,5.332408,0.827492,-0.000000
1170,0.780370,0.004532,7.440571,0.841240,-0.000000
1171,0.763990,0.023187,3.613585,0.844110,-0.000000
1172,0.778767,0.001098,9.545827,0.856622,-0.000000
1173,0.807131,0.216060,10.086946,0.868659,0.000000
1174,0.776235,0.080368,3.559881,0.857990,0.000000
1175,0.802164,0.004511,2.976150,0.839974,0.000000
1176,0.807914,0.000452,4.954414,0.829306,-0.000000
1177,0.801645,0.000451,12.845691,0.838004,-0.000000
1178,0.789937,0.022422,5.054472,0.824134,-0.000000
1179,0.745030,-0.000004,8.467066,0.810390,-0.000000
1180,0.741790,0.046698,3.915294,0.821934,0.000000
1181,0.794911,0.002841,2.987085,0.818965,0.000000
1182,0.765089,0.022415,5.982826,0.809520,0.000000
1183,0.717521,0.000809,7.564024,0.807024,0.000000
1184,0.776116,-0.000607,4.071301,0.803709,-0.000000
1185,0.792211,-0.000703,2.575474,0.786916,0.000000
1186,0.769229,0.011740,4.109456,0.769112,0.000000
1187,0.820823,0.009119,7.568063,0.750169,-0.000000
1188,0.764791,0.006938,6.416485,0.745140,0.000000
1189,0.763808,-0.004263,9.197986,0.746753,-0.000000
1190,0.810793,-0.002486,2.267951,0.739164,0.000000
1191,0.782828,-0.001363,2.685113,0.734167,0.000000
1192,0.796111,0.011311,2.945692,0.726898,-0.000000
1193,0.820466,-0.003602,4.774411,0.715807,0.000000
1194,0.787543,0.009157,3.683016,0.709422,-0.000000
1195,0.792222,-0.002270,1.561628,0.709004,0.000000
1196,0.772131,0.007836,2.787845,0.705975,0.000000
1197,0.774761,0.002251,1.266958,0.689899,0.000000
1198,0.777429,0.001443,1.586896,0.677717,-0.000000
1199,0.741003,0.006153,1.545625,0.669410,-0.000000
1200,0.784808,0.000978,1.306175,0.661093,0.000000
1201,0.792505,-0.007429,3.992042,0.659466,-0.000000
1202,0.769914,0.008218,1.122457,0.657395,0.000000
1203,0.765773,0.017518,1.251564,0.642233,0.000000
1204,0.797226,0.009036,1.294377,0.628518,0.000000
1205,0.790873,-0.002575,4.019674,0.615059,0.000000
1206,0.755613,0.009826,1.713584,0.591195,-0.000000
1207,0.745502,0.017199,5.098614,0.576337,-0.000000
1208,0.792300,-0.003773,4.955079,0.594998,-0.000000
1209,0.755343,-0.003258,4.304219,0.601459,0.000000
1210,0.777885,0.005645,4.360553,0.590529,0.000000
1211,0.740260,0.006422,2.263599,0.584028,0.000000
1212,0.778052,0.000027,2.619665,0.582122,0.000000
1213,0.800106,-0.002382,5.696203,0.596890,0.000000
1214,0.770837,0.001128,3.267345,0.607604,-0.000000
1215,0.793472,0.000299,4.090033,0.594705,0.000000
1216,0.762494,-0.005257,5.680641,0.576854,0.000000
1217,0.767236,0.010373,2.242334,0.557863,-0.000000
1218,0.793917,0.005460,2.074196,0.546093,0.000000
1219,0.770767,0.002825,1.944693,0.536464,-0.000000
1220,0.764996,-0.001483,2.955079,0.535540,0.000000
1221,0.810644,0.065194,6.751180,0.534004,-0.000000
1222,0.805957,0.014319,5.473359,0.533243,0.000000
1223,0.812900,-0.000678,7.856309,0.541984,0.000000
1224,0.812926,-0.003493,8.677652,0.545593,-0.000000
1225,0.774427,0.010749,1.889397,0.545376,0.000000
1226,0.802628,0.043752,1.366789,0.535378,0.000000
1227,0.783244,-0.003686,7.675774,0.533606,-0.000000
1228,0.773588,0.029102,2.005496,0.530302,0.000000
1229,0.790619,-0.001035,5.570277,0.537705,-0.000000
1230,0.792874,0.005658,1.272688,0.540583,-0.000000
1231,0.794607,0.002298,5.945239,0.544725,0.000000
1232,0.791959,0.001682,5.132464,0.556946,0.000000
1233,0.791398,0.086018,6.248970,0.559595,0.000000
1234,0.765236,0.019711,3.850774,0.554485,-0.000000
1235,0.725545,0.111743,4.920385,0.546856,-0.000000
1236,0.786123,0.218829,3.237797,0.541633,-0.000000
1237,0.794661,0.006914,6.716891,0.546854,0.000000
1238,0.791353,0.025340,1.822353,0.556134,-0.000000
1239,0.788155,0.003507,3.021156,0.545482,-0.000000
1240,0.734836,0.029799,2.582897,0.528662,-0.000000
1241,0.779409,-0.002768,6.167778,0.513736,-0.000000
1242,0.758636,0.002289,3.788179,0.499940,-0.000000
1243,0.781512,-0.002189,2.328489,0.487872,-0.000000
1244,0.798482,-0.001808,6.291031,0.506147,-0.000000
1245,0.795418,-0.003704,2.181814,0.523694,-0.000000
1246,0.793496,0.022666,10.464545,0.520642,-0.000000
1247,0.761145,-0.000867,16.140411,0.519498,0.000000
1248,0.789776,0.005957,3.649906,0.504020,-0.000000
1249,0.771436,0.004618,11.876534,0.512372,0.000000
1250,0.729470,-0.001554,3.115543,0.529180,0.000000
1251,0.764186,0.002950,10.356886,0.527849,-0.000000
1252,0.801576,-0.001290,1.086922,0.522759,-0.000000
1253,0.810862,0.007954,2.128028,0.515415,-0.000000
1254,0.802177,0.001389,4.910839,0.497961,0.000000
1255,0.804416,0.001356,5.537764,0.492277,-0.000000
1256,0.798678,0.008562,2.344104,0.505606,0.000000
1257,0.783620,0.089519,1.497299,0.506119,-0.000000
1258,0.778369,0.002474,2.019044,0.515532,0.000000
1259,0.787874,0.005291,2.585755,0.523409,-0.000000
1260,0.751144,-0.003478,3.464781,0.540866,0.000000
1261,0.766769,0.015958,2.898316,0.552379,0.000000
1262,0.793833,0.085843,2.155351,0.547382,-0.000000
1263,0.739212,0.001969,4.720241,0.553323,0.000000
1264,0.783676,0.003342,1.457705,0.546436,-0.000000
1265,0.757725,0.005186,3.097777,0.548729,-0.000000
1266,0.770737,0.036465,1.272905,0.561369,-0.000000
1267,0.763205,0.003465,1.116115,0.565867,0.000000
1268,0.776399,-0.001314,2.225646,0.576115,-0.000000
1269,0.807794,-0.001259,3.054121,0.587016,-0.000000
1270,0.767680,-0.003764,15.359080,0.602376,0.000000
1271,0.792344,0.005497,2.055278,0.608547,0.000000
1272,0.767762,0.009749,6.086092,0.619308,0.000000
1273,0.790596,0.001645,5.430142,0.635608,0.000000
1274,0.805922,0.007539,2.228994,0.627554,0.000000
1275,0.733215,0.020296,4.648335,0.605779,0.000000
1276,0.803042,-0.002870,3.794821,0.592373,-0.000000
1277,0.751591,0.025002,4.430955,0.585972,-0.000000
1278,0.788045,-0.002694,8.069884,0.588351,-0.000000
1279,0.752852,0.015436,4.624709,0.586883,-0.000000
1280,0.793233,0.076144,3.645482,0.584168,-0.000000
1281,0.742232,-0.000909,20.963962,0.603781,0.000000
1282,0.804748,-0.005467,9.097253,0.628500,0.000000
1283,0.820733,0.000502,12.342340,0.638435,-0.000000
1284,0.812258,-0.002045,7.822613,0.637767,0.000000
1285,0.773563,0.042204,12.026858,0.639834,0.000000
1286,0.817075,-0.004037,8.762363,0.639392,0.000000
1287,0.807568,0.019165,4.552585,0.631930,0.000000
1288,0.764865,-0.000406,2.302934,0.624907,0.000000
1289,0.802181,0.019097,1.964976,0.636752,-0.000000
1290,0.793973,0.002791,2.127687,0.627314,-0.000000
1291,0.795638,-0.000800,7.972952,0.620746,-0.000000
1292,0.807040,-0.001002,4.821173,0.624101,0.000000
1293,0.788178,0.000331,1.989665,0.603107,0.000000
1294,0.794205,-0.001488,1.435783,0.574339,0.000000
1295,0.750147,0.005134,10.863568,0.556543,0.000000
1296,0.737652,-0.000128,4.602439,0.547312,-0.000000
1297,0.757234,0.016498,23.513097,0.537491,-0.000000
1298,0.785280,0.005860,6.240681,0.541243,-0.000000
1299,0.802995,0.002824,3.107783,0.544189,-0.000000
1300,0.724009,0.016945,2.050423,0.544345,-0.000000
1301,0.770213,0.002857,5.907761,0.552148,0.000000
1302,0.780258,-0.003374,20.027803,0.552074,-0.000000
1303,0.775914,0.003184,13.154051,0.551416,-0.000000
1304,0.811367,0.005652,4.469195,0.549801,0.000000
1305,0.769641,0.005283,4.116453,0.555461,0.000000
1306,0.788530,-0.002309,11.577725,0.551807,-0.000000
1307,0.810126,-0.000331,9.502940,0.540908,0.000000
1308,0.771258,0.000878,3.731725,0.539266,0.000000
1309,0.787604,-0.001010,2.203088,0.544497,0.000000
1310,0.813675,-0.002359,12.395811,0.547171,-0.000000
1311,0.822961,-0.001123,3.915095,0.549228,0.000000
1312,0.799368,0.008246,2.176814,0.549841,-0.000000
1313,0.812901,-0.001098,8.534568,0.560611,-0.000000
1314,0.773163,-0.002924,8.534530,0.604981,0.000000
1315,0.794603,0.098546,4.208720,0.635335,0.000000
1316,0.733792,0.019577,4.200345,0.640150,-0.000000
1317,0.795879,0.007766,2.023140,0.648676,0.000000
1318,0.792009,0.008312,4.415195,0.657555,-0.000000
1319,0.792782,-0.001846,6.867073,0.668362,-0.000000
1320,0.748426,-0.000230,9.320257,0.680436,-0.000000
1321,0.792354,0.004300,2.976402,0.695246,0.000000
1322,0.692080,0.009430,5.127030,0.711287,0.000000
1323,0.689849,0.018365,13.211669,0.698525,0.000000
1324,0.763345,0.008035,2.990053,0.692588,0.000000
1325,0.775139,0.055810,4.430013,0.696487,0.000000
1326,0.752013,0.006975,3.831573,0.696882,-0.000000
1327,0.761502,0.548385,2.681764,0.688531,-0.000000
1328,0.793983,-0.001120,1.100962,0.681988,0.000000
1329,0.772370,0.026173,1.893040,0.694754,-0.000000
1330,0.792148,0.011334,2.916336,0.697722,0.000000
1331,0.769456,0.020217,2.455269,0.686626,-0.000000
1332,0.788343,0.160304,2.471419,0.681792,0.000000
1333,0.788763,-0.002385,4.568192,0.684420,0.000000
1334,0.769693,-0.002610,7.023865,0.700172,0.000000
1335,0.786305,0.003447,5.290135,0.716140,0.000000
1336,0.761430,0.009622,8.668696,0.716060,-0.000000
1337,0.801329,6.447448,2.348468,0.710142,-0.000000
1338,0.773991,0.002631,1.364724,0.691188,0.000000
1339,0.764565,0.014579,4.862243,0.670579,-0.000000
1340,0.806249,0.003045,9.018083,0.670978,0.000000
1341,0.786616,0.011920,17.016394,0.669207,-0.000000
1342,0.812657,0.012570,12.086606,0.668337,-0.000000
1343,0.716720,-0.001674,17.141737,0.673996,-0.000000
1344,0.790513,0.000206,6.686917,0.673091,0.000000
1345,0.796413,0.006427,8.545385,0.679548,0.000000
1346,0.701536,0.060755,11.114010,0.694052,-0.000000
1347,0.773455,0.005178,4.310153,0.699384,0.000000
1348,0.787817,0.007686,12.781116,0.707749,-0.000000
1349,0.709880,0.002271,20.362937,0.713988,0.000000
1350,0.738275,0.007468,8.613855,0.723808,0.000000
1351,0.701137,-0.001242,10.049077,0.731516,0.000000
1352,0.779310,0.032677,1.066836,0.740466,0.000000
1353,0.800465,0.011306,2.778735,0.741140,0.000000
1354,0.788691,0.005150,3.683467,0.729755,-0.000000
1355,0.749482,-0.000847,10.013727,0.741840,0.000000
1356,0.798809,0.004425,1.649497,0.750778,0.000000
1357,0.805393,0.010842,5.515530,0.737710,-0.000000
1358,0.745240,0.006888,6.460369,0.735444,0.000000
1359,0.792329,0.002784,3.424259,0.740673,0.000000
1360,0.775996,0.022485,3.100621,0.755670,0.000000
1361,0.755866,0.003337,9.108662,0.769954,0.000000
1362,0.706818,0.005983,11.850180,0.769378,-0.000000
1363,0.691567,0.024378,2.089117,0.754207,-0.000000
1364,0.751000,0.014665,6.038895,0.743676,0.000000
1365,0.757485,0.004125,6.687177,0.743994,0.000000
1366,0.735077,0.020272,1.914109,0.748753,0.000000
1367,0.715964,0.032867,5.339331,0.752705,-0.000000
1368,0.750295,0.006148,1.748243,0.749016,0.000000
1369,0.762223,0.008426,8.031363,0.732562,0.000000
1370,0.772590,-0.000659,9.000747,0.736183,0.000000
1371,0.741688,-0.001290,3.699044,0.751596,0.000000
1372,0.780538,0.001294,6.280694,0.754362,0.000000
1373,0.750418,0.006413,13.980864,0.757458,0.000000
1374,0.711614,0.016369,5.309098,0.757764,0.000000
1375,0.730500,0.006055,7.860596,0.758728,0.000000
1376,0.767400,-0.002469,5.728909,0.758018,-0.000000
1377,0.788577,-0.001742,7.667383,0.759748,0.000000
1378,0.788784,-0.001225,7.289456,0.779515,0.000000
1379,0.773409,-0.002489,5.340664,0.793916,0.000000
1380,0.811113,0.164486,10.765239,0.800110,-0.000000
1381,0.808257,0.000496,10.546458,0.796855,-0.000000
1382,0.811610,-0.003200,9.542742,0.799767,-0.000000
1383,0.801999,-0.000935,14.111509,0.808277,0.000000
1384,0.816329,-0.001583,8.743983,0.830346,-0.000000
1385,0.800621,0.001214,2.695261,0.840826,0.000000
1386,0.800923,0.007292,10.754142,0.843494,0.000000
1387,0.733478,-0.004253,26.610266,0.850666,0.000000
1388,0.809772,0.116666,17.155899,0.854835,0.000000
1389,0.811420,0.006228,7.391723,0.855233,0.000000
1390,0.810318,0.001040,3.027126,0.866241,-0.000000
1391,0.804056,0.000550,6.885565,0.874201,0.000000
1392,0.802525,0.004938,7.262344,0.877918,-0.000000
1393,0.798113,-0.000472,7.944761,0.884530,0.000000
1394,0.797983,0.000934,6.632131,0.907247,0.000000
1395,0.796832,0.002555,7.823105,0.917886,-0.000000
1396,0.774618,-0.002489,8.372591,0.935119,0.000000
1397,0.777124,0.007764,9.425788,0.962189,0.000000
1398,0.772280,0.038227,1.621369,0.963350,-0.000000
1399,0.749382,0.009536,12.985338,0.935361,0.000000
1400,0.790487,-0.005301,11.247024,0.915315,0.000000
1401,0.794248,0.006709,3.631224,0.910857,0.000000
1402,0.769523,-0.002506,13.357577,0.904776,-0.000000
1403,0.762132,-0.002819,18.253778,0.925713,0.000000
1404,0.793991,0.013233,7.763722,0.941373,-0.000000
1405,0.805843,-0.002410,9.080763,0.933118,0.000000
1406,0.740051,0.023218,7.002981,0.931246,0.000000
1407,0.725932,0.026233,5.325297,0.939249,0.000000
1408,0.732977,0.122273,4.740588,0.952541,0.000000
1409,0.746438,0.004064,9.363163,0.958467,0.000000
1410,0.762164,0.004620,6.967716,0.940845,0.000000
1411,0.795901,0.036744,5.826315,0.936955,-0.000000
1412,0.787040,0.005896,12.439822,0.951962,-0.000000
1413,0.775917,0.131449,4.751232,0.951632,0.000000
1414,0.748318,0.809927,6.926761,0.943090,0.000000
1415,0.774640,0.007519,5.883970,0.936096,0.000000
1416,0.783374,0.018679,5.706959,0.913528,-0.000000
1417,0.770573,0.010529,5.139737,0.897071,-0.000000
1418,0.787565,0.011371,4.882349,0.893516,-0.000000
1419,0.778438,0.011092,3.373600,0.894999,-0.000000
1420,0.762526,-0.000828,11.129558,0.884335,0.000000
1421,0.779737,0.012928,2.358224,0.870252,-0.000000
1422,0.780117,0.193455,4.389028,0.858379,0.000000
1423,0.638068,0.037170,14.872192,0.865958,0.000000
1424,0.714053,0.009720,3.463143,0.860413,0.000000
1425,0.716807,0.074711,9.365482,0.852910,0.000000
1426,0.769095,0.079852,12.482024,0.858814,0.000000
1427,0.800383,0.460943,5.398025,0.850233,0.000000
1428,0.792744,0.023095,8.378318,0.842233,-0.000000
1429,0.752525,0.055814,5.562520,0.839751,-0.000000
1430,0.784989,0.031854,4.731153,0.830012,-0.000000
1431,0.761219,0.001147,10.640197,0.832214,-0.000000
1432,0.751863,0.028634,3.796716,0.848028,0.000000
1433,0.632982,0.046432,11.772975,0.845928,-0.000000
1434,0.714571,0.017253,4.444547,0.834621,0.000000
1435,0.626888,0.008594,3.705443,0.830237,0.000000
1436,0.743634,0.008836,6.010673,0.840095,-0.000000
1437,0.737620,0.002277,2.877108,0.839119,-0.000000
1438,0.771569,0.034314,4.759742,0.823859,-0.000000
1439,0.782257,0.088676,5.610483,0.811144,0.000000
1440,0.749464,-0.001202,8.020749,0.811150,0.000000
1441,0.752953,0.042258,7.459035,0.808364,-0.000000
1442,0.799295,0.014308,7.315916,0.801836,0.000000
1443,0.764326,0.009433,2.626285,0.810980,-0.000000
1444,0.754379,0.011195,21.400881,0.815961,-0.000000
1445,0.775020,0.054239,26.727272,0.839303,-0.000000
1446,0.795385,0.005742,4.948489,0.840331,-0.000000
1447,0.778684,0.010405,14.858621,0.828689,-0.000000
1448,0.774069,-0.003836,11.388781,0.826022,0.000000
1449,0.818710,0.000581,21.300589,0.824761,0.000000
1450,0.796755,0.003456,9.486300,0.808798,-0.000000
1451,0.767191,0.009783,14.562942,0.788891,0.000000
1452,0.769727,0.006677,7.502368,0.780716,-0.000000
1453,0.792918,-0.001404,15.594834,0.770126,0.000000
1454,0.758961,0.019937,10.230511,0.767281,-0.000000
1455,0.793463,0.017652,4.624959,0.755355,-0.000000
1456,0.781465,0.032251,3.957606,0.739511,-0.000000
1457,0.802660,0.019643,7.186117,0.742385,0.000000
1458,0.775625,0.015873,7.015268,0.748720,-0.000000
1459,0.765302,0.014592,2.811523,0.761553,0.000000
1460,0.786904,0.024572,2.631721,0.763112,0.000000
1461,0.796310,0.035184,2.302951,0.737684,0.000000
1462,0.808043,0.048104,2.516451,0.723088,0.000000
1463,0.740333,0.002877,1.817614,0.723875,0.000000
1464,0.788070,0.002320,4.122752,0.720938,-0.000000
1465,0.779312,0.021646,8.243773,0.726826,0.000000
1466,0.769710,0.069358,12.599067,0.735780,0.000000
1467,0.804669,0.057949,6.720898,0.733601,-0.000000
1468,0.765199,0.036699,2.464974,0.731033,-0.000000
1469,0.811255,0.006350,5.900165,0.722981,-0.000000
1470,0.787326,-0.000825,5.767425,0.715579,-0.000000
1471,0.788523,-0.004139,8.301265,0.722803,0.000000
1472,0.806203,0.001818,8.745888,0.735044,0.000000
1473,0.800384,0.008230,10.434938,0.744103,0.000000
1474,0.800514,0.000489,4.205796,0.738127,0.000000
1475,0.806362,0.007022,2.771897,0.716309,-0.000000
1476,0.794997,0.000751,10.012614,0.700260,0.000000
1477,0.802677,-0.004624,17.037208,0.702990,0.000000
1478,0.759490,-0.000042,11.442032,0.715540,-0.000000
1479,0.745511,0.007060,8.201749,0.730187,-0.000000
1480,0.756092,0.006102,3.529537,0.738392,-0.000000
1481,0.759562,0.026201,3.262869,0.739254,0.000000
1482,0.715856,-0.000187,2.750776,0.736818,-0.000000
1483,0.760819,0.010536,4.332551,0.718686,0.000000
1484,0.760112,0.006039,4.029938,0.700253,-0.000000
1485,0.774112,0.016804,3.390197,0.692737,0.000000
1486,0.799501,0.019147,4.892783,0.683121,-0.000000
1487,0.753926,-0.001369,9.818930,0.682484,-0.000000
1488,0.801181,0.003835,8.002426,0.685010,-0.000000
1489,0.789765,0.027062,11.574285,0.673225,0.000000
1490,0.787992,0.023099,10.696557,0.658950,0.000000
1491,0.753745,0.015390,6.440397,0.647997,-0.000000
1492,0.783329,0.018710,2.734645,0.630122,-0.000000
1493,0.755488,0.005495,10.962562,0.614534,-0.000000
1494,0.722332,-0.004403,2.115422,0.595336,0.000000
1495,0.703287,0.004584,6.157867,0.601885,0.000000
1496,0.707871,0.028421,5.944305,0.615010,0.000000
1497,0.765936,0.019151,11.397925,0.612979,-0.000000
1498,0.792642,-0.004803,27.685991,0.628139,-0.000000
1499,0.768416,0.024328,28.976397,0.634223,0.000000
1500,0.794349,0.007420,24.913373,0.638132,-0.000000
1501,0.772009,0.000864,16.949117,0.643515,0.000000
1502,0.779737,0.005156,19.268127,0.646673,0.000000
1503,0.805496,0.064159,12.675523,0.653062,-0.000000
1504,0.804919,-0.001837,17.657312,0.648572,-0.000000
1505,0.742609,-0.003009,24.375378,0.663583,-0.000000
1506,0.768380,0.000942,30.570861,0.680412,-0.000000
1507,0.738943,-0.003759,26.737980,0.674892,0.000000
1508,0.739619,0.035739,26.223288,0.663708,-0.000000
1509,0.803541,0.020717,14.902755,0.661104,0.000000
1510,0.757648,-0.000652,15.480509,0.660894,-0.000000
1511,0.786726,0.003654,21.853139,0.667820,0.000000
1512,0.761534,-0.000100,28.403159,0.683670,0.000000
1513,0.716539,0.042097,9.365141,0.687219,0.000000
1514,0.730147,0.049483,5.350173,0.685020,0.000000
1515,0.809964,0.006587,22.286142,0.684334,0.000000
1516,0.782235,0.018780,14.371471,0.693014,0.000000
1517,0.826658,0.001802,10.937342,0.698011,0.000000
1518,0.740369,0.002953,22.816532,0.696030,0.000000
1519,0.798856,0.003655,3.600556,0.696340,-0.000000
1520,0.777955,-0.000554,8.947966,0.711317,0.000000
1521,0.753085,0.039946,9.547364,0.732140,-0.000000
1522,0.799662,2.959794,14.880526,0.739117,0.000000
1523,0.718301,0.088365,3.140944,0.728821,0.000000
1524,0.769373,0.023792,7.524059,0.705280,0.000000
1525,0.707998,0.080754,7.894588,0.692146,-0.000000
1526,0.753868,0.322997,8.193217,0.685895,0.000000
1527,0.776322,0.017195,5.213132,0.689787,0.000000
1528,0.692693,0.122824,6.366359,0.703755,0.000000
1529,0.672342,0.039379,4.524858,0.713752,0.000000
1530,0.674350,0.233857,5.406222,0.706259,0.000000
1531,0.685459,0.007946,5.922087,0.688692,-0.000000
1532,0.707893,0.025469,3.965712,0.657686,0.000000
1533,0.599720,0.067223,4.452135,0.615396,-0.000000
1534,0.634528,0.013203,6.807315,0.589191,-0.000000
1535,0.615767,0.032683,3.124490,0.581764,-0.000000
1536,0.759590,0.002909,3.978923,0.565784,-0.000000
1537,0.804833,-0.003282,12.807030,0.574705,0.000000
1538,0.759132,0.005371,8.565047,0.581133,0.000000
1539,0.713602,0.052634,2.875901,0.553985,0.000000
1540,0.770123,-0.000149,4.026739,0.533470,0.000000
1541,0.782987,-0.001735,21.383788,0.543204,-0.000000
1542,0.811398,0.000687,12.406836,0.564820,0.000000
1543,0.754222,0.189814,6.795342,0.560587,0.000000
1544,0.809563,0.002635,3.164730,0.543103,-0.000000
1545,0.815854,-0.001191,10.500134,0.530313,0.000000
1546,0.740791,0.005288,15.699969,0.522671,0.000000
1547,0.811287,-0.001916,7.768321,0.525977,0.000000
1548,0.783339,0.054565,9.700348,0.534950,-0.000000
1549,0.785495,0.005551,11.053671,0.542196,-0.000000
1550,0.808949,0.000342,17.837095,0.552467,0.000000
1551,0.772909,0.001622,16.736230,0.564946,0.000000
1552,0.779142,0.117001,9.992765,0.567426,0.000000
1553,0.733960,-0.001084,15.946818,0.562121,-0.000000
1554,0.747445,0.154431,7.861463,0.559155,0.000000
1555,0.681466,0.030823,7.462844,0.556688,-0.000000
1556,0.744977,0.066990,8.514582,0.561551,0.000000
1557,0.741980,0.005535,11.402808,0.573382,-0.000000
1558,0.746398,0.080123,9.613268,0.582147,-0.000000
1559,0.795881,0.012931,7.977713,0.578400,-0.000000
1560,0.737051,0.009637,4.635615,0.560629,-0.000000
1561,0.710769,0.018794,7.972487,0.564821,-0.000000
1562,0.648358,0.042524,5.743384,0.564789,-0.000000
1563,0.783672,0.049623,3.015333,0.559937,-0.000000
1564,0.807527,-0.003827,2.830667,0.558495,0.000000
1565,0.810446,0.000748,14.517862,0.557813,-0.000000
1566,0.782906,-0.001898,27.766413,0.568464,0.000000
1567,0.777534,-0.003976,12.275131,0.576456,0.000000
1568,0.746284,0.018804,23.968396,0.580592,-0.000000
1569,0.742715,-0.006475,25.204364,0.575479,0.000000
1570,0.768496,0.030153,36.095227,0.568955,-0.000000
1571,0.731088,0.024462,7.579232,0.551241,0.000000
1572,0.774577,0.063646,10.847584,0.526306,0.000000
1573,0.683644,0.000076,23.114071,0.550048,-0.000000
1574,0.761895,-0.000255,14.766352,0.575142,0.000000
1575,0.739485,0.010837,23.885586,0.569005,-0.000000
1576,0.777099,0.036525,4.748803,0.574337,0.000000
1577,0.819067,0.005808,6.950933,0.566004,0.000000
1578,0.758259,0.004235,14.975347,0.569822,-0.000000
1579,0.766855,-0.004510,15.715831,0.584704,0.000000
1580,0.804817,0.001769,15.344254,0.587974,-0.000000
1581,0.815468,0.002162,16.571053,0.580724,0.000000
1582,0.785709,0.017184,5.086529,0.565183,0.000000
1583,0.800267,-0.001380,12.518565,0.554922,-0.000000
1584,0.805154,0.003723,19.477701,0.548664,0.000000
1585,0.742593,0.006378,29.640186,0.557429,-0.000000
1586,0.661999,0.051017,10.871060,0.572657,0.000000
1587,0.680316,0.009077,5.221830,0.578388,-0.000000
1588,0.709683,0.344159,6.356254,0.577715,0.000000
1589,0.731709,0.010157,8.384501,0.565044,-0.000000
1590,0.712302,0.023708,5.204862,0.556116,-0.000000
1591,0.805011,0.014995,4.569001,0.533346,0.000000
1592,0.743330,0.016770,2.987786,0.504025,0.000000
1593,0.743187,0.009138,6.259206,0.486491,0.000000
1594,0.666214,0.009339,7.491353,0.478104,0.000000
1595,0.703903,0.030885,2.853716,0.463911,0.000000
1596,0.696067,-0.003753,3.412565,0.453059,-0.000000
1597,0.603930,0.026142,4.107005,0.439659,0.000000
1598,0.541505,0.038409,3.716188,0.421263,0.000000
1599,0.651716,0.601219,4.351566,0.404271,-0.000000
1600,0.738896,0.018205,2.966817,0.378534,-0.000000
1601,0.696162,0.003096,2.486326,0.379303,0.000000
1602,0.669487,0.050780,5.252777,0.393505,-0.000000
1603,0.755278,0.017903,9.909753,0.394714,-0.000000
1604,0.701328,0.012297,10.251727,0.381436,0.000000
1605,0.679668,0.002498,6.417733,0.365400,0.000000
1606,0.745377,-0.000156,3.651423,0.377083,0.000000
1607,0.721697,0.006335,17.614848,0.381885,-0.000000
1608,0.780651,0.010266,13.922600,0.389234,0.000000
1609,0.703449,0.087182,17.840435,0.402727,-0.000000
1610,0.742841,-0.001243,10.139897,0.416056,0.000000
1611,0.771968,0.061000,22.234260,0.429141,0.000000
1612,0.815716,0.004187,22.578031,0.457731,-0.000000
1613,0.731922,0.014971,31.994810,0.474581,0.000000
1614,0.780125,0.005190,8.119215,0.485370,0.000000
1615,0.777190,0.059985,8.329414,0.490559,0.000000
1616,0.776823,0.014008,4.953085,0.475609,0.000000
1617,0.799009,-0.003544,4.400558,0.461770,-0.000000
1618,0.786616,0.007181,8.107838,0.451057,-0.000000
1619,0.769816,0.004489,3.785172,0.450632,-0.000000
1620,0.730358,0.004350,6.639372,0.456583,-0.000000
1621,0.778663,0.015425,5.394992,0.451536,0.000000
1622,0.811670,-0.003539,15.605917,0.456353,0.000000
1623,0.821441,0.004911,18.720775,0.479097,0.000000
1624,0.783457,0.024677,8.278804,0.485317,0.000000
1625,0.795493,-0.006374,26.649740,0.495896,0.000000
1626,0.752082,0.352251,11.648527,0.500792,-0.000000
1627,0.787661,-0.000357,27.753371,0.502684,0.000000
1628,0.739902,0.006209,17.514968,0.506485,0.000000
1629,0.822450,-0.002226,31.633560,0.490941,0.000000
1630,0.807047,0.011596,7.727976,0.487510,-0.000000
1631,0.818825,0.005912,7.406456,0.476550,0.000000
1632,0.809221,0.000635,11.114919,0.479593,0.000000
1633,0.817092,0.004239,22.024942,0.506149,0.000000
1634,0.821429,-0.006686,36.647385,0.534103,-0.000000
1635,0.776312,-0.007378,60.903713,0.566723,0.000000
1636,0.728655,0.004459,24.993598,0.597176,0.000000
1637,0.730468,0.017997,23.205433,0.587654,-0.000000
1638,0.725532,0.064577,23.720753,0.577019,-0.000000
1639,0.747495,0.005939,23.081980,0.581713,0.000000
1640,0.719597,0.018221,11.476127,0.584923,0.000000
1641,0.682658,0.004056,18.963063,0.593002,0.000000
1642,0.743942,0.012434,13.964852,0.602844,-0.000000
1643,0.760830,0.030253,8.992847,0.590299,-0.000000
1644,0.710871,0.019987,10.342945,0.576717,-0.000000
1645,0.714295,0.019406,6.148632,0.547401,0.000000
1646,0.718211,0.104334,5.459101,0.516953,0.000000
1647,0.765618,-0.003316,22.635497,0.511600,-0.000000
1648,0.753573,-0.000274,25.384271,0.517262,-0.000000
1649,0.754798,0.055366,6.987811,0.500591,0.000000
1650,0.771871,0.050479,5.797111,0.463505,-0.000000
1651,0.767578,0.009190,3.961048,0.425694,-0.000000
1652,0.829387,0.001427,11.108333,0.421968,0.000000
1653,0.817023,-0.003920,6.228056,0.432491,0.000000
1654,0.599248,-0.003777,17.333907,0.440899,0.000000
1655,0.718936,0.007396,10.914603,0.448923,0.000000
1656,0.639248,0.081641,6.592788,0.432536,0.000000
1657,0.737261,0.012785,9.278156,0.431651,0.000000
1658,0.775001,0.006928,14.006281,0.448334,0.000000
1659,0.785075,0.001231,16.051468,0.448300,-0.000000
1660,0.733831,0.012709,3.513735,0.436264,-0.000000
1661,0.781991,0.009258,11.726314,0.430348,-0.000000
1662,0.671480,0.122424,3.790378,0.430491,-0.000000
1663,0.691769,0.015593,2.513842,0.425606,0.000000
1664,0.730046,0.001097,12.660637,0.413978,0.000000
1665,0.780576,-0.000998,27.111544,0.425048,-0.000000
1666,0.796149,0.003842,6.623490,0.452253,0.000000
1667,0.736584,-0.000132,4.522871,0.454359,0.000000
1668,0.689215,0.047021,18.487413,0.444109,0.000000
1669,0.751393,0.051060,14.300868,0.449504,0.000000
1670,0.768322,0.013954,4.583884,0.454208,-0.000000
1671,0.698561,0.020368,9.477009,0.440464,0.000000
1672,0.688074,0.010340,9.404176,0.434166,-0.000000
1673,0.694289,0.005763,5.452873,0.435589,-0.000000
1674,0.755682,0.027838,3.138506,0.417203,-0.000000
1675,0.807003,0.005608,15.296715,0.386404,0.000000
1676,0.750250,0.002759,25.360296,0.380639,0.000000
1677,0.767197,0.010535,3.349135,0.383240,0.000000
1678,0.599179,0.010539,5.707867,0.378594,-0.000000
1679,0.717687,0.012777,4.002843,0.375942,-0.000000
1680,0.697937,0.009573,4.010375,0.377945,0.000000
1681,0.765929,0.001514,7.773620,0.378204,0.000000
1682,0.782806,-0.002340,7.415772,0.372658,0.000000
1683,0.751320,0.035522,4.845598,0.369757,-0.000000
1684,0.766258,0.003660,13.474631,0.365640,0.000000
1685,0.648912,0.058416,7.836483,0.351212,0.000000
1686,0.713336,0.033049,6.050102,0.340898,0.000000
1687,0.690053,0.006636,4.034765,0.332847,0.000000
1688,0.761809,0.010149,8.209847,0.313747,-0.000000
1689,0.782910,0.001788,9.805882,0.307935,-0.000000
1690,0.768070,0.005454,1.655559,0.316030,-0.000000
1691,0.775513,0.007498,2.062648,0.313978,0.000000
1692,0.764365,0.000302,4.683589,0.317096,-0.000000
1693,0.740515,0.010431,6.243804,0.321892,-0.000000
1694,0.741892,0.003872,12.144653,0.316047,0.000000
1695,0.749213,0.014836,4.649420,0.324933,-0.000000
1696,0.723099,-0.002220,22.426009,0.342221,-0.000000
1697,0.721267,0.032443,4.872210,0.349957,-0.000000
1698,0.729242,0.000187,10.373332,0.339582,-0.000000
1699,0.742389,0.016669,9.928384,0.318227,0.000000
1700,0.769740,-0.004129,10.302427,0.322068,0.000000
1701,0.774711,0.043058,9.094261,0.318382,0.000000
1702,0.782705,0.032325,11.055041,0.292064,-0.000000
1703,0.730149,-0.000425,6.888935,0.300455,0.000000
1704,0.828547,-0.004467,41.796570,0.340551,0.000000
1705,0.744037,0.015496,12.743308,0.372940,0.000000
1706,0.789550,0.055979,15.506951,0.387375,-0.000000
1707,0.808871,0.000042,7.490579,0.411647,-0.000000
1708,0.792657,0.000932,18.160271,0.423325,-0.000000
1709,0.785312,0.000494,17.518991,0.411580,0.000000
1710,0.774271,0.009688,13.862995,0.403158,0.000000
1711,0.732563,0.005133,10.478180,0.392877,-0.000000
1712,0.758381,0.021718,7.667563,0.380141,-0.000000
1713,0.763617,0.009921,17.066456,0.387918,0.000000
1714,0.728636,0.095710,3.943374,0.377218,0.000000
1715,0.739296,0.023250,4.072911,0.360192,-0.000000
1716,0.740703,0.021662,3.174429,0.352609,-0.000000
1717,0.733247,0.012050,3.021064,0.332620,0.000000
1718,0.729891,0.016114,10.834206,0.318647,0.000000
1719,0.734838,0.004445,10.071751,0.317224,0.000000
1720,0.740038,0.010264,13.945967,0.333094,-0.000000
1721,0.782249,0.003062,16.689253,0.344134,-0.000000
1722,0.765750,0.007783,6.293053,0.356740,-0.000000
1723,0.718875,0.002127,17.703794,0.374800,0.000000
1724,0.727474,-0.000908,4.651962,0.375705,0.000000
1725,0.717683,0.011108,10.951212,0.371643,0.000000
1726,0.740459,0.007345,24.219660,0.382305,-0.000000
1727,0.767023,0.123485,12.676665,0.382591,0.000000
1728,0.802604,0.000180,20.335182,0.369989,0.000000
1729,0.698450,0.011403,2.982306,0.376174,0.000000
1730,0.777523,0.009632,5.869890,0.368703,0.000000
1731,0.705750,0.024522,2.586117,0.349597,-0.000000
1732,0.827252,-0.004694,30.416998,0.347196,0.000000
1733,0.764398,0.043317,7.469701,0.349351,-0.000000
1734,0.798530,0.005283,22.621668,0.339158,-0.000000
1735,0.811080,-0.002700,18.916783,0.339466,-0.000000
1736,0.780008,0.001947,10.436056,0.358459,0.000000
1737,0.775541,0.004205,6.269285,0.371553,0.000000
1738,0.732215,0.033197,18.956227,0.376072,-0.000000
1739,0.793819,-0.002159,22.141336,0.389020,-0.000000
1740,0.765138,0.011860,20.858598,0.399342,0.000000
1741,0.773213,-0.001394,36.930508,0.401270,-0.000000
1742,0.755381,-0.000439,14.920888,0.393648,-0.000000
1743,0.726880,0.003939,8.734822,0.381172,0.000000
1744,0.787322,0.003362,18.287596,0.392606,-0.000000
1745,0.716385,0.004826,8.525248,0.402633,-0.000000
1746,0.764710,0.007852,8.149551,0.408441,-0.000000
1747,0.741352,0.105582,4.454377,0.410975,0.000000
1748,0.698683,0.037140,7.301345,0.406958,0.000000
1749,0.683297,0.008035,2.829552,0.396314,0.000000
1750,0.770921,0.001873,4.552015,0.391089,-0.000000
1751,0.759068,0.016451,13.624365,0.391815,0.000000
1752,0.716675,0.069890,3.532121,0.379416,0.000000
1753,0.789979,0.001420,8.411169,0.369872,0.000000
1754,0.797816,0.005940,10.173755,0.370426,-0.000000
1755,0.763510,0.006801,3.860538,0.359023,0.000000
1756,0.708739,0.003866,3.772091,0.344125,-0.000000
1757,0.714715,-0.005604,4.981590,0.343361,0.000000
1758,0.821379,-0.000945,9.839561,0.367332,-0.000000
1759,0.809164,0.006632,2.337271,0.372659,0.000000
1760,0.779418,-0.002461,28.126250,0.394139,-0.000000
1761,0.770713,0.166059,22.158524,0.422444,-0.000000
1762,0.753904,-0.003012,10.480937,0.423426,0.000000
1763,0.751846,0.211416,6.485499,0.412698,0.000000
1764,0.735458,0.065645,5.380959,0.398211,0.000000
1765,0.780933,-0.001060,24.589404,0.404668,-0.000000
1766,0.785978,0.074134,4.976334,0.399325,0.000000
1767,0.774399,0.048624,3.644292,0.394481,0.000000
1768,0.780612,0.025661,11.505296,0.406990,0.000000
1769,0.760431,0.077964,6.742635,0.411698,0.000000
1770,0.799249,0.022821,2.360460,0.402572,0.000000
1771,0.736982,-0.003804,8.899810,0.407180,0.000000
1772,0.806490,0.002484,10.238961,0.428209,0.000000
1773,0.734994,0.005119,8.861793,0.426181,0.000000
1774,0.726962,0.003438,6.353350,0.423289,0.000000
1775,0.808449,0.000580,2.170845,0.422424,0.000000
1776,0.736288,0.068275,10.750878,0.427851,-0.000000
1777,0.780002,0.171051,5.756455,0.426737,-0.000000
1778,0.740328,0.220874,3.051474,0.418826,-0.000000
1779,0.724765,0.038374,4.352244,0.409242,0.000000
1780,0.765064,-0.000169,2.476800,0.397573,0.000000
1781,0.746817,0.001466,3.928715,0.381214,-0.000000
1782,0.766684,0.007518,2.589565,0.362559,0.000000
1783,0.804238,-0.003985,1.703065,0.372013,-0.000000
1784,0.755235,0.008419,1.725162,0.372238,-0.000000
1785,0.750111,-0.000922,1.831071,0.362518,0.000000
1786,0.744894,0.023711,3.034813,0.345253,-0.000000
1787,0.766019,-0.000542,1.355566,0.323728,0.000000
1788,0.796059,0.031228,5.849474,0.314709,-0.000000
1789,0.786029,-0.003667,7.605195,0.331141,-0.000000
1790,0.791243,-0.001673,5.797491,0.341812,0.000000
1791,0.789751,0.010848,3.590446,0.322339,0.000000
1792,0.766391,0.000292,5.474655,0.310293,0.000000
1793,0.773501,0.007624,2.130472,0.312535,0.000000
1794,0.800500,0.008835,1.957522,0.304729,0.000000
1795,0.781493,-0.002882,4.808840,0.306510,-0.000000
1796,0.781189,0.013331,2.372626,0.303947,0.000000
1797,0.813916,-0.001419,7.716168,0.302050,-0.000000
1798,0.740308,0.013097,5.980504,0.302181,0.000000
1799,0.766792,0.002616,2.037982,0.300766,0.000000
1800,0.762532,0.005819,3.803341,0.302058,0.000000
1801,0.751398,0.010293,7.214159,0.308258,-0.000000
1802,0.768751,0.003490,12.243716,0.319623,0.000000
1803,0.784655,-0.008742,17.305388,0.340834,-0.000000
1804,0.813598,-0.003828,24.986918,0.369119,0.000000
1805,0.673900,0.003125,35.464931,0.398240,0.000000
1806,0.737756,-0.005254,27.361954,0.435057,0.000000
1807,0.753679,-0.000727,18.974472,0.443730,0.000000
1808,0.767329,0.011033,6.849067,0.412080,-0.000000
1809,0.776252,2.212744,7.415783,0.382407,0.000000
1810,0.764154,0.002935,23.368889,0.377387,-0.000000
1811,0.645827,0.066576,19.664014,0.372970,-0.000000
1812,0.715215,0.025984,3.770542,0.354749,0.000000
1813,0.807607,0.010893,9.421552,0.339170,0.000000
1814,0.785230,0.004140,4.260533,0.342933,0.000000
1815,0.782008,0.004479,5.458809,0.349621,0.000000
1816,0.782020,-0.000754,8.354315,0.353715,0.000000
1817,0.797983,0.004480,2.844891,0.348290,-0.000000
1818,0.816232,-0.000083,13.576760,0.342833,0.000000
1819,0.789482,-0.006390,19.507536,0.352375,-0.000000
1820,0.810352,-0.007516,25.024927,0.377272,-0.000000
1821,0.776708,0.094739,44.316209,0.392239,0.000000
1822,0.823504,-0.003594,31.768960,0.419628,-0.000000
1823,0.821077,-0.002176,34.633867,0.424242,-0.000000
1824,0.809916,-0.000493,24.800975,0.421926,0.000000
1825,0.803189,-0.002173,32.799169,0.448511,-0.000000
1826,0.726031,0.005265,33.134922,0.469288,-0.000000
1827,0.729501,0.014723,26.910821,0.481239,0.000000
1828,0.791068,-0.001857,30.195699,0.490240,-0.000000
1829,0.588459,0.010595,23.164300,0.503868,-0.000000
1830,0.780668,-0.003167,20.291537,0.518431,-0.000000
1831,0.737701,0.013141,12.551317,0.518673,0.000000
1832,0.782116,-0.001437,13.650815,0.514418,0.000000
1833,0.757701,0.016431,13.691362,0.510276,-0.000000
1834,0.789841,0.008991,16.874067,0.499034,0.000000
1835,0.721819,0.007348,9.902378,0.491468,0.000000
1836,0.797587,0.000275,14.543237,0.492277,-0.000000
1837,0.761942,0.045458,4.192135,0.487868,-0.000000
1838,0.782404,0.016573,5.623294,0.474552,-0.000000
1839,0.766948,-0.000213,10.721412,0.465452,-0.000000
1840,0.744439,0.004809,1.560707,0.457180,0.000000
1841,0.745874,0.009541,9.424391,0.458720,0.000000
1842,0.689210,0.006330,6.341478,0.471101,-0.000000
1843,0.740438,-0.000854,18.386417,0.486085,-0.000000
1844,0.737485,0.021130,11.327442,0.476644,0.000000
1845,0.761621,0.001945,7.621612,0.459860,0.000000
1846,0.800153,-0.004889,9.884730,0.464215,-0.000000
1847,0.755782,-0.002852,8.747623,0.466614,-0.000000
1848,0.685934,0.102557,18.983550,0.449898,-0.000000
1849,0.777536,0.079281,3.255670,0.434317,-0.000000
1850,0.743252,0.000385,10.397731,0.440605,-0.000000
1851,0.698855,0.003343,15.418004,0.455556,-0.000000
1852,0.772706,0.003610,7.919097,0.449025,-0.000000
1853,0.677492,0.007961,9.406978,0.452466,-0.000000
1854,0.722060,-0.001202,4.991892,0.459126,-0.000000
1855,0.785567,-0.000571,1.790463,0.458389,0.000000
1856,0.785519,0.003898,20.909472,0.462846,0.000000
1857,0.764158,-0.001305,23.736320,0.476473,0.000000
1858,0.769274,-0.000421,11.999595,0.483019,0.000000
1859,0.710998,0.002334,25.823665,0.490551,0.000000
1860,0.810230,0.008357,22.766567,0.493841,-0.000000
1861,0.792383,-0.003240,12.164043,0.494414,0.000000
1862,0.801231,0.002401,11.636987,0.496021,-0.000000
1863,0.782036,-0.003901,22.765693,0.510768,0.000000
1864,0.752702,-0.004152,18.785175,0.541357,-0.000000
1865,0.795526,0.011976,12.978759,0.563430,0.000000
1866,0.792112,0.005670,8.801934,0.574284,-0.000000
1867,0.777645,-0.001059,13.153877,0.590132,0.000000
1868,0.787535,0.000880,24.998231,0.609149,0.000000
1869,0.777051,-0.002387,16.820430,0.610472,-0.000000
1870,0.786100,0.001005,13.484949,0.605233,0.000000
1871,0.814861,-0.001666,41.244019,0.614739,0.000000
1872,0.785393,0.012838,28.613082,0.637121,-0.000000
1873,0.740044,0.023867,22.660534,0.643684,-0.000000
1874,0.806874,-0.001886,9.399232,0.636522,0.000000
1875,0.802072,-0.002195,17.170652,0.625196,0.000000
1876,0.805275,0.018165,25.377000,0.618709,-0.000000
1877,0.791443,-0.008357,31.836122,0.623402,-0.000000
1878,0.749673,0.001441,43.188216,0.629044,0.000000
1879,0.817040,-0.000953,33.213007,0.634042,-0.000000
1880,0.784518,0.001638,42.335212,0.644597,-0.000000
1881,0.791171,-0.004407,25.577781,0.641211,0.000000
1882,0.783637,-0.003233,21.674777,0.644512,0.000000
1883,0.825808,0.000393,26.425433,0.642256,0.000000
1884,0.793486,-0.003087,33.682023,0.644318,0.000000
1885,0.793668,0.002429,18.209042,0.660721,-0.000000
1886,0.810082,-0.005867,24.616047,0.683652,0.000000
1887,0.741964,0.006047,14.871207,0.699376,-0.000000
1888,0.682922,0.132360,20.062754,0.701864,0.000000
1889,0.743609,0.003229,22.072524,0.701590,0.000000
1890,0.756272,0.000572,12.426182,0.700635,-0.000000
1891,0.794202,0.002956,23.836647,0.710223,-0.000000
1892,0.806725,0.005452,10.393124,0.728253,0.000000
1893,0.752277,0.020155,16.044856,0.733326,-0.000000
1894,0.614995,0.011900,7.970608,0.724785,-0.000000
1895,0.738367,-0.003349,23.852535,0.717029,0.000000
1896,0.686763,0.102024,7.073088,0.693346,0.000000
1897,0.728351,0.034177,4.833201,0.673486,-0.000000
1898,0.809821,-0.003856,18.662993,0.688305,-0.000000
1899,0.810988,0.007089,19.990698,0.721803,0.000000
1900,0.782939,0.026645,18.929730,0.737146,-0.000000
1901,0.806665,-0.004716,12.131746,0.746799,0.000000
1902,0.808307,0.003597,20.974842,0.750221,0.000000
1903,0.816545,-0.001603,51.570384,0.761450,0.000000
1904,0.820389,0.003906,38.150829,0.784967,0.000000
1905,0.789549,0.001513,41.468820,0.794151,0.000000
1906,0.764658,0.001609,26.075824,0.798097,0.000000
1907,0.741964,0.046428,14.591574,0.805237,0.000000
1908,0.786204,-0.003699,33.011319,0.815524,-0.000000
1909,0.790117,0.063905,16.767781,0.798545,0.000000
1910,0.806560,0.007502,23.855001,0.773296,0.000000
1911,0.822523,0.000495,36.380154,0.778844,0.000000
1912,0.817949,-0.004026,36.417611,0.799646,0.000000
1913,0.825257,0.000166,28.941956,0.815876,0.000000
1914,0.825259,-0.000784,30.180267,0.833413,-0.000000
1915,0.823283,0.001016,25.298685,0.848526,-0.000000
1916,0.825227,0.002187,34.266426,0.865352,0.000000
1917,0.686704,0.297801,32.719855,0.893917,0.000000
1918,0.796894,0.010351,29.279903,0.899361,-0.000000
1919,0.771800,0.002585,23.607312,0.900759,-0.000000
1920,0.782436,0.039218,10.046234,0.887904,0.000000
1921,0.795404,0.014172,20.602693,0.867346,0.000000
1922,0.770156,0.000213,41.526355,0.864170,0.000000
1923,0.774508,0.000074,25.500739,0.870865,0.000000
1924,0.761197,-0.002244,10.965547,0.870964,0.000000
1925,0.744534,0.006272,11.720687,0.857141,-0.000000
1926,0.785799,-0.000029,10.478223,0.850366,0.000000
1927,0.814830,0.010823,27.075904,0.855245,-0.000000
1928,0.709450,-0.002226,25.132327,0.863161,-0.000000
1929,0.737764,0.014189,28.670853,0.864208,-0.000000
1930,0.711681,0.013243,21.323679,0.872161,-0.000000
1931,0.729389,0.021117,9.319540,0.868479,0.000000
1932,0.683507,0.061099,11.869052,0.856855,-0.000000
1933,0.774375,0.057790,10.046612,0.851277,0.000000
1934,0.736170,0.001733,14.662678,0.842421,-0.000000
1935,0.734985,0.042877,15.149930,0.830278,0.000000
1936,0.753062,0.004264,7.322734,0.818230,0.000000
1937,0.792251,0.016257,4.499273,0.823123,0.000000
1938,0.791045,0.031880,3.569431,0.826411,0.000000
1939,0.754716,0.051514,3.829406,0.823100,0.000000
1940,0.767409,0.021656,8.201675,0.814783,-0.000000
1941,0.779361,0.011663,3.588666,0.792347,0.000000
1942,0.759774,0.049305,3.221113,0.774410,0.000000
1943,0.755252,0.005386,15.532608,0.779123,-0.000000
1944,0.797611,0.000021,4.275821,0.786393,0.000000
1945,0.749963,0.046515,3.485646,0.780668,-0.000000
1946,0.681163,0.019737,20.556181,0.763940,-0.000000
1947,0.699530,0.018435,7.666036,0.744426,0.000000
1948,0.732163,0.024896,4.910698,0.732896,0.000000
1949,0.741138,-0.001554,5.463528,0.725426,-0.000000
1950,0.715602,0.010106,11.039112,0.733926,0.000000
1951,0.734514,-0.004038,18.000578,0.744287,0.000000
1952,0.754191,0.038740,6.210204,0.734577,-0.000000
1953,0.780992,0.000159,11.887589,0.731183,0.000000
1954,0.797253,-0.004305,20.871686,0.763439,-0.000000
1955,0.748041,0.183702,9.942266,0.761362,-0.000000
1956,0.782962,-0.003523,12.795492,0.757474,-0.000000
1957,0.743546,-0.000162,19.809719,0.773177,-0.000000
1958,0.789903,0.005690,15.522819,0.777505,-0.000000
1959,0.767688,0.013233,22.450776,0.779778,0.000000
1960,0.776342,0.001091,6.917268,0.785960,0.000000
1961,0.750761,0.718513,15.872674,0.788348,-0.000000
1962,0.773003,0.011816,17.844249,0.799828,0.000000
1963,0.770116,0.004616,15.315848,0.815455,0.000000
1964,0.797418,0.006891,14.924568,0.819876,0.000000
1965,0.814171,0.003089,15.964775,0.802755,0.000000
1966,0.780204,0.004163,20.432693,0.786520,0.000000
1967,0.770863,-0.002525,7.339323,0.782957,-0.000000
1968,0.774495,0.010000,3.227821,0.779633,0.000000
1969,0.806969,2.091569,6.967797,0.776464,-0.000000
1970,0.752237,0.000261,14.793250,0.763055,-0.000000
1971,0.728871,0.093995,8.659755,0.746846,0.000000
1972,0.729734,0.006151,5.617953,0.728024,-0.000000
1973,0.806471,0.015817,9.916929,0.709284,-0.000000
1974,0.718908,0.010645,7.639707,0.692481,-0.000000
1975,0.762107,-0.000872,18.969465,0.701116,0.000000
1976,0.815919,0.015115,28.046025,0.711775,-0.000000
1977,0.783374,0.001496,16.783122,0.724349,-0.000000
1978,0.740406,-0.007095,24.948410,0.734374,0.000000
1979,0.808356,-0.000877,24.701434,0.735855,0.000000
1980,0.815197,0.169538,29.568247,0.751058,0.000000
1981,0.755477,-0.003545,45.284350,0.783780,-0.000000
1982,0.718244,0.025505,23.674712,0.808896,0.000000
1983,0.795570,0.004114,18.926873,0.825789,0.000000
1984,0.779792,0.019760,11.511830,0.834980,-0.000000
1985,0.792122,0.000397,36.466131,0.820753,-0.000000
1986,0.787937,0.015646,27.444773,0.813131,0.000000
1987,0.799608,0.004876,27.601919,0.811675,0.000000
1988,0.818722,0.000777,28.863072,0.823341,-0.000000
1989,0.786200,-0.000403,32.748787,0.836210,-0.000000
1990,0.806260,0.008465,29.787338,0.820663,-0.000000
1991,0.789983,0.237116,27.224501,0.811656,0.000000
1992,0.797431,0.001438,26.538686,0.808756,0.000000
1993,0.791028,0.044105,26.659910,0.798393,0.000000
1994,0.750117,0.007657,29.170956,0.795506,-0.000000
1995,0.805864,-0.000931,26.395146,0.787043,0.000000
1996,0.733959,0.020873,13.298262,0.788845,0.000000
1997,0.801778,-0.005326,31.700904,0.789872,0.000000
1998,0.774074,0.158376,15.123263,0.789284,-0.000000
1999,0.786392,0.035463,10.519086,0.799658,-0.000000
2000,0.814776,0.003964,23.366709,0.812494,-0.000000
2001,0.777129,0.070813,16.699206,0.815503,-0.000000
2002,0.714688,0.004407,27.201675,0.810212,0.000000
2003,0.679847,0.046097,23.889607,0.808232,0.000000
2004,0.704878,0.032867,11.317216,0.806785,-0.000000
2005,0.783689,0.292254,25.722593,0.795321,0.000000
2006,0.697640,0.013869,9.375642,0.785842,-0.000000
2007,0.771394,0.313789,15.186901,0.765991,-0.000000
2008,0.752348,0.586118,24.645864,0.754017,0.000000
2009,0.693440,0.052405,5.387024,0.759115,-0.000000
2010,0.493975,0.086126,11.913070,0.758662,-0.000000
2011,0.614874,0.088621,3.522974,0.750483,-0.000000
2012,0.742858,0.027989,4.050511,0.735210,-0.000000
2013,0.676657,0.016239,5.439028,0.713998,-0.000000
2014,0.775286,0.050886,15.035301,0.689313,0.000000
2015,0.654430,0.031400,5.575132,0.664011,0.000000
2016,0.655095,0.047900,4.094992,0.632460,0.000000
2017,0.744690,0.009634,6.783970,0.627957,0.000000
2018,0.795479,0.045257,5.726557,0.634780,0.000000
2019,0.722816,0.023093,4.203427,0.616023,-0.000000
2020,0.700428,0.040489,2.232913,0.581404,0.000000
2021,0.736618,0.022801,9.370693,0.569197,0.000000
2022,0.717613,0.017535,2.922146,0.570576,-0.000000
2023,0.683029,0.073491,4.144054,0.569480,0.000000
2024,0.711818,0.029967,2.579436,0.559693,-0.000000
2025,0.750213,0.201366,4.801411,0.547477,-0.000000
2026,0.800022,0.003144,18.727485,0.539862,-0.000000
2027,0.816693,0.002050,18.108423,0.529488,0.000000
2028,0.777886,0.029894,20.098326,0.523612,-0.000000
2029,0.705853,-0.000313,14.650241,0.526427,-0.000000
2030,0.718276,-0.006557,17.033610,0.524422,0.000000
2031,0.791909,0.002517,29.261161,0.545947,0.000000
2032,0.753325,-0.000956,14.657304,0.575550,0.000000
2033,0.741882,0.013254,16.966692,0.577498,-0.000000
2034,0.809361,0.010989,20.849942,0.563141,-0.000000
2035,0.814811,0.011402,14.857002,0.551013,0.000000
2036,0.740345,0.015932,7.136516,0.545520,0.000000
2037,0.809768,0.014159,9.983128,0.528543,-0.000000
2038,0.769664,0.104603,10.742514,0.522379,-0.000000
2039,0.760420,0.082234,13.147334,0.526312,-0.000000
2040,0.748885,0.004847,16.768278,0.526759,0.000000
2041,0.806600,0.006531,9.228937,0.522617,0.000000
2042,0.698871,0.018283,21.948348,0.514094,-0.000000
2043,0.762769,-0.000398,22.305101,0.513260,-0.000000
2044,0.765217,0.015721,12.238576,0.514669,0.000000
2045,0.749430,0.002012,22.258119,0.530923,0.000000
2046,0.787393,0.004233,17.891347,0.548192,0.000000
2047,0.796440,0.003118,13.807044,0.577755,-0.000000
2048,0.784322,0.030601,16.017870,0.592885,0.000000
2049,0.730982,0.067402,13.064257,0.576787,-0.000000
2050,0.636002,0.032099,5.928384,0.546858,-0.000000
2051,0.771008,0.013272,4.260949,0.526784,-0.000000
2052,0.638259,0.015526,8.030133,0.516961,0.000000
2053,0.730812,0.018591,5.806200,0.515964,-0.000000
2054,0.750572,0.038355,6.410607,0.510651,0.000000
2055,0.677904,0.057351,8.165109,0.500691,-0.000000
2056,0.681440,0.502901,10.189821,0.487228,-0.000000
2057,0.754374,0.000321,14.615022,0.472996,0.000000
2058,0.780592,0.003610,25.926579,0.478411,-0.000000
2059,0.797819,-0.001139,30.056229,0.489486,0.000000
2060,0.786551,-0.001933,22.721744,0.505332,-0.000000
2061,0.824112,-0.003700,30.722006,0.528447,0.000000
2062,0.712245,0.009835,24.592549,0.540517,0.000000
2063,0.748391,0.028916,14.300247,0.524437,-0.000000
2064,0.802093,-0.004198,23.173545,0.519698,0.000000
2065,0.787363,0.001522,20.209299,0.531721,0.000000
2066,0.828964,0.003552,31.065379,0.534034,-0.000000
2067,0.822709,0.000504,29.196465,0.547569,-0.000000
2068,0.782446,-0.001462,20.248923,0.573033,-0.000000
2069,0.811257,0.003940,25.475715,0.586776,0.000000
2070,0.819862,0.001653,23.361874,0.589844,-0.000000
2071,0.814439,0.003713,15.180139,0.602166,0.000000
2072,0.824435,-0.002277,25.010848,0.621116,-0.000000
2073,0.822417,0.003282,28.349906,0.642334,0.000000
2074,0.774124,-0.000703,28.472763,0.657733,0.000000
2075,0.741273,0.003643,18.226514,0.652823,0.000000
2076,0.747012,0.006788,14.106120,0.657689,0.000000
2077,0.778407,-0.001585,9.267000,0.670707,0.000000
2078,0.761969,0.021831,16.460631,0.680548,0.000000
2079,0.812629,0.004331,24.102105,0.681251,0.000000
2080,0.797220,0.007503,22.657292,0.691993,-0.000000
2081,0.747655,0.002304,18.244707,0.701271,-0.000000
2082,0.690231,0.010342,18.834347,0.714181,-0.000000
2083,0.810457,-0.002729,26.061163,0.724581,-0.000000
2084,0.773337,0.035406,12.327376,0.728376,-0.000000
2085,0.775224,0.007565,27.098453,0.738106,0.000000
2086,0.789552,0.058903,16.184118,0.745101,-0.000000
2087,0.694880,0.008609,10.650327,0.741045,-0.000000
2088,0.688432,0.003127,3.213492,0.728115,0.000000
2089,0.728033,0.000736,5.674532,0.716432,0.000000
2090,0.790486,0.005354,7.677509,0.695117,0.000000
2091,0.797660,0.032003,11.295502,0.659290,0.000000
2092,0.744224,0.006921,13.286431,0.634306,0.000000
2093,0.603403,0.004563,31.230040,0.622606,0.000000
2094,0.740874,-0.002109,15.785343,0.632541,0.000000
2095,0.736383,0.007451,7.498589,0.642247,-0.000000
2096,0.745180,0.002520,26.386857,0.646816,0.000000
2097,0.694495,0.007332,8.748618,0.646125,-0.000000
2098,0.744814,0.007606,9.750214,0.634041,0.000000
2099,0.768624,0.004706,9.431898,0.616939,0.000000
2100,0.753923,0.011017,5.977826,0.611433,0.000000
2101,0.675944,0.026154,5.251378,0.619874,-0.000000
2102,0.774435,-0.004008,17.695591,0.623345,0.000000
2103,0.661626,0.026545,2.590998,0.621701,-0.000000
2104,0.738015,0.004477,4.470765,0.614243,0.000000
2105,0.668775,0.015065,8.435774,0.616162,0.000000
2106,0.723174,0.000155,11.363442,0.611948,0.000000
2107,0.654554,0.004965,2.789077,0.602552,-0.000000
2108,0.754301,0.006808,6.796167,0.594733,0.000000
2109,0.697766,0.002607,2.759210,0.586527,0.000000
2110,0.716027,0.127086,7.907244,0.588545,-0.000000
2111,0.684509,0.005603,4.216618,0.603577,-0.000000
2112,0.705471,0.009675,2.777337,0.611101,0.000000
2113,0.781791,0.021991,2.421675,0.601393,0.000000
2114,0.716579,0.011546,2.621800,0.584802,-0.000000
2115,0.762437,-0.002883,13.349483,0.581720,0.000000
2116,0.798249,-0.001939,12.907929,0.606054,0.000000
2117,0.772840,-0.001000,13.120173,0.618109,0.000000
2118,0.781476,-0.005968,18.887154,0.630414,0.000000
2119,0.794410,0.000349,25.098876,0.657247,-0.000000
2120,0.763231,0.010941,18.024177,0.657417,0.000000
2121,0.810243,-0.001804,17.162210,0.667048,-0.000000
2122,0.785419,-0.004434,31.708520,0.693222,-0.000000
2123,0.786191,-0.002846,36.301248,0.710491,0.000000
2124,0.628815,0.002945,14.749921,0.721497,-0.000000
2125,0.787236,0.038171,19.549247,0.718997,0.000000
2126,0.732853,-0.003884,18.629760,0.723757,-0.000000
2127,0.710275,0.002788,28.483866,0.730604,0.000000
2128,0.718060,0.011728,8.945836,0.731616,0.000000
2129,0.780057,-0.004283,16.171373,0.724471,-0.000000
2130,0.814604,-0.002558,24.031558,0.708487,0.000000
2131,0.772050,-0.000199,18.249996,0.695954,-0.000000
2132,0.749829,0.010027,15.196948,0.692780,0.000000
2133,0.809245,-0.001466,12.619566,0.712981,0.000000
2134,0.808082,-0.001355,13.441846,0.714047,0.000000
2135,0.813293,-0.000601,36.041905,0.717626,-0.000000
2136,0.807678,-0.003067,28.507239,0.734708,0.000000
2137,0.785728,-0.000364,29.741879,0.743770,0.000000
2138,0.792362,-0.006750,21.700758,0.754186,0.000000
2139,0.785346,0.004474,17.894069,0.760294,-0.000000
2140,0.783887,-0.000783,17.608699,0.764052,-0.000000
2141,0.791372,0.001704,23.633580,0.777014,-0.000000
2142,0.817656,-0.002566,18.204702,0.778230,0.000000
2143,0.753793,0.004819,31.818921,0.781725,0.000000
2144,0.752281,-0.001298,16.006771,0.780530,0.000000
2145,0.774280,0.029039,20.249316,0.773466,0.000000
2146,0.808433,0.005891,23.562114,0.768725,-0.000000
2147,0.791091,0.024680,8.065533,0.773838,-0.000000
2148,0.783764,0.000460,15.950054,0.771189,0.000000
2149,0.739516,-0.003624,6.033956,0.768645,-0.000000
2150,0.774228,0.011774,29.142920,0.766132,0.000000
2151,0.778069,0.019310,14.167020,0.762969,0.000000
2152,0.816913,0.009206,15.105600,0.768169,0.000000
2153,0.803212,0.002050,16.937104,0.770657,0.000000
2154,0.753461,0.035121,9.776373,0.770035,-0.000000
2155,0.765410,0.005904,11.602896,0.764981,-0.000000
2156,0.788583,0.010290,12.608013,0.754474,0.000000
2157,0.770997,-0.000508,11.285459,0.745083,0.000000
2158,0.738086,0.031570,8.508872,0.741145,-0.000000
2159,0.784507,-0.001009,27.262684,0.746914,-0.000000
2160,0.632129,0.001812,15.706384,0.755809,-0.000000
2161,0.735930,0.007409,23.223304,0.746916,0.000000
2162,0.642445,0.003780,7.620129,0.727989,-0.000000
2163,0.783042,0.005338,14.775468,0.720801,-0.000000
2164,0.682302,0.057398,7.902120,0.722468,-0.000000
2165,0.678588,0.018129,5.394894,0.711380,-0.000000
2166,0.737070,0.008263,7.432803,0.687941,-0.000000
2167,0.803874,0.006328,13.244810,0.673975,-0.000000
2168,0.776495,0.001207,24.568320,0.659588,-0.000000
2169,0.778649,-0.001736,12.807964,0.655205,0.000000
2170,0.724268,0.007811,8.185791,0.659835,-0.000000
2171,0.732781,0.009158,11.116210,0.647188,-0.000000
2172,0.706475,0.045017,9.780659,0.639698,-0.000000
2173,0.666861,0.008492,28.438275,0.645974,0.000000
2174,0.680840,0.002934,6.990244,0.656395,0.000000
2175,0.694453,0.025282,1.987222,0.670642,0.000000
2176,0.633001,0.025750,10.032674,0.686309,-0.000000
2177,0.578649,-0.000319,6.958524,0.695762,-0.000000
2178,0.700586,0.018245,4.060101,0.700986,0.000000
2179,0.734659,0.037637,7.506695,0.698908,-0.000000
2180,0.736725,0.001037,6.199845,0.699090,-0.000000
2181,0.789762,0.065206,16.226944,0.715464,0.000000
2182,0.713215,0.036961,1.952542,0.725077,0.000000
2183,0.694048,-0.006197,18.732257,0.723772,0.000000
2184,0.709281,0.012626,8.885514,0.731027,-0.000000
2185,0.754030,0.011485,16.559936,0.731096,0.000000
2186,0.779447,0.011084,8.396401,0.748387,0.000000
2187,0.780097,0.013847,18.458440,0.764016,0.000000
2188,0.778164,0.001278,9.256045,0.767160,0.000000
2189,0.796463,0.000568,4.807919,0.764302,0.000000
2190,0.794043,0.002790,20.720189,0.761943,-0.000000
2191,0.798544,0.004773,29.331933,0.755734,0.000000
2192,0.800112,-0.000580,15.105232,0.755883,0.000000
2193,0.803470,-0.005071,21.856132,0.767589,-0.000000
2194,0.699235,-0.000391,31.687674,0.772364,0.000000
2195,0.613564,0.008360,29.814995,0.760610,-0.000000
2196,0.598306,0.002642,20.098147,0.757160,-0.000000
2197,0.599758,0.004175,7.978315,0.761796,0.000000
2198,0.738499,-0.000949,23.493494,0.748423,0.000000
2199,0.787283,0.040499,13.033310,0.724551,-0.000000
2200,0.793664,0.009469,18.871135,0.731780,-0.000000
2201,0.777436,0.000305,17.043459,0.738561,-0.000000
2202,0.774755,0.001161,12.158049,0.726485,-0.000000
2203,0.786345,-0.000451,9.169491,0.731184,-0.000000
2204,0.739713,0.033268,15.486719,0.731770,-0.000000
2205,0.768324,0.002527,11.087480,0.712203,-0.000000
2206,0.788249,-0.001443,31.938759,0.724258,0.000000
2207,0.752746,0.019156,12.571111,0.741815,0.000000
2208,0.778704,-0.003137,10.409560,0.733170,-0.000000
2209,0.774005,0.012660,16.230688,0.721479,0.000000
2210,0.801759,-0.005894,18.832007,0.735857,0.000000
2211,0.737038,0.007723,34.002277,0.761341,-0.000000
2212,0.806440,0.006833,18.392737,0.762753,0.000000
2213,0.724082,0.017658,20.240316,0.767859,0.000000
2214,0.691254,0.054031,7.496788,0.761490,-0.000000
2215,0.717394,0.012418,6.334684,0.745240,-0.000000
2216,0.715447,0.020463,6.059700,0.731335,-0.000000
2217,0.757477,0.024258,8.786785,0.717549,0.000000
2218,0.776024,0.006098,10.306408,0.714969,-0.000000
2219,0.728472,0.005973,7.266128,0.723879,-0.000000
2220,0.793829,0.003086,18.185727,0.738265,-0.000000
2221,0.769711,0.035449,16.493233,0.744444,0.000000
2222,0.788551,-0.000012,10.506318,0.737543,0.000000
2223,0.756288,0.049488,30.125788,0.737155,0.000000
2224,0.732721,-0.000671,5.721507,0.734808,0.000000
2225,0.764416,0.005343,4.519275,0.725750,-0.000000
2226,0.756680,0.004336,12.337853,0.718436,-0.000000
2227,0.703597,0.087026,3.925417,0.725700,-0.000000
2228,0.789166,-0.000231,5.686043,0.732335,0.000000
2229,0.666546,0.026787,3.482479,0.727536,0.000000
2230,0.722808,0.006408,16.330419,0.709261,-0.000000
2231,0.697972,0.031904,2.899054,0.694458,0.000000
2232,0.733043,0.002509,23.613933,0.687426,0.000000
2233,0.695413,0.008227,9.490055,0.690238,-0.000000
2234,0.713595,0.010336,5.859502,0.681157,0.000000
2235,0.730662,0.007233,11.586575,0.661451,-0.000000
2236,0.797135,0.001573,19.994181,0.645069,0.000000
2237,0.749129,0.000968,27.343543,0.651607,0.000000
2238,0.789438,-0.001792,17.592018,0.658717,-0.000000
2239,0.724527,0.009775,5.493691,0.653648,-0.000000
2240,0.678020,0.007546,6.333963,0.643029,0.000000
2241,0.727738,0.003727,4.761872,0.633891,-0.000000
2242,0.763368,-0.006846,24.082668,0.644013,-0.000000
2243,0.772830,-0.005010,17.395177,0.647655,0.000000
2244,0.784844,0.032809,7.115092,0.643439,0.000000
2245,0.795192,-0.000570,16.105796,0.649456,-0.000000
2246,0.778418,-0.003106,27.000628,0.668923,-0.000000
2247,0.771564,-0.000198,16.231232,0.682949,-0.000000
2248,0.787293,0.004090,29.401153,0.671292,0.000000
2249,0.810793,-0.005149,24.626890,0.662492,-0.000000
2250,0.812329,0.003897,28.406493,0.667779,-0.000000
2251,0.771275,0.002333,26.531242,0.677651,0.000000
2252,0.796461,0.001698,30.158446,0.685592,0.000000
2253,0.800913,0.002526,14.032562,0.681182,-0.000000
2254,0.799165,-0.000945,13.576909,0.679843,-0.000000
2255,0.819146,0.001356,44.023290,0.707173,-0.000000
2256,0.784285,0.030168,36.690940,0.730228,-0.000000
2257,0.762012,0.002177,8.385792,0.730439,0.000000
2258,0.776274,0.089266,23.899469,0.716697,0.000000
2259,0.739453,0.008922,33.910739,0.705843,0.000000
2260,0.687147,0.021122,17.414848,0.701326,-0.000000
2261,0.729256,0.110930,17.052087,0.696828,0.000000
2262,0.757046,0.003959,8.335894,0.702077,0.000000
2263,0.744276,0.009463,6.489179,0.699139,0.000000
2264,0.759025,0.014086,4.561497,0.689526,-0.000000
2265,0.786082,-0.002577,15.925336,0.688768,0.000000
2266,0.764933,-0.004305,6.224945,0.684610,0.000000
2267,0.793407,0.002437,11.132918,0.682069,0.000000
2268,0.702892,0.013256,15.163195,0.695547,0.000000
2269,0.697772,-0.003844,9.354254,0.699515,0.000000
2270,0.789643,-0.002486,25.628810,0.697152,0.000000
2271,0.665521,0.057637,2.805944,0.684519,-0.000000
2272,0.768041,0.138910,10.779036,0.670690,0.000000
2273,0.737945,0.010342,2.846562,0.668165,-0.000000
2274,0.731900,-0.003356,15.608122,0.663745,0.000000
2275,0.742586,0.023684,2.547080,0.661256,-0.000000
2276,0.778759,0.001575,6.073477,0.664456,-0.000000
2277,0.709144,0.027841,22.550074,0.673044,-0.000000
2278,0.691930,0.012838,17.100475,0.672703,-0.000000
2279,0.638750,0.007046,8.562923,0.660660,-0.000000
2280,0.650668,0.058591,11.503211,0.635624,-0.000000
2281,0.618424,-0.000146,8.422799,0.619782,0.000000
2282,0.771971,-0.000765,16.517045,0.613270,0.000000
2283,0.675460,0.005784,9.519948,0.599336,-0.000000
2284,0.743666,0.018292,12.875363,0.599871,0.000000
2285,0.701665,0.044373,3.603757,0.594315,-0.000000
2286,0.746332,0.054624,6.052670,0.579625,-0.000000
2287,0.736190,0.007690,4.591180,0.573807,-0.000000
2288,0.707108,0.057593,3.529324,0.562313,-0.000000
2289,0.798896,0.002794,7.075063,0.544774,0.000000
2290,0.801951,-0.001311,21.025644,0.547762,0.000000
2291,0.802168,0.041271,10.251751,0.563211,0.000000
2292,0.791016,-0.001613,32.296166,0.572461,0.000000
2293,0.774786,-0.002438,10.067096,0.588850,-0.000000
2294,0.747898,-0.003742,28.635447,0.600751,0.000000
2295,0.758348,-0.000936,12.088176,0.615637,0.000000
2296,0.816275,-0.001796,26.336902,0.614758,0.000000
2297,0.808336,-0.000401,22.574450,0.611834,0.000000
2298,0.757889,-0.001900,29.613745,0.632402,-0.000000
2299,0.815799,-0.002594,24.987698,0.648832,-0.000000
2300,0.792146,-0.005303,6.586341,0.641610,-0.000000
2301,0.743381,0.001736,16.339030,0.633116,0.000000
2302,0.797184,-0.002908,24.975096,0.630287,-0.000000
2303,0.797475,-0.002168,22.522565,0.633158,0.000000
2304,0.788153,-0.002775,25.756191,0.656275,0.000000
2305,0.801932,0.001234,16.511339,0.674495,-0.000000
2306,0.816024,0.033872,25.570529,0.681967,0.000000
2307,0.811463,-0.002253,21.008294,0.705378,0.000000
2308,0.813269,0.001440,14.855626,0.736374,0.000000
2309,0.810814,0.007869,15.266815,0.753059,-0.000000
2310,0.767358,0.006445,11.644393,0.760384,0.000000
2311,0.775630,0.022252,16.437416,0.780284,-0.000000
2312,0.671982,0.008598,21.564691,0.798171,0.000000
2313,0.779101,0.014723,19.631247,0.805145,0.000000
2314,0.773571,-0.003534,16.237734,0.802775,0.000000
2315,0.798713,0.011036,12.740129,0.804587,0.000000
2316,0.774102,-0.000024,13.082394,0.813918,-0.000000
2317,0.785317,-0.004441,18.933281,0.831376,0.000000
2318,0.778715,0.002980,12.999507,0.843555,0.000000
2319,0.728024,-0.001936,7.011128,0.849194,0.000000
2320,0.775235,0.003824,7.829900,0.844545,0.000000
2321,0.784882,0.008828,22.350032,0.859857,0.000000
2322,0.727436,0.017105,8.372045,0.867178,-0.000000
2323,0.803997,0.011508,27.898549,0.867265,-0.000000
2324,0.763360,0.039642,9.898203,0.871267,0.000000
2325,0.783851,0.751997,15.802883,0.860171,0.000000
2326,0.803712,0.012712,16.619377,0.859311,0.000000
2327,0.790650,0.007548,16.402100,0.871050,0.000000
2328,0.704722,0.004184,28.922245,0.883189,0.000000
2329,0.810830,0.063061,34.471213,0.895486,-0.000000
2330,0.782314,0.000949,31.584711,0.905744,0.000000
2331,0.746929,0.008287,27.031812,0.904337,0.000000
2332,0.784021,0.011240,25.971392,0.895539,0.000000
2333,0.791180,0.022084,43.386816,0.898859,-0.000000
2334,0.821842,0.009341,42.289169,0.909914,-0.000000
2335,0.792743,0.136921,41.647815,0.919337,0.000000
2336,0.757126,-0.000199,17.184972,0.917202,-0.000000
2337,0.786624,-0.001926,28.006399,0.930780,0.000000
2338,0.812478,-0.005158,53.665672,0.960999,-0.000000
2339,0.788615,0.006855,34.318780,0.975141,-0.000000
2340,0.792692,0.011717,36.303525,0.967694,0.000000
2341,0.795372,-0.003988,33.171720,0.972445,0.000000
2342,0.792866,0.004255,36.975633,0.999900,-0.000000
2343,0.749617,0.047697,16.278837,1.007802,-0.000000
2344,0.781932,0.013141,16.779339,1.005607,0.000000
2345,0.777829,0.017850,26.251351,1.010807,0.000000
2346,0.775227,0.076703,13.613679,1.008400,-0.000000
2347,0.770000,0.012759,8.727398,0.986100,0.000000
2348,0.815220,-0.011591,36.813974,0.987561,0.000000
2349,0.788426,0.016613,21.235011,1.005485,0.000000
2350,0.792423,0.063489,29.541963,1.004394,0.000000
2351,0.805285,-0.000645,35.295765,1.006201,-0.000000
2352,0.813682,0.210905,36.746929,1.006309,0.000000
2353,0.808810,0.006241,32.537502,0.990080,0.000000
2354,0.782926,0.027959,19.792226,0.978498,-0.000000
2355,0.780360,0.014451,17.189071,0.969795,0.000000
2356,0.812116,0.002604,33.341659,0.972422,0.000000
2357,0.810927,-0.001512,33.352868,1.001659,0.000000
2358,0.762370,0.030965,23.354024,1.018294,-0.000000
2359,0.809576,0.003170,21.742112,1.003703,-0.000000
2360,0.813930,0.004633,26.288667,0.986876,0.000000
2361,0.784376,0.008939,21.731158,0.988774,-0.000000
2362,0.706520,0.024443,23.647237,0.992500,0.000000
2363,0.776223,0.050055,25.911688,0.988680,-0.000000
2364,0.724816,0.032702,15.322176,0.978526,0.000000
2365,0.745456,0.086644,14.097228,0.965073,0.000000
2366,0.727263,0.078744,11.932977,0.950473,0.000000
2367,0.772090,0.020925,17.929221,0.949615,0.000000
2368,0.778992,0.068796,19.620208,0.945888,-0.000000
2369,0.776319,0.014238,16.299471,0.926186,0.000000
2370,0.810036,0.014958,25.938780,0.903407,0.000000
2371,0.799345,0.021416,16.067671,0.887159,0.000000
2372,0.808733,0.006521,22.096639,0.874120,-0.000000
2373,0.714699,0.039988,8.664211,0.856140,-0.000000
2374,0.815151,0.003252,19.191414,0.854124,0.000000
2375,0.709109,0.022000,4.310174,0.859698,0.000000
2376,0.719503,0.028937,21.504548,0.859385,0.000000
2377,0.698471,0.030540,9.515478,0.853787,0.000000
2378,0.726588,0.022368,3.596064,0.841345,0.000000
2379,0.699899,0.024525,5.654270,0.824595,0.000000
2380,0.724411,0.020143,5.799129,0.805700,-0.000000
2381,0.778162,0.114363,9.152802,0.796579,-0.000000
2382,0.771575,0.006527,5.165765,0.788512,0.000000
2383,0.772837,0.020770,11.343750,0.778945,0.000000
2384,0.747798,0.085473,3.753654,0.769270,0.000000
2385,0.694152,0.138255,3.607172,0.746773,0.000000
2386,0.792882,0.001303,8.675626,0.737944,0.000000
2387,0.774753,0.001522,15.858028,0.736718,0.000000
2388,0.793977,0.034723,7.456489,0.722432,-0.000000
2389,0.766688,0.005661,6.584953,0.698862,0.000000
2390,0.807334,0.000120,16.279948,0.689795,-0.000000
2391,0.798807,-0.002584,6.644393,0.695296,-0.000000
2392,0.786844,0.048098,7.514930,0.696651,0.000000
2393,0.731212,0.220630,2.882372,0.691311,0.000000
2394,0.771741,0.001078,5.824912,0.684510,0.000000
2395,0.772215,0.008748,4.069261,0.690930,-0.000000
2396,0.754464,0.033349,4.391248,0.684021,-0.000000
2397,0.776269,-0.000345,31.568914,0.675506,-0.000000
2398,0.761628,0.073822,7.840143,0.677682,0.000000
2399,0.767490,0.007289,13.198921,0.678034,0.000000
2400,0.795099,0.001663,8.379105,0.678084,-0.000000
2401,0.759421,0.002189,18.708019,0.675660,0.000000
2402,0.768825,0.010158,27.088429,0.688060,-0.000000
2403,0.749352,0.004215,6.751910,0.695312,-0.000000
2404,0.752105,0.003249,15.370642,0.696425,-0.000000
2405,0.776649,0.015705,21.558951,0.695593,0.000000
2406,0.731444,0.084350,16.185039,0.688845,-0.000000
2407,0.655197,0.080351,5.357424,0.670836,-0.000000
2408,0.722766,0.016631,3.735376,0.641459,-0.000000
2409,0.741842,0.072513,2.844171,0.609021,0.000000
2410,0.744858,0.009795,8.465506,0.586159,0.000000
2411,0.786472,-0.001449,11.449725,0.577619,0.000000
2412,0.775413,0.003587,20.423152,0.567005,-0.000000
2413,0.738621,0.000713,6.136208,0.552604,0.000000
2414,0.769437,0.000932,14.890124,0.550377,0.000000
2415,0.684642,0.034650,2.691659,0.549049,-0.000000
2416,0.749053,0.026339,16.844134,0.553045,0.000000
2417,0.757022,0.001762,16.042949,0.567119,-0.000000
2418,0.755640,-0.000736,14.798821,0.578628,0.000000
2419,0.743846,0.161030,15.200933,0.584565,0.000000
2420,0.788110,0.001097,13.639512,0.581269,0.000000
2421,0.757954,0.047057,15.841267,0.580470,0.000000
2422,0.694171,0.006935,3.167128,0.573199,0.000000
2423,0.685178,0.014381,3.614285,0.573799,0.000000
2424,0.774321,0.015300,16.823129,0.578379,-0.000000
2425,0.696930,0.060098,25.714810,0.590435,0.000000
2426,0.788749,0.003220,19.379788,0.612799,0.000000
2427,0.745717,0.043799,9.147305,0.635567,0.000000
2428,0.801901,0.051897,13.736331,0.641638,-0.000000
2429,0.746972,0.027171,16.723722,0.648391,0.000000
2430,0.780773,-0.002133,14.345167,0.649235,-0.000000
2431,0.779592,-0.002624,19.327265,0.663799,-0.000000
2432,0.750719,0.046213,4.475989,0.652004,-0.000000
2433,0.758508,0.015360,16.765305,0.633035,-0.000000
2434,0.756315,-0.001706,6.066751,0.626383,-0.000000
2435,0.812036,0.001152,21.174093,0.638601,0.000000
2436,0.791725,1.489293,13.281037,0.653043,-0.000000
2437,0.746064,-0.002968,33.073690,0.650992,-0.000000
2438,0.757910,0.002445,10.095527,0.659859,0.000000
2439,0.710730,0.018536,4.526248,0.662257,0.000000
2440,0.801670,0.002398,31.041223,0.663456,0.000000
2441,0.750994,0.024137,3.147259,0.656234,-0.000000
2442,0.777565,0.007005,20.909687,0.646551,0.000000
2443,0.758569,-0.004673,4.026949,0.651061,-0.000000
2444,0.719835,0.000723,26.830668,0.667090,0.000000
2445,0.726468,-0.007921,13.734347,0.687267,0.000000
2446,0.772919,0.007698,15.157804,0.693362,0.000000
2447,0.765209,0.013390,9.210531,0.690330,-0.000000
2448,0.728806,0.007212,7.221292,0.693541,0.000000
2449,0.803830,-0.006587,7.722151,0.698839,0.000000
2450,0.781580,-0.002618,29.269116,0.718986,0.000000
2451,0.795374,-0.004468,26.761776,0.733938,0.000000
2452,0.784628,0.017624,32.106247,0.743439,-0.000000
2453,0.703033,-0.002938,21.103308,0.750216,0.000000
2454,0.718165,0.013119,5.850503,0.752376,0.000000
2455,0.779579,-0.003869,13.747569,0.777323,-0.000000
2456,0.735723,0.059480,3.224219,0.811152,-0.000000
2457,0.748496,0.000235,7.212041,0.820186,-0.000000
2458,0.772097,0.005522,19.341122,0.825616,-0.000000
2459,0.714632,0.009158,12.290878,0.833810,0.000000
2460,0.758435,0.002188,9.239945,0.834355,-0.000000
2461,0.794971,-0.004821,19.861837,0.843607,0.000000
2462,0.781748,0.003624,7.821979,0.869266,0.000000
2463,0.780946,0.000427,3.885760,0.874244,0.000000
2464,0.773141,0.068428,24.762769,0.870803,0.000000
2465,0.766642,0.032548,14.316120,0.858903,-0.000000
2466,0.764438,0.023658,20.676257,0.846090,-0.000000
2467,0.759358,-0.002324,12.964016,0.844771,-0.000000
2468,0.794967,0.116004,8.153176,0.858891,0.000000
2469,0.796781,-0.002142,27.396477,0.880778,0.000000
2470,0.781559,-0.001425,18.233804,0.904538,0.000000
2471,0.773315,0.009624,10.788786,0.915339,-0.000000
2472,0.753678,0.009814,7.609990,0.901755,0.000000
2473,0.692027,0.000155,11.534339,0.898402,-0.000000
2474,0.552140,0.025593,13.025118,0.897190,0.000000
2475,0.682481,0.032252,17.043718,0.883183,-0.000000
2476,0.595421,0.048972,11.965178,0.870778,-0.000000
2477,0.701100,0.022288,4.307236,0.846188,0.000000
2478,0.670019,0.147180,3.066798,0.819640,-0.000000
2479,0.571435,0.040182,4.844175,0.784605,0.000000
2480,0.622695,0.006925,3.419070,0.753906,-0.000000
2481,0.649903,0.000103,2.627686,0.731346,0.000000
2482,0.658696,0.141829,1.895134,0.703512,-0.000000
2483,0.639737,-0.002422,3.078017,0.696652,0.000000
2484,0.629308,0.026113,9.254115,0.694950,-0.000000
2485,0.686502,-0.002322,1.649019,0.680276,0.000000
2486,0.659951,0.019019,3.688971,0.664258,0.000000
2487,0.694855,0.003965,1.826855,0.654430,0.000000
2488,0.702145,0.029009,2.287851,0.646853,0.000000
2489,0.663924,0.005148,1.675875,0.635882,0.000000
2490,0.692902,0.039031,1.070520,0.635909,0.000000
2491,0.675341,0.011652,1.562589,0.623871,0.000000
2492,0.738759,0.047733,2.148884,0.620854,0.000000
2493,0.745705,-0.002557,8.534727,0.631069,0.000000
2494,0.713620,-0.000615,4.522331,0.636071,0.000000
2495,0.756328,0.005308,2.676727,0.620185,0.000000
2496,0.781842,0.008792,2.581290,0.594975,0.000000
2497,0.787755,0.002602,7.171886,0.596834,0.000000
2498,0.798559,-0.004988,4.439163,0.623629,-0.000000
2499,0.798701,0.020600,2.731042,0.627309,-0.000000
2500,0.800638,-0.002286,8.528858,0.635833,0.000000
2501,0.803231,-0.002082,13.369616,0.668954,-0.000000
2502,0.805441,0.063218,8.612121,0.691980,0.000000
2503,0.810403,0.026310,11.402656,0.703064,0.000000
2504,0.799851,0.032387,6.078428,0.717615,0.000000
2505,0.787647,0.002143,28.976964,0.735219,-0.000000
2506,0.811458,0.003897,8.654031,0.750904,-0.000000
2507,0.812439,0.008846,22.047462,0.748785,-0.000000
2508,0.809790,-0.001613,17.977065,0.747325,-0.000000
2509,0.814220,0.002356,13.695898,0.769044,0.000000
2510,0.816005,-0.003300,14.327319,0.787991,-0.000000
2511,0.809560,0.002916,13.601854,0.817849,0.000000
2512,0.816111,0.000691,21.341605,0.866658,0.000000
2513,0.818187,-0.000995,13.208776,0.892398,-0.000000
2514,0.818504,0.000063,26.704866,0.890581,0.000000
2515,0.808527,-0.001600,24.893062,0.904017,-0.000000
2516,0.813780,0.022598,12.734898,0.924588,0.000000
2517,0.806683,-0.003785,9.201391,0.937359,0.000000
2518,0.815662,0.010992,16.138429,0.941468,0.000000
2519,0.803270,0.146384,13.657583,0.934367,0.000000
2520,0.802540,-0.001521,27.208141,0.924211,0.000000
2521,0.791021,0.000472,8.309688,0.921340,0.000000
2522,0.786923,-0.000529,25.548919,0.928544,-0.000000
2523,0.775353,0.001831,23.806230,0.934929,-0.000000
2524,0.775376,0.042552,17.105918,0.951230,-0.000000
2525,0.811330,-0.000028,16.676042,0.960676,0.000000
2526,0.734206,0.019070,27.258785,0.970592,-0.000000
2527,0.811763,-0.004336,19.361622,0.981936,-0.000000
2528,0.778649,-0.002782,18.407778,0.983665,0.000000
2529,0.739200,0.047708,11.286682,0.958728,0.000000
2530,0.746399,0.126891,5.211097,0.924737,0.000000
2531,0.767563,0.003484,10.412047,0.909852,0.000000
2532,0.700586,-0.003936,10.442084,0.905989,-0.000000
2533,0.760583,-0.006106,31.399680,0.905925,-0.000000
2534,0.807539,0.009522,34.884107,0.909607,-0.000000
2535,0.746954,-0.002854,35.856453,0.904522,0.000000
2536,0.752434,0.022721,22.860860,0.904281,0.000000
2537,0.743002,0.029369,11.105498,0.902903,0.000000
2538,0.728741,0.040234,4.187568,0.890757,0.000000
2539,0.781243,-0.004996,15.871032,0.870968,0.000000
2540,0.726838,0.082425,7.151581,0.864361,-0.000000
2541,0.773312,0.014504,9.413218,0.850210,-0.000000
2542,0.745452,0.022941,14.020868,0.815023,0.000000
2543,0.696314,0.032770,32.451851,0.790340,0.000000
2544,0.734969,-0.000331,29.238164,0.795836,-0.000000
2545,0.743902,0.037546,4.536153,0.799359,-0.000000
2546,0.709937,0.007090,4.602495,0.796744,-0.000000
2547,0.775214,0.012414,14.780187,0.787270,0.000000
2548,0.766517,0.003373,12.607336,0.786675,0.000000
2549,0.775357,0.006784,15.145137,0.796489,-0.000000
2550,0.724258,0.002449,25.458300,0.806028,-0.000000
2551,0.790334,0.015987,9.320032,0.812696,0.000000
2552,0.793398,0.003416,31.871134,0.821754,0.000000
2553,0.775845,-0.000926,10.027686,0.831708,-0.000000
2554,0.777837,0.009194,13.822776,0.840675,-0.000000
2555,0.761144,0.021410,4.020805,0.824196,-0.000000
2556,0.747572,0.006494,4.761328,0.793093,0.000000
2557,0.801821,0.001415,12.337900,0.774600,0.000000
2558,0.819596,-0.006201,33.189941,0.774070,-0.000000
2559,0.806959,-0.002845,23.123015,0.788858,-0.000000
2560,0.771422,-0.004446,27.054766,0.800556,0.000000
2561,0.808460,0.022179,11.637971,0.800382,0.000000
2562,0.818763,-0.002284,28.524869,0.798822,-0.000000
2563,0.779315,0.000668,9.979850,0.809677,0.000000
2564,0.807873,0.004598,18.576738,0.814716,-0.000000
2565,0.797390,0.010034,5.284223,0.798073,0.000000
2566,0.819834,-0.003271,36.279019,0.779852,0.000000
2567,0.816340,-0.003291,27.541330,0.791955,-0.000000
2568,0.800028,-0.001720,19.032998,0.824809,0.000000
2569,0.815236,0.001133,20.341016,0.834209,0.000000
2570,0.796707,0.019802,12.657387,0.828930,0.000000
2571,0.785486,-0.002169,24.915146,0.834749,0.000000
2572,0.750443,0.008407,28.663928,0.847548,0.000000
2573,0.676137,0.024944,32.455657,0.848959,-0.000000
2574,0.749455,-0.003327,5.257958,0.844746,-0.000000
2575,0.796873,0.015347,29.280086,0.841446,0.000000
2576,0.774539,0.003098,20.583179,0.837689,0.000000
2577,0.814937,-0.000861,24.940389,0.838697,-0.000000
2578,0.804966,-0.000724,23.629960,0.842286,0.000000
2579,0.678340,0.010607,27.852868,0.852745,0.000000
2580,0.702021,-0.002412,16.731840,0.877087,0.000000
2581,0.644683,0.000884,12.834196,0.894862,0.000000
2582,0.754621,0.019094,34.469396,0.886640,-0.000000
2583,0.747851,-0.000787,11.718739,0.893909,-0.000000
2584,0.770049,0.011906,25.037153,0.901779,0.000000
2585,0.725660,0.087824,14.301841,0.888429,0.000000
2586,0.706429,0.007414,7.613214,0.887817,-0.000000
2587,0.736933,-0.001936,15.891013,0.899322,0.000000
2588,0.772880,0.007848,13.159947,0.905235,0.000000
2589,0.676191,0.019977,36.390516,0.892641,0.000000
2590,0.711039,0.009849,13.190915,0.864285,0.000000
2591,0.712732,-0.000425,23.556272,0.859362,-0.000000
2592,0.740363,0.000255,36.803809,0.884765,0.000000
2593,0.758070,0.005226,13.658730,0.886877,0.000000
2594,0.712288,0.024358,4.233838,0.878723,0.000000
2595,0.805677,-0.000158,19.829894,0.902863,0.000000
2596,0.803782,0.015325,21.923628,0.947044,-0.000000
2597,0.812227,-0.002020,42.296761,0.966148,-0.000000
2598,0.800477,-0.002317,27.748974,0.972886,0.000000
2599,0.810874,0.001985,28.855047,0.984254,0.000000
2600,0.813267,-0.002990,21.511133,1.026643,-0.000000
2601,0.725648,0.066872,4.733092,1.038127,-0.000000
2602,0.793832,0.011446,29.407298,1.029417,0.000000
2603,0.783958,0.008262,18.275889,1.028388,0.000000
2604,0.764891,0.300288,8.993140,1.014402,0.000000
2605,0.809985,-0.000413,23.710196,1.020051,0.000000
2606,0.770107,-0.004211,23.408116,1.039135,0.000000
2607,0.760667,0.005247,15.003093,1.052942,-0.000000
2608,0.786838,0.008128,12.084258,1.060078,0.000000
2609,0.711438,-0.002821,34.850056,1.067894,0.000000
2610,0.705769,0.010441,30.873253,1.079965,0.000000
2611,0.668854,0.028589,8.919065,1.077688,0.000000
2612,0.739404,0.001165,15.982119,1.065380,0.000000
2613,0.759783,0.000401,14.753702,1.076069,0.000000
2614,0.782258,0.034172,6.795824,1.086716,0.000000
2615,0.788877,0.016936,5.474835,1.071160,0.000000
2616,0.761580,0.033463,8.659576,1.049830,-0.000000
2617,0.735663,0.059887,6.191328,1.026526,-0.000000
2618,0.734877,10.135113,7.756382,1.000058,0.000000
2619,0.802725,0.001799,9.541196,0.992748,0.000000
2620,0.731274,0.098475,11.013058,1.000198,0.000000
2621,0.747699,0.016753,11.411242,0.980847,-0.000000
2622,0.729465,0.029516,6.620663,0.951078,-0.000000
2623,0.809537,0.001650,14.581049,0.942377,0.000000
2624,0.759877,0.013849,5.571496,0.951895,-0.000000
2625,0.759281,-0.001091,15.914733,0.959603,-0.000000
2626,0.798378,-0.005925,17.786323,0.971003,0.000000
2627,0.717223,0.003314,51.567869,0.975462,-0.000000
2628,0.709764,0.048362,34.401240,0.964435,-0.000000
2629,0.646271,0.165492,15.289398,0.959550,0.000000
2630,0.699160,0.012233,4.499820,0.956182,0.000000
2631,0.743797,0.104565,7.273002,0.959262,-0.000000
2632,0.732860,0.006012,8.578532,0.951002,0.000000
2633,0.741358,0.042477,15.735268,0.930736,0.000000
2634,0.791249,-0.002223,24.146727,0.914035,0.000000
2635,0.764083,0.011486,10.856387,0.919776,-0.000000
2636,0.709835,-0.005396,8.295063,0.937383,0.000000
2637,0.720362,0.017576,6.241164,0.934254,0.000000
2638,0.710837,0.008314,12.914301,0.920382,-0.000000
2639,0.757709,0.000506,15.896792,0.923836,-0.000000
2640,0.808806,0.058367,27.094813,0.933974,0.000000
2641,0.768934,0.001672,14.335850,0.942643,0.000000
2642,0.723454,0.006814,8.035021,0.959693,-0.000000
2643,0.766141,0.005872,9.171151,0.978226,-0.000000
2644,0.772868,-0.001417,12.004208,0.984468,-0.000000
2645,0.749906,0.062992,10.741751,0.979960,-0.000000
2646,0.717864,0.036160,3.543850,0.984157,0.000000
2647,0.705647,0.012511,8.876631,0.981555,0.000000
2648,0.722792,0.014827,4.760057,0.980012,0.000000
2649,0.647207,0.030937,18.114675,0.987141,0.000000
2650,0.771792,0.039227,4.754033,0.986862,0.000000
2651,0.710601,0.001444,3.392139,0.969883,0.000000
2652,0.771052,0.011619,3.944255,0.956966,0.000000
2653,0.706593,0.080310,4.469115,0.944256,-0.000000
2654,0.732204,0.028992,4.164421,0.934332,-0.000000
2655,0.727849,0.017741,11.168011,0.939075,0.000000
2656,0.727036,0.003376,4.998850,0.949613,-0.000000
2657,0.707234,0.026873,4.351212,0.941513,0.000000
2658,0.769498,0.016470,6.925602,0.941748,0.000000
2659,0.723742,-0.002421,12.535625,0.964708,-0.000000
2660,0.743593,0.022600,2.743754,0.983835,0.000000
2661,0.752165,0.018327,9.068161,0.980155,-0.000000
2662,0.731192,-0.001004,14.630281,0.976188,-0.000000
2663,0.760513,0.018116,7.780189,0.983215,-0.000000
2664,0.679917,0.017419,3.335934,0.970882,0.000000
2665,0.696348,3.030159,3.083044,0.958410,-0.000000
2666,0.758877,0.007842,12.739451,0.944366,-0.000000
2667,0.677630,0.028849,7.230866,0.942402,-0.000000
2668,0.662421,0.011466,2.380110,0.936092,0.000000
2669,0.682019,0.012404,2.434389,0.922288,-0.000000
2670,0.682746,0.016960,2.960070,0.907651,-0.000000
2671,0.764499,0.001659,4.348199,0.896431,-0.000000
2672,0.776268,0.012295,7.211420,0.895954,-0.000000
2673,0.713519,0.015643,13.795928,0.891147,0.000000
2674,0.768875,0.008745,8.104630,0.866183,0.000000
2675,0.741225,0.002069,15.016089,0.857619,-0.000000
2676,0.792580,0.000724,15.321295,0.876603,0.000000
2677,0.738103,0.027445,5.477038,0.877829,0.000000
2678,0.717232,0.012344,10.303041,0.857344,-0.000000
2679,0.666863,0.006832,1.899166,0.834036,0.000000
2680,0.709125,0.029317,2.952633,0.815057,0.000000
2681,0.738538,-0.001125,11.481397,0.835141,-0.000000
2682,0.695081,-0.000057,7.453356,0.854246,-0.000000
2683,0.697272,0.019258,1.978817,0.841759,0.000000
2684,0.684177,0.048366,2.875386,0.827505,0.000000
2685,0.687744,0.014736,1.684591,0.820066,0.000000
2686,0.730560,0.006833,7.451613,0.822925,0.000000
2687,0.709863,0.261632,10.186945,0.822365,0.000000
2688,0.721485,0.013090,3.891886,0.795401,0.000000
2689,0.703327,0.006346,8.101997,0.779494,0.000000
2690,0.725519,0.003276,5.828348,0.777957,0.000000
2691,0.710764,0.023586,1.812945,0.774653,0.000000
2692,0.681805,0.209858,7.141040,0.771558,-0.000000
2693,0.696418,0.000035,1.571988,0.769296,0.000000
2694,0.700486,0.013551,2.861240,0.766996,0.000000
2695,0.665938,0.003621,5.283912,0.758358,0.000000
2696,0.684734,0.061584,4.408721,0.756186,-0.000000
2697,0.662600,0.023540,2.148022,0.747186,0.000000
2698,0.675918,0.014523,1.781359,0.735403,-0.000000
2699,0.709738,-0.004113,2.876962,0.734941,-0.000000
2700,0.671851,0.023222,2.030063,0.733208,-0.000000
2701,0.737504,0.211237,8.659156,0.747204,0.000000
2702,0.777009,0.002244,11.320577,0.756432,-0.000000
2703,0.700930,0.014681,2.331838,0.744336,-0.000000
2704,0.732110,0.053925,2.085232,0.735156,-0.000000
2705,0.722752,0.047212,19.529126,0.728109,0.000000
2706,0.711978,0.013795,5.302408,0.719996,0.000000
2707,0.755470,-0.003561,8.167283,0.715575,0.000000
2708,0.762916,0.002003,8.775616,0.712710,0.000000
2709,0.751940,0.017588,1.989779,0.693849,0.000000
2710,0.734077,0.006115,8.482648,0.684808,-0.000000
2711,0.725207,-0.003501,8.361479,0.701278,0.000000
2712,0.668466,-0.009099,5.363603,0.713438,0.000000
2713,0.772621,0.057510,3.920217,0.696416,0.000000
2714,0.746149,0.002441,5.822594,0.679912,-0.000000
2715,0.693876,0.011694,3.583285,0.667282,0.000000
2716,0.752695,0.001058,1.485641,0.653983,0.000000
2717,0.751258,0.045014,5.169427,0.637998,0.000000
2718,0.641256,0.018799,9.517032,0.613349,0.000000
2719,0.684363,0.023914,5.210264,0.597414,0.000000
2720,0.724445,0.087146,1.469439,0.585758,-0.000000
2721,0.711143,0.003857,2.538543,0.581570,0.000000
2722,0.681120,0.029677,1.597413,0.573983,0.000000
2723,0.695471,0.013128,3.859965,0.558941,-0.000000
2724,0.731953,-0.001191,2.966350,0.539217,0.000000
2725,0.640991,0.068170,4.627404,0.518715,-0.000000
2726,0.717593,0.001070,7.619011,0.504344,-0.000000
2727,0.689687,0.020269,1.739768,0.499682,-0.000000
2728,0.731354,0.007324,2.468803,0.481965,-0.000000
2729,0.684594,0.018331,0.943076,0.463094,0.000000
2730,0.712025,0.024438,1.048154,0.452457,-0.000000
2731,0.678931,-0.001164,1.238960,0.443390,0.000000
2732,0.717170,0.016353,2.506733,0.436345,0.000000
2733,0.677696,0.019506,1.610484,0.442451,0.000000
2734,0.737748,-0.002481,3.220099,0.456317,-0.000000
2735,0.692463,-0.005743,8.706513,0.468303,-0.000000
2736,0.671091,0.014513,12.766078,0.474072,-0.000000
2737,0.746158,0.003819,1.625014,0.474412,0.000000
2738,0.684531,0.406815,1.883753,0.471304,0.000000
2739,0.689946,0.022319,2.541568,0.452728,-0.000000
2740,0.714661,0.003343,0.965737,0.442847,-0.000000
2741,0.742576,0.004991,2.148256,0.445344,-0.000000
2742,0.693949,-0.002893,2.365270,0.448008,-0.000000
2743,0.752330,0.075159,1.081185,0.449561,0.000000
2744,0.730899,0.007212,5.664832,0.447533,0.000000
2745,0.763806,0.004919,3.385902,0.439263,0.000000
2746,0.735612,0.084436,3.322568,0.421939,0.000000
2747,0.757764,-0.007146,13.170344,0.415249,-0.000000
2748,0.776058,0.001242,3.293260,0.421753,-0.000000
2749,0.758404,-0.001854,2.383782,0.422762,0.000000
2750,0.776786,0.062207,2.118944,0.405971,-0.000000
2751,0.769965,-0.004173,1.319084,0.384296,0.000000
2752,0.734858,0.012499,16.104699,0.386151,0.000000
2753,0.527552,0.002243,7.798834,0.395700,0.000000
2754,0.779135,-0.005286,7.730445,0.394062,-0.000000
2755,0.773466,-0.003617,1.918969,0.395227,0.000000
2756,0.779768,0.005026,2.960852,0.391164,-0.000000
2757,0.740275,0.003785,6.230122,0.379794,0.000000
2758,0.719974,0.027958,2.449071,0.376760,0.000000
2759,0.704947,0.015488,1.686208,0.376274,0.000000
2760,0.797714,-0.000059,15.565185,0.367791,-0.000000
2761,0.753686,0.004156,2.370046,0.370611,0.000000
2762,0.711726,0.052455,5.672716,0.382402,-0.000000
2763,0.741626,0.009745,3.376012,0.386923,0.000000
2764,0.767901,0.039268,2.920499,0.393824,0.000000
2765,0.781026,-0.002099,18.181661,0.407648,-0.000000
2766,0.714225,-0.000663,12.069422,0.418034,-0.000000
2767,0.760565,0.011672,16.194329,0.428071,-0.000000
2768,0.722090,0.009269,4.840629,0.424850,-0.000000
2769,0.788394,0.000722,21.115291,0.412754,-0.000000
2770,0.723332,0.002106,6.266346,0.398993,0.000000
2771,0.757870,0.004628,6.473024,0.378334,0.000000
2772,0.799817,-0.002480,30.427688,0.366605,0.000000
2773,0.749133,-0.003172,14.345598,0.375043,0.000000
2774,0.709204,0.005018,24.160717,0.380604,-0.000000
2775,0.771141,0.005465,8.973722,0.379269,0.000000
2776,0.774455,-0.005012,16.831607,0.362391,-0.000000
2777,0.797911,0.001516,26.085438,0.361578,0.000000
2778,0.760254,0.004825,5.499016,0.385738,0.000000
2779,0.767111,-0.001995,11.985441,0.392109,-0.000000
2780,0.737585,0.004083,11.371613,0.387966,0.000000
2781,0.756020,0.033731,13.624076,0.391857,-0.000000
2782,0.699009,0.019150,5.780768,0.390637,-0.000000
2783,0.731928,0.132248,2.437178,0.373091,-0.000000
2784,0.715676,0.018336,1.803605,0.366845,0.000000
2785,0.697592,0.000280,2.140292,0.363998,0.000000
2786,0.770099,0.040940,10.216102,0.360042,0.000000
2787,0.690274,0.002507,6.410747,0.368648,0.000000
2788,0.705468,0.014206,5.035438,0.374415,0.000000
2789,0.699753,0.011673,2.030647,0.367981,-0.000000
2790,0.699715,0.012454,2.583831,0.368909,0.000000
2791,0.727499,0.004288,2.791296,0.382726,0.000000
2792,0.783521,-0.003230,10.412223,0.398535,-0.000000
2793,0.795889,-0.001186,9.854578,0.413077,0.000000
2794,0.784755,0.006461,3.418466,0.421099,0.000000
2795,0.782447,-0.001560,7.926095,0.424358,-0.000000
2796,0.803127,-0.002519,10.198580,0.423871,0.000000
2797,0.790225,-0.003771,29.500198,0.440456,0.000000
2798,0.794782,0.014225,8.619628,0.470078,0.000000
2799,0.770207,0.004188,24.868385,0.475771,-0.000000
2800,0.794642,-0.000885,7.496448,0.473842,0.000000
2801,0.777371,-0.004229,14.386193,0.482150,0.000000
2802,0.764355,-0.002966,15.367920,0.494254,0.000000
2803,0.792925,-0.003904,10.427123,0.506290,0.000000
2804,0.808545,-0.008826,12.836638,0.514516,0.000000
2805,0.790492,-0.003898,9.929007,0.527662,-0.000000
2806,0.770383,0.147319,16.167564,0.540697,0.000000
2807,0.756100,-0.004320,11.464381,0.548711,-0.000000
2808,0.784538,0.011659,6.301696,0.549104,0.000000
2809,0.795974,0.000278,7.836815,0.542177,0.000000
2810,0.754687,-0.002689,8.771530,0.541172,0.000000
2811,0.778157,0.001556,7.198950,0.551195,0.000000
2812,0.774894,0.001513,7.150323,0.565300,0.000000
2813,0.768345,-0.002922,18.754920,0.569232,0.000000
2814,0.608462,-0.003410,17.163234,0.567705,0.000000
2815,0.671774,-0.000346,17.154258,0.556345,-0.000000
2816,0.731705,0.006204,7.728949,0.543838,-0.000000
2817,0.736981,0.010980,3.013535,0.544296,-0.000000
2818,0.731434,0.013215,2.089245,0.552464,-0.000000
2819,0.714492,0.004540,41.506019,0.555118,-0.000000
2820,0.772895,-0.002693,8.180079,0.557254,0.000000
2821,0.784757,-0.002341,17.879161,0.560890,0.000000
2822,0.793433,-0.000620,7.903760,0.568583,-0.000000
2823,0.761199,-0.002862,15.151946,0.561877,0.000000
2824,0.756196,-0.001905,17.944084,0.568904,0.000000
2825,0.761458,0.001404,3.408616,0.569602,-0.000000
2826,0.807881,-0.001686,23.428595,0.562679,-0.000000
2827,0.788093,-0.004723,13.660482,0.585208,0.000000
2828,0.786201,0.010726,26.777149,0.622201,0.000000
2829,0.756294,0.015229,5.654363,0.630754,-0.000000
2830,0.809035,0.000101,14.168769,0.628153,0.000000
2831,0.803752,0.015906,27.636004,0.642549,0.000000
2832,0.739914,-0.001666,10.182397,0.650942,0.000000
2833,0.782096,-0.001887,16.557695,0.664048,0.000000
2834,0.775301,-0.002751,12.888416,0.672583,0.000000
2835,0.791559,0.002895,23.935679,0.674623,0.000000
2836,0.782825,0.000935,23.931882,0.694147,0.000000
2837,0.795254,0.006564,14.904793,0.700350,-0.000000
2838,0.771648,0.008575,4.587262,0.691442,0.000000
2839,0.722345,0.010139,9.899408,0.695269,-0.000000
2840,0.697664,0.098664,4.984659,0.700403,-0.000000
2841,0.755675,0.001034,7.529733,0.701701,0.000000
2842,0.745929,0.007912,11.417456,0.703448,-0.000000
2843,0.784474,0.039173,2.832632,0.694740,0.000000
2844,0.781086,-0.003578,10.529729,0.688598,0.000000
2845,0.762926,-0.006987,2.852191,0.679678,0.000000
2846,0.729104,0.000782,7.657559,0.686783,0.000000
2847,0.735477,0.081032,5.884889,0.689600,0.000000
2848,0.752866,0.009434,7.967312,0.674939,-0.000000
2849,0.797148,0.000940,16.141403,0.661586,0.000000
2850,0.765256,0.002324,8.639935,0.650946,0.000000
2851,0.760074,0.052370,9.592379,0.639286,-0.000000
2852,0.793132,-0.001910,11.850640,0.633669,-0.000000
2853,0.767059,-0.005841,10.698878,0.633987,0.000000
2854,0.812826,-0.003569,19.205795,0.645851,0.000000
2855,0.809020,0.012451,12.710893,0.643219,-0.000000
2856,0.800065,0.014865,23.338975,0.631047,-0.000000
2857,0.795697,-0.002197,6.707946,0.624819,-0.000000
2858,0.815363,-0.004576,23.533699,0.630110,0.000000
2859,0.803505,-0.002442,10.044895,0.644788,0.000000
2860,0.810921,-0.005907,23.059065,0.669469,0.000000
2861,0.811023,-0.001175,26.052728,0.693206,0.000000
2862,0.735827,0.001078,32.485017,0.703271,0.000000
2863,0.781549,0.000837,33.702294,0.730867,0.000000
2864,0.745501,-0.000137,27.926786,0.758099,-0.000000
2865,0.691060,0.001313,28.550541,0.757014,0.000000
2866,0.780853,0.006049,20.642679,0.765978,0.000000
2867,0.767612,0.113936,14.651082,0.770845,0.000000
2868,0.792874,0.004762,16.779613,0.762724,0.000000
2869,0.801455,0.002149,13.276648,0.746121,0.000000
2870,0.780271,-0.001809,25.975302,0.739242,0.000000
2871,0.817282,0.004265,14.013929,0.750296,-0.000000
2872,0.778707,-0.004618,13.053915,0.773564,0.000000
2873,0.811483,-0.003147,7.771797,0.791992,-0.000000
2874,0.778002,-0.002965,13.453137,0.801494,-0.000000
2875,0.790076,-0.004126,9.143351,0.803492,0.000000
2876,0.788193,-0.002716,4.701554,0.801499,-0.000000
2877,0.786683,0.035378,16.838444,0.820413,0.000000
2878,0.766035,0.012464,4.081920,0.827258,-0.000000
2879,0.786391,0.020739,7.502591,0.837574,0.000000
2880,0.795878,0.015076,7.525314,0.848415,-0.000000
2881,0.810839,-0.004119,33.302160,0.867849,-0.000000
2882,0.798896,0.002014,9.543741,0.876865,0.000000
2883,0.802525,0.009803,15.583212,0.875329,0.000000
2884,0.806549,0.002667,13.999796,0.885643,0.000000
2885,0.820219,0.009020,29.090061,0.908920,0.000000
2886,0.808021,-0.000701,22.804579,0.934713,-0.000000
2887,0.815252,-0.002546,50.048096,0.968741,-0.000000
2888,0.819950,0.002108,43.457147,1.002153,0.000000
2889,0.809178,-0.005989,37.199968,1.012182,0.000000
2890,0.811703,-0.000200,36.789687,1.025797,-0.000000
2891,0.791006,0.021466,32.916240,1.046635,0.000000
2892,0.799731,-0.001811,16.564155,1.068345,0.000000
2893,0.758209,0.002167,42.948232,1.069265,0.000000
2894,0.818587,0.008667,33.429464,1.070434,-0.000000
2895,0.808399,-0.001395,32.169523,1.083276,-0.000000
2896,0.813362,0.007767,29.381763,1.088202,0.000000
2897,0.686377,0.006014,31.878944,1.088436,0.000000
2898,0.815777,0.008378,25.444613,1.097928,0.000000
2899,0.737530,-0.000441,26.984148,1.106793,-0.000000
2900,0.813448,-0.000452,28.607719,1.114903,0.000000
2901,0.659260,-0.005325,26.848459,1.111424,0.000000
2902,0.782610,0.002096,27.167970,1.115458,0.000000
2903,0.802753,0.023380,26.872551,1.118927,0.000000
2904,0.764174,0.008799,18.645093,1.109395,0.000000
2905,0.784176,0.013408,27.758733,1.123554,-0.000000
2906,0.808662,0.001219,26.338098,1.139491,-0.000000
2907,0.768318,0.023899,19.277975,1.125820,0.000000
2908,0.738814,0.068283,28.787839,1.098361,0.000000
2909,0.551246,0.011414,8.381504,1.089146,0.000000
2910,0.616124,0.008618,7.538819,1.084668,-0.000000
2911,0.762261,0.020495,8.830088,1.080673,0.000000
2912,0.688732,0.072941,8.890213,1.065705,0.000000
2913,0.730839,0.010835,3.161664,1.045410,0.000000
2914,0.756042,0.007680,3.445920,1.033794,0.000000
2915,0.793476,0.007148,5.757290,1.029110,-0.000000
2916,0.786433,0.011408,9.206302,1.025564,-0.000000
2917,0.778226,0.019953,7.899550,1.029552,-0.000000
2918,0.782521,0.042745,47.078176,1.027522,-0.000000
2919,0.786096,0.009618,16.926036,1.017813,0.000000
2920,0.752525,0.087590,11.087712,1.007145,0.000000
2921,0.763221,0.007245,6.766493,0.990297,0.000000
2922,0.725058,0.005812,11.910619,0.968551,0.000000
2923,0.682274,0.001319,36.691145,0.975064,0.000000
2924,0.776694,0.019809,21.501728,0.990271,-0.000000
2925,0.739397,0.029820,6.615634,0.982746,-0.000000
2926,0.787688,-0.005198,21.227400,0.966685,-0.000000
2927,0.800501,-0.002909,25.195811,0.965396,-0.000000
2928,0.785446,0.035861,2.659568,0.967187,-0.000000
2929,0.807393,0.000300,23.121704,0.980605,-0.000000
2930,0.799103,0.001267,18.873076,1.015176,-0.000000
2931,0.804028,0.037070,13.070227,1.031970,-0.000000
2932,0.796261,-0.003336,8.246237,1.033144,0.000000
2933,0.804047,0.016296,10.138496,1.035403,-0.000000
2934,0.802099,0.002936,18.854728,1.021579,0.000000
2935,0.796199,0.065103,39.101427,1.023141,0.000000
2936,0.772889,0.006483,20.106542,1.041486,-0.000000
2937,0.775945,0.049225,33.445520,1.057933,-0.000000
2938,0.743522,0.006258,35.518744,1.074983,0.000000
2939,0.735972,0.009496,20.455664,1.085545,0.000000
2940,0.727466,0.002984,14.864322,1.093416,-0.000000
2941,0.663535,0.011740,8.890198,1.097093,-0.000000
2942,0.601284,0.032747,5.478682,1.084357,-0.000000
2943,0.718922,0.076791,1.705630,1.055243,0.000000
2944,0.714208,-0.000133,5.347651,1.032244,0.000000
2945,0.763588,0.012698,7.732498,1.016330,0.000000
2946,0.795672,0.038352,4.066216,1.000635,0.000000
2947,0.741361,-0.003815,6.671540,0.983226,-0.000000
2948,0.752570,0.020694,2.348382,0.957468,0.000000
2949,0.780946,0.007537,14.082596,0.963655,0.000000
2950,0.805253,0.008561,8.292994,0.986097,0.000000
2951,0.784186,0.014656,6.802328,0.986033,0.000000
2952,0.793326,-0.002569,9.595348,0.982843,0.000000
2953,0.787412,0.005343,6.806624,0.987357,-0.000000
2954,0.797333,0.004638,13.323172,0.999253,-0.000000
2955,0.800158,0.006023,22.979276,0.998510,0.000000
2956,0.810719,0.001059,24.906967,1.001164,0.000000
2957,0.774262,0.022818,12.758436,0.988089,0.000000
2958,0.789933,-0.004253,17.879573,0.964037,0.000000
2959,0.804570,0.007646,41.989600,0.945184,0.000000
2960,0.809928,-0.002148,19.764595,0.942424,0.000000
2961,0.807009,0.001991,9.671695,0.965690,0.000000
2962,0.797406,0.106076,14.807522,0.974122,0.000000
2963,0.808935,0.000035,17.328549,0.964637,0.000000
2964,0.801288,-0.004407,35.656326,0.969245,0.000000
2965,0.801738,0.014623,19.796546,0.972463,-0.000000
2966,0.767182,0.009748,6.974528,0.957202,-0.000000
2967,0.797108,-0.002237,7.314659,0.951279,0.000000
2968,0.799575,0.017850,7.625438,0.953364,0.000000
2969,0.805210,0.000124,13.025821,0.954471,-0.000000
2970,0.791295,-0.001090,10.375285,0.953937,0.000000
2971,0.804698,0.004538,5.154070,0.946578,0.000000
2972,0.791969,0.009304,3.492120,0.934517,0.000000
2973,0.727216,0.025835,7.346139,0.923663,0.000000
2974,0.758178,0.003447,6.919777,0.925119,-0.000000
2975,0.799970,0.017081,13.446702,0.931142,-0.000000
2976,0.797895,-0.001991,10.083761,0.949812,0.000000
2977,0.801573,-0.000979,33.065093,0.958931,0.000000
2978,0.796032,0.003521,18.691375,0.957352,-0.000000
2979,0.769528,0.064254,21.030737,0.966477,0.000000
2980,0.743197,0.018580,9.615999,0.960696,0.000000
2981,0.712628,-0.002223,18.679289,0.937099,0.000000
2982,0.729703,-0.003121,4.015879,0.934005,-0.000000
2983,0.730504,-0.001498,9.267815,0.934442,0.000000
2984,0.784609,0.009337,13.269726,0.936541,0.000000
2985,0.798861,0.014904,21.584838,0.941332,0.000000
2986,0.798267,-0.008647,19.562673,0.940038,-0.000000
2987,0.776536,-0.002951,26.635267,0.951394,-0.000000
2988,0.783199,-0.000160,20.006951,0.950776,0.000000
2989,0.807385,0.006534,29.174530,0.951308,-0.000000
2990,0.811140,-0.004213,26.231407,0.969214,-0.000000
2991,0.805475,0.002226,30.353066,0.973110,0.000000
2992,0.810383,0.003955,22.821442,0.983692,0.000000
2993,0.803941,0.005872,23.441679,0.997430,-0.000000
2994,0.813302,-0.002240,28.038288,1.003475,-0.000000
2995,0.818814,0.006447,27.299699,1.000126,-0.000000
2996,0.815341,-0.000087,29.046498,0.981887,0.000000
2997,0.813062,0.001025,29.103839,0.968115,-0.000000
2998,0.813565,0.005762,25.099259,0.967198,-0.000000
2999,0.809640,0.093209,29.709897,0.985568,0.000000
3000,0.807260,-0.002241,30.109656,1.007280,0.000000
3001,0.815159,0.001612,31.194952,1.010145,0.000000
3002,0.803226,0.001331,32.532900,1.018120,0.000000
3003,0.814338,0.000196,27.725380,1.034875,-0.000000
3004,0.811704,-0.006001,44.242599,1.063509,0.000000
3005,0.796968,0.011437,37.782002,1.078735,-0.000000
3006,0.777014,0.001771,19.599131,1.075877,0.000000
3007,0.766252,0.011349,25.180428,1.068880,0.000000
3008,0.776027,-0.002567,39.892193,1.077645,-0.000000
3009,0.801498,0.020095,33.952618,1.098308,0.000000
3010,0.811395,-0.000929,29.474429,1.095430,-0.000000
3011,0.799244,-0.002170,32.616732,1.082538,0.000000
3012,0.801529,0.000217,27.380611,1.077812,-0.000000
3013,0.803243,0.001215,34.716262,1.076247,-0.000000
3014,0.775612,0.006149,29.011633,1.077043,0.000000
3015,0.781628,0.016358,27.912265,1.077098,0.000000
3016,0.774448,0.000125,20.124623,1.064855,-0.000000
3017,0.773216,-0.003872,21.509346,1.068722,-0.000000
3018,0.775711,-0.004453,28.080247,1.092493,-0.000000
3019,0.772909,0.006249,24.518055,1.107041,0.000000
3020,0.737000,-0.000227,14.925218,1.110014,0.000000
3021,0.755427,0.038293,17.748622,1.100581,0.000000
3022,0.802155,0.010258,23.679280,1.093615,-0.000000
3023,0.804343,0.001542,17.502897,1.095228,0.000000
3024,0.812411,-0.004460,40.336782,1.115189,-0.000000
3025,0.787820,0.005271,11.661988,1.130170,0.000000
3026,0.805454,0.007484,23.239171,1.126245,0.000000
3027,0.801251,0.002632,13.388174,1.131462,-0.000000
3028,0.797694,0.002972,31.988673,1.142980,0.000000
3029,0.815528,0.007961,30.131335,1.164008,-0.000000
3030,0.811214,0.000239,19.003396,1.172351,0.000000
3031,0.797352,0.004671,10.397257,1.164809,-0.000000
3032,0.807913,0.035192,25.442854,1.158111,-0.000000
3033,0.766091,-0.001053,13.266394,1.151725,0.000000
3034,0.790074,0.002526,13.827665,1.142943,0.000000
3035,0.759519,0.006906,8.280803,1.149649,-0.000000
3036,0.802783,-0.004226,10.521068,1.160165,0.000000
3037,0.772134,0.021156,2.004362,1.145212,-0.000000
3038,0.787422,0.003538,14.700835,1.133571,-0.000000
3039,0.779989,0.001440,2.270043,1.129436,-0.000000
3040,0.766474,0.023889,1.711472,1.117092,0.000000
3041,0.746321,-0.003002,45.684893,1.118589,0.000000
3042,0.729389,-0.001233,22.468681,1.140184,0.000000
3043,0.792912,-0.004599,17.694421,1.154925,0.000000
3044,0.804467,-0.002378,28.143597,1.166052,-0.000000
3045,0.808807,-0.006513,37.279877,1.191468,0.000000
3046,0.784423,0.026637,24.532356,1.208250,0.000000
3047,0.754261,0.000233,40.046816,1.213070,0.000000
3048,0.697712,0.016657,19.913850,1.220938,0.000000
3049,0.751274,0.152311,10.890000,1.210322,0.000000
3050,0.738717,0.006346,14.583361,1.197549,0.000000
3051,0.751651,0.026996,9.166021,1.179583,0.000000
3052,0.757382,0.039849,8.999897,1.154804,-0.000000
3053,0.706964,1.387346,7.659652,1.149078,-0.000000
3054,0.592653,0.074365,5.581066,1.128878,-0.000000
3055,0.668986,0.005877,14.815564,1.106946,0.000000
3056,0.614201,0.042178,11.801916,1.097530,-0.000000
3057,0.644299,0.010098,3.491654,1.080222,-0.000000
3058,0.593819,0.012091,5.613511,1.051513,-0.000000
3059,0.743756,0.018869,31.971881,1.043118,-0.000000
3060,0.741005,-0.007227,25.581245,1.050291,0.000000
3061,0.767677,0.011538,17.341277,1.059377,-0.000000
3062,0.767912,0.010737,29.007393,1.063700,-0.000000
3063,0.797258,-0.001615,31.730671,1.060362,-0.000000
3064,0.815717,0.000229,46.051101,1.072276,-0.000000
3065,0.746067,0.002290,18.623065,1.076937,0.000000
3066,0.781475,0.001562,27.122712,1.075032,0.000000
3067,0.745137,0.055057,14.648939,1.068285,0.000000
3068,0.795736,0.060226,22.994345,1.058821,-0.000000
3069,0.788592,-0.001561,33.493785,1.061676,-0.000000
3070,0.759784,0.046923,7.793590,1.064402,0.000000
3071,0.759361,0.021336,6.972179,1.056775,-0.000000
3072,0.731936,0.000192,17.125636,1.042950,0.000000
3073,0.745580,0.002357,17.764861,1.033657,-0.000000
3074,0.765428,0.038905,22.710271,1.055617,-0.000000
3075,0.739073,0.011629,8.034933,1.070643,-0.000000
3076,0.786430,-0.002994,16.388183,1.070268,-0.000000
3077,0.753520,-0.000207,25.729297,1.078333,0.000000
3078,0.797136,0.001062,32.562156,1.093803,0.000000
3079,0.759212,0.000258,27.955683,1.110655,-0.000000
3080,0.758794,0.045852,11.153281,1.102428,-0.000000
3081,0.764535,0.011099,13.013729,1.101280,-0.000000
3082,0.743360,0.029579,12.440869,1.112956,0.000000
3083,0.710483,0.011041,12.880700,1.114851,0.000000
3084,0.750704,0.005183,5.523016,1.096639,-0.000000
3085,0.736018,0.036122,23.959199,1.087816,-0.000000
3086,0.579992,0.380463,13.660624,1.093942,0.000000
3087,0.645783,0.014504,3.612359,1.082455,-0.000000
3088,0.606976,0.024118,6.454432,1.066799,0.000000
3089,0.634504,0.019427,3.156718,1.061252,0.000000
3090,0.585643,0.006067,15.330331,1.042886,-0.000000
3091,0.568606,0.020681,4.965835,1.012464,0.000000
3092,0.573627,0.030074,1.898842,0.968959,0.000000
3093,0.718256,0.012836,12.312873,0.932091,-0.000000
3094,0.691154,0.010350,19.039049,0.939296,0.000000
3095,0.619116,0.033072,8.876599,0.957782,0.000000
3096,0.728291,0.054364,2.558239,0.951270,-0.000000
3097,0.729623,0.002763,3.261239,0.926811,-0.000000
3098,0.729584,0.007622,5.556169,0.918354,-0.000000
3099,0.736590,0.014531,2.264576,0.918773,-0.000000
3100,0.739765,0.002435,1.922801,0.916939,0.000000
3101,0.688377,0.011995,3.506673,0.920050,-0.000000
3102,0.742677,0.026798,4.072480,0.930460,-0.000000
3103,0.729855,0.066705,2.537771,0.935501,0.000000
3104,0.680537,0.005023,2.309393,0.938963,-0.000000
3105,0.636829,0.014891,2.857754,0.945834,-0.000000
3106,0.687235,0.007851,7.729455,0.939508,0.000000
3107,0.750611,-0.003529,2.585026,0.925401,-0.000000
3108,0.753205,0.007866,3.570957,0.921384,-0.000000
3109,0.740415,0.002980,4.217632,0.913825,0.000000
3110,0.754307,0.013121,5.181346,0.892208,0.000000
3111,0.786824,-0.001640,7.060996,0.862548,0.000000
3112,0.790826,0.002672,12.858427,0.846563,0.000000
3113,0.754902,0.012291,15.613753,0.843494,-0.000000
3114,0.813273,-0.003146,29.105343,0.840923,-0.000000
3115,0.737737,0.001622,30.001008,0.835320,0.000000
3116,0.676199,0.035294,2.047205,0.820998,-0.000000
3117,0.687988,-0.001598,24.664255,0.809732,0.000000
3118,0.726225,0.003737,7.327872,0.820458,0.000000
3119,0.725082,0.002225,15.947796,0.832963,-0.000000
3120,0.750577,0.004540,18.515888,0.850484,0.000000
3121,0.735610,0.001705,6.218324,0.872243,0.000000
3122,0.692086,0.003388,10.890251,0.880639,-0.000000
3123,0.653612,0.019779,3.106213,0.870598,0.000000
3124,0.713911,0.005458,10.112470,0.859895,0.000000
3125,0.755731,0.067745,12.397791,0.854611,0.000000
3126,0.699000,0.019969,12.986213,0.853320,0.000000
3127,0.630868,-0.002510,2.607473,0.843714,0.000000
3128,0.771747,-0.000386,16.063769,0.837234,-0.000000
3129,0.803088,0.015838,15.450795,0.840495,-0.000000
3130,0.796549,0.010489,14.047677,0.836065,-0.000000
3131,0.774291,-0.005943,11.560132,0.834740,0.000000
3132,0.799603,0.005619,7.822351,0.839641,0.000000
3133,0.794794,0.005867,8.099025,0.842484,0.000000
3134,0.806323,-0.000251,5.546774,0.852759,-0.000000
3135,0.663767,0.018210,26.064011,0.856156,0.000000
3136,0.790645,0.000388,10.833962,0.860446,-0.000000
3137,0.739152,-0.004667,22.679082,0.856377,-0.000000
3138,0.741327,0.027269,8.741245,0.842701,0.000000
3139,0.763791,0.005524,9.385577,0.824268,0.000000
3140,0.779601,0.001909,9.792563,0.835020,-0.000000
3141,0.799411,-0.001207,6.356757,0.856831,-0.000000
3142,0.793606,0.011160,9.859287,0.865313,0.000000
3143,0.770120,-0.002281,13.742526,0.868340,0.000000
3144,0.804161,-0.005163,17.029268,0.875422,0.000000
3145,0.811055,-0.003137,26.987134,0.872911,-0.000000
3146,0.803673,-0.002341,32.038843,0.871613,0.000000
3147,0.773707,0.003005,24.612269,0.870340,-0.000000
3148,0.801069,0.004345,26.189982,0.881163,0.000000
3149,0.768783,-0.002158,24.319550,0.910289,-0.000000
3150,0.787607,0.014373,17.825833,0.930294,0.000000
3151,0.737973,0.093041,6.965110,0.932318,0.000000
3152,0.748042,-0.002624,17.037728,0.932309,-0.000000
3153,0.756097,-0.001833,17.265799,0.935355,0.000000
3154,0.752539,0.020917,11.387763,0.926401,-0.000000
3155,0.755066,0.015278,4.991461,0.921101,0.000000
3156,0.739907,0.044238,6.144944,0.903167,-0.000000
3157,0.761699,0.000427,9.886081,0.885255,-0.000000
3158,0.745864,-0.007082,2.226376,0.904208,0.000000
3159,0.777311,-0.004581,7.820953,0.909800,-0.000000
3160,0.775152,0.028137,7.961306,0.894974,0.000000
3161,0.778250,-0.002462,3.223656,0.886813,0.000000
3162,0.786124,-0.001020,5.385755,0.887257,0.000000
3163,0.773329,-0.004607,18.734291,0.900678,-0.000000
3164,0.777017,0.004406,9.228228,0.925987,0.000000
3165,0.786978,-0.000846,12.821470,0.912889,0.000000
3166,0.727337,-0.000348,15.106075,0.906541,0.000000
3167,0.800919,-0.005811,35.769953,0.933252,-0.000000
3168,0.818659,0.001716,47.339216,0.958083,0.000000
3169,0.813495,-0.002612,43.202722,0.974607,-0.000000
3170,0.773790,0.004966,38.302434,0.975186,0.000000
3171,0.800524,0.000773,33.178039,0.967982,0.000000
3172,0.812216,0.003558,33.322125,0.978425,0.000000
3173,0.769196,0.004225,20.415743,0.983037,-0.000000
3174,0.802011,0.006556,23.887206,0.976927,0.000000
3175,0.794288,0.004119,19.375255,0.962109,0.000000
3176,0.780798,0.015884,20.106904,0.960568,-0.000000
3177,0.772182,-0.001927,27.817739,0.977582,-0.000000
3178,0.807921,0.016524,31.472193,0.990744,0.000000
3179,0.774607,-0.004514,26.624256,1.006679,-0.000000
3180,0.808340,0.000685,24.540341,1.030254,-0.000000
3181,0.782948,0.001317,18.745660,1.057053,0.000000
3182,0.750328,-0.006320,31.236514,1.076590,0.000000
3183,0.803149,0.009474,26.447425,1.098151,0.000000
3184,0.761251,0.002205,22.711426,1.108218,0.000000
3185,0.793520,0.011629,16.332927,1.110703,-0.000000
3186,0.806624,0.245917,31.598614,1.116059,0.000000
3187,0.694048,0.025867,6.882701,1.103473,0.000000
3188,0.675843,0.131306,10.525883,1.088832,0.000000
3189,0.740656,0.017636,16.574689,1.079750,-0.000000
3190,0.771375,0.003182,19.052810,1.077893,0.000000
3191,0.794427,-0.000104,21.421299,1.080632,0.000000
3192,0.806499,-0.005208,16.744754,1.089746,0.000000
3193,0.688886,0.004849,2.976690,1.091251,-0.000000
3194,0.792221,0.034193,11.700648,1.080620,-0.000000
3195,0.708806,0.011481,11.517312,1.080086,-0.000000
3196,0.739476,0.085428,8.597476,1.066324,0.000000
3197,0.615180,0.029507,2.951959,1.057754,0.000000
3198,0.674159,0.026472,18.021194,1.041242,0.000000
3199,0.738554,0.000245,12.744942,1.024469,0.000000
3200,0.754583,0.031651,5.732228,1.021887,-0.000000
3201,0.757320,0.009694,6.993090,1.021823,-0.000000
3202,0.768735,0.118502,22.944612,1.041089,-0.000000
3203,0.797462,-0.004630,29.106737,1.068333,0.000000
3204,0.767933,-0.004868,26.493425,1.072833,0.000000
3205,0.812772,-0.002860,31.013664,1.068714,-0.000000
3206,0.811593,0.028742,38.058008,1.065726,0.000000
3207,0.804102,-0.006791,33.239520,1.079009,-0.000000
3208,0.814643,0.001440,30.794271,1.114921,0.000000
3209,0.768674,-0.003238,23.649295,1.122257,0.000000
3210,0.815800,-0.000427,32.187878,1.112410,0.000000
3211,0.813930,0.000941,35.937357,1.130057,0.000000
3212,0.817457,0.002624,42.678523,1.146883,-0.000000
3213,0.813767,0.009021,41.781176,1.150239,0.000000
3214,0.812364,-0.000137,40.950076,1.144609,0.000000
3215,0.810668,0.000414,39.510027,1.158919,0.000000
3216,0.799691,-0.004319,34.487830,1.183879,-0.000000
3217,0.807670,0.001318,35.713373,1.200564,0.000000
3218,0.822630,0.001981,29.482716,1.208731,0.000000
3219,0.811665,0.001733,30.483095,1.206482,-0.000000
3220,0.767974,0.010959,13.011181,1.196480,-0.000000
3221,0.806983,-0.002825,32.216395,1.191272,0.000000
3222,0.815364,-0.000821,31.013743,1.213796,-0.000000
3223,0.812840,0.014143,33.651256,1.231613,-0.000000
3224,0.777886,0.002211,31.397745,1.242584,-0.000000
3225,0.802459,-0.000763,21.717174,1.251547,-0.000000
3226,0.798229,0.000046,32.005616,1.261889,-0.000000
3227,0.804215,0.014214,28.072611,1.262794,0.000000
3228,0.804519,0.006157,29.890046,1.262682,-0.000000
3229,0.811228,0.007931,22.750997,1.276855,0.000000
3230,0.801938,0.053605,19.520275,1.294229,0.000000
3231,0.803945,0.000257,24.972909,1.298670,0.000000
3232,0.809831,0.000309,28.187562,1.308746,0.000000
3233,0.750490,0.046269,18.099941,1.331182,0.000000
3234,0.796444,0.031407,16.840519,1.328971,0.000000
3235,0.810326,0.001141,22.074433,1.321240,-0.000000
3236,0.798327,0.000019,15.524795,1.328254,-0.000000
3237,0.744271,0.016411,16.217758,1.325712,0.000000
3238,0.786328,0.000238,15.125640,1.315899,-0.000000
3239,0.769788,0.018559,12.061576,1.310151,-0.000000
3240,0.706569,0.016419,20.418086,1.301462,0.000000
3241,0.705282,0.075455,15.731551,1.305432,0.000000
3242,0.709006,0.010997,11.249033,1.305491,-0.000000
3243,0.745494,0.018074,10.886165,1.299249,0.000000
3244,0.753307,0.016374,7.654346,1.272248,-0.000000
3245,0.720887,0.003791,7.705433,1.250915,0.000000
3246,0.771996,0.086793,5.289987,1.246995,0.000000
3247,0.777378,0.001280,4.540239,1.246827,-0.000000
3248,0.793744,0.010588,2.753068,1.248423,-0.000000
3249,0.787710,0.019599,9.571228,1.252611,0.000000
3250,0.783247,0.439691,3.448160,1.244631,0.000000
3251,0.785375,0.001872,14.825168,1.230199,0.000000
3252,0.761756,0.005160,12.593251,1.213024,-0.000000
3253,0.779665,0.009167,15.499107,1.195759,0.000000
3254,0.740449,-0.000597,15.542349,1.198183,0.000000
3255,0.782256,0.010787,2.564084,1.202267,-0.000000
3256,0.721872,0.004364,10.429131,1.197123,0.000000
3257,0.752505,0.034219,2.682995,1.171610,-0.000000
3258,0.736107,0.025943,2.624731,1.143376,0.000000
3259,0.762533,0.521584,2.416409,1.121967,0.000000
3260,0.744917,0.006152,3.969960,1.098772,0.000000
3261,0.746250,0.011612,4.308041,1.088427,-0.000000
3262,0.772063,0.481678,5.767248,1.080258,-0.000000
3263,0.771867,0.004895,7.937431,1.072892,0.000000
3264,0.794132,0.003548,9.134002,1.057166,0.000000
3265,0.731748,0.090412,2.880542,1.044880,-0.000000
3266,0.777697,0.002374,9.149638,1.024473,0.000000
3267,0.756811,0.012077,5.960290,1.010037,-0.000000
3268,0.776787,0.002879,9.443180,1.004216,0.000000
3269,0.780533,0.002337,12.575557,0.994714,-0.000000
3270,0.765200,-0.002092,16.837465,0.993068,-0.000000
3271,0.789728,-0.003026,10.330058,0.997398,0.000000
3272,0.802288,0.012542,30.018541,1.010435,0.000000
3273,0.797616,0.002238,17.860731,1.031563,0.000000
3274,0.809138,-0.003018,25.812730,1.059152,0.000000
3275,0.778369,-0.003790,24.767010,1.073820,0.000000
3276,0.807272,0.015917,29.332246,1.081449,-0.000000
3277,0.777767,-0.000097,26.700324,1.095053,0.000000
3278,0.800371,0.059366,28.543758,1.084397,0.000000
3279,0.731529,0.000997,38.406944,1.087048,-0.000000
3280,0.745415,0.010240,26.131467,1.105581,0.000000
3281,0.785966,0.005154,34.343922,1.109300,-0.000000
3282,0.798954,0.017073,32.287729,1.116774,-0.000000
3283,0.774245,-0.002424,25.629854,1.119244,0.000000
3284,0.760291,0.015497,20.575881,1.107990,-0.000000
3285,0.775776,0.009264,20.561662,1.092243,-0.000000
3286,0.713701,0.029145,12.284293,1.081722,0.000000
3287,0.795960,0.011320,16.758067,1.064611,-0.000000
3288,0.777809,-0.001290,6.204538,1.041460,0.000000
3289,0.795981,0.000857,21.791732,1.058184,-0.000000
3290,0.773597,0.009651,27.548388,1.098573,-0.000000
3291,0.808193,0.004296,24.223738,1.116004,-0.000000
3292,0.796761,0.004560,19.469500,1.121137,0.000000
3293,0.785835,0.095692,12.379143,1.119276,0.000000
3294,0.812875,0.001856,16.647275,1.127254,-0.000000
3295,0.802558,0.024217,14.799841,1.124656,-0.000000
3296,0.796550,0.005301,17.976489,1.099069,0.000000
3297,0.796647,0.013531,9.470557,1.095131,-0.000000
3298,0.790093,0.014035,12.179823,1.101119,-0.000000
3299,0.779380,0.003579,3.830283,1.098814,-0.000000
3300,0.790441,0.038001,3.945337,1.086291,-0.000000
3301,0.780081,-0.000363,7.171188,1.080593,0.000000
3302,0.790250,-0.004648,4.937674,1.094593,-0.000000
3303,0.792456,-0.002644,3.868682,1.101419,0.000000
3304,0.800181,-0.006588,33.056529,1.120862,-0.000000
3305,0.790523,0.229891,16.640598,1.147527,0.000000
3306,0.789740,0.003066,20.320210,1.154832,0.000000
3307,0.806614,0.042024,22.516376,1.171068,0.000000
3308,0.793370,0.004068,18.532513,1.179613,-0.000000
3309,0.793667,0.024561,12.217684,1.144081,-0.000000
3310,0.797591,0.000951,6.796311,1.122457,0.000000
3311,0.794721,0.003400,10.213774,1.124438,0.000000
3312,0.802616,0.011475,24.924926,1.129346,0.000000
3313,0.801567,0.022747,7.332681,1.120633,-0.000000
3314,0.764985,0.011623,6.147807,1.088179,0.000000
3315,0.785538,0.001885,16.823555,1.060030,-0.000000
3316,0.776299,0.008375,2.837620,1.038424,0.000000
3317,0.771590,-0.003523,8.304051,1.036293,-0.000000
3318,0.684228,0.037198,3.729557,1.027164,0.000000
3319,0.782406,0.015727,3.079712,1.028605,0.000000
3320,0.761746,-0.003324,7.674971,1.044120,0.000000
3321,0.793141,0.000390,18.186849,1.046841,-0.000000
3322,0.792776,-0.001460,16.911762,1.039530,0.000000
3323,0.785770,0.107619,29.328069,1.056070,0.000000
3324,0.779923,0.001719,40.784928,1.074827,-0.000000
3325,0.784863,0.253841,22.642095,1.086056,0.000000
3326,0.739903,0.017906,11.876046,1.081478,0.000000
3327,0.773780,0.004247,5.098581,1.080683,-0.000000
3328,0.763667,0.039443,10.162600,1.084246,-0.000000
3329,0.800520,-0.003578,14.817945,1.087455,0.000000
3330,0.790635,-0.006437,4.497251,1.096433,-0.000000
3331,0.775493,0.011271,25.516920,1.105370,0.000000
3332,0.805655,0.002588,46.708066,1.125628,-0.000000
3333,0.799803,0.006859,37.439789,1.136378,0.000000
3334,0.678003,0.032726,39.184880,1.132216,0.000000
3335,0.777318,0.006886,29.579709,1.126029,0.000000
3336,0.734846,0.023340,23.493175,1.123196,0.000000
3337,0.778127,-0.003777,19.138928,1.108668,-0.000000
3338,0.806585,-0.000384,42.506424,1.110423,0.000000
3339,0.810968,0.004611,34.576021,1.121898,0.000000
3340,0.806916,0.018219,20.199251,1.114632,-0.000000
3341,0.812354,0.196449,23.642996,1.103357,0.000000
3342,0.805670,0.000444,16.246312,1.113001,-0.000000
3343,0.787997,-0.003277,6.208555,1.124635,0.000000
3344,0.796045,-0.000089,14.438191,1.138344,0.000000
3345,0.712413,0.014136,3.248189,1.131664,0.000000
3346,0.760952,0.014501,7.343414,1.104865,0.000000
3347,0.767513,-0.003304,23.207409,1.122637,0.000000
3348,0.776039,0.018568,9.307521,1.153047,0.000000
3349,0.768566,0.334513,14.531996,1.152069,0.000000
3350,0.771664,0.001876,20.402505,1.142618,0.000000
3351,0.754518,0.006031,15.205788,1.143137,-0.000000
3352,0.801189,0.050764,26.502959,1.143244,0.000000
3353,0.808011,-0.001445,31.377021,1.148948,0.000000
3354,0.762225,0.020729,23.397814,1.160746,0.000000
3355,0.806547,0.000590,35.280047,1.158604,0.000000
3356,0.804666,0.000545,29.762129,1.154659,0.000000
3357,0.791017,0.009445,15.670455,1.143550,-0.000000
3358,0.794968,-0.001051,25.885101,1.136800,0.000000
3359,0.794270,0.011265,19.262008,1.133233,0.000000
3360,0.808430,-0.002032,36.788889,1.130181,-0.000000
3361,0.800872,-0.002228,16.902209,1.143423,-0.000000
3362,0.805852,-0.002399,22.471791,1.163299,-0.000000
3363,0.800202,0.000078,13.824587,1.158189,0.000000
3364,0.793935,-0.003051,16.958956,1.141083,-0.000000
3365,0.790745,0.001362,9.114853,1.141012,-0.000000
3366,0.800451,-0.000330,10.699205,1.150576,0.000000
3367,0.790239,-0.001052,7.917899,1.149166,0.000000
3368,0.738501,0.011228,10.784135,1.154594,0.000000
3369,0.782074,0.005147,4.786880,1.157117,0.000000
3370,0.798939,0.004406,5.422247,1.150548,0.000000
3371,0.740075,-0.004676,21.145025,1.145833,-0.000000
3372,0.753721,0.002653,14.893456,1.129696,-0.000000
3373,0.766021,0.001686,9.432432,1.125759,-0.000000
3374,0.729827,-0.006816,10.751917,1.127909,0.000000
3375,0.773008,0.005335,2.427816,1.115951,0.000000
3376,0.744011,0.082434,6.213754,1.099971,0.000000
3377,0.718025,-0.001086,2.118112,1.085302,0.000000
3378,0.709906,0.049956,10.228353,1.072357,0.000000
3379,0.699070,0.016807,9.787642,1.065766,-0.000000
3380,0.721630,-0.003995,1.771032,1.077025,0.000000
3381,0.780029,0.009925,2.742419,1.086560,-0.000000
3382,0.698809,0.043154,2.399681,1.071505,-0.000000
3383,0.647398,0.014480,3.998832,1.041516,0.000000
3384,0.706268,0.038079,5.731823,1.035342,-0.000000
3385,0.745462,0.036504,3.228001,1.023081,0.000000
3386,0.701526,0.009325,9.105690,0.998395,0.000000
3387,0.801198,0.019443,16.840769,0.994757,-0.000000
3388,0.763220,0.008141,16.442404,1.004339,-0.000000
3389,0.725166,0.014393,6.759038,0.988125,-0.000000
3390,0.743272,0.015351,4.054238,0.974245,0.000000
3391,0.745991,0.012016,4.721820,0.960811,0.000000
3392,0.779917,0.002515,13.883422,0.948219,0.000000
3393,0.701489,0.024807,2.119434,0.934668,-0.000000
3394,0.748570,0.003411,4.481308,0.923132,0.000000
3395,0.716757,-0.002685,10.606108,0.935839,0.000000
3396,0.716371,0.017402,31.333232,0.943957,0.000000
3397,0.709383,0.056261,29.728224,0.950418,-0.000000
3398,0.769294,0.020298,15.099609,0.974214,0.000000
3399,0.762834,0.001285,23.412551,0.990215,0.000000
3400,0.790978,0.003583,14.576117,0.994970,-0.000000
3401,0.774149,-0.000595,12.933291,1.010164,0.000000
3402,0.735695,0.027917,4.532112,1.010843,-0.000000
3403,0.766071,-0.003095,11.278361,1.014732,0.000000
3404,0.765960,0.003577,15.215331,1.023788,-0.000000
3405,0.739424,0.364378,10.904179,1.024876,-0.000000
3406,0.792406,0.019472,13.851367,1.011848,0.000000
3407,0.817401,0.001936,17.275542,1.004736,0.000000
3408,0.816482,0.023829,12.369955,0.999170,0.000000
3409,0.806512,-0.001590,20.913841,0.986620,0.000000
3410,0.749801,0.116063,3.833239,0.977630,-0.000000
3411,0.813294,-0.001258,19.832959,0.973825,0.000000
3412,0.767628,0.016216,9.552081,0.981786,-0.000000
3413,0.803419,0.003640,23.435634,0.984352,0.000000
3414,0.795200,0.058299,5.952552,0.990729,0.000000
3415,0.800293,0.004394,12.865046,1.001323,-0.000000
3416,0.808322,0.000288,22.329450,1.010190,-0.000000
3417,0.808776,-0.000230,13.916951,1.031051,0.000000
3418,0.793411,-0.000857,4.597696,1.034838,0.000000
3419,0.814006,-0.002622,27.423830,1.029701,0.000000
3420,0.811353,0.009203,15.273157,1.035439,-0.000000
3421,0.806484,0.004905,11.688997,1.043951,-0.000000
3422,0.784943,0.007191,4.323371,1.055991,0.000000
3423,0.801936,0.008880,5.602500,1.047406,0.000000
3424,0.788663,0.007064,8.775483,1.040237,-0.000000
3425,0.794155,-0.003730,11.373965,1.030569,-0.000000
3426,0.782106,0.004341,10.676188,1.027913,0.000000
3427,0.746925,0.012026,46.317849,1.046818,-0.000000
3428,0.678542,-0.000182,30.050573,1.060199,-0.000000
3429,0.782440,0.045623,13.381571,1.066243,0.000000
3430,0.803470,-0.004195,11.624143,1.070537,-0.000000
3431,0.769170,0.014527,35.454787,1.083279,-0.000000
3432,0.771086,-0.004763,35.667182,1.108878,-0.000000
3433,0.748398,0.079285,11.927777,1.126233,0.000000
3434,0.713554,0.053392,2.543935,1.115965,-0.000000
3435,0.701149,0.006139,5.008014,1.101269,0.000000
3436,0.708875,0.011201,3.867758,1.086341,0.000000
3437,0.611715,0.019874,7.031483,1.075720,0.000000
3438,0.682880,0.036987,3.148518,1.074619,0.000000
3439,0.633212,0.023132,2.657783,1.070020,0.000000
3440,0.748357,0.088615,15.688910,1.065098,0.000000
3441,0.704815,0.037475,13.962429,1.048907,-0.000000
3442,0.680106,0.013202,7.941094,1.033622,-0.000000
3443,0.736109,0.001453,2.658137,1.015983,-0.000000
3444,0.707593,-0.002378,11.155238,1.015840,-0.000000
3445,0.759573,0.004560,12.166379,1.037791,-0.000000
3446,0.719056,0.004082,22.788905,1.053468,-0.000000
3447,0.747320,0.006595,5.943987,1.056138,0.000000
3448,0.749815,0.007574,19.841675,1.044429,0.000000
3449,0.782644,-0.003722,10.336288,1.033403,0.000000
3450,0.775733,0.006462,3.682851,1.008312,-0.000000
3451,0.796165,0.066120,25.096828,1.015637,0.000000
3452,0.755836,0.002120,10.037630,1.024031,-0.000000
3453,0.742705,0.004648,8.517889,1.012212,-0.000000
3454,0.792358,-0.000977,5.725555,1.006150,0.000000
3455,0.775822,0.009868,8.747062,1.012106,-0.000000
3456,0.787420,0.003842,8.498322,1.017599,0.000000
3457,0.762624,0.001578,6.123222,1.022442,0.000000
3458,0.754460,0.008621,11.515166,1.040412,-0.000000
3459,0.792875,0.025235,17.616342,1.055250,-0.000000
3460,0.777829,0.001823,8.040558,1.048274,-0.000000
3461,0.785551,0.013942,5.885630,1.041373,0.000000
3462,0.794790,0.012276,6.228629,1.040601,-0.000000
3463,0.797247,0.038070,11.729198,1.032057,0.000000
3464,0.810380,0.003710,17.733009,1.034746,0.000000
3465,0.816586,-0.001306,11.615905,1.042354,-0.000000
3466,0.801180,-0.005722,8.234353,1.044722,-0.000000
3467,0.795818,0.005508,14.662736,1.038966,0.000000
3468,0.807377,0.097276,2.074570,1.037523,0.000000
3469,0.804824,0.011176,15.221930,1.032804,-0.000000
3470,0.792001,0.020458,2.880525,1.027071,0.000000
3471,0.777502,0.000824,2.772253,1.001410,0.000000
3472,0.784738,0.036449,1.715978,0.986637,0.000000
3473,0.768740,0.066087,2.718472,0.984739,0.000000
3474,0.781729,-0.002281,4.679008,0.997669,0.000000
3475,0.788940,-0.000781,1.468807,1.011045,0.000000
3476,0.782693,0.002423,2.863703,1.002116,-0.000000
3477,0.811379,-0.001869,10.989298,1.008684,0.000000
3478,0.809549,-0.005951,19.898720,1.017766,-0.000000
3479,0.793776,0.001021,12.596838,1.019107,0.000000
3480,0.759057,-0.001767,15.352909,1.030654,-0.000000
3481,0.795964,0.000063,4.511307,1.047822,0.000000
3482,0.800485,-0.000571,2.506786,1.054571,0.000000
3483,0.799520,-0.002962,24.306683,1.049570,0.000000
3484,0.767553,0.006327,36.529490,1.059485,-0.000000
3485,0.807745,0.011514,61.781256,1.072104,0.000000
3486,0.750154,-0.006368,43.276211,1.085212,-0.000000
3487,0.705498,-0.005108,57.038567,1.122444,-0.000000
3488,0.577469,0.001791,42.038423,1.157807,-0.000000
3489,0.637966,0.017164,33.097316,1.178001,0.000000
3490,0.560187,0.002205,9.589277,1.196453,-0.000000
3491,0.544331,-0.002155,2.899710,1.214981,0.000000
3492,0.558643,0.007132,2.018780,1.201792,0.000000
3493,0.552317,0.001144,2.585311,1.175455,0.000000
3494,0.552316,0.001156,1.508067,1.175821,-0.000000
3495,0.553493,0.034587,1.446054,1.174281,-0.000000
3496,0.542215,0.009430,2.424520,1.154315,0.000000
3497,0.545459,-0.006207,1.906124,1.137150,0.000000
3498,0.546889,0.007460,1.518088,1.120184,-0.000000
3499,0.546567,0.023293,1.279077,1.109947,0.000000
3500,0.567772,0.226564,1.659550,1.092508,0.000000
3501,0.629510,0.009935,4.391062,1.083485,0.000000
3502,0.700906,0.003134,7.427952,1.087860,-0.000000
3503,0.784513,0.017606,11.575325,1.100752,-0.000000
3504,0.748361,0.010991,10.395187,1.097774,0.000000
3505,0.777075,0.010398,20.679526,1.094827,-0.000000
3506,0.661431,0.007027,22.460451,1.113699,-0.000000
3507,0.813490,0.001262,22.991062,1.127850,0.000000
3508,0.800672,0.000009,15.870168,1.123387,0.000000
3509,0.751714,1.618154,35.437784,1.121606,0.000000
3510,0.783550,-0.004678,23.724320,1.132018,0.000000
3511,0.710460,0.020084,33.983263,1.145990,-0.000000
3512,0.723707,-0.001305,13.687090,1.148019,0.000000
3513,0.729384,0.007035,16.098264,1.147810,0.000000
3514,0.798387,0.003246,6.087434,1.146253,-0.000000
3515,0.807982,-0.003164,17.354990,1.142316,0.000000
3516,0.796072,0.587302,29.137779,1.149177,-0.000000
3517,0.805854,-0.000581,28.922621,1.155784,0.000000
3518,0.794499,-0.002318,23.597658,1.165706,-0.000000
3519,0.817012,-0.003661,43.578340,1.196565,-0.000000
3520,0.807157,-0.002931,33.222352,1.236670,0.000000
3521,0.753776,0.003579,20.045753,1.255787,-0.000000
3522,0.770546,0.008121,25.011598,1.255054,0.000000
3523,0.770783,0.019883,31.073648,1.251156,-0.000000
3524,0.799845,-0.000701,21.314557,1.255383,0.000000
3525,0.752518,-0.007777,34.762771,1.265875,0.000000
3526,0.798462,0.002163,34.940324,1.272519,-0.000000
3527,0.778014,-0.002605,26.959090,1.270677,-0.000000
3528,0.787576,0.004064,22.633702,1.282597,-0.000000
3529,0.785218,0.344798,15.944787,1.295356,-0.000000
3530,0.809936,0.002493,41.743855,1.301503,0.000000
3531,0.809995,0.003282,52.875409,1.327314,0.000000
3532,0.783389,0.007517,24.957674,1.364457,0.000000
3533,0.798949,0.001297,28.218087,1.389147,-0.000000
3534,0.810674,0.008957,49.923702,1.389504,0.000000
3535,0.750621,0.255659,44.980771,1.383574,-0.000000
3536,0.813641,0.016328,44.721006,1.397319,-0.000000
3537,0.807798,0.002026,37.180199,1.415054,-0.000000
3538,0.800795,0.001688,36.088231,1.429613,0.000000
3539,0.808997,0.012201,41.610492,1.465309,0.000000
3540,0.772659,0.075059,35.919313,1.486211,-0.000000
3541,0.772400,0.015789,32.200381,1.492826,0.000000
3542,0.725187,-0.000281,27.952907,1.488262,-0.000000
3543,0.790505,0.001333,28.518814,1.472650,0.000000
3544,0.803031,0.011205,19.888657,1.440402,-0.000000
3545,0.786044,0.005167,19.444854,1.415003,0.000000
3546,0.764422,0.055137,10.008178,1.400308,0.000000
3547,0.751575,0.005912,18.268264,1.391579,0.000000
3548,0.744756,0.018748,7.186758,1.373790,-0.000000
3549,0.780965,0.009957,26.061776,1.359578,0.000000
3550,0.783853,-0.000786,14.425060,1.353257,0.000000
3551,0.765367,0.034119,19.947667,1.357379,-0.000000
3552,0.799729,0.035843,22.183597,1.353238,-0.000000
3553,0.720221,0.066318,5.751224,1.326559,0.000000
3554,0.753735,-0.002386,9.600917,1.307768,0.000000
3555,0.805784,-0.000226,19.341108,1.313161,0.000000
3556,0.792874,0.004619,16.459867,1.327824,0.000000
3557,0.801272,0.005955,20.913949,1.338337,0.000000
3558,0.800817,0.000514,19.687605,1.350952,0.000000
3559,0.777303,-0.001434,12.187560,1.373117,-0.000000
3560,0.723183,0.023336,15.503934,1.379092,0.000000
3561,0.708993,0.006413,6.909978,1.368624,0.000000
3562,0.712401,0.027490,4.105461,1.349869,-0.000000
3563,0.768909,0.156578,2.961335,1.320000,0.000000
3564,0.794011,0.001329,7.206733,1.293144,0.000000
3565,0.817050,0.004456,34.052060,1.288356,-0.000000
3566,0.799240,0.004624,20.967648,1.293581,-0.000000
3567,0.774709,-0.003455,22.426161,1.297280,-0.000000
3568,0.732608,0.003720,15.633017,1.318117,-0.000000
3569,0.769593,0.034197,16.190955,1.342023,-0.000000
3570,0.698508,-0.000496,22.639156,1.343629,-0.000000
3571,0.732599,0.063124,6.290954,1.322204,0.000000
3572,0.663915,0.013125,5.086896,1.298522,0.000000
3573,0.700046,0.127583,2.085973,1.274410,-0.000000
3574,0.683865,0.036239,3.272792,1.245696,0.000000
3575,0.775262,0.017140,9.223055,1.213184,0.000000
3576,0.781093,0.005201,5.253405,1.204894,0.000000
3577,0.801437,-0.001560,8.079076,1.205027,-0.000000
3578,0.782942,0.007037,17.222997,1.213371,0.000000
3579,0.765366,0.075758,27.801640,1.217502,-0.000000
3580,0.770966,0.011684,21.172561,1.210988,0.000000
3581,0.747708,0.010170,4.856298,1.210238,-0.000000
3582,0.800647,0.006944,19.776202,1.196663,-0.000000
3583,0.763309,-0.005667,4.576408,1.183607,-0.000000
3584,0.707163,0.137510,2.413478,1.165397,0.000000
3585,0.701612,0.028587,2.598676,1.145260,-0.000000
3586,0.688635,0.001382,2.706036,1.134235,0.000000
3587,0.743118,-0.001008,21.778829,1.153563,-0.000000
3588,0.764341,0.000314,15.447964,1.179967,-0.000000
3589,0.728303,0.019760,9.308568,1.188390,-0.000000
3590,0.719126,0.005993,13.644242,1.190617,-0.000000
3591,0.647220,-0.004307,19.820493,1.201404,0.000000
3592,0.697357,0.003621,28.159251,1.214483,0.000000
3593,0.728883,0.013178,8.029804,1.220610,-0.000000
3594,0.672381,0.069099,3.861416,1.222756,0.000000
3595,0.698183,0.025751,5.792668,1.212473,0.000000
3596,0.757672,0.003673,19.601447,1.216851,-0.000000
3597,0.699721,0.104149,2.198120,1.213668,-0.000000
3598,0.765756,0.004940,5.635844,1.199929,0.000000
3599,0.711613,0.014161,1.762740,1.189821,-0.000000
3600,0.646853,0.014675,8.459523,1.183871,0.000000
3601,0.718252,0.010323,26.872455,1.185241,0.000000
3602,0.734242,0.006067,13.333723,1.182103,-0.000000
3603,0.732114,-0.003420,26.373212,1.190029,0.000000
3604,0.724651,0.020497,11.451939,1.202268,-0.000000
3605,0.776179,-0.005130,19.417455,1.218379,0.000000
3606,0.806584,0.026313,32.040946,1.213086,-0.000000
3607,0.754284,0.010258,9.052654,1.187732,-0.000000
3608,0.776073,0.002813,25.312497,1.177120,-0.000000
3609,0.799436,0.023117,26.934392,1.179948,-0.000000
3610,0.734166,0.003933,31.870309,1.175856,-0.000000
3611,0.767936,-0.006907,32.111336,1.184467,-0.000000
3612,0.805613,-0.004001,37.193682,1.197767,-0.000000
3613,0.814898,0.028720,30.696424,1.213818,0.000000
3614,0.815365,0.000409,36.972289,1.234204,0.000000
3615,0.798779,0.000024,30.699950,1.251395,0.000000
3616,0.810775,0.000093,34.542013,1.265845,0.000000
3617,0.744803,0.014058,37.640835,1.273974,0.000000
3618,0.742502,0.006160,21.334264,1.281433,0.000000
3619,0.713169,0.019347,5.227547,1.291741,0.000000
3620,0.721484,-0.004854,22.260909,1.286221,0.000000
3621,0.711389,0.022172,2.414080,1.273043,0.000000
3622,0.651963,0.041202,1.481260,1.257530,0.000000
3623,0.691326,-0.003059,12.152309,1.277467,0.000000
3624,0.715969,0.006440,9.474422,1.303154,-0.000000
3625,0.650144,0.037795,3.971428,1.291897,-0.000000
3626,0.717419,-0.002934,11.153747,1.290860,0.000000
3627,0.726958,0.049364,13.544993,1.296068,-0.000000
3628,0.708233,0.007508,3.423735,1.290574,0.000000
3629,0.737031,0.022551,7.849155,1.291475,0.000000
3630,0.655198,0.006768,28.376799,1.306192,0.000000
3631,0.684391,0.016704,20.319949,1.325067,-0.000000
3632,0.775760,0.074387,13.115650,1.323389,0.000000
3633,0.707208,0.030615,8.263148,1.315260,0.000000
3634,0.717350,0.008309,6.844948,1.306377,0.000000
3635,0.710466,0.009623,2.378102,1.308992,-0.000000
3636,0.786563,0.009285,21.832735,1.311269,-0.000000
3637,0.731963,0.000270,30.348686,1.315514,-0.000000
3638,0.745654,0.003885,25.976711,1.328844,0.000000
3639,0.807431,0.002974,30.017024,1.347871,-0.000000
3640,0.793431,0.004773,22.216888,1.353986,0.000000
3641,0.792401,-0.003407,17.930353,1.352385,0.000000
3642,0.783661,0.021082,19.343892,1.349835,-0.000000
3643,0.744146,-0.000730,12.683943,1.333498,-0.000000
3644,0.799283,-0.000382,15.562587,1.324607,-0.000000
3645,0.753579,0.047490,3.374395,1.320999,0.000000
3646,0.776551,-0.001740,21.962281,1.308026,0.000000
3647,0.777792,0.001576,19.945757,1.318231,-0.000000
3648,0.796194,0.384092,15.534367,1.329322,0.000000
3649,0.767799,0.020774,27.013181,1.321055,0.000000
3650,0.765031,0.002013,23.898154,1.314982,0.000000
3651,0.769622,0.010776,15.958508,1.318317,-0.000000
3652,0.735755,0.007633,18.944086,1.323661,-0.000000
3653,0.728963,0.021138,6.334844,1.321393,-0.000000
3654,0.680309,0.001515,9.029036,1.327601,0.000000
3655,0.784025,-0.002898,24.112526,1.349597,0.000000
3656,0.764294,0.006867,2.835024,1.361932,-0.000000
3657,0.767683,0.088219,11.921218,1.358221,0.000000
3658,0.807156,-0.000724,35.008582,1.367779,0.000000
3659,0.773707,0.029120,3.204454,1.368214,0.000000
3660,0.702637,0.010005,10.783401,1.368699,0.000000
3661,0.725125,0.097081,4.381306,1.350856,0.000000
3662,0.791456,0.020024,8.987518,1.313555,0.000000
3663,0.736427,0.058948,3.484146,1.294565,0.000000
3664,0.729571,-0.003298,8.200865,1.275656,0.000000
3665,0.803083,-0.001228,25.883723,1.271358,0.000000
3666,0.798379,0.042054,9.911182,1.272337,0.000000
3667,0.802022,0.022203,42.819198,1.287597,-0.000000
3668,0.803096,0.260873,27.494688,1.313867,0.000000
3669,0.812914,0.000694,34.394160,1.331524,0.000000
3670,0.792261,0.020788,39.735922,1.344693,-0.000000
3671,0.805582,0.015798,36.598375,1.351938,-0.000000
3672,0.813231,-0.000327,53.295333,1.347258,0.000000
3673,0.805871,0.011230,54.696153,1.350136,-0.000000
3674,0.802357,0.004984,51.467045,1.373133,0.000000
3675,0.814635,0.012371,50.394633,1.394645,-0.000000
3676,0.782427,0.041597,50.561135,1.391387,0.000000
3677,0.805507,0.001446,40.664269,1.389295,0.000000
3678,0.778653,0.000253,47.297386,1.394178,-0.000000
3679,0.757732,0.003496,29.117512,1.392083,-0.000000
3680,0.774551,0.013349,34.207871,1.382184,0.000000
3681,0.745605,0.085067,17.670131,1.381721,-0.000000
3682,0.721489,0.088498,6.841905,1.379519,0.000000
3683,0.789538,0.006637,20.916650,1.380822,-0.000000
3684,0.724441,0.015072,7.572465,1.379197,0.000000
3685,0.754949,0.013478,10.908520,1.368411,-0.000000
3686,0.797852,0.013580,19.791061,1.366325,-0.000000
3687,0.787133,0.000832,17.274750,1.375968,0.000000
3688,0.805848,0.000554,12.190694,1.379261,0.000000
3689,0.801129,0.044485,7.689852,1.365603,-0.000000
3690,0.810925,0.001906,19.841154,1.357632,0.000000
3691,0.802810,0.004738,8.814471,1.352666,-0.000000
3692,0.787004,0.021128,6.644548,1.331966,-0.000000
3693,0.804109,0.018123,14.386225,1.323050,-0.000000
3694,0.816082,0.109879,36.136270,1.333077,0.000000
3695,0.813999,0.000439,34.228961,1.357394,0.000000
3696,0.810977,0.009818,16.386273,1.376926,0.000000
3697,0.781979,0.020625,8.684167,1.369077,0.000000
3698,0.776599,0.005733,32.000020,1.356685,0.000000
3699,0.796944,-0.001648,12.011085,1.386240,0.000000
3700,0.792406,0.006960,12.076971,1.409580,-0.000000
3701,0.801524,0.001575,20.604370,1.406192,0.000000
3702,0.795684,0.037928,17.078513,1.394923,-0.000000
3703,0.801392,0.014824,17.949944,1.382286,0.000000
3704,0.780108,0.006258,9.126051,1.402293,-0.000000
3705,0.679594,0.009557,1.583547,1.414163,-0.000000
3706,0.750024,0.000404,8.925093,1.412416,0.000000
3707,0.730755,0.009321,2.459683,1.398322,0.000000
3708,0.682272,0.031915,5.650610,1.381699,0.000000
3709,0.729536,0.002205,21.304643,1.367245,0.000000
3710,0.674667,0.013620,25.375493,1.361698,-0.000000
3711,0.764513,-0.001912,25.621964,1.364794,0.000000
3712,0.771946,-0.000357,5.293268,1.364995,-0.000000
3713,0.719245,0.022934,3.268603,1.350652,-0.000000
3714,0.774377,0.099956,1.646768,1.331467,0.000000
3715,0.774499,0.034297,13.072110,1.329734,0.000000
3716,0.810127,0.093835,38.173964,1.355151,0.000000
3717,0.762518,0.013466,26.184402,1.364341,-0.000000
3718,0.740766,0.013141,32.464381,1.356436,-0.000000
3719,0.737471,0.004266,11.597791,1.341208,0.000000
3720,0.742633,0.001056,15.688159,1.326689,0.000000
3721,0.735057,0.038699,18.628411,1.327934,0.000000
3722,0.713028,0.024578,12.524431,1.315398,-0.000000
3723,0.741241,0.066624,11.712669,1.294858,-0.000000
3724,0.805108,-0.003299,17.390452,1.307592,0.000000
3725,0.770511,0.001383,12.458301,1.309718,0.000000
3726,0.787517,0.130142,6.847189,1.301373,-0.000000
3727,0.758879,0.009073,19.173512,1.304309,0.000000
3728,0.756670,-0.006424,20.126305,1.306107,0.000000
3729,0.811641,0.017782,19.125045,1.304650,-0.000000
3730,0.794446,0.002461,6.645631,1.304898,0.000000
3731,0.791050,-0.000658,32.967134,1.316197,-0.000000
3732,0.819003,-0.000770,39.732612,1.339350,-0.000000
3733,0.813503,0.017322,38.528086,1.356228,0.000000
3734,0.809618,-0.005026,43.202361,1.360335,0.000000
3735,0.807749,0.061187,44.625745,1.370966,-0.000000
3736,0.817192,-0.000694,40.978423,1.374171,-0.000000
3737,0.815485,0.002381,47.162483,1.369458,0.000000
3738,0.818729,0.012776,38.374303,1.379577,0.000000
3739,0.807642,0.022045,37.593955,1.400420,-0.000000
3740,0.805858,0.030935,40.793787,1.412190,0.000000
3741,0.815597,-0.001748,38.716369,1.414550,0.000000
3742,0.812882,0.022133,33.512903,1.415521,-0.000000
3743,0.810032,0.029061,33.007832,1.421265,-0.000000
3744,0.815259,0.010150,30.970108,1.441760,0.000000
3745,0.823983,0.010374,19.287419,1.444331,-0.000000
3746,0.810629,-0.005570,40.255746,1.437460,0.000000
3747,0.808400,0.015031,38.258954,1.439319,-0.000000
3748,0.801914,-0.003136,35.318851,1.438136,0.000000
3749,0.802598,0.008133,35.096878,1.449695,0.000000
3750,0.796705,0.006793,30.969736,1.478272,0.000000
3751,0.793362,0.057725,33.539334,1.494076,0.000000
3752,0.806126,0.064275,32.821872,1.487720,0.000000
3753,0.786069,0.014890,17.140476,1.486016,-0.000000
3754,0.799777,0.019152,32.916130,1.481323,-0.000000
3755,0.790178,0.067874,21.258877,1.476899,-0.000000
3756,0.806199,0.052662,30.896919,1.459761,0.000000
3757,0.705591,0.018382,19.444293,1.446503,-0.000000
3758,0.799423,0.049789,31.697833,1.435682,0.000000
3759,0.751701,0.004779,24.875314,1.424453,0.000000
3760,0.743437,0.344028,8.988507,1.422850,0.000000
3761,0.774154,-0.001585,17.947032,1.420256,0.000000
3762,0.800339,0.014899,14.695752,1.404658,0.000000
3763,0.762545,0.006963,23.362219,1.405923,0.000000
3764,0.759211,0.003990,7.019180,1.412366,0.000000
3765,0.802034,0.001682,38.309189,1.423835,-0.000000
3766,0.800115,0.006489,18.979343,1.433849,-0.000000
3767,0.770003,-0.000164,26.045529,1.449965,0.000000
3768,0.798313,0.010261,30.269323,1.463005,0.000000
3769,0.756946,0.025828,17.229357,1.475116,0.000000
3770,0.738467,0.044913,12.636214,1.484251,-0.000000
3771,0.745281,0.055351,11.032521,1.470374,-0.000000
3772,0.735640,0.019226,6.599721,1.463547,-0.000000
3773,0.754328,0.012507,15.392491,1.465126,-0.000000
3774,0.804250,-0.001075,26.109897,1.488085,0.000000
3775,0.800704,0.008990,22.808994,1.495097,0.000000
3776,0.787482,0.009808,17.683188,1.488077,0.000000
3777,0.809489,0.000274,32.285037,1.503971,-0.000000
3778,0.800042,0.003948,25.086471,1.534415,-0.000000
3779,0.797106,0.015235,33.426264,1.561448,0.000000
3780,0.804088,-0.002491,30.549184,1.581260,-0.000000
3781,0.805112,0.011732,33.503841,1.603108,0.000000
3782,0.801461,0.003788,21.647644,1.604522,0.000000
3783,0.799494,0.024086,18.410527,1.601417,0.000000
3784,0.801392,0.040547,16.637092,1.595855,0.000000
3785,0.759248,0.012326,19.392050,1.600272,-0.000000
3786,0.738080,0.068417,26.209877,1.592268,0.000000
3787,0.649366,0.002581,11.582011,1.590274,-0.000000
3788,0.751576,0.032187,11.590121,1.591708,0.000000
3789,0.754155,0.008402,9.366158,1.586170,-0.000000
3790,0.666656,0.104778,11.585425,1.582207,0.000000
3791,0.604393,0.517746,14.747860,1.585609,-0.000000
3792,0.705130,0.115365,5.704291,1.585337,-0.000000
3793,0.724244,0.018155,5.780381,1.568137,0.000000
3794,0.752302,0.034494,8.160921,1.534692,0.000000
3795,0.736684,0.019455,9.253114,1.515792,0.000000
3796,0.801168,0.017964,20.936213,1.509670,0.000000
3797,0.772014,-0.002666,15.472017,1.499430,0.000000
3798,0.789162,0.006429,11.760055,1.470780,0.000000
3799,0.796789,-0.000168,22.707897,1.456281,0.000000
3800,0.795664,0.009266,14.007902,1.470741,0.000000
3801,0.709437,0.021005,6.252445,1.473935,0.000000
3802,0.733918,0.029160,9.454436,1.473748,0.000000
3803,0.744502,0.251853,4.367387,1.468273,0.000000
3804,0.744013,0.012392,8.681958,1.462532,0.000000
3805,0.786158,0.022483,13.944113,1.450061,0.000000
3806,0.749356,0.298985,7.335117,1.419430,0.000000
3807,0.794883,0.010593,15.343015,1.393375,0.000000
3808,0.785725,0.004689,22.816131,1.392548,0.000000
3809,0.796595,-0.001272,28.472678,1.397110,0.000000
3810,0.792022,-0.001736,36.289870,1.398382,0.000000
3811,0.720633,0.007004,48.482068,1.402737,0.000000
3812,0.789205,0.051483,23.521776,1.409590,0.000000
3813,0.791656,0.016442,20.226845,1.407562,0.000000
3814,0.769188,0.012348,20.040293,1.399679,0.000000
3815,0.786206,0.030231,14.042587,1.402618,0.000000
3816,0.781529,0.002638,27.924712,1.404630,-0.000000
3817,0.657314,0.066946,8.550997,1.386275,0.000000
3818,0.700468,0.031245,10.328747,1.363386,0.000000
3819,0.700175,0.013095,2.401999,1.344850,0.000000
3820,0.714078,0.019266,12.665735,1.332578,0.000000
3821,0.710849,0.031577,3.561200,1.328233,-0.000000
3822,0.767264,0.002950,12.852053,1.322432,0.000000
3823,0.794459,0.004882,11.598203,1.341858,-0.000000
3824,0.774887,0.063757,16.037497,1.349174,-0.000000
3825,0.760233,0.007754,10.542981,1.337903,0.000000
3826,0.786646,0.003861,17.943876,1.333462,-0.000000
3827,0.710925,-0.001318,26.785456,1.339324,0.000000
3828,0.624280,0.002881,12.704315,1.338721,0.000000
3829,0.637332,0.054905,12.114755,1.321328,0.000000
3830,0.786063,0.001429,25.899736,1.308807,-0.000000
3831,0.641170,0.013492,9.321839,1.303398,-0.000000
3832,0.700518,0.019873,3.118180,1.292567,0.000000
3833,0.646499,0.008609,10.855708,1.284776,-0.000000
3834,0.606823,0.026045,3.721601,1.281948,-0.000000
3835,0.649100,0.036046,5.644374,1.261297,0.000000
3836,0.665225,0.005351,3.299304,1.226497,-0.000000
3837,0.708406,0.029614,4.474627,1.176877,-0.000000
3838,0.669534,0.050918,5.843425,1.140822,0.000000
3839,0.729784,0.006520,5.572810,1.133741,-0.000000
3840,0.764359,-0.000245,3.754068,1.150310,0.000000
3841,0.750161,0.003423,15.354048,1.164318,-0.000000
3842,0.758336,0.019088,13.677508,1.160385,0.000000
3843,0.744761,0.007478,13.680055,1.166689,-0.000000
3844,0.730570,0.070541,6.199700,1.154648,0.000000
3845,0.747069,0.012382,6.023561,1.129455,-0.000000
3846,0.767073,-0.005001,7.823923,1.120309,-0.000000
3847,0.753967,-0.004450,16.184483,1.129759,0.000000
3848,0.800872,-0.002538,6.726739,1.145656,-0.000000
3849,0.781897,-0.005833,5.363939,1.157560,0.000000
3850,0.758230,0.009839,12.809901,1.173808,-0.000000
3851,0.796242,0.003154,32.455313,1.177912,0.000000
3852,0.765821,-0.006292,16.874781,1.177856,0.000000
3853,0.770976,0.019161,6.946673,1.192713,-0.000000
3854,0.762313,0.022675,11.159264,1.196301,-0.000000
3855,0.772950,0.011528,6.706388,1.185090,0.000000
3856,0.739340,0.005789,5.961289,1.166842,0.000000
3857,0.700237,0.006627,4.724746,1.148937,0.000000
3858,0.761252,-0.001232,5.988335,1.136527,0.000000
3859,0.720332,-0.000498,8.611722,1.142876,0.000000
3860,0.714372,0.005173,3.430940,1.144253,0.000000
3861,0.758935,-0.000871,2.819879,1.140798,-0.000000
3862,0.770741,0.012846,2.367013,1.128936,0.000000
3863,0.732757,0.010626,2.229366,1.128517,0.000000
3864,0.743854,0.009828,2.044371,1.133143,0.000000
3865,0.772311,0.059369,19.766177,1.136150,0.000000
3866,0.746610,0.014806,3.759985,1.123942,0.000000
3867,0.785845,0.002633,6.500041,1.117546,-0.000000
3868,0.779333,0.002620,1.985293,1.123031,-0.000000
3869,0.796906,0.022851,10.062390,1.120339,0.000000
3870,0.751299,-0.001252,10.458643,1.112756,0.000000
3871,0.750475,0.006800,8.616086,1.104547,-0.000000
3872,0.800454,-0.003239,18.832916,1.087154,0.000000
3873,0.775829,0.010833,6.854011,1.080496,0.000000
3874,0.785785,0.008021,4.071087,1.068179,-0.000000
3875,0.782030,0.000063,10.384025,1.057066,0.000000
3876,0.779038,0.007510,24.090854,1.064615,0.000000
3877,0.761128,0.005767,9.335743,1.072009,-0.000000
3878,0.799966,0.038884,16.833517,1.067521,0.000000
3879,0.757911,-0.007566,9.073409,1.068647,0.000000
3880,0.790312,0.001417,16.387847,1.075879,0.000000
3881,0.784450,-0.001293,37.397184,1.076185,-0.000000
3882,0.765919,0.000520,23.363864,1.065762,0.000000
3883,0.761895,0.014862,19.296335,1.055355,0.000000
3884,0.768791,0.009184,21.299551,1.041331,0.000000
3885,0.705182,0.076296,11.037195,1.013911,0.000000
3886,0.757713,-0.002894,12.272785,1.005412,0.000000
3887,0.764681,0.016109,7.953279,1.016495,0.000000
3888,0.790122,0.107303,7.643055,1.018679,0.000000
3889,0.781560,0.002143,14.215570,1.023460,0.000000
3890,0.763042,0.004540,14.115410,1.030043,-0.000000
3891,0.740292,0.000063,3.886655,1.038769,0.000000
3892,0.675603,0.013517,2.122252,1.025008,0.000000
3893,0.753218,0.013443,4.830307,1.009124,0.000000
3894,0.732708,0.000809,8.318656,1.021648,0.000000
3895,0.715085,0.021364,4.154594,1.026034,-0.000000
3896,0.754079,0.024455,1.847981,1.009291,-0.000000
3897,0.732137,-0.002890,1.571382,1.001848,0.000000
3898,0.730711,0.018097,1.665677,0.989690,-0.000000
3899,0.760635,0.005540,3.650032,0.961444,0.000000
3900,0.745683,0.002775,2.129792,0.960447,-0.000000
3901,0.730230,-0.000096,6.129120,0.965332,-0.000000
3902,0.708918,0.033819,9.872258,0.978020,-0.000000
3903,0.794434,-0.005230,6.830271,0.990142,-0.000000
3904,0.747697,0.135148,1.682565,0.993151,-0.000000
3905,0.779983,0.009796,17.562216,0.989285,0.000000
3906,0.766885,0.000673,13.760305,1.012588,-0.000000
3907,0.788443,0.011234,17.731837,1.032732,-0.000000
3908,0.710228,-0.001362,18.611699,1.035099,-0.000000
3909,0.720270,0.005307,32.988767,1.044323,0.000000
3910,0.734049,0.044684,5.426516,1.036577,-0.000000
3911,0.784667,0.039509,14.235838,1.017730,0.000000
3912,0.681497,0.095736,2.798416,1.004888,-0.000000
3913,0.735667,0.004781,2.345214,0.998277,-0.000000
3914,0.695903,0.048927,2.194977,0.991338,0.000000
3915,0.757464,0.004629,11.336641,0.979281,-0.000000
3916,0.718852,0.075324,8.397503,0.974437,0.000000
3917,0.729521,-0.006367,16.595197,0.982592,0.000000
3918,0.744504,0.019727,29.720619,0.996950,0.000000
3919,0.616916,0.005959,12.061674,0.985322,0.000000
3920,0.753774,-0.001000,28.842067,0.978437,0.000000
3921,0.737717,0.005828,11.726810,0.978646,0.000000
3922,0.597007,0.016901,3.659690,0.968003,-0.000000
3923,0.707614,0.021626,11.009166,0.955025,-0.000000
3924,0.662570,0.000720,3.770342,0.934066,0.000000
3925,0.800240,-0.001386,23.979325,0.945205,0.000000
3926,0.735586,0.005403,10.865177,0.969038,0.000000
3927,0.782135,0.005993,21.319398,0.963337,0.000000
3928,0.780716,0.008363,28.054605,0.955883,0.000000
3929,0.707342,-0.001382,20.862437,0.960174,0.000000
3930,0.773423,0.055983,27.655886,0.974168,-0.000000
3931,0.782442,-0.003594,32.899359,0.994858,-0.000000
3932,0.732609,-0.003763,5.404660,1.007469,-0.000000
3933,0.743686,0.003314,11.210093,0.983793,-0.000000
3934,0.764873,0.001261,15.641744,0.973507,0.000000
3935,0.763528,0.013083,12.431928,0.980473,0.000000
3936,0.695319,0.005056,18.219150,0.984319,-0.000000
3937,0.725900,0.239776,21.034169,0.986224,-0.000000
3938,0.783330,-0.007827,20.786612,0.986580,-0.000000
3939,0.789450,0.004861,22.594679,0.995793,0.000000
3940,0.757436,0.004743,13.476784,1.012062,-0.000000
3941,0.815155,-0.002438,30.002481,1.035116,-0.000000
3942,0.789900,0.002969,29.530801,1.055234,0.000000
3943,0.784239,-0.002516,16.858677,1.073378,-0.000000
3944,0.743938,0.017727,7.669271,1.076972,-0.000000
3945,0.781179,-0.001846,28.612710,1.067537,-0.000000
3946,0.790843,0.001732,31.856269,1.065879,-0.000000
3947,0.808950,0.010134,20.230015,1.068483,-0.000000
3948,0.802226,-0.001735,20.159725,1.070837,0.000000
3949,0.823792,0.001744,35.971717,1.094765,0.000000
3950,0.811217,-0.000264,18.905521,1.122832,0.000000
3951,0.789114,0.017429,32.921010,1.142159,0.000000
3952,0.776534,0.035215,3.576095,1.146965,-0.000000
3953,0.789150,-0.000195,11.531406,1.144475,0.000000
3954,0.735357,0.036130,7.890571,1.134992,-0.000000
3955,0.689423,0.027892,4.911132,1.102222,0.000000
3956,0.716418,0.011009,5.192978,1.100099,0.000000
3957,0.755303,0.019788,3.948751,1.106738,0.000000
3958,0.745797,0.106734,4.962000,1.104787,0.000000
3959,0.791436,0.012155,6.816378,1.100683,-0.000000
3960,0.775953,0.038197,1.394377,1.081657,0.000000
3961,0.762527,-0.007459,7.885587,1.075394,0.000000
3962,0.709496,0.025754,6.541679,1.078107,0.000000
3963,0.737514,0.030781,3.188660,1.072672,-0.000000
3964,0.732388,0.016508,1.452947,1.061464,-0.000000
3965,0.729114,0.019101,1.582506,1.037192,-0.000000
3966,0.747194,0.134075,4.050014,1.025713,-0.000000
3967,0.718886,-0.002578,9.789439,1.023672,0.000000
3968,0.728542,0.009822,2.807178,1.020675,0.000000
3969,0.708204,0.016672,2.008511,1.013857,-0.000000
3970,0.665019,0.065544,1.831940,1.008647,0.000000
3971,0.718994,0.015796,1.335156,0.988783,-0.000000
3972,0.715936,0.110998,0.962806,0.956736,0.000000
3973,0.714142,0.246303,1.713250,0.921232,-0.000000
3974,0.768467,-0.002497,2.396593,0.906980,0.000000
3975,0.748240,0.005142,4.381075,0.923598,0.000000
3976,0.789985,0.013713,4.890000,0.925397,0.000000
3977,0.742507,-0.003722,1.896144,0.928210,0.000000
3978,0.767665,0.148135,1.223558,0.932836,-0.000000
3979,0.770839,-0.000115,2.059578,0.928324,-0.000000
3980,0.760881,0.013410,1.889023,0.935961,-0.000000
3981,0.792700,0.005923,2.927650,0.947454,-0.000000
3982,0.698032,0.168529,1.895940,0.946347,-0.000000
3983,0.735547,0.059519,1.461390,0.925810,0.000000
3984,0.737223,0.010684,1.467456,0.915764,-0.000000
3985,0.758368,-0.003854,2.914573,0.920400,0.000000
3986,0.772005,0.008110,3.406227,0.927233,0.000000
3987,0.746802,0.076846,13.002479,0.939940,0.000000
3988,0.751710,0.000371,8.538442,0.951553,0.000000
3989,0.777507,0.004623,2.116650,0.957926,-0.000000
3990,0.794358,0.000255,2.427932,0.968583,0.000000
3991,0.794790,0.001664,1.590764,0.968238,-0.000000
3992,0.794384,0.003825,1.448892,0.976576,-0.000000
3993,0.795615,-0.003276,3.366243,1.009115,0.000000
3994,0.766584,-0.002566,5.060938,1.034765,0.000000
3995,0.797523,-0.005744,5.488632,1.047735,0.000000
3996,0.796262,0.001352,3.273594,1.059871,0.000000
3997,0.758633,0.008493,3.872460,1.068512,0.000000
3998,0.748694,0.011309,2.525898,1.062700,0.000000
3999,0.783359,0.005072,1.145350,1.053710,-0.000000
4000,0.771561,0.010477,2.605222,1.048797,0.000000
4001,0.771676,-0.002612,2.312454,1.057531,0.000000
4002,0.768685,0.019570,4.989827,1.063188,0.000000
4003,0.784380,0.007369,7.047716,1.061765,0.000000
4004,0.804069,0.001177,2.276639,1.063557,-0.000000
4005,0.807097,0.006220,11.505855,1.070586,0.000000
4006,0.797092,0.021379,3.649065,1.068105,-0.000000
4007,0.804053,-0.004048,7.493431,1.066029,0.000000
4008,0.806897,0.000913,19.334225,1.062219,-0.000000
4009,0.807832,-0.006046,25.622529,1.071184,-0.000000
4010,0.815647,-0.002842,27.262773,1.100749,0.000000
4011,0.801454,0.194356,20.940551,1.110936,0.000000
4012,0.792833,0.003328,12.152281,1.110220,0.000000
4013,0.813365,-0.002979,23.225743,1.123469,-0.000000
4014,0.800685,0.004565,19.218925,1.140864,0.000000
4015,0.783611,0.010910,23.193453,1.166710,0.000000
4016,0.808438,-0.000102,6.235594,1.184671,-0.000000
4017,0.811559,0.093224,25.972362,1.175182,0.000000
4018,0.787216,0.001037,6.643216,1.163285,0.000000
4019,0.797974,0.001573,6.032380,1.154701,-0.000000
4020,0.787241,0.086523,12.146257,1.148002,-0.000000
4021,0.801340,-0.002203,19.564419,1.151405,-0.000000
4022,0.788962,0.017289,10.547124,1.142422,-0.000000
4023,0.812594,-0.001396,35.578720,1.133127,-0.000000
4024,0.793142,0.001130,23.649170,1.152786,0.000000
4025,0.800693,-0.004952,43.562275,1.163314,-0.000000
4026,0.804416,0.010567,24.337366,1.178235,-0.000000
4027,0.804842,0.028854,29.866187,1.194972,-0.000000
4028,0.800480,0.034667,8.307220,1.208300,0.000000
4029,0.801962,0.009693,11.698811,1.205967,0.000000
4030,0.780868,0.004462,38.476871,1.214086,0.000000
4031,0.806065,-0.001530,14.578370,1.221847,0.000000
4032,0.808170,-0.002597,24.875753,1.225377,-0.000000
4033,0.808892,-0.000674,24.945121,1.232312,0.000000
4034,0.808527,-0.002575,36.430395,1.253111,-0.000000
4035,0.809768,-0.004505,17.066411,1.275627,0.000000
4036,0.747683,0.011127,45.119262,1.276471,0.000000
4037,0.740742,0.009168,31.661976,1.282097,-0.000000
4038,0.801208,0.067666,25.998190,1.287312,-0.000000
4039,0.698263,0.000051,42.810229,1.280618,0.000000
4040,0.802035,0.003296,44.764442,1.296234,0.000000
4041,0.737736,0.004034,42.885863,1.315714,-0.000000
4042,0.799465,0.004810,27.920161,1.333749,-0.000000
4043,0.805963,0.001080,46.504256,1.347281,0.000000
4044,0.811149,0.002655,49.282470,1.368384,-0.000000
4045,0.795936,0.003074,45.505378,1.381082,-0.000000
4046,0.755426,-0.005364,48.157779,1.411594,0.000000
4047,0.722282,0.078982,41.159529,1.434644,0.000000
4048,0.762520,0.030168,27.888622,1.421738,-0.000000
4049,0.803373,0.035544,18.507077,1.395842,0.000000
4050,0.766978,0.013647,11.968608,1.370780,0.000000
4051,0.779714,0.002277,24.239333,1.367805,-0.000000
4052,0.770453,0.004826,23.934919,1.386432,0.000000
4053,0.782045,0.006029,34.092234,1.391610,-0.000000
4054,0.808859,0.010782,40.443212,1.373218,-0.000000
4055,0.809087,-0.001955,36.424837,1.370550,-0.000000
4056,0.806408,0.055714,31.044483,1.377533,0.000000
4057,0.812122,0.001143,31.630039,1.373966,0.000000
4058,0.810955,-0.003145,30.752488,1.394338,0.000000
4059,0.816826,0.014093,37.046940,1.403362,0.000000
4060,0.810518,0.000119,44.042649,1.384415,-0.000000
4061,0.802717,-0.000780,42.397830,1.389163,-0.000000
4062,0.813806,0.001932,39.691304,1.395952,0.000000
4063,0.815122,-0.005248,33.160924,1.407847,-0.000000
4064,0.810503,-0.001894,43.027939,1.433533,0.000000
4065,0.809905,0.005615,34.786189,1.449875,-0.000000
4066,0.815353,0.003111,45.512506,1.455742,-0.000000
4067,0.802510,0.003506,30.688403,1.467583,-0.000000
4068,0.805175,0.019837,18.439951,1.483199,-0.000000
4069,0.700990,-0.001358,68.918445,1.487533,-0.000000
4070,0.770748,0.013960,38.684462,1.495537,0.000000
4071,0.814603,0.004827,34.079188,1.491785,-0.000000
4072,0.746587,0.062252,37.607375,1.488741,-0.000000
4073,0.809947,0.000037,37.541733,1.489566,0.000000
4074,0.649805,0.013531,25.601634,1.479929,0.000000
4075,0.772438,0.081398,26.210588,1.462071,-0.000000
4076,0.535445,0.046909,18.761046,1.450623,0.000000
4077,0.587976,0.011218,16.169870,1.442469,-0.000000
4078,0.567396,0.113102,9.028803,1.429857,-0.000000
4079,0.615122,0.071381,15.204114,1.408206,-0.000000
4080,0.674097,0.039656,12.548294,1.398017,0.000000
4081,0.772013,0.013695,9.175858,1.388514,-0.000000
4082,0.710698,0.009643,6.785543,1.378244,0.000000
4083,0.760012,0.005739,20.707161,1.377649,0.000000
4084,0.735384,0.001504,15.553455,1.384703,0.000000
4085,0.749851,0.044595,7.613920,1.386384,0.000000
4086,0.687650,0.045046,4.870170,1.367867,0.000000
4087,0.691328,0.042921,3.312855,1.342075,-0.000000
4088,0.654096,0.157386,2.023037,1.318327,0.000000
4089,0.687844,0.006669,4.121982,1.306971,0.000000
4090,0.700826,0.023469,8.526538,1.299966,-0.000000
4091,0.772018,0.075695,9.543476,1.281366,-0.000000
4092,0.770550,0.003160,21.195697,1.285959,-0.000000
4093,0.779381,0.009683,13.026357,1.301565,0.000000
4094,0.734157,0.028263,26.852384,1.307506,0.000000
4095,0.775484,0.008659,19.717235,1.305470,-0.000000
4096,0.772386,0.007613,28.194148,1.305362,0.000000
4097,0.774266,0.175763,17.737822,1.317402,-0.000000
4098,0.768051,0.059375,18.332653,1.324064,-0.000000
4099,0.772190,0.004097,16.166803,1.333299,-0.000000
4100,0.798252,-0.001463,14.504739,1.341560,0.000000
4101,0.781029,0.026754,19.104041,1.341622,0.000000
4102,0.797781,0.021651,17.854512,1.339955,0.000000
4103,0.780736,0.005716,12.535307,1.335263,0.000000
4104,0.807637,0.003025,17.375507,1.320691,-0.000000
4105,0.799768,0.020278,15.529451,1.302714,0.000000
4106,0.804658,0.022662,17.129411,1.295069,0.000000
4107,0.809944,-0.003017,10.268345,1.298767,-0.000000
4108,0.781774,0.059757,5.981678,1.307589,0.000000
4109,0.807098,0.003447,9.244720,1.315550,0.000000
4110,0.804773,0.024412,7.620364,1.315647,0.000000
4111,0.763077,0.029543,7.461944,1.312436,0.000000
4112,0.759826,0.002590,12.042948,1.309199,0.000000
4113,0.735594,0.002234,11.848037,1.299851,-0.000000
4114,0.756138,-0.001743,6.949046,1.283641,0.000000
4115,0.752977,0.068150,8.095656,1.272594,-0.000000
4116,0.764751,0.004685,6.529132,1.268809,-0.000000
4117,0.760906,0.005079,3.195914,1.274363,0.000000
4118,0.805320,0.035001,8.315227,1.273080,0.000000
4119,0.766538,0.015110,4.341227,1.260418,-0.000000
4120,0.805015,0.003673,5.198339,1.244897,-0.000000
4121,0.754098,0.045319,5.665496,1.231601,0.000000
4122,0.794461,0.002278,2.492380,1.207433,0.000000
4123,0.798719,0.012811,3.539371,1.191769,-0.000000
4124,0.797291,0.020710,3.969597,1.182813,0.000000
4125,0.800796,0.008972,2.745725,1.161624,-0.000000
4126,0.745574,0.029237,3.302230,1.160006,0.000000
4127,0.766692,0.006890,3.210164,1.160973,-0.000000
4128,0.755375,0.096771,3.325423,1.147837,0.000000
4129,0.724856,0.001021,3.288987,1.144845,0.000000
4130,0.790005,0.001201,6.583617,1.149381,0.000000
4131,0.762100,0.011252,2.510737,1.142480,-0.000000
4132,0.720811,0.020661,3.921078,1.119165,-0.000000
4133,0.728497,0.029180,3.976876,1.086912,0.000000
4134,0.794216,0.019353,3.712233,1.059120,-0.000000
4135,0.784660,0.001670,8.056507,1.043940,0.000000
4136,0.763937,0.000433,4.316820,1.041397,0.000000
4137,0.801263,0.000161,4.980727,1.049499,-0.000000
4138,0.800567,0.009503,9.664603,1.055811,0.000000
4139,0.775628,0.000219,6.812507,1.040515,0.000000
4140,0.780806,0.002274,3.930031,1.027221,0.000000
4141,0.795275,0.004415,5.778867,1.020075,0.000000
4142,0.790841,2.546627,4.095314,1.015973,0.000000
4143,0.799704,0.011902,12.588979,1.008322,-0.000000
4144,0.790544,0.000756,5.091792,1.019343,0.000000
4145,0.802768,0.000339,7.997236,1.033682,0.000000
4146,0.781401,0.008521,4.484731,1.037307,-0.000000
4147,0.808242,-0.000593,5.851506,1.053345,0.000000
4148,0.798242,0.006232,3.343069,1.076308,0.000000
4149,0.799050,-0.001348,8.330565,1.084253,0.000000
4150,0.802703,-0.003994,12.098565,1.102685,0.000000
4151,0.795888,0.004454,9.844619,1.129342,0.000000
4152,0.803161,0.001405,9.862376,1.151383,0.000000
4153,0.798579,-0.000549,11.133612,1.176441,0.000000
4154,0.800241,0.005339,8.482558,1.187637,0.000000
4155,0.795284,-0.000112,5.567435,1.184303,0.000000
4156,0.790014,0.000484,4.866482,1.161166,-0.000000
4157,0.769318,0.017431,9.116093,1.155147,-0.000000
4158,0.791532,-0.000274,5.973449,1.151179,0.000000
4159,0.786305,0.007082,4.818707,1.140199,-0.000000
4160,0.788934,0.013418,6.489541,1.141831,0.000000
4161,0.792468,0.003352,8.340896,1.147934,-0.000000
4162,0.788521,-0.000763,4.239758,1.163203,0.000000
4163,0.782097,0.719835,4.988221,1.159440,0.000000
4164,0.774164,0.063290,3.524717,1.149392,0.000000
4165,0.786449,0.027271,2.755244,1.144670,-0.000000
4166,0.779412,0.003518,4.026596,1.139294,0.000000
4167,0.787461,-0.003018,7.333466,1.144735,0.000000
4168,0.782769,0.005203,8.233155,1.151692,-0.000000
4169,0.758614,-0.005845,8.434370,1.152514,0.000000
4170,0.758777,0.003030,25.548243,1.165689,-0.000000
4171,0.792161,0.004448,10.302670,1.196800,-0.000000
4172,0.798179,-0.000298,13.001353,1.231161,0.000000
4173,0.786909,0.000831,14.203279,1.251044,-0.000000
4174,0.795120,0.002161,15.958730,1.273454,0.000000
4175,0.795543,0.007889,13.347627,1.297948,-0.000000
4176,0.796145,0.127475,8.958326,1.297360,0.000000
4177,0.765699,0.001452,12.947600,1.283716,-0.000000
4178,0.785512,0.013468,8.347826,1.271208,-0.000000
4179,0.793720,0.026592,8.512866,1.253129,0.000000
4180,0.792531,0.065750,10.290324,1.246009,-0.000000
4181,0.790143,0.054652,4.441677,1.249913,0.000000
4182,0.790481,0.010596,17.463944,1.259647,0.000000
4183,0.783555,0.018649,11.116929,1.268431,-0.000000
4184,0.758822,0.007366,12.633276,1.271137,0.000000
4185,0.759521,0.024676,9.354139,1.267363,0.000000
4186,0.790417,0.003408,7.503932,1.261791,-0.000000
4187,0.764171,0.016213,9.222374,1.249850,0.000000
4188,0.775101,0.004135,6.313888,1.232949,0.000000
4189,0.791121,0.001200,10.728925,1.224107,0.000000
4190,0.741434,0.074688,5.797917,1.226636,-0.000000
4191,0.722413,0.011684,4.740504,1.215083,-0.000000
4192,0.723172,0.021250,5.537892,1.211508,0.000000
4193,0.793402,-0.000609,16.436710,1.212632,-0.000000
4194,0.777299,0.015632,7.915471,1.207002,0.000000
4195,0.806900,-0.001566,23.241783,1.206139,0.000000
4196,0.793914,0.002403,12.044945,1.206123,0.000000
4197,0.797673,0.002592,20.682304,1.199686,0.000000
4198,0.803362,0.009390,16.301668,1.201464,-0.000000
4199,0.804463,-0.000502,31.432326,1.210573,0.000000
4200,0.814708,0.017786,44.228495,1.207170,0.000000
4201,0.810213,0.043922,32.116770,1.223459,0.000000
4202,0.803519,0.287776,7.339188,1.244378,0.000000
4203,0.802506,0.006923,20.525553,1.241218,-0.000000
4204,0.800875,0.004223,14.977924,1.240181,0.000000
4205,0.801523,-0.001317,43.354707,1.240696,-0.000000
4206,0.799784,0.002309,27.206879,1.238136,0.000000
4207,0.800580,0.005466,24.764094,1.248187,0.000000
4208,0.774199,0.276962,40.530792,1.269190,0.000000
4209,0.808091,-0.001828,41.043621,1.291741,-0.000000
4210,0.777757,-0.000183,22.584146,1.310403,0.000000
4211,0.802505,0.011997,18.827052,1.315090,0.000000
4212,0.803170,0.001266,35.641642,1.313757,-0.000000
4213,0.772942,0.012032,6.260782,1.313111,0.000000
4214,0.776342,0.010479,27.592621,1.327308,-0.000000
4215,0.675093,0.021452,29.302805,1.342197,-0.000000
4216,0.766917,0.015746,29.076516,1.330113,-0.000000
4217,0.744888,0.015701,13.308785,1.312984,-0.000000
4218,0.812626,0.007412,29.587642,1.314686,-0.000000
4219,0.776107,0.045785,16.102849,1.319308,-0.000000
4220,0.754918,0.012328,12.944012,1.322909,0.000000
4221,0.779784,0.008022,9.579891,1.331086,0.000000
4222,0.767271,0.003834,11.081760,1.348144,0.000000
4223,0.767409,0.008737,19.522695,1.351495,-0.000000
4224,0.809340,-0.000305,48.806295,1.363984,-0.000000
4225,0.804286,0.022260,36.233762,1.388148,-0.000000
4226,0.777457,0.003498,41.052776,1.404296,-0.000000
4227,0.739191,0.008814,24.985040,1.413875,0.000000
4228,0.709463,-0.005134,19.559869,1.415371,0.000000
4229,0.750795,0.009164,11.357479,1.405248,0.000000
4230,0.642617,0.020488,30.733591,1.395380,-0.000000
4231,0.642237,0.005289,19.072501,1.377527,0.000000
4232,0.623285,0.055979,14.532369,1.346891,0.000000
4233,0.749394,-0.001394,15.281055,1.330459,0.000000
4234,0.708317,0.261487,2.816792,1.309548,0.000000
4235,0.689291,0.003138,10.058728,1.288676,0.000000
4236,0.642284,0.008117,11.048191,1.295395,0.000000
4237,0.684347,0.408752,4.083328,1.301461,0.000000
4238,0.709635,0.002119,5.204296,1.307228,0.000000
4239,0.607512,0.115138,2.734389,1.305369,-0.000000
4240,0.780332,0.021546,7.641082,1.303187,0.000000
4241,0.758209,0.006135,8.222420,1.310992,-0.000000
4242,0.790718,0.009162,10.051539,1.292964,0.000000
4243,0.717468,0.032655,10.893203,1.271207,0.000000
4244,0.655302,0.007146,17.495686,1.263982,0.000000
4245,0.753157,0.009909,11.082829,1.259786,-0.000000
4246,0.613131,0.343432,13.534645,1.244576,0.000000
4247,0.738646,0.162873,3.603648,1.221889,0.000000
4248,0.615963,0.000185,25.893538,1.203482,0.000000
4249,0.759604,0.211121,6.143987,1.187574,-0.000000
4250,0.743151,0.047373,8.233498,1.167327,-0.000000
4251,0.749282,0.002878,27.181492,1.160525,0.000000
4252,0.751867,0.009047,14.584010,1.158145,0.000000
4253,0.773435,0.002867,12.622423,1.161328,0.000000
4254,0.704445,0.012180,3.551152,1.164242,0.000000
4255,0.790430,0.003906,20.290405,1.158786,-0.000000
4256,0.782036,-0.007662,7.530036,1.155405,-0.000000
4257,0.756224,0.003365,11.972971,1.159398,0.000000
4258,0.757108,-0.002093,19.878997,1.165960,0.000000
4259,0.719935,0.000286,16.973998,1.167709,-0.000000
4260,0.784035,0.006744,11.948519,1.173491,-0.000000
4261,0.794582,0.418511,16.739655,1.168011,-0.000000
4262,0.757758,0.031651,14.129398,1.163765,-0.000000
4263,0.719407,0.000332,17.621456,1.151530,0.000000
4264,0.782067,0.019028,5.470904,1.145233,0.000000
4265,0.729052,-0.001157,23.487559,1.156129,0.000000
4266,0.797080,0.030180,13.028532,1.155971,-0.000000
4267,0.763562,-0.002742,19.885299,1.146749,0.000000
4268,0.799812,-0.004619,27.008049,1.158990,0.000000
4269,0.804849,0.002582,16.966583,1.178974,-0.000000
4270,0.732512,0.001261,37.744115,1.192185,-0.000000
4271,0.772147,-0.000712,15.445949,1.200387,-0.000000
4272,0.802088,-0.002735,30.551586,1.205630,0.000000
4273,0.803477,0.000156,34.660297,1.207947,-0.000000
4274,0.762310,0.004663,15.807954,1.204748,0.000000
4275,0.758188,0.001784,18.853703,1.196064,-0.000000
4276,0.765931,0.010148,14.330542,1.196589,-0.000000
4277,0.718352,0.014937,11.669994,1.213579,-0.000000
4278,0.745484,0.013285,16.987872,1.227663,-0.000000
4279,0.773197,0.010210,9.883134,1.233170,0.000000
4280,0.780757,0.001376,13.824429,1.242216,-0.000000
4281,0.782014,-0.007266,16.044196,1.259270,-0.000000
4282,0.737600,0.001748,31.087323,1.266798,-0.000000
4283,0.798234,0.000728,21.628950,1.274350,0.000000
4284,0.736097,-0.000634,20.425185,1.276925,0.000000
4285,0.714753,0.001440,15.184590,1.269147,-0.000000
4286,0.758736,0.012341,5.901991,1.249055,-0.000000
4287,0.764372,0.005734,5.227426,1.231056,0.000000
4288,0.773747,0.000195,14.890517,1.213980,-0.000000
4289,0.741238,0.024547,7.201896,1.199515,0.000000
4290,0.699065,0.059512,5.185717,1.194181,-0.000000
4291,0.767489,0.234152,5.121954,1.190118,-0.000000
4292,0.745264,-0.002180,9.405145,1.190610,0.000000
4293,0.763954,0.008482,6.271786,1.187575,0.000000
4294,0.758547,0.001948,12.538065,1.169867,0.000000
4295,0.791535,-0.002937,30.609114,1.191490,0.000000
4296,0.773898,0.025575,5.245395,1.219047,-0.000000
4297,0.762726,0.000378,34.571504,1.216239,-0.000000
4298,0.804308,-0.004559,39.301737,1.233115,0.000000
4299,0.787079,0.063957,33.292600,1.260385,-0.000000
4300,0.701939,-0.001504,15.021953,1.262598,0.000000
4301,0.763392,-0.001198,19.599792,1.276425,-0.000000
4302,0.762841,0.001472,19.266304,1.305432,0.000000
4303,0.801219,-0.001383,23.492432,1.319963,-0.000000
4304,0.764081,-0.001919,29.506849,1.320033,-0.000000
4305,0.789327,0.006743,21.862004,1.312762,0.000000
4306,0.795100,0.000050,33.866537,1.320275,-0.000000
4307,0.760393,0.000913,9.469820,1.331736,0.000000
4308,0.800337,0.024579,30.586117,1.327027,0.000000
4309,0.765283,0.002870,13.716110,1.335866,0.000000
4310,0.757901,0.085068,12.953151,1.344565,0.000000
4311,0.800509,0.014206,16.698291,1.340847,-0.000000
4312,0.761198,0.004274,13.296673,1.338349,-0.000000
4313,0.799262,0.006143,16.724867,1.345352,0.000000
4314,0.776686,0.003186,10.192772,1.355258,-0.000000
4315,0.779329,0.004312,10.113178,1.347923,0.000000
4316,0.807047,0.000414,12.676581,1.355936,-0.000000
4317,0.758206,0.017221,10.178962,1.352189,0.000000
4318,0.733253,0.006492,8.792840,1.349949,-0.000000
4319,0.758024,0.025349,3.008448,1.351487,0.000000
4320,0.766981,0.019448,2.808849,1.340980,-0.000000
4321,0.752668,0.007415,2.248572,1.327203,0.000000
4322,0.714828,0.022049,1.976040,1.315156,0.000000
4323,0.728587,-0.001782,1.626951,1.307812,0.000000
4324,0.730727,0.016276,1.965146,1.308085,0.000000
4325,0.695127,0.054946,1.917378,1.300646,0.000000
4326,0.716815,0.035963,1.884196,1.286191,-0.000000
4327,0.760628,0.506482,2.392844,1.257178,0.000000
4328,0.766666,0.011108,1.326159,1.225969,0.000000
4329,0.757343,0.024732,2.924830,1.213004,-0.000000
4330,0.759996,0.029792,1.662651,1.205896,0.000000
4331,0.756072,0.034462,1.907827,1.189044,0.000000
4332,0.766450,0.021343,3.450247,1.174740,-0.000000
4333,0.780050,0.001597,6.050797,1.154801,0.000000
4334,0.763953,-0.000228,5.073135,1.144102,0.000000
4335,0.792987,0.004507,5.889467,1.140987,0.000000
4336,0.781181,-0.003223,8.793790,1.148473,0.000000
4337,0.793156,0.004590,5.853920,1.160392,0.000000
4338,0.768627,0.034035,6.389170,1.153287,0.000000
4339,0.754408,0.008471,6.923305,1.135026,-0.000000
4340,0.801412,-0.002497,13.830102,1.134118,-0.000000
4341,0.743815,0.010528,4.144238,1.120277,-0.000000
4342,0.762965,0.014758,6.319143,1.103523,-0.000000
4343,0.755607,0.372779,8.395272,1.118248,0.000000
4344,0.796114,0.010715,4.281235,1.116938,-0.000000
4345,0.767994,0.002847,6.613592,1.108888,0.000000
4346,0.795864,0.009337,4.074771,1.097704,-0.000000
4347,0.793978,-0.002653,14.520472,1.098856,0.000000
4348,0.778974,0.014656,7.042363,1.107326,0.000000
4349,0.765928,0.234674,5.805802,1.089880,0.000000
4350,0.797314,0.025876,7.931537,1.052065,0.000000
4351,0.763151,0.006488,7.909425,1.030180,-0.000000
4352,0.683762,0.041878,4.301507,1.028144,0.000000
4353,0.616014,0.093477,5.626063,1.026938,0.000000
4354,0.733502,0.002447,11.770970,1.020414,0.000000
4355,0.800793,-0.003861,10.311564,1.012508,-0.000000
4356,0.779369,0.005234,5.539511,1.023180,-0.000000
4357,0.794306,0.048631,7.505616,1.026833,0.000000
4358,0.778875,0.006831,6.129396,1.013446,-0.000000
4359,0.802548,0.004774,8.138049,1.013099,0.000000
4360,0.764724,0.167316,9.223557,1.020672,0.000000
4361,0.760960,0.024061,11.148261,1.022790,0.000000
4362,0.793400,0.006713,9.087365,1.007063,-0.000000
4363,0.806888,-0.001754,17.117629,1.014561,0.000000
4364,0.795138,0.002275,15.744477,1.037255,-0.000000
4365,0.783656,0.005209,10.230036,1.043768,0.000000
4366,0.794903,0.004044,11.976558,1.042076,0.000000
4367,0.791310,0.004835,9.658620,1.041229,-0.000000
4368,0.784312,-0.001697,8.013703,1.053119,0.000000
4369,0.794309,-0.005295,18.063145,1.072417,0.000000
4370,0.794755,0.000722,5.807012,1.075619,0.000000
4371,0.787436,0.008745,4.403106,1.078657,-0.000000
4372,0.778356,-0.000303,5.345569,1.086968,0.000000
4373,0.789414,-0.000988,13.217544,1.090874,0.000000
4374,0.776458,-0.001606,12.664726,1.106999,0.000000
4375,0.777665,0.016990,5.455722,1.121109,-0.000000
4376,0.784242,0.009282,2.957119,1.124066,-0.000000
4377,0.782572,0.010087,4.462690,1.124621,-0.000000
4378,0.786380,0.118776,3.613124,1.124917,0.000000
4379,0.783220,-0.000528,3.527655,1.145597,0.000000
4380,0.782314,-0.004744,1.945890,1.155314,0.000000
4381,0.777264,0.003677,3.287833,1.120303,-0.000000
4382,0.786588,0.002487,4.644799,1.096113,-0.000000
4383,0.788219,0.009048,7.094529,1.101329,0.000000
4384,0.775208,-0.000626,7.025601,1.104095,0.000000
4385,0.784257,-0.000533,12.026789,1.123298,0.000000
4386,0.776070,-0.002078,15.992200,1.143565,-0.000000
4387,0.785249,-0.000806,17.320302,1.164403,-0.000000
4388,0.781839,-0.002212,18.981891,1.181169,0.000000
4389,0.779352,0.009216,15.424273,1.192001,0.000000
4390,0.782693,0.003918,24.845976,1.210821,0.000000
4391,0.784653,0.296012,26.148603,1.222793,0.000000
4392,0.782891,0.001883,12.427498,1.237527,-0.000000
4393,0.786566,-0.002021,10.203804,1.247193,-0.000000
4394,0.776920,0.006864,18.930998,1.252775,-0.000000
4395,0.788448,0.000888,15.054211,1.264944,0.000000
4396,0.788222,-0.003834,12.654340,1.266965,0.000000
4397,0.782816,0.002166,8.846076,1.270010,-0.000000
4398,0.767099,0.004506,12.505645,1.288864,0.000000
4399,0.785764,-0.000352,20.018396,1.291468,-0.000000
4400,0.789572,0.001756,19.265899,1.298526,0.000000
4401,0.773298,0.002758,18.625655,1.319986,0.000000
4402,0.776164,0.004097,16.098247,1.351695,-0.000000
4403,0.779206,0.007496,24.029907,1.356091,-0.000000
4404,0.783668,0.007108,29.554887,1.359080,0.000000
4405,0.786709,-0.003859,24.726079,1.374679,0.000000
4406,0.792042,-0.000406,21.932233,1.394470,-0.000000
4407,0.782071,0.006180,20.600409,1.401931,0.000000
4408,0.783902,0.002466,16.011731,1.400491,0.000000
4409,0.784827,0.001145,24.311400,1.414905,-0.000000
4410,0.794218,0.013607,27.136959,1.436682,-0.000000
4411,0.791218,-0.002187,30.287884,1.462779,0.000000
4412,0.798976,0.017797,26.844422,1.483083,-0.000000
4413,0.792523,0.016951,11.857261,1.481095,0.000000
4414,0.801498,0.022024,13.368929,1.471519,-0.000000
4415,0.797880,0.013700,15.890745,1.477893,-0.000000
4416,0.792866,0.007707,14.330009,1.491787,-0.000000
4417,0.795308,0.039766,10.263020,1.488197,0.000000
4418,0.793838,0.018008,9.134311,1.475850,0.000000
4419,0.788280,0.014229,9.438848,1.461825,-0.000000
4420,0.796887,0.003337,13.317334,1.448139,-0.000000
4421,0.723611,0.052666,10.858344,1.437512,0.000000
4422,0.789927,0.001592,15.663092,1.433438,0.000000
4423,0.791424,0.014837,23.591941,1.427279,0.000000
4424,0.794463,0.004718,12.270994,1.426364,0.000000
4425,0.649497,0.017008,4.276196,1.428431,-0.000000
4426,0.673673,0.014382,9.860521,1.419694,-0.000000
4427,0.722615,0.036275,6.711810,1.401255,0.000000
4428,0.748111,0.020990,8.146634,1.379224,0.000000
4429,0.763287,0.016353,5.319505,1.366088,-0.000000
4430,0.786921,0.039578,5.019480,1.365432,-0.000000
4431,0.780325,0.003629,4.854875,1.367843,0.000000
4432,0.788092,0.011701,3.727538,1.362294,0.000000
4433,0.801374,0.019539,5.835099,1.346965,0.000000
4434,0.757035,0.016267,3.843980,1.320501,-0.000000
4435,0.779365,0.009240,14.823490,1.297614,-0.000000
4436,0.776811,0.005760,5.179100,1.285782,0.000000
4437,0.779405,0.003875,2.654397,1.280421,0.000000
4438,0.752853,0.006170,4.879581,1.279366,-0.000000
4439,0.777098,0.006709,4.363182,1.273407,0.000000
4440,0.775814,0.006733,2.077954,1.254357,-0.000000
4441,0.584785,0.007466,9.288065,1.243261,-0.000000
4442,0.715180,0.014434,3.549442,1.253887,-0.000000
4443,0.624689,0.000301,4.214788,1.259028,-0.000000
4444,0.681743,0.001604,3.441730,1.258509,-0.000000
4445,0.710530,0.044692,5.143716,1.256029,-0.000000
4446,0.708484,0.001535,3.556145,1.249029,-0.000000
4447,0.736133,0.002264,6.255796,1.250410,-0.000000
4448,0.735619,0.000356,7.004314,1.245717,0.000000
4449,0.769298,0.004179,2.258912,1.225376,0.000000
4450,0.782008,0.025797,1.471728,1.212825,0.000000
4451,0.726727,-0.002141,5.537063,1.205003,0.000000
4452,0.751980,-0.000890,7.650196,1.200804,0.000000
4453,0.672061,0.008623,4.131283,1.190791,-0.000000
4454,0.723168,0.012127,2.016994,1.179112,-0.000000
4455,0.707018,0.102362,2.330808,1.152255,-0.000000
4456,0.725685,0.002532,2.833065,1.137202,-0.000000
4457,0.720712,0.001658,1.782553,1.143704,0.000000
4458,0.762202,0.006359,3.679610,1.134338,0.000000
4459,0.764503,0.002978,2.058317,1.107872,0.000000
4460,0.777096,0.074993,2.438730,1.085831,0.000000
4461,0.773695,0.003991,1.183978,1.076660,0.000000
4462,0.737459,0.002220,1.557852,1.081260,-0.000000
4463,0.771286,0.020315,1.557429,1.095653,0.000000
4464,0.746884,-0.000654,1.409798,1.094999,-0.000000
4465,0.718983,0.000366,1.542165,1.082029,0.000000
4466,0.707340,0.042196,1.704809,1.071499,0.000000
4467,0.757025,0.001545,1.270058,1.057009,-0.000000
4468,0.741165,0.006073,0.917390,1.053155,0.000000
4469,0.738499,0.000942,1.221298,1.050341,0.000000
4470,0.745246,0.000355,0.949655,1.053194,-0.000000
4471,0.748546,0.002653,1.585177,1.037034,0.000000
4472,0.730970,-0.001171,0.883585,1.023239,0.000000
4473,0.736547,0.073672,1.604397,1.018123,0.000000
4474,0.687324,0.010228,1.456754,1.000624,-0.000000
4475,0.689258,0.004880,2.040585,0.989853,-0.000000
4476,0.668518,-0.005072,2.529036,0.974477,-0.000000
4477,0.739915,0.010371,3.540751,0.959287,0.000000
4478,0.732225,0.002926,2.643368,0.954181,-0.000000
4479,0.756908,0.003716,1.574341,0.944313,0.000000
4480,0.741355,0.000984,2.461666,0.925137,0.000000
4481,0.724453,0.010807,2.897709,0.921042,-0.000000
4482,0.756580,0.000333,1.933578,0.923399,0.000000
4483,0.716933,0.005418,2.908465,0.908329,-0.000000
4484,0.756722,-0.004508,1.709994,0.897248,-0.000000
4485,0.753979,0.009377,3.032040,0.900209,0.000000
4486,0.752590,0.007026,4.627778,0.901384,-0.000000
4487,0.751660,-0.000674,2.369756,0.902282,-0.000000
4488,0.758192,0.012824,2.111810,0.897330,-0.000000
4489,0.747955,-0.003055,1.731436,0.881476,0.000000
4490,0.743537,-0.002693,1.285961,0.879891,-0.000000
4491,0.738581,0.004279,1.377695,0.866612,-0.000000
4492,0.733399,0.001815,1.108674,0.846995,-0.000000
4493,0.738152,0.003441,1.559976,0.852348,0.000000
4494,0.730095,0.026746,1.346495,0.859190,0.000000
4495,0.758469,0.000833,2.231945,0.856855,-0.000000
4496,0.738034,0.015513,1.085728,0.850428,0.000000
4497,0.724359,0.000430,1.883935,0.838402,0.000000
4498,0.724285,0.025853,0.996809,0.828470,0.000000
4499,0.729716,0.222820,0.773897,0.815021,-0.000000
4500,0.715567,0.005975,0.947336,0.798989,0.000000
4501,0.738764,-0.003169,1.314199,0.794040,0.000000
4502,0.675735,0.002791,1.996590,0.803929,-0.000000
4503,0.732010,-0.004586,1.270232,0.816003,0.000000
4504,0.743329,-0.002206,1.629839,0.812206,-0.000000
4505,0.620200,0.008595,5.812540,0.798465,-0.000000
4506,0.698094,-0.003939,3.419764,0.784921,-0.000000
4507,0.689037,0.000410,2.867715,0.778189,-0.000000
4508,0.729656,-0.000455,2.677660,0.777787,-0.000000
4509,0.673042,0.007043,3.524080,0.763460,0.000000
4510,0.673729,-0.004756,2.810221,0.752067,0.000000
4511,0.625124,0.012334,3.189083,0.745271,-0.000000
4512,0.693857,0.003296,2.682304,0.727610,-0.000000
4513,0.732829,-0.000458,1.290338,0.712172,0.000000
4514,0.687347,0.004606,1.762702,0.705701,0.000000
4515,0.734848,0.010707,1.747481,0.705477,-0.000000
4516,0.752421,-0.000946,1.826845,0.701290,0.000000
4517,0.760282,-0.003744,1.696919,0.699396,0.000000
4518,0.752967,0.005512,2.663136,0.693357,0.000000
4519,0.766367,-0.003390,1.097062,0.675720,-0.000000
4520,0.744611,0.025220,1.202197,0.665503,0.000000
4521,0.733813,-0.001414,0.695136,0.675343,-0.000000
4522,0.760448,-0.003400,1.674852,0.682071,0.000000
4523,0.757684,-0.001099,1.321065,0.672913,0.000000
4524,0.755804,0.000874,1.499637,0.659573,0.000000
4525,0.760897,-0.000898,2.947008,0.673266,-0.000000
4526,0.757358,0.001080,2.275415,0.684863,0.000000
4527,0.759814,-0.002420,0.831937,0.678224,-0.000000
4528,0.745561,0.083021,1.080104,0.673443,-0.000000
4529,0.730755,0.044049,0.895966,0.667717,-0.000000
4530,0.745147,0.014028,2.361407,0.679205,-0.000000
4531,0.744404,-0.002384,1.379065,0.683525,-0.000000
4532,0.736150,0.001762,1.458021,0.678535,-0.000000
4533,0.740073,-0.006659,1.245499,0.674776,-0.000000
4534,0.763456,-0.000452,1.133895,0.674387,0.000000
4535,0.751257,-0.003066,1.449784,0.657656,-0.000000
4536,0.744414,0.009334,1.192019,0.647005,-0.000000
4537,0.722904,0.006063,1.065652,0.638747,0.000000
4538,0.750149,-0.002646,2.331406,0.624588,0.000000
4539,0.740067,0.008189,0.662735,0.637684,0.000000
4540,0.730112,0.001881,1.096157,0.646117,0.000000
4541,0.752901,-0.000517,1.270636,0.645362,0.000000
4542,0.756827,-0.000798,1.363187,0.642436,-0.000000
4543,0.723064,0.005807,3.397899,0.633236,0.000000
4544,0.748703,0.007011,1.317123,0.612999,0.000000
4545,0.750912,-0.002240,0.678117,0.605848,-0.000000
4546,0.759638,-0.001953,1.192912,0.618328,0.000000
4547,0.759604,-0.007149,0.838094,0.627062,0.000000
4548,0.733572,-0.000232,1.771826,0.639489,0.000000
4549,0.753808,0.004963,1.030852,0.660197,-0.000000
4550,0.732742,-0.001181,1.174791,0.678134,0.000000
4551,0.748554,-0.000521,2.122696,0.693267,0.000000
4552,0.764111,0.028808,0.894705,0.684517,-0.000000
4553,0.759315,-0.000926,0.951020,0.657247,0.000000
4554,0.751947,-0.003653,0.748249,0.642855,0.000000
4555,0.744493,0.000063,0.896073,0.654483,-0.000000
4556,0.758799,-0.009798,0.552832,0.658109,0.000000
4557,0.765350,0.006598,2.133373,0.646106,0.000000
4558,0.758798,0.011711,0.913933,0.623224,0.000000
4559,0.759231,0.017242,0.931996,0.593972,0.000000
4560,0.750640,-0.003472,1.877382,0.579371,-0.000000
4561,0.753456,-0.001892,1.785464,0.571476,0.000000
4562,0.769577,-0.004678,1.470457,0.571355,0.000000
4563,0.754728,0.025620,2.420971,0.571126,0.000000
4564,0.750901,0.006331,2.552741,0.560610,-0.000000
4565,0.763488,0.001493,2.387095,0.556969,0.000000
4566,0.754861,-0.004238,1.133277,0.571639,0.000000
4567,0.743600,-0.000593,0.946217,0.584816,-0.000000
4568,0.730236,-0.003628,1.690196,0.558694,0.000000
4569,0.743821,0.005604,1.114633,0.535282,-0.000000
4570,0.729993,-0.002041,0.878371,0.543610,-0.000000
4571,0.728675,0.009586,0.563606,0.555489,0.000000
4572,0.723917,0.005204,0.701981,0.561303,-0.000000
4573,0.644488,0.006939,7.724703,0.561182,-0.000000
4574,0.682536,-0.005241,2.467029,0.567933,-0.000000
4575,0.685162,0.007823,1.887188,0.570636,-0.000000
4576,0.724601,0.003904,5.094701,0.560203,0.000000
4577,0.732005,-0.002108,1.814831,0.548664,-0.000000
4578,0.731789,-0.001314,2.240950,0.554271,0.000000
4579,0.733732,-0.002654,2.327142,0.562221,0.000000
4580,0.731152,0.005609,1.439066,0.560918,-0.000000
4581,0.733297,0.029860,1.217347,0.571460,0.000000
4582,0.709097,0.007412,1.500965,0.560563,-0.000000
4583,0.728904,-0.000817,0.456702,0.537537,0.000000
4584,0.727999,0.063393,0.922404,0.531296,-0.000000
4585,0.702028,0.048242,1.212143,0.518675,0.000000
4586,0.720356,-0.003004,1.850729,0.516443,0.000000
4587,0.669833,0.010567,2.297966,0.506107,-0.000000
4588,0.703388,0.033131,0.643957,0.494842,-0.000000
4589,0.663872,-0.003788,1.194839,0.485776,0.000000
4590,0.679949,0.189199,0.582587,0.468959,-0.000000
4591,0.684509,0.026370,0.685415,0.446729,0.000000
4592,0.666076,0.083334,0.958047,0.412128,-0.000000
4593,0.703621,0.006938,0.560140,0.391914,-0.000000
4594,0.701339,-0.002051,0.494642,0.391586,0.000000
4595,0.710079,0.010018,0.739622,0.394705,0.000000
4596,0.711891,-0.002821,0.437994,0.402004,0.000000
4597,0.718305,0.004062,0.392575,0.399299,-0.000000
4598,0.737177,-0.000122,0.641351,0.395370,0.000000
4599,0.719170,-0.001454,1.275346,0.416426,0.000000
4600,0.735810,-0.000074,0.533778,0.424279,-0.000000
4601,0.735584,0.015740,0.436043,0.414004,-0.000000
4602,0.734273,-0.000100,0.405193,0.404894,-0.000000
4603,0.742382,0.007074,0.617321,0.411904,0.000000
4604,0.748162,-0.004661,0.535379,0.412408,-0.000000
4605,0.742768,-0.004965,1.483407,0.420341,0.000000
4606,0.739286,-0.001047,0.477106,0.438300,-0.000000
4607,0.751214,0.002890,0.790192,0.448042,-0.000000
4608,0.751306,-0.002729,0.667540,0.467594,0.000000
4609,0.750684,-0.001362,0.426665,0.470549,-0.000000
4610,0.747177,0.006074,0.289145,0.465104,-0.000000
4611,0.734808,-0.003300,0.870458,0.461920,0.000000
4612,0.735386,0.005934,0.659480,0.458127,-0.000000
4613,0.743019,0.009101,0.577791,0.468540,0.000000
4614,0.738940,-0.002072,0.310564,0.471570,0.000000
4615,0.711545,0.006444,0.616219,0.447856,-0.000000
4616,0.712364,0.001697,0.341987,0.422378,0.000000
4617,0.727839,-0.008359,0.910652,0.414956,0.000000
4618,0.710126,0.000914,8.845163,0.418314,-0.000000
4619,0.698647,-0.002113,4.141649,0.433076,-0.000000
4620,0.726434,-0.005276,1.305442,0.450706,0.000000
4621,0.747396,-0.004083,0.689654,0.488657,-0.000000
4622,0.743903,0.002543,0.537432,0.516943,0.000000
4623,0.740914,-0.001458,2.113953,0.525637,0.000000
4624,0.746617,-0.002452,0.469584,0.540258,0.000000
4625,0.712078,-0.004122,0.359130,0.536302,-0.000000
4626,0.751177,0.000032,0.315540,0.536485,0.000000
4627,0.729290,0.004747,0.999155,0.545608,0.000000
4628,0.721180,-0.003416,0.303484,0.555441,-0.000000
4629,0.728284,-0.001288,0.466350,0.560365,0.000000
4630,0.730271,0.000379,0.498513,0.558108,-0.000000
4631,0.721426,0.039151,0.723047,0.539634,0.000000
4632,0.689049,0.002725,1.813045,0.532279,-0.000000
4633,0.691593,-0.004899,0.853502,0.537103,0.000000
4634,0.712895,0.010739,1.457520,0.525944,0.000000
4635,0.725546,0.002058,0.451638,0.511366,0.000000
4636,0.710827,-0.004009,3.849712,0.511043,0.000000
4637,0.726132,0.006605,3.144323,0.518773,-0.000000
4638,0.573217,0.013725,30.326419,0.527626,0.000000
4639,0.613578,0.016800,15.540648,0.535369,0.000000
4640,0.682576,0.004065,15.742834,0.536432,0.000000
4641,0.745830,0.029890,13.822602,0.534256,-0.000000
4642,0.735744,0.000256,2.929484,0.534386,-0.000000
4643,0.743117,-0.002633,9.530853,0.543832,0.000000
4644,0.744083,-0.002144,2.059271,0.566064,0.000000
4645,0.750321,0.000700,2.368710,0.575231,0.000000
4646,0.742222,0.011485,1.068786,0.568291,0.000000
4647,0.761427,0.001208,0.905427,0.571214,-0.000000
4648,0.734148,0.000521,0.603787,0.577742,-0.000000
4649,0.765438,0.004859,13.426722,0.579108,0.000000
4650,0.776405,-0.000576,3.954538,0.585766,0.000000
4651,0.761461,0.015661,3.890944,0.583614,0.000000
4652,0.744450,0.009441,0.553245,0.570830,0.000000
4653,0.777841,-0.005125,0.698226,0.564891,0.000000
4654,0.755848,-0.002759,0.792446,0.567802,0.000000
4655,0.762418,-0.002456,0.849514,0.573722,0.000000
4656,0.690145,0.001369,1.606518,0.574243,0.000000
4657,0.726181,0.002070,1.357986,0.569341,0.000000
4658,0.704522,-0.001658,1.177824,0.564095,0.000000
4659,0.725467,-0.004208,0.968551,0.549404,-0.000000
4660,0.758279,-0.001333,1.145191,0.532589,-0.000000
4661,0.763255,-0.000001,0.407954,0.517487,0.000000
4662,0.672256,-0.000782,1.029672,0.508761,-0.000000
4663,0.729794,0.005083,0.582508,0.508866,0.000000
4664,0.698524,-0.004946,0.464811,0.513835,-0.000000
4665,0.699427,0.000521,0.716136,0.502073,0.000000
4666,0.694707,-0.002388,0.182136,0.493659,-0.000000
4667,0.715639,-0.004651,0.638573,0.496262,0.000000
4668,0.715234,0.028498,0.480642,0.491368,0.000000
4669,0.713451,0.000808,0.653060,0.485777,0.000000
4670,0.696188,0.008567,0.709277,0.482989,-0.000000
4671,0.692711,0.057175,0.444108,0.467018,0.000000
4672,0.703211,0.005209,0.513508,0.446579,0.000000
4673,0.711992,-0.001763,0.246183,0.431284,-0.000000
4674,0.689620,-0.001331,0.653851,0.412062,-0.000000
4675,0.684150,0.002066,0.552951,0.403201,0.000000
4676,0.689629,0.009849,0.370473,0.395233,-0.000000
4677,0.712070,-0.004946,1.440254,0.387731,0.000000
4678,0.740744,0.001956,1.352029,0.396613,0.000000
4679,0.726099,-0.002076,1.337303,0.402693,0.000000
4680,0.727881,-0.000198,1.517917,0.411646,-0.000000
4681,0.753381,-0.006916,3.553115,0.440684,0.000000
4682,0.708442,0.003104,2.897623,0.453466,-0.000000
4683,0.752176,-0.000773,2.385998,0.440545,-0.000000
4684,0.732473,0.003837,1.416736,0.442973,0.000000
4685,0.742802,-0.003688,1.531125,0.446341,-0.000000
4686,0.746725,0.001061,1.953489,0.441720,-0.000000
4687,0.760576,0.158741,2.177233,0.449819,0.000000
4688,0.729046,-0.000714,5.817986,0.460825,0.000000
4689,0.708844,0.024249,1.719393,0.458532,0.000000
4690,0.714942,0.011392,0.833855,0.447065,-0.000000
4691,0.703005,0.018181,0.923537,0.435616,0.000000
4692,0.732531,0.011469,1.301348,0.418972,-0.000000
4693,0.742781,-0.008229,0.964011,0.413244,-0.000000
4694,0.759951,0.008902,1.648719,0.391115,-0.000000
4695,0.750750,0.002111,1.215085,0.376657,0.000000
4696,0.751810,0.001872,1.126414,0.382286,0.000000
4697,0.743621,0.010513,0.960726,0.395974,0.000000
4698,0.747764,-0.001662,1.532283,0.418916,0.000000
4699,0.756208,0.000052,0.765209,0.438133,-0.000000
4700,0.745916,-0.001114,0.930720,0.443380,-0.000000
4701,0.749752,-0.002934,2.130538,0.455491,-0.000000
4702,0.746445,0.000644,0.610126,0.464736,-0.000000
4703,0.746681,0.006200,0.655053,0.438156,-0.000000
4704,0.744140,0.030406,2.161793,0.434331,-0.000000
4705,0.747638,0.004557,0.921515,0.444598,-0.000000
4706,0.738178,0.016343,0.979570,0.445973,-0.000000
4707,0.726210,0.003673,2.566127,0.448689,0.000000
4708,0.743812,0.004932,0.940121,0.442209,0.000000
4709,0.740008,-0.002191,1.591790,0.434635,0.000000
4710,0.740970,0.004472,1.475823,0.443612,-0.000000
4711,0.744450,-0.003278,1.217211,0.450236,-0.000000
4712,0.742932,-0.000682,0.832577,0.461946,0.000000
4713,0.744041,-0.007211,1.866911,0.469264,-0.000000
4714,0.742601,0.006249,1.313552,0.474066,-0.000000
4715,0.747033,-0.005805,2.185224,0.475086,0.000000
4716,0.744992,-0.004212,3.342087,0.486404,0.000000
4717,0.746743,-0.003431,2.471092,0.504258,0.000000
4718,0.734758,-0.001094,0.941506,0.520715,-0.000000
4719,0.726746,-0.001214,0.872936,0.527581,-0.000000
4720,0.734010,-0.002291,1.551951,0.537922,-0.000000
4721,0.732939,-0.003792,2.037727,0.562688,0.000000
4722,0.724984,0.002804,1.551532,0.584162,-0.000000
4723,0.731166,0.000682,1.382095,0.591205,-0.000000
4724,0.730623,0.000655,2.272090,0.600263,-0.000000
4725,0.725593,-0.000029,2.789517,0.608302,0.000000
4726,0.729449,-0.000964,0.652954,0.606249,0.000000
4727,0.730383,0.003803,1.479117,0.595998,0.000000
4728,0.717232,0.002060,1.136597,0.570128,0.000000
4729,0.710708,-0.000511,0.780411,0.558553,0.000000
4730,0.715327,-0.004769,2.149574,0.558640,-0.000000
4731,0.710986,-0.003450,0.859727,0.558448,0.000000
4732,0.712512,-0.006022,1.362841,0.539285,-0.000000
4733,0.717755,-0.000322,1.172023,0.535569,0.000000
4734,0.711076,-0.002243,3.409645,0.551251,0.000000
4735,0.707464,-0.000625,2.507338,0.551714,-0.000000
4736,0.712085,0.004103,1.148687,0.540946,0.000000
4737,0.706116,0.005151,1.485101,0.541734,0.000000
4738,0.694272,-0.003601,2.286615,0.543548,-0.000000
4739,0.695520,0.002990,0.904131,0.544536,0.000000
4740,0.709018,-0.004644,1.196813,0.564680,-0.000000
4741,0.721095,-0.000321,3.975589,0.586609,0.000000
4742,0.726357,-0.001801,3.025340,0.618083,0.000000
4743,0.722299,-0.002369,0.727039,0.645652,0.000000
4744,0.721665,0.000999,4.602125,0.657901,-0.000000
4745,0.718760,0.019547,2.613072,0.658758,-0.000000
4746,0.727101,0.047513,2.822652,0.672062,0.000000
4747,0.711237,0.002376,1.428526,0.674241,0.000000
4748,0.707263,0.031519,1.298716,0.665706,-0.000000
4749,0.721549,-0.006336,7.300195,0.678864,-0.000000
4750,0.720355,0.003460,1.355044,0.688413,0.000000
4751,0.719293,0.008375,0.960144,0.687854,0.000000
4752,0.709165,0.066070,0.461466,0.702318,-0.000000
4753,0.724114,0.008942,0.737909,0.713717,0.000000
4754,0.728755,0.000393,4.036570,0.712563,0.000000
4755,0.722594,-0.000774,2.859508,0.720359,0.000000
4756,0.718117,-0.002949,1.761818,0.749925,0.000000
4757,0.725215,-0.002322,2.678134,0.767158,-0.000000
4758,0.717536,-0.003090,1.091809,0.777908,-0.000000
4759,0.722102,-0.003230,1.793707,0.782566,-0.000000
4760,0.720164,0.018753,2.184893,0.785629,0.000000
4761,0.730782,0.002970,3.527764,0.805463,-0.000000
4762,0.724498,-0.001632,1.659047,0.822561,0.000000
4763,0.715622,0.062472,1.259662,0.810095,0.000000
4764,0.722828,-0.005577,2.824673,0.791899,0.000000
4765,0.721003,0.377162,3.737011,0.794930,0.000000
4766,0.698645,0.006116,1.857412,0.799720,0.000000
4767,0.698612,0.007953,1.037426,0.781312,0.000000
4768,0.710339,0.002436,0.759938,0.774175,0.000000
4769,0.707934,-0.000851,1.910427,0.777106,0.000000
4770,0.705923,-0.000961,3.139273,0.796645,-0.000000
4771,0.723967,-0.005613,5.278281,0.822268,-0.000000
4772,0.716840,0.020792,0.791544,0.830859,0.000000
4773,0.717586,-0.000992,2.329427,0.848762,-0.000000
4774,0.731904,-0.001384,5.348592,0.871704,0.000000
4775,0.719283,-0.001326,2.905898,0.890403,0.000000
4776,0.709315,0.005182,1.463476,0.879711,-0.000000
4777,0.714380,-0.002136,5.877616,0.872506,0.000000
4778,0.712676,-0.008175,1.276023,0.884171,-0.000000
4779,0.696686,0.006128,1.579292,0.876853,0.000000
4780,0.711896,-0.000514,1.704216,0.862765,0.000000
4781,0.706604,-0.003572,1.869835,0.850419,-0.000000
4782,0.719594,-0.007300,2.202122,0.865734,0.000000
4783,0.719517,0.005432,0.792104,0.889220,0.000000
4784,0.723249,0.094979,4.016961,0.893364,-0.000000
4785,0.721094,-0.001406,1.675788,0.897474,-0.000000
4786,0.716272,-0.004230,2.153079,0.915692,0.000000
4787,0.722264,-0.002184,3.224023,0.948443,-0.000000
4788,0.721798,0.014427,3.853614,0.956733,-0.000000
4789,0.718571,-0.001065,2.710093,0.955650,0.000000
4790,0.711418,0.000324,1.455810,0.959731,-0.000000
4791,0.717652,0.004109,2.457807,0.968241,-0.000000
4792,0.725190,-0.000081,1.485079,0.982385,-0.000000
4793,0.730532,-0.002028,1.691134,0.990364,-0.000000
4794,0.733001,0.003274,1.351920,0.980585,0.000000
4795,0.722376,0.002291,0.874299,0.969687,-0.000000
4796,0.736235,0.002908,1.269002,0.964652,-0.000000
4797,0.748686,-0.004493,1.560569,0.964978,-0.000000
4798,0.721936,0.012172,5.618894,0.966810,-0.000000
4799,0.697065,0.038559,1.839942,0.979845,-0.000000
4800,0.669077,0.004469,2.626043,0.990833,-0.000000
4801,0.695306,0.039215,1.159936,0.978657,0.000000
4802,0.690495,0.004543,0.644645,0.975096,-0.000000
4803,0.696305,0.414232,1.294854,0.981535,-0.000000
4804,0.620289,0.099866,3.934350,0.982800,-0.000000
4805,0.717560,0.016762,1.438067,0.979149,-0.000000
4806,0.686693,0.084505,2.330225,0.974583,-0.000000
4807,0.730900,0.001931,5.020867,0.987006,-0.000000
4808,0.688695,0.114943,1.266228,1.000202,-0.000000
4809,0.745305,0.000338,1.172402,1.003387,-0.000000
4810,0.761482,-0.000765,3.220571,1.020185,-0.000000
4811,0.744412,0.002747,1.466591,1.023464,-0.000000
4812,0.761114,-0.004343,2.831343,1.034757,0.000000
4813,0.765097,0.001462,1.930946,1.059886,0.000000
4814,0.772821,0.020245,1.857600,1.074175,-0.000000
4815,0.766195,0.012358,1.078999,1.061517,-0.000000
4816,0.768559,-0.004345,0.833597,1.036532,-0.000000
4817,0.758157,-0.000505,1.715695,1.027048,0.000000
4818,0.752769,-0.002240,0.547618,1.020855,0.000000
4819,0.746380,-0.001546,3.541760,1.027992,-0.000000
4820,0.727668,0.028314,0.908362,1.044793,-0.000000
4821,0.762479,0.006004,7.490461,1.058854,-0.000000
4822,0.747910,0.133265,16.789472,1.090724,-0.000000
4823,0.777476,-0.004451,6.895073,1.113589,0.000000
4824,0.759518,0.079480,6.080655,1.121869,0.000000
4825,0.762273,0.017355,4.862871,1.130090,0.000000
4826,0.758468,-0.002100,3.197519,1.160486,0.000000
4827,0.771171,0.020696,3.823232,1.164742,0.000000
4828,0.777673,0.006413,7.085201,1.142192,-0.000000
4829,0.767611,0.009314,8.959370,1.133651,-0.000000
4830,0.776547,0.002307,14.028948,1.132639,0.000000
4831,0.742335,0.011527,6.458732,1.126839,0.000000
4832,0.733111,0.008974,7.812551,1.125078,-0.000000
4833,0.765633,-0.005014,4.571303,1.129623,-0.000000
4834,0.740154,-0.001282,8.247536,1.127643,0.000000
4835,0.778035,0.033854,3.531012,1.122707,0.000000
4836,0.787280,-0.003393,17.365518,1.112413,-0.000000
4837,0.782215,-0.001214,3.982340,1.125811,0.000000
4838,0.803700,-0.001882,22.000385,1.157213,0.000000
4839,0.785310,0.029983,20.419677,1.181441,-0.000000
4840,0.786292,-0.000901,9.705531,1.185299,0.000000
4841,0.788252,-0.002444,9.234337,1.213561,-0.000000
4842,0.772274,0.135928,1.111431,1.229207,0.000000
4843,0.787564,-0.004157,16.306096,1.226892,0.000000
4844,0.795204,0.004850,18.167111,1.223962,-0.000000
4845,0.777614,0.017882,7.027855,1.210085,0.000000
4846,0.774030,0.007678,13.027198,1.193885,0.000000
4847,0.754723,-0.001299,14.304746,1.185882,0.000000
4848,0.783325,-0.003447,6.367079,1.183052,-0.000000
4849,0.776946,0.109614,9.538088,1.191092,0.000000
4850,0.753607,0.003621,8.139934,1.196149,0.000000
4851,0.762130,0.015784,10.047197,1.200768,0.000000
4852,0.782937,0.001331,15.206576,1.201278,-0.000000
4853,0.785415,0.009845,14.833446,1.196101,0.000000
4854,0.792688,0.002576,13.409428,1.199148,0.000000
4855,0.778546,0.036104,12.165987,1.214594,0.000000
4856,0.767992,0.029555,13.152054,1.228581,0.000000
4857,0.773320,0.019271,12.961408,1.224695,-0.000000
4858,0.787851,0.005611,22.459449,1.241045,0.000000
4859,0.767805,0.008042,5.994958,1.260044,0.000000
4860,0.758917,0.012869,15.055558,1.275066,0.000000
4861,0.763292,-0.001232,38.214195,1.301945,0.000000
4862,0.764303,0.023931,34.747419,1.328407,-0.000000
4863,0.769922,0.010820,15.068707,1.337683,-0.000000
4864,0.769311,0.009982,19.302058,1.332656,-0.000000
4865,0.768807,-0.004172,17.637036,1.341203,0.000000
4866,0.766448,0.016502,13.813446,1.340887,0.000000
4867,0.796294,-0.002524,26.793520,1.339693,0.000000
4868,0.799545,-0.001357,29.580160,1.351982,0.000000
4869,0.806046,0.000625,21.159788,1.359934,0.000000
4870,0.771429,0.007651,6.326747,1.366596,0.000000
4871,0.800089,0.004513,23.732678,1.358982,0.000000
4872,0.700591,0.108601,7.975067,1.345234,-0.000000
4873,0.682195,0.038375,12.353447,1.322045,-0.000000
4874,0.799292,0.036636,18.331606,1.313696,0.000000
4875,0.766345,0.009795,11.952590,1.306895,0.000000
4876,0.788103,-0.000635,6.044138,1.316058,0.000000
4877,0.782047,0.015767,13.454865,1.322789,0.000000
4878,0.787368,0.005802,13.694514,1.321586,0.000000
4879,0.794279,-0.004329,9.849163,1.325835,0.000000
4880,0.766863,0.048140,6.550094,1.321786,0.000000
4881,0.790452,0.005626,6.059804,1.320962,0.000000
4882,0.694762,0.080585,12.234808,1.313657,0.000000
4883,0.783143,-0.000600,13.569755,1.314389,0.000000
4884,0.775502,0.004930,8.261897,1.329449,-0.000000
4885,0.789112,0.046777,10.502415,1.331234,-0.000000
4886,0.784247,0.000404,5.545101,1.327020,0.000000
4887,0.796958,0.012948,14.664509,1.329183,-0.000000
4888,0.791356,-0.000232,12.521886,1.345259,0.000000
4889,0.806772,0.011034,16.152556,1.372693,0.000000
4890,0.803189,0.006047,14.523207,1.395923,0.000000
4891,0.786548,0.029558,4.760021,1.374108,-0.000000
4892,0.759676,0.002925,4.986562,1.352093,-0.000000
4893,0.761164,0.030253,6.075923,1.342062,0.000000
4894,0.778062,0.104563,7.406855,1.329726,-0.000000
4895,0.784767,0.032511,4.176494,1.339904,-0.000000
4896,0.781947,-0.002890,14.534757,1.361842,-0.000000
4897,0.734274,0.009814,5.293982,1.380003,0.000000
4898,0.744039,0.292455,7.472999,1.382307,0.000000
4899,0.795237,-0.003546,18.084133,1.366767,-0.000000
4900,0.703977,0.035480,1.619277,1.361338,0.000000
4901,0.785978,0.018958,11.163893,1.378894,-0.000000
4902,0.789701,0.043042,8.733698,1.394413,-0.000000
4903,0.762420,0.008552,12.570623,1.393931,-0.000000
4904,0.762136,0.037182,10.397616,1.379837,0.000000
4905,0.782584,0.012757,12.645287,1.385214,-0.000000
4906,0.787977,0.008220,10.492291,1.385930,-0.000000
4907,0.740156,0.002234,8.138291,1.378745,0.000000
4908,0.784809,0.001928,20.739052,1.376097,-0.000000
4909,0.774155,0.022745,5.878035,1.356378,-0.000000
4910,0.769533,0.058804,6.626573,1.338681,-0.000000
4911,0.761713,0.004214,14.284460,1.337230,-0.000000
4912,0.806856,0.044945,19.351917,1.331286,-0.000000
4913,0.803039,0.023432,22.133760,1.336481,-0.000000
4914,0.794846,-0.004144,14.475959,1.369973,-0.000000
4915,0.812495,0.004174,12.928188,1.376255,-0.000000
4916,0.799240,-0.002793,12.372195,1.380237,0.000000
4917,0.800039,-0.000610,14.046608,1.397641,0.000000
4918,0.811629,0.001367,21.723783,1.406598,-0.000000
4919,0.794101,0.030048,12.145501,1.397648,0.000000
4920,0.803464,-0.002152,11.616087,1.398688,-0.000000
4921,0.806358,0.012561,15.579163,1.400606,-0.000000
4922,0.810346,0.032449,11.535950,1.391284,0.000000
4923,0.796200,0.024906,13.630331,1.389413,0.000000
4924,0.786517,0.004775,6.092169,1.388857,0.000000
4925,0.798224,0.042088,11.707289,1.395753,-0.000000
4926,0.787504,0.005639,6.318284,1.389171,-0.000000
4927,0.773863,0.008282,6.398338,1.379198,0.000000
4928,0.767112,0.004134,7.843473,1.382023,-0.000000
4929,0.794608,0.006874,10.441105,1.386491,0.000000
4930,0.777398,0.026500,8.915966,1.388587,0.000000
4931,0.803596,0.001854,15.780834,1.377668,-0.000000
4932,0.797865,0.002092,13.815125,1.393387,-0.000000
4933,0.789211,0.018821,7.974072,1.400579,0.000000
4934,0.794854,-0.003675,10.059716,1.394910,-0.000000
4935,0.787399,-0.001994,18.906394,1.404722,0.000000
4936,0.784122,0.003098,9.990379,1.421854,-0.000000
4937,0.800525,0.002167,20.706748,1.455284,0.000000
4938,0.796403,-0.001441,13.016186,1.476961,-0.000000
4939,0.797986,0.006655,4.141596,1.464161,-0.000000
4940,0.793138,0.002675,2.345042,1.435574,0.000000
4941,0.791849,0.009144,1.987986,1.419500,-0.000000
4942,0.795663,-0.001869,9.095615,1.429674,0.000000
4943,0.775069,0.031920,5.978861,1.437249,0.000000
4944,0.792328,0.013433,5.235326,1.424314,0.000000
4945,0.761878,0.060693,4.177088,1.410230,-0.000000
4946,0.778420,0.003513,3.870779,1.401919,0.000000
4947,0.803812,-0.005737,18.977199,1.409027,0.000000
4948,0.796656,0.017851,8.091993,1.423167,0.000000
4949,0.794377,0.005292,11.516966,1.417801,0.000000
4950,0.759293,0.055394,2.918434,1.403503,-0.000000
4951,0.730460,0.056904,0.891031,1.393522,0.000000
4952,0.725525,0.439939,3.069134,1.391292,-0.000000
4953,0.663570,0.109208,6.540701,1.378486,-0.000000
4954,0.622293,0.013940,0.800609,1.360356,-0.000000
4955,0.685175,0.093931,1.037905,1.352233,0.000000
4956,0.775734,0.004363,9.820138,1.343053,0.000000
4957,0.710439,0.019160,2.325118,1.323415,0.000000
4958,0.716065,-0.000224,2.570088,1.304265,0.000000
4959,0.771303,-0.000902,12.564075,1.309860,0.000000
4960,0.783076,-0.001086,14.167399,1.336239,-0.000000
4961,0.781592,0.009168,8.615852,1.343324,0.000000
4962,0.783413,0.005564,12.164421,1.339014,-0.000000
4963,0.777820,0.001049,5.227335,1.343771,0.000000
4964,0.672806,0.016855,3.957260,1.354814,0.000000
4965,0.787822,-0.004947,10.520316,1.370873,0.000000
4966,0.751948,0.017650,1.847042,1.371888,-0.000000
4967,0.752545,0.092990,11.985220,1.356565,-0.000000
4968,0.771590,0.003687,21.674179,1.364951,-0.000000
4969,0.742438,0.011247,12.188445,1.375151,0.000000
4970,0.793260,0.002578,12.128899,1.370250,0.000000
4971,0.777277,0.015926,19.940795,1.373621,0.000000
4972,0.787462,-0.004960,16.180410,1.400167,0.000000
4973,0.791276,0.008075,7.359993,1.404745,-0.000000
4974,0.768342,0.017572,9.991348,1.393357,0.000000
4975,0.792276,0.024366,12.115959,1.387658,0.000000
4976,0.783930,0.020738,7.074711,1.371512,-0.000000
4977,0.800021,0.024262,11.006698,1.346341,0.000000
4978,0.752801,0.003070,8.839065,1.338378,-0.000000
4979,0.736997,0.037463,5.505148,1.334572,0.000000
4980,0.730305,0.001594,6.191160,1.336856,-0.000000
4981,0.763087,0.009003,3.331805,1.338622,0.000000
4982,0.754905,0.047604,7.015907,1.344184,0.000000
4983,0.789298,0.002067,24.803926,1.365125,-0.000000
4984,0.777511,-0.001453,7.598138,1.394928,0.000000
4985,0.774257,0.018998,3.785368,1.409697,0.000000
4986,0.669059,0.022654,8.969309,1.415289,0.000000
4987,0.758996,0.007039,7.889848,1.425080,-0.000000
4988,0.742753,0.021795,3.047842,1.418384,0.000000
4989,0.766280,0.181036,2.166873,1.405949,0.000000
4990,0.769923,0.018685,1.968615,1.389421,-0.000000
4991,0.754145,0.024463,11.625604,1.371336,0.000000
4992,0.794873,0.008617,1.296995,1.350790,0.000000
4993,0.774217,0.001078,5.897092,1.316421,0.000000
4994,0.774223,0.019306,1.352192,1.286999,-0.000000
4995,0.787637,0.003954,2.920442,1.280717,0.000000
4996,0.734585,0.012786,35.678601,1.285877,-0.000000
4997,0.735699,0.094097,12.897014,1.283030,0.000000
4998,0.757226,0.020247,9.352856,1.256546,0.000000
4999,0.776680,0.081060,4.527195,1.234719,0.000000
5000,0.750826,0.001405,4.167573,1.228748,0.000000
