batch,meanReward,policyLoss,valueLoss,entropy,meanAdvantage
1,0.563661,1.409448,24.556312,4.300658,-0.000000
2,0.457266,0.591268,12.287304,4.203531,-0.000000
3,0.550713,0.207336,19.546788,4.130310,0.000000
4,0.591376,0.252813,20.212611,4.054279,-0.000000
5,0.619348,0.113923,20.444676,3.979763,-0.000000
6,0.628649,0.371589,20.277931,3.909886,0.000000
7,0.649997,3.776495,20.283387,3.824136,0.000000
8,0.617329,0.469974,21.031892,3.736837,-0.000000
9,0.632341,0.055784,17.449577,3.668334,0.000000
10,0.668991,0.129993,20.545415,3.608068,0.000000
11,0.681624,0.084853,20.412948,3.543246,-0.000000
12,0.671635,0.129822,21.329790,3.468879,-0.000000
13,0.678088,0.172760,22.447424,3.408293,-0.000000
14,0.701641,0.047137,25.235873,3.370767,0.000000
15,0.715035,0.138932,25.254753,3.325637,-0.000000
16,0.710596,0.040004,27.747165,3.275483,0.000000
17,0.722319,0.015547,27.943315,3.245631,0.000000
18,0.735836,0.138905,32.427202,3.225944,-0.000000
19,0.738807,0.727382,31.902579,3.209044,0.000000
20,0.735916,0.140126,32.340245,3.181652,0.000000
21,0.702751,0.061243,29.591733,3.145032,-0.000000
22,0.688858,0.061002,28.262837,3.127601,0.000000
23,0.702562,0.067318,18.284733,3.112200,-0.000000
24,0.712971,0.068817,25.972105,3.103262,0.000000
25,0.669249,0.460656,47.574377,3.078701,-0.000000
26,0.654306,0.184297,50.847961,3.038872,0.000000
27,0.709624,0.021780,39.164169,3.038516,0.000000
28,0.722611,0.059469,39.790273,3.048359,-0.000000
29,0.776148,0.055674,29.824061,3.039771,0.000000
30,0.760655,0.255854,14.823306,3.009255,0.000000
31,0.788703,0.027500,26.979861,2.965778,0.000000
32,0.797674,0.254998,29.710613,2.940452,0.000000
33,0.805764,0.003557,33.572250,2.924114,0.000000
34,0.790440,0.025767,19.882965,2.898043,0.000000
35,0.792865,0.388523,20.205505,2.872304,0.000000
36,0.798654,0.033031,19.874550,2.857997,0.000000
37,0.797939,0.035580,15.047201,2.841137,-0.000000
38,0.811079,0.038228,26.524854,2.817323,-0.000000
39,0.819162,0.022032,39.691267,2.794162,-0.000000
40,0.811943,0.006576,44.444855,2.786263,0.000000
41,0.796178,0.043833,44.295176,2.774952,-0.000000
42,0.811570,0.268330,39.277768,2.771293,-0.000000
43,0.768330,0.015240,54.912527,2.779053,0.000000
44,0.815880,0.010900,28.918257,2.776834,-0.000000
45,0.818486,0.019853,28.024762,2.770379,-0.000000
46,0.823386,0.022831,25.323435,2.760440,-0.000000
47,0.821169,0.060486,22.465932,2.743210,-0.000000
48,0.817609,0.029508,29.392186,2.729109,0.000000
49,0.770140,0.029053,72.006220,2.747882,-0.000000
50,0.816753,0.029271,23.085613,2.772274,0.000000
51,0.821480,0.082082,38.049008,2.775924,0.000000
52,0.823522,-0.000775,44.938219,2.780480,0.000000
53,0.806545,0.123907,41.187617,2.784152,0.000000
54,0.824517,-0.003609,42.328929,2.779674,-0.000000
55,0.748980,0.066123,85.476758,2.777303,0.000000
56,0.775898,0.023706,48.998937,2.767423,-0.000000
57,0.627311,0.013756,97.120340,2.761201,-0.000000
58,0.643490,0.104228,53.975320,2.740384,-0.000000
59,0.581848,0.181615,40.770215,2.712321,0.000000
60,0.561660,0.118579,35.439209,2.702825,0.000000
61,0.533794,0.080565,28.027975,2.686052,-0.000000
62,0.520685,0.219780,20.603637,2.661040,0.000000
63,0.545409,0.079589,16.464671,2.654262,0.000000
64,0.542018,0.039026,13.578496,2.628083,0.000000
65,0.540978,0.032089,11.366387,2.601660,0.000000
66,0.527776,0.037218,8.021051,2.582619,-0.000000
67,0.518133,0.013258,6.064392,2.564439,-0.000000
68,0.507220,0.030911,5.753271,2.554019,-0.000000
69,0.530730,0.083744,4.089964,2.524137,-0.000000
70,0.526549,0.117039,3.716195,2.468960,0.000000
71,0.519571,0.037786,2.972622,2.427082,0.000000
72,0.506110,0.092341,4.545112,2.400972,0.000000
73,0.515257,0.030899,2.877867,2.396295,0.000000
74,0.512283,0.026496,2.516664,2.386359,0.000000
75,0.514246,0.022246,2.188970,2.370152,-0.000000
76,0.526981,0.023445,2.705772,2.337098,0.000000
77,0.539569,0.039893,1.424637,2.292741,0.000000
78,0.575136,0.015372,3.778178,2.269665,0.000000
79,0.631387,0.023130,9.500116,2.237359,0.000000
80,0.651915,0.022092,8.998788,2.213500,-0.000000
81,0.766850,0.041349,11.228786,2.192737,-0.000000
82,0.728939,0.123356,13.103059,2.160330,0.000000
83,0.811186,0.008907,15.922295,2.148702,0.000000
84,0.764272,0.012719,22.196625,2.150389,0.000000
85,0.753452,0.003393,24.529686,2.143188,-0.000000
86,0.703021,0.002225,25.291710,2.133247,-0.000000
87,0.743043,0.001493,24.219095,2.132563,0.000000
88,0.777930,0.060949,24.899103,2.157307,0.000000
89,0.800720,0.007214,26.478443,2.168617,0.000000
90,0.771151,0.001798,28.991061,2.165987,0.000000
91,0.768081,-0.000843,29.320662,2.193505,-0.000000
92,0.776132,0.011036,28.518269,2.208384,-0.000000
93,0.771732,0.002836,27.790110,2.222689,0.000000
94,0.769356,0.011339,27.967630,2.257208,-0.000000
95,0.774686,0.008031,27.497027,2.254502,0.000000
96,0.790383,0.013162,29.019501,2.251900,-0.000000
97,0.802097,0.013647,29.869219,2.259304,0.000000
98,0.803564,0.005698,28.449697,2.252377,0.000000
99,0.781734,0.018351,26.502316,2.261001,0.000000
100,0.800687,0.023198,27.967929,2.290887,-0.000000
101,0.805866,0.046558,29.577244,2.297841,-0.000000
102,0.789197,0.079569,23.568112,2.279454,0.000000
103,0.779726,0.059470,25.124932,2.264197,-0.000000
104,0.771690,0.005125,21.501220,2.250040,0.000000
105,0.772982,-0.000176,18.421231,2.249915,-0.000000
106,0.802433,0.187878,19.787063,2.261875,-0.000000
107,0.776117,0.013416,22.262104,2.263672,0.000000
108,0.779004,0.004206,18.305456,2.252344,0.000000
109,0.794049,0.040732,18.181231,2.233502,0.000000
110,0.778159,0.004664,15.430010,2.211345,0.000000
111,0.773744,0.001050,13.278665,2.224470,0.000000
112,0.775290,-0.002275,13.396805,2.253782,-0.000000
113,0.794043,0.006228,14.466679,2.262095,-0.000000
114,0.795071,0.273974,22.000840,2.267766,0.000000
115,0.792772,1.117041,33.737035,2.276878,-0.000000
116,0.784774,0.044278,35.023085,2.289959,-0.000000
117,0.788292,0.030944,28.031117,2.311910,0.000000
118,0.787413,0.005031,23.578718,2.320334,-0.000000
119,0.781971,0.014359,23.086357,2.319785,-0.000000
120,0.771699,0.010935,31.315547,2.322666,0.000000
121,0.770248,0.025996,24.673320,2.347403,0.000000
122,0.770939,0.026884,19.626567,2.346894,0.000000
123,0.770775,0.002216,20.801136,2.332846,0.000000
124,0.771253,0.001408,18.966008,2.334996,-0.000000
125,0.750158,-0.006647,12.171216,2.337310,0.000000
126,0.757408,0.006349,12.781958,2.332218,0.000000
127,0.762989,0.009863,10.558787,2.318041,0.000000
128,0.762107,0.098716,10.478221,2.300436,0.000000
129,0.771257,0.102832,13.740429,2.295881,0.000000
130,0.768585,-0.008496,8.977757,2.323231,-0.000000
131,0.759536,0.009769,5.458360,2.355491,0.000000
132,0.770632,0.012141,7.397874,2.363390,-0.000000
133,0.755742,0.015234,2.168159,2.374500,0.000000
134,0.761474,0.004030,3.116034,2.366217,-0.000000
135,0.765867,0.690604,2.735458,2.350393,0.000000
136,0.766763,0.002871,3.439072,2.337978,-0.000000
137,0.762687,0.172857,3.137068,2.316307,-0.000000
138,0.771960,0.006854,3.344117,2.316016,0.000000
139,0.775457,0.001856,5.221516,2.332817,0.000000
140,0.771878,7.507212,2.605379,2.358747,-0.000000
141,0.777639,0.009097,4.878841,2.363324,0.000000
142,0.766477,0.009495,2.681044,2.351776,0.000000
143,0.776555,0.011837,3.027547,2.331140,0.000000
144,0.792633,0.021020,8.497474,2.317447,0.000000
145,0.789235,0.005064,5.731176,2.329884,-0.000000
146,0.797547,0.012939,6.756523,2.332033,0.000000
147,0.800507,0.006850,3.699090,2.317210,0.000000
148,0.798751,0.000391,4.445156,2.312317,-0.000000
149,0.779308,0.017517,1.914832,2.299036,-0.000000
150,0.812397,0.022392,27.758541,2.305222,-0.000000
151,0.809188,0.839420,14.511781,2.332426,-0.000000
152,0.810174,0.479557,9.097774,2.342882,0.000000
153,0.807992,0.039560,3.894569,2.321277,-0.000000
154,0.814670,0.021542,9.979632,2.305557,-0.000000
155,0.822935,0.013266,20.382298,2.320628,0.000000
156,0.825974,0.000752,14.788317,2.326604,-0.000000
157,0.823556,-0.003502,40.285165,2.338276,0.000000
158,0.773614,0.013414,50.031795,2.334057,0.000000
159,0.682872,0.092903,79.161667,2.323696,0.000000
160,0.733611,0.833222,46.266143,2.324979,0.000000
161,0.775016,0.005577,25.913190,2.307281,0.000000
162,0.757403,0.008822,29.339008,2.292238,0.000000
163,0.805071,0.085598,10.022355,2.259628,-0.000000
164,0.795825,0.050394,14.373394,2.221623,-0.000000
165,0.799572,0.044577,5.411124,2.179284,0.000000
166,0.783700,0.695233,2.354496,2.138448,-0.000000
167,0.785744,0.050005,4.943311,2.133181,0.000000
168,0.798930,0.001628,7.737262,2.150328,-0.000000
169,0.758473,0.001720,24.968243,2.162361,0.000000
170,0.795558,0.015730,4.748176,2.131364,0.000000
171,0.787968,0.010597,5.642718,2.096691,0.000000
172,0.788536,0.025760,41.134300,2.087838,0.000000
173,0.827903,0.031206,15.111371,2.092333,-0.000000
174,0.824350,0.003020,20.204826,2.116347,0.000000
175,0.836702,0.034410,19.942284,2.139335,-0.000000
176,0.835264,0.119597,7.827055,2.147235,0.000000
177,0.837836,-0.000472,10.919601,2.141699,0.000000
178,0.840952,0.002954,39.321912,2.149675,0.000000
179,0.842052,0.031108,50.382556,2.182201,-0.000000
180,0.838459,0.046593,6.938359,2.188082,0.000000
181,0.845329,-0.002804,59.551918,2.171706,-0.000000
182,0.801286,0.078590,66.496358,2.176694,-0.000000
183,0.838907,0.044833,62.297001,2.196234,-0.000000
184,0.844682,0.003915,44.254658,2.199148,-0.000000
185,0.810234,0.035246,65.138085,2.183177,0.000000
186,0.837301,0.004177,46.926291,2.185036,-0.000000
187,0.845563,0.007486,48.566260,2.208637,-0.000000
188,0.835296,0.034976,51.303102,2.232107,-0.000000
189,0.845151,0.008740,53.624998,2.262332,0.000000
190,0.841964,0.014801,47.651807,2.286717,-0.000000
191,0.812753,0.045349,57.825983,2.291574,-0.000000
192,0.833235,0.059526,43.665576,2.288560,-0.000000
193,0.841458,0.007600,46.793431,2.287134,0.000000
194,0.834138,0.017290,41.047634,2.291350,0.000000
195,0.837965,0.008700,35.298846,2.308749,0.000000
196,0.842947,0.015224,34.481926,2.321132,0.000000
197,0.727426,0.208426,79.459836,2.326811,-0.000000
198,0.804135,-0.001496,47.731408,2.350695,-0.000000
199,0.839003,0.052475,49.071756,2.380727,0.000000
200,0.827610,0.018241,25.570073,2.389728,0.000000
201,0.838814,0.013751,41.732141,2.395513,0.000000
202,0.843029,0.274436,43.233195,2.407365,0.000000
203,0.802716,0.006611,58.477486,2.417722,-0.000000
204,0.844175,0.009085,48.701791,2.434108,-0.000000
205,0.828925,0.013984,41.661725,2.464960,-0.000000
206,0.844276,-0.001097,46.763546,2.494509,-0.000000
207,0.804010,0.028289,61.371249,2.513940,-0.000000
208,0.804806,0.027171,58.059826,2.498830,0.000000
209,0.844077,-0.001147,42.522578,2.461792,0.000000
210,0.840322,0.011248,40.944993,2.462214,0.000000
211,0.735694,0.075633,65.621412,2.457895,-0.000000
212,0.734042,0.028306,55.952642,2.442093,-0.000000
213,0.784767,0.008994,45.933247,2.442895,-0.000000
214,0.841200,0.105832,34.675730,2.446350,-0.000000
215,0.839105,0.104258,18.530007,2.424435,0.000000
216,0.825104,0.167837,36.151941,2.397684,0.000000
217,0.751652,0.227313,39.794464,2.408367,0.000000
218,0.793444,0.027791,45.215291,2.404174,0.000000
219,0.796221,0.035219,43.216311,2.378521,0.000000
220,0.843253,0.002442,41.208195,2.376092,-0.000000
221,0.839212,0.018145,18.833410,2.385826,-0.000000
222,0.837740,0.117126,36.787781,2.375167,-0.000000
223,0.804705,0.035538,42.409317,2.363684,0.000000
224,0.838196,0.068921,52.233749,2.352598,-0.000000
225,0.838536,0.000434,49.654586,2.335991,0.000000
226,0.840727,0.022007,47.756693,2.334125,0.000000
227,0.841851,0.213969,44.569377,2.326845,-0.000000
228,0.786740,0.018439,63.759147,2.311569,-0.000000
229,0.787112,0.010351,54.605423,2.306972,0.000000
230,0.820042,0.012939,25.358481,2.309922,0.000000
231,0.802162,0.092638,40.905498,2.297770,0.000000
232,0.841776,0.007027,37.417452,2.281139,0.000000
233,0.845998,0.024104,49.815150,2.284389,-0.000000
234,0.845912,0.007997,44.842044,2.308351,0.000000
235,0.844033,0.026396,51.915736,2.319327,0.000000
236,0.753179,0.219055,72.984792,2.316806,-0.000000
237,0.840425,0.020878,46.461417,2.341654,-0.000000
238,0.836862,0.009972,40.133280,2.376590,0.000000
239,0.823711,0.053578,37.001910,2.412855,0.000000
240,0.684457,0.034936,54.958369,2.414729,0.000000
241,0.745376,0.087317,31.270737,2.399417,-0.000000
242,0.837289,0.029769,27.515717,2.418224,0.000000
243,0.796685,0.016879,32.426906,2.441414,0.000000
244,0.822196,0.063372,37.295004,2.453966,0.000000
245,0.833732,0.029123,24.607805,2.460998,-0.000000
246,0.794517,0.038405,33.658301,2.455397,0.000000
247,0.818098,0.014968,34.460539,2.433063,0.000000
248,0.839121,0.021251,29.368906,2.401247,0.000000
249,0.819718,0.057114,41.171516,2.374692,-0.000000
250,0.839999,0.119758,45.416192,2.377322,0.000000
251,0.841287,0.012670,40.631161,2.391273,0.000000
252,0.840855,0.036825,36.678691,2.399890,0.000000
253,0.834149,0.001442,28.362869,2.417998,-0.000000
254,0.832629,0.163258,29.695922,2.436954,-0.000000
255,0.839500,-0.002418,40.086332,2.452427,-0.000000
256,0.843403,0.000448,39.792514,2.468975,-0.000000
257,0.841364,0.007411,42.677101,2.488489,0.000000
258,0.838562,0.075558,53.119377,2.485163,0.000000
259,0.822294,0.005871,40.265783,2.485034,0.000000
260,0.828623,0.044089,43.051452,2.482824,0.000000
261,0.778536,0.012718,56.809852,2.481284,-0.000000
262,0.840115,0.105770,41.892105,2.503763,-0.000000
263,0.840379,0.007567,52.490109,2.513819,0.000000
264,0.843071,0.025849,49.956910,2.508645,0.000000
265,0.804380,0.024552,56.787178,2.522037,0.000000
266,0.840817,0.002734,52.845335,2.545890,0.000000
267,0.805770,0.008224,52.907432,2.564812,0.000000
268,0.840113,0.015706,43.683102,2.580606,0.000000
269,0.841556,0.110413,45.364039,2.594072,0.000000
270,0.832145,0.006625,45.231435,2.594506,0.000000
271,0.839906,0.045005,51.575388,2.599156,0.000000
272,0.807290,0.003142,53.680907,2.603943,0.000000
273,0.828906,0.395822,44.684729,2.587892,0.000000
274,0.842752,0.025128,47.417704,2.573695,-0.000000
275,0.840707,0.009539,43.217647,2.605639,0.000000
276,0.840515,0.072286,41.173678,2.625662,0.000000
277,0.802873,0.018770,48.373862,2.619631,0.000000
278,0.803771,0.043887,49.459935,2.615003,0.000000
279,0.781418,0.239711,54.286722,2.593742,0.000000
280,0.780385,0.139320,56.063869,2.572467,0.000000
281,0.788929,0.047760,54.216202,2.565543,0.000000
282,0.843139,0.114475,45.598045,2.552218,-0.000000
283,0.807394,0.008677,55.444254,2.533441,-0.000000
284,0.781720,0.069468,48.676183,2.516230,-0.000000
285,0.788372,0.013534,49.076245,2.523075,0.000000
286,0.841359,0.028236,40.037674,2.537009,0.000000
287,0.838280,0.020821,45.614800,2.550774,-0.000000
288,0.825613,0.021480,37.819860,2.555068,0.000000
289,0.725412,0.008987,44.592109,2.550868,-0.000000
290,0.770937,0.000441,41.644076,2.548633,0.000000
291,0.837752,0.043990,36.970410,2.546242,-0.000000
292,0.837620,0.047551,41.893608,2.539746,0.000000
293,0.750568,0.074155,50.601264,2.527392,-0.000000
294,0.824599,0.028816,39.081716,2.513647,0.000000
295,0.838291,0.038486,39.640236,2.501959,0.000000
296,0.823702,0.010815,39.740150,2.519650,-0.000000
297,0.835748,0.013152,40.285988,2.533619,0.000000
298,0.843441,0.045854,37.624173,2.523740,0.000000
299,0.836776,0.025426,40.535908,2.529610,-0.000000
300,0.793669,0.016004,43.532467,2.555200,-0.000000
301,0.794155,0.016059,48.960962,2.558084,0.000000
302,0.778312,0.059877,38.309377,2.558363,-0.000000
303,0.739652,0.030687,38.496318,2.555474,0.000000
304,0.837692,0.004960,42.708317,2.564485,0.000000
305,0.832140,0.047321,39.252319,2.574115,-0.000000
306,0.820685,0.032713,38.280204,2.566821,-0.000000
307,0.823426,0.074305,39.659982,2.558880,-0.000000
308,0.835600,0.015992,39.311820,2.579107,-0.000000
309,0.833321,0.117770,38.679998,2.605993,0.000000
310,0.794793,0.005393,47.850907,2.600160,0.000000
311,0.819669,0.031086,34.986117,2.593172,0.000000
312,0.821252,0.008137,38.945954,2.575606,0.000000
313,0.797665,0.020965,46.213042,2.565822,-0.000000
314,0.840296,0.025088,40.847652,2.576421,-0.000000
315,0.804367,0.011671,48.085545,2.596422,-0.000000
316,0.839073,0.008438,39.126410,2.611313,-0.000000
317,0.836473,0.017620,39.753170,2.627707,-0.000000
318,0.835421,0.019179,41.316485,2.650504,0.000000
319,0.718115,0.185253,53.248394,2.644424,-0.000000
320,0.766423,0.058295,34.183420,2.627883,0.000000
321,0.779192,0.227606,50.268987,2.617622,0.000000
322,0.837239,0.158472,39.978376,2.621670,-0.000000
323,0.834709,0.039513,39.632033,2.637324,0.000000
324,0.822738,0.010608,39.173985,2.651718,0.000000
325,0.837795,0.002906,41.147266,2.656104,0.000000
326,0.826897,0.003417,41.648437,2.643339,-0.000000
327,0.842777,0.059450,41.084555,2.651671,-0.000000
328,0.837153,0.038418,39.509212,2.654299,0.000000
329,0.839599,0.019972,42.590299,2.625904,-0.000000
330,0.838229,0.020612,39.214332,2.602128,0.000000
331,0.838419,0.048651,37.904025,2.587604,-0.000000
332,0.797952,0.019176,41.055356,2.571029,-0.000000
333,0.837959,0.003263,41.217796,2.561261,0.000000
334,0.800128,0.009634,46.514160,2.548999,-0.000000
335,0.829451,0.022675,34.959554,2.536320,-0.000000
336,0.832199,-0.002348,38.739420,2.540746,-0.000000
337,0.841423,-0.001153,33.349647,2.541738,0.000000
338,0.840596,0.009444,35.731076,2.544227,0.000000
339,0.844193,0.051785,30.552553,2.548123,-0.000000
340,0.804224,0.002444,36.555773,2.560285,0.000000
341,0.826699,0.132730,37.338996,2.572343,-0.000000
342,0.837717,0.015876,31.665909,2.560537,-0.000000
343,0.775424,0.013105,52.183478,2.557069,0.000000
344,0.826358,0.021295,35.744780,2.544956,0.000000
345,0.839971,0.053435,31.846678,2.520042,-0.000000
346,0.794719,-0.000094,47.665113,2.512954,-0.000000
347,0.839818,0.046527,37.533472,2.511760,-0.000000
348,0.843453,0.036552,33.300203,2.509314,0.000000
349,0.839645,0.002778,36.271627,2.519582,-0.000000
350,0.802288,-0.001291,42.205440,2.541831,-0.000000
351,0.839834,-0.003274,35.750325,2.565688,-0.000000
352,0.822532,0.163121,32.510460,2.586058,-0.000000
353,0.839224,0.068896,34.590773,2.598999,-0.000000
354,0.833144,0.030134,32.400264,2.605375,-0.000000
355,0.836789,0.062480,29.275633,2.612648,0.000000
356,0.797785,0.013176,44.299891,2.641836,-0.000000
357,0.835098,0.036043,39.306857,2.661334,-0.000000
358,0.835214,0.004635,31.101950,2.657552,-0.000000
359,0.833275,0.085765,29.297048,2.662069,0.000000
360,0.719004,-0.004576,47.916808,2.685746,0.000000
361,0.695114,0.032300,28.588312,2.692856,0.000000
362,0.796652,0.027637,39.575852,2.684599,0.000000
363,0.833437,0.045186,30.013298,2.678420,0.000000
364,0.822714,0.147597,31.257690,2.663613,-0.000000
365,0.836673,0.089418,38.225423,2.646734,0.000000
366,0.836962,-0.005713,35.102588,2.647832,-0.000000
367,0.820035,0.060289,37.691169,2.646004,-0.000000
368,0.838673,0.013561,36.573514,2.615534,0.000000
369,0.839759,0.021989,34.173258,2.595382,0.000000
370,0.832822,0.004005,37.771098,2.608235,0.000000
371,0.833801,0.017633,38.938243,2.610360,-0.000000
372,0.833118,0.025762,33.585713,2.598485,-0.000000
373,0.811910,0.109878,35.154284,2.587497,-0.000000
374,0.832284,0.035866,32.910952,2.580065,-0.000000
375,0.698334,0.096298,46.909829,2.580052,-0.000000
376,0.782638,0.023013,37.703643,2.573719,0.000000
377,0.813779,0.027071,33.457328,2.567216,0.000000
378,0.834061,-0.000636,43.062344,2.570787,0.000000
379,0.835070,0.017129,38.727508,2.563514,0.000000
380,0.834444,0.055796,32.905409,2.561326,-0.000000
381,0.789313,0.005310,37.433147,2.573034,0.000000
382,0.830372,0.042339,28.613172,2.583487,0.000000
383,0.826666,0.044928,24.544238,2.586609,0.000000
384,0.760612,0.017990,38.365342,2.583614,0.000000
385,0.829997,0.025256,31.921125,2.600545,0.000000
386,0.801227,0.008543,34.719917,2.606025,0.000000
387,0.835508,0.003898,32.990469,2.608245,-0.000000
388,0.832543,0.074210,34.992088,2.610401,-0.000000
389,0.831159,0.047790,34.404121,2.586949,0.000000
390,0.791239,4.959970,40.410587,2.569451,-0.000000
391,0.833950,0.026145,37.171257,2.556760,-0.000000
392,0.830973,0.011098,38.757302,2.552246,0.000000
393,0.777303,0.031089,46.465363,2.540890,0.000000
394,0.820340,0.014205,34.382780,2.521440,0.000000
395,0.838513,0.018494,37.993285,2.512388,0.000000
396,0.794144,0.128313,37.808733,2.508739,-0.000000
397,0.835273,0.021710,37.560021,2.510696,0.000000
398,0.835158,0.014845,33.122061,2.534456,0.000000
399,0.832688,0.056001,29.158730,2.558441,0.000000
400,0.818652,0.026289,32.539919,2.576345,0.000000
401,0.831762,0.072047,31.420575,2.588164,0.000000
402,0.833056,0.073752,34.305519,2.579074,0.000000
403,0.834173,0.134807,30.814534,2.579855,-0.000000
404,0.833338,0.291262,24.426294,2.597309,-0.000000
405,0.830178,0.021770,22.066926,2.616967,-0.000000
406,0.830504,0.221940,28.290229,2.635735,-0.000000
407,0.817846,0.114666,22.418269,2.621490,0.000000
408,0.815104,0.021929,30.277453,2.604045,0.000000
409,0.836839,0.066548,24.987143,2.589932,-0.000000
410,0.796853,0.017162,35.947719,2.574704,-0.000000
411,0.819477,0.085509,29.681709,2.579405,-0.000000
412,0.818221,0.017071,34.663986,2.578639,0.000000
413,0.834528,0.021414,24.366905,2.572890,0.000000
414,0.833280,0.521199,33.632212,2.574649,0.000000
415,0.831051,0.008160,22.353857,2.593608,0.000000
416,0.820878,0.002288,27.549547,2.622290,0.000000
417,0.834388,0.021251,25.538769,2.633815,0.000000
418,0.833756,0.043101,26.397409,2.618074,-0.000000
419,0.791113,0.054418,30.446828,2.602382,0.000000
420,0.833863,0.490134,19.366020,2.605460,0.000000
421,0.837461,0.037803,21.164382,2.598467,-0.000000
422,0.835517,0.035955,24.764804,2.571831,-0.000000
423,0.822077,0.040229,18.997671,2.562497,0.000000
424,0.768620,0.052789,28.908783,2.544146,0.000000
425,0.835859,0.500549,28.817031,2.515546,-0.000000
426,0.817752,-0.006847,36.070202,2.517760,0.000000
427,0.832695,0.006598,40.005505,2.530759,-0.000000
428,0.831247,-0.000260,38.922433,2.532674,-0.000000
429,0.831499,0.094892,27.456597,2.544259,0.000000
430,0.817494,0.177653,26.517227,2.551526,0.000000
431,0.823924,0.043543,22.161802,2.530627,-0.000000
432,0.817192,0.023779,13.472084,2.500407,0.000000
433,0.831217,0.015914,38.387900,2.495877,0.000000
434,0.830630,1.228379,41.586462,2.487419,-0.000000
435,0.826320,0.116511,23.717800,2.466781,0.000000
436,0.832772,0.024035,34.729199,2.460270,0.000000
437,0.822673,0.007506,23.504427,2.484143,0.000000
438,0.834671,-0.003625,29.628220,2.483488,0.000000
439,0.829622,0.012937,26.769699,2.478579,-0.000000
440,0.819672,0.009832,33.726737,2.485485,0.000000
441,0.823225,0.041473,25.374099,2.500634,-0.000000
442,0.816773,0.038962,27.349332,2.500188,-0.000000
443,0.807024,0.134096,20.793328,2.495409,0.000000
444,0.821852,0.016538,33.046440,2.500626,-0.000000
445,0.824128,0.009352,33.926259,2.517301,0.000000
446,0.817668,0.017976,16.794297,2.529393,-0.000000
447,0.814008,0.040192,19.692892,2.513587,-0.000000
448,0.815164,0.092601,14.970003,2.489818,-0.000000
449,0.811695,0.189463,10.914114,2.470384,0.000000
450,0.812006,0.017657,15.896599,2.455649,0.000000
451,0.819614,0.027287,15.323101,2.451282,0.000000
452,0.812403,0.051109,10.433112,2.442957,-0.000000
453,0.817088,0.086198,12.812290,2.439038,0.000000
454,0.814199,0.028482,8.290714,2.434292,-0.000000
455,0.817648,0.014609,13.914364,2.420468,-0.000000
456,0.820980,0.058269,13.008502,2.440422,-0.000000
457,0.811424,0.063166,6.218661,2.445193,-0.000000
458,0.801463,0.182521,4.352413,2.393880,0.000000
459,0.809989,0.050208,6.294216,2.355191,0.000000
460,0.809343,0.019019,4.668662,2.325422,-0.000000
461,0.802857,0.041873,5.645065,2.292754,0.000000
462,0.810904,0.013047,9.412120,2.275623,-0.000000
463,0.812477,0.061619,18.908082,2.257077,0.000000
464,0.824915,0.042273,20.744362,2.223396,0.000000
465,0.830685,0.000092,21.448273,2.223340,0.000000
466,0.818219,0.016665,9.170288,2.236881,0.000000
467,0.825062,0.016105,14.691919,2.230197,0.000000
468,0.830898,0.003830,8.449080,2.231604,0.000000
469,0.833121,0.003517,30.000174,2.228403,0.000000
470,0.829471,0.019825,14.483273,2.202644,0.000000
471,0.828865,0.007076,6.341296,2.178145,0.000000
472,0.833846,0.039060,9.208288,2.162280,0.000000
473,0.831741,0.002984,14.499061,2.158689,-0.000000
474,0.834592,0.030209,19.287381,2.155659,0.000000
475,0.828106,0.047881,15.184779,2.145797,-0.000000
476,0.827354,0.012372,3.893747,2.133568,-0.000000
477,0.830584,0.040099,12.178697,2.108791,0.000000
478,0.833220,0.013551,25.367557,2.123708,-0.000000
479,0.835030,0.005976,25.710826,2.164712,-0.000000
480,0.839671,-0.004223,13.990956,2.181022,-0.000000
481,0.836578,0.013240,13.554182,2.195651,0.000000
482,0.835619,0.001389,10.295318,2.195295,0.000000
483,0.837763,0.047245,4.333153,2.160393,0.000000
484,0.835726,0.000994,6.320197,2.130097,0.000000
485,0.834702,0.018760,4.010354,2.112922,-0.000000
486,0.836290,0.022747,4.891822,2.087999,0.000000
487,0.838059,0.033100,2.558594,2.058684,-0.000000
488,0.832938,0.056207,3.142820,2.025857,-0.000000
489,0.830205,0.392997,5.158834,1.992638,0.000000
490,0.818033,0.004421,3.626957,1.968700,-0.000000
491,0.814359,0.004964,3.171857,1.968302,-0.000000
492,0.822274,0.045215,4.993431,1.952467,-0.000000
493,0.824956,0.021016,8.769538,1.939802,-0.000000
494,0.819238,0.006734,7.155375,1.932271,-0.000000
495,0.828837,0.004226,20.660366,1.922601,0.000000
496,0.826371,0.083111,6.792553,1.929194,0.000000
497,0.838180,-0.002228,38.468667,1.947195,0.000000
498,0.826764,-0.003913,8.759441,1.952053,-0.000000
499,0.828186,0.004492,15.777335,1.960400,-0.000000
500,0.832072,0.032151,26.692922,1.975509,0.000000
501,0.828217,0.003226,7.898125,1.994737,-0.000000
502,0.839054,-0.001071,36.258422,2.022049,-0.000000
503,0.827124,0.005288,50.873161,2.048377,-0.000000
504,0.802951,0.003481,56.612725,2.056959,0.000000
505,0.845069,-0.000037,51.132504,2.067578,0.000000
506,0.845597,-0.004497,34.906885,2.085995,-0.000000
507,0.830214,0.071630,28.017697,2.091001,0.000000
508,0.842474,0.009389,24.894556,2.092630,0.000000
509,0.840572,0.042674,11.903223,2.096073,0.000000
510,0.837102,0.231140,10.781233,2.074340,-0.000000
511,0.835449,0.112897,12.716548,2.060071,0.000000
512,0.837928,0.004900,11.313240,2.068597,-0.000000
513,0.838425,0.068280,9.798887,2.067792,-0.000000
514,0.837928,0.001424,20.920424,2.056139,-0.000000
515,0.840797,0.001037,17.425276,2.060658,0.000000
516,0.830122,0.017817,31.978596,2.072937,0.000000
517,0.842868,0.002165,31.569852,2.070597,0.000000
518,0.835420,0.001221,32.443649,2.076609,0.000000
519,0.837747,0.015745,27.910514,2.100604,0.000000
520,0.824993,0.033944,21.502661,2.113070,-0.000000
521,0.831811,0.004596,22.347953,2.115454,-0.000000
522,0.843466,0.015954,27.428602,2.133755,0.000000
523,0.848043,0.001643,34.061181,2.169160,0.000000
524,0.842541,0.000375,29.322455,2.193843,-0.000000
525,0.834761,0.037387,5.482681,2.172131,-0.000000
526,0.838671,0.015563,13.926471,2.148351,-0.000000
527,0.841342,-0.003186,22.055793,2.134119,0.000000
528,0.842297,0.030140,17.679173,2.134250,0.000000
529,0.823762,0.017703,8.203617,2.126123,0.000000
530,0.831210,0.020407,15.270291,2.107224,-0.000000
531,0.821391,0.031598,5.604729,2.096329,0.000000
532,0.797774,0.051287,24.146248,2.072280,-0.000000
533,0.829789,-0.001931,27.387129,2.071478,-0.000000
534,0.828517,0.006981,17.873290,2.085329,-0.000000
535,0.775387,0.039726,10.619149,2.092834,0.000000
536,0.839563,-0.001251,41.606239,2.105559,-0.000000
537,0.798571,0.047914,11.939573,2.109062,-0.000000
538,0.830705,-0.001745,28.452547,2.113856,-0.000000
539,0.827276,0.006058,21.429562,2.119184,0.000000
540,0.836722,0.003696,35.011324,2.121587,0.000000
541,0.832401,0.017565,16.028373,2.122524,0.000000
542,0.828919,0.038936,13.521794,2.126702,0.000000
543,0.817747,0.028978,6.052645,2.134914,0.000000
544,0.816108,0.005061,13.835499,2.128462,0.000000
545,0.814806,0.006070,11.281459,2.134174,0.000000
546,0.834151,-0.005780,29.478461,2.145460,-0.000000
547,0.836195,0.037489,24.039402,2.176814,-0.000000
548,0.841156,0.055986,20.260855,2.208026,-0.000000
549,0.835270,-0.002176,22.861791,2.237124,-0.000000
550,0.821991,0.043744,7.114089,2.243126,-0.000000
551,0.831734,0.004784,21.974341,2.241790,0.000000
552,0.816867,0.024722,13.175006,2.246057,0.000000
553,0.840716,-0.001390,38.255194,2.256967,0.000000
554,0.836626,0.149979,33.170834,2.264625,-0.000000
555,0.825404,0.034173,34.335085,2.270431,-0.000000
556,0.794328,0.024168,24.483440,2.267444,-0.000000
557,0.837166,0.116460,34.999321,2.255890,-0.000000
558,0.837599,-0.004701,37.334381,2.260586,0.000000
559,0.838230,0.015079,52.369743,2.266676,0.000000
560,0.840631,0.033491,46.194548,2.275183,0.000000
561,0.833917,0.019874,17.224209,2.270548,-0.000000
562,0.829438,0.017270,12.066556,2.245399,-0.000000
563,0.835881,0.009201,19.497035,2.247852,-0.000000
564,0.829840,0.001598,13.162484,2.262109,0.000000
565,0.838387,-0.002402,15.457226,2.258506,0.000000
566,0.814004,0.044901,7.598839,2.233617,0.000000
567,0.833817,0.007921,22.008294,2.219063,-0.000000
568,0.836733,0.003645,40.423134,2.235383,-0.000000
569,0.823457,0.021827,17.686111,2.215140,0.000000
570,0.823338,0.001076,13.502611,2.191584,0.000000
571,0.833100,-0.004084,29.274562,2.200040,0.000000
572,0.799618,0.010870,31.751072,2.201033,-0.000000
573,0.772227,0.057901,44.961284,2.207778,0.000000
574,0.825348,-0.001708,32.441681,2.230139,0.000000
575,0.825878,-0.001842,34.079822,2.241299,-0.000000
576,0.828610,-0.000061,16.291680,2.241011,0.000000
577,0.840232,0.000415,34.568352,2.245548,0.000000
578,0.841192,0.013234,11.971448,2.235703,0.000000
579,0.841100,0.000734,39.883190,2.233167,0.000000
580,0.839113,0.016146,19.763551,2.244564,0.000000
581,0.834846,0.001881,18.446761,2.261315,0.000000
582,0.842361,0.008500,40.746261,2.279683,0.000000
583,0.841790,0.004543,35.322984,2.294550,0.000000
584,0.842995,0.005169,25.847165,2.314710,-0.000000
585,0.840173,0.043932,11.865381,2.310220,0.000000
586,0.834488,0.220488,8.776203,2.293625,0.000000
587,0.837757,0.037303,14.593139,2.273694,0.000000
588,0.826148,0.047260,9.018362,2.250191,0.000000
589,0.818100,0.148436,6.243079,2.224724,0.000000
590,0.823044,0.021790,9.995894,2.194447,-0.000000
591,0.830382,0.032004,11.589355,2.180247,0.000000
592,0.834329,0.033907,9.169121,2.182099,0.000000
593,0.821343,0.003344,12.162462,2.182270,-0.000000
594,0.806575,0.010899,4.940636,2.192952,0.000000
595,0.794627,0.140527,4.238161,2.190856,0.000000
596,0.813268,0.013705,8.597389,2.184445,0.000000
597,0.803239,0.024735,5.780539,2.171174,0.000000
598,0.821923,0.022217,18.579295,2.177985,-0.000000
599,0.817077,-0.003853,23.977567,2.195526,0.000000
600,0.829082,0.004884,28.577625,2.207681,-0.000000
601,0.825578,0.012102,17.025834,2.231076,-0.000000
602,0.822473,0.000978,18.135413,2.255620,-0.000000
603,0.821820,0.082153,20.525356,2.263353,-0.000000
604,0.766164,-0.000294,37.791768,2.275610,0.000000
605,0.790540,0.016634,38.643993,2.289423,0.000000
606,0.812405,0.016306,25.032973,2.288064,-0.000000
607,0.767937,0.021596,4.524840,2.272052,0.000000
608,0.789810,0.015820,8.362168,2.248656,-0.000000
609,0.765023,0.035979,10.334859,2.222242,-0.000000
610,0.766164,0.018936,3.473418,2.214812,-0.000000
611,0.799027,-0.000259,25.368010,2.215087,0.000000
612,0.812789,0.023657,21.913368,2.209350,-0.000000
613,0.801047,0.003453,28.512735,2.208531,-0.000000
614,0.816938,0.018944,23.979202,2.207965,0.000000
615,0.813083,0.019078,18.293323,2.205847,0.000000
616,0.817012,0.004083,21.749907,2.216561,-0.000000
617,0.832069,-0.000427,34.370142,2.239391,-0.000000
618,0.789785,0.027125,25.866752,2.237101,-0.000000
619,0.808618,0.004425,24.976199,2.247836,0.000000
620,0.815006,0.009325,27.958473,2.267350,0.000000
621,0.823893,0.091665,14.610937,2.291506,-0.000000
622,0.816128,0.014069,21.899319,2.318024,0.000000
623,0.820830,0.000720,28.751221,2.321064,-0.000000
624,0.836943,0.002772,25.084580,2.326590,0.000000
625,0.798859,0.284990,4.552295,2.339029,0.000000
626,0.810708,0.046872,12.560335,2.339222,-0.000000
627,0.765811,0.010635,46.802594,2.337012,-0.000000
628,0.715850,0.024596,38.500129,2.328437,-0.000000
629,0.811008,0.019844,15.322253,2.300618,-0.000000
630,0.815261,0.061652,10.676812,2.262974,0.000000
631,0.811770,0.039069,7.983913,2.236158,-0.000000
632,0.807503,0.010043,16.362671,2.224781,0.000000
633,0.808290,0.007941,13.360084,2.226645,-0.000000
634,0.832449,0.005969,15.255563,2.249362,0.000000
635,0.728141,0.149656,2.536882,2.243727,0.000000
636,0.824411,0.014007,31.792550,2.216421,0.000000
637,0.810137,0.000905,20.506389,2.223564,-0.000000
638,0.700935,0.035271,1.649636,2.236837,-0.000000
639,0.789171,0.012166,22.522824,2.251014,0.000000
640,0.791547,0.002441,19.729717,2.256523,0.000000
641,0.808367,0.106825,22.337492,2.249274,0.000000
642,0.788003,0.033163,4.540998,2.245401,0.000000
643,0.787622,0.029482,13.937778,2.251530,-0.000000
644,0.748147,0.027306,16.449936,2.263413,-0.000000
645,0.718863,0.002744,8.122009,2.277812,0.000000
646,0.703219,0.221978,0.577079,2.280466,0.000000
647,0.744207,0.013633,4.524718,2.264988,0.000000
648,0.783580,0.089688,20.827463,2.249200,0.000000
649,0.762255,0.027064,15.781595,2.244807,-0.000000
650,0.702918,0.017969,2.420943,2.258032,0.000000
651,0.701484,0.149682,26.223684,2.236141,-0.000000
652,0.773737,0.009416,10.953459,2.224323,-0.000000
653,0.810559,-0.004289,19.064319,2.231358,-0.000000
654,0.785234,0.045837,3.268038,2.225719,0.000000
655,0.795212,0.055868,29.894943,2.192750,-0.000000
656,0.826207,0.018918,15.926279,2.158506,0.000000
657,0.818772,0.029628,39.992959,2.155177,0.000000
658,0.821417,0.016461,16.017797,2.158734,-0.000000
659,0.806377,0.094402,4.581412,2.140781,-0.000000
660,0.824516,0.015235,26.856271,2.136230,-0.000000
661,0.800353,0.158460,16.385498,2.129900,-0.000000
662,0.812453,-0.001040,10.480072,2.123312,0.000000
663,0.784741,0.067861,5.335407,2.113515,-0.000000
664,0.809593,-0.001130,14.026983,2.099701,-0.000000
665,0.822158,0.003301,21.204497,2.113139,-0.000000
666,0.802411,0.040954,3.257409,2.114972,0.000000
667,0.815749,0.013380,27.362384,2.125793,0.000000
668,0.780016,0.033618,4.601897,2.145733,0.000000
669,0.800355,0.007275,37.479972,2.161751,0.000000
670,0.813557,-0.000599,8.821858,2.175667,0.000000
671,0.732615,0.032089,17.721851,2.185930,0.000000
672,0.832690,0.019079,20.955190,2.196270,0.000000
673,0.831123,0.007647,22.270559,2.217416,-0.000000
674,0.824220,0.422564,7.670123,2.218465,-0.000000
675,0.833091,0.022251,38.769982,2.222024,-0.000000
676,0.812725,-0.002942,36.201874,2.252152,-0.000000
677,0.831302,-0.005604,37.457812,2.278547,-0.000000
678,0.829052,0.056580,17.899323,2.281450,0.000000
679,0.824254,0.016994,21.813996,2.278724,-0.000000
680,0.732112,0.003387,32.482516,2.273366,-0.000000
681,0.781434,0.002858,22.168913,2.270144,0.000000
682,0.814957,0.357613,20.922710,2.278312,0.000000
683,0.831095,-0.003161,41.613852,2.270360,-0.000000
684,0.827622,0.009400,15.720800,2.253625,-0.000000
685,0.809281,0.022707,5.108834,2.239382,0.000000
686,0.823234,0.073352,7.352608,2.228435,0.000000
687,0.826845,0.007652,20.719234,2.210883,-0.000000
688,0.828705,0.009812,18.711473,2.210652,0.000000
689,0.825187,0.014404,28.121476,2.221211,-0.000000
690,0.829138,0.040295,27.608534,2.205102,0.000000
691,0.836379,0.006684,40.252419,2.198531,0.000000
692,0.832759,0.013933,33.569134,2.216560,0.000000
693,0.834283,0.018928,36.464296,2.231889,-0.000000
694,0.814017,0.048735,30.140723,2.229828,-0.000000
695,0.817269,0.004063,15.647506,2.225544,0.000000
696,0.829039,0.037197,34.584363,2.227797,0.000000
697,0.810812,0.125833,31.964060,2.226567,-0.000000
698,0.812281,-0.003181,40.315689,2.235660,-0.000000
699,0.827745,0.005938,39.906212,2.251034,-0.000000
700,0.830280,0.052297,25.749265,2.246438,0.000000
701,0.835947,0.001743,43.373106,2.245129,-0.000000
702,0.829248,0.003236,19.521153,2.260295,0.000000
703,0.823785,0.083380,14.055135,2.249852,-0.000000
704,0.830807,0.024215,33.858567,2.233308,-0.000000
705,0.816164,0.021873,40.069331,2.222940,-0.000000
706,0.832209,0.006291,39.298391,2.243989,0.000000
707,0.831450,0.034134,30.512499,2.281811,0.000000
708,0.835013,0.033632,34.868439,2.287497,0.000000
709,0.828032,0.054735,16.310113,2.285422,-0.000000
710,0.829642,0.002637,44.367343,2.283015,0.000000
711,0.833067,0.031438,42.500772,2.278957,-0.000000
712,0.815439,0.026175,35.520265,2.278042,0.000000
713,0.835446,0.062725,33.612528,2.289519,-0.000000
714,0.833064,0.034642,49.977976,2.293657,-0.000000
715,0.824451,-0.001145,38.635938,2.293111,-0.000000
716,0.835181,0.014088,43.103552,2.289571,-0.000000
717,0.840741,0.001598,36.908870,2.301731,-0.000000
718,0.838219,0.012986,42.453893,2.330588,0.000000
719,0.835818,0.001261,43.303176,2.345139,-0.000000
720,0.832191,-0.000456,23.123527,2.358544,-0.000000
721,0.840400,0.000867,31.487099,2.366439,0.000000
722,0.821909,0.072817,26.408222,2.387430,0.000000
723,0.833559,0.011696,47.793036,2.412748,0.000000
724,0.831474,0.074270,43.138977,2.413361,-0.000000
725,0.835848,0.001651,49.740850,2.403772,0.000000
726,0.833952,0.004838,48.616932,2.417554,0.000000
727,0.830475,0.120363,46.828594,2.416274,-0.000000
728,0.835162,0.087443,35.734755,2.404443,0.000000
729,0.834575,0.007835,33.161249,2.422422,-0.000000
730,0.833635,0.053289,18.164951,2.442031,0.000000
731,0.834640,0.047733,29.501517,2.432958,0.000000
732,0.832205,0.047679,18.820936,2.417587,-0.000000
733,0.832205,0.015916,25.615609,2.404731,0.000000
734,0.836851,-0.002842,41.334081,2.401636,0.000000
735,0.836671,0.015102,32.043829,2.426174,-0.000000
736,0.833224,0.021019,33.536814,2.435589,-0.000000
737,0.835992,0.009622,18.480895,2.422511,0.000000
738,0.833070,0.032999,16.198867,2.410827,0.000000
739,0.833010,0.017221,14.182771,2.388690,-0.000000
740,0.832817,0.006505,14.261380,2.387521,0.000000
741,0.832016,0.064087,16.251162,2.387036,0.000000
742,0.832701,0.094794,26.641297,2.378182,0.000000
743,0.835549,0.031853,38.667645,2.358966,-0.000000
744,0.833107,0.075295,50.768269,2.347133,-0.000000
745,0.834922,0.002047,51.308528,2.375688,0.000000
746,0.832073,0.011670,45.101940,2.413840,0.000000
747,0.830578,0.001096,32.347616,2.428860,0.000000
748,0.833998,0.011953,27.410269,2.420820,-0.000000
749,0.833760,0.007757,47.617554,2.417711,0.000000
750,0.833585,0.004895,41.095829,2.412859,0.000000
751,0.837445,0.017225,49.258114,2.405180,-0.000000
752,0.832385,0.019930,28.477180,2.404124,0.000000
753,0.829831,0.002988,25.992844,2.410550,-0.000000
754,0.814959,0.011396,27.330894,2.418279,-0.000000
755,0.829498,0.011272,36.827120,2.429063,-0.000000
756,0.829229,0.470910,33.954356,2.445164,-0.000000
757,0.822431,0.030312,30.250167,2.438019,0.000000
758,0.789380,0.026316,29.666570,2.411923,0.000000
759,0.830954,0.002726,44.169328,2.390197,0.000000
760,0.832863,-0.002937,25.708046,2.403423,0.000000
761,0.831236,0.016074,27.236444,2.407887,-0.000000
762,0.830352,0.011346,43.542894,2.409055,0.000000
763,0.826768,0.000322,27.668754,2.404068,-0.000000
764,0.834587,0.084978,19.523243,2.391985,-0.000000
765,0.817637,0.017759,18.913057,2.378858,-0.000000
766,0.829715,0.022163,35.772182,2.364180,-0.000000
767,0.833481,-0.002624,43.051390,2.359581,-0.000000
768,0.830291,0.000366,37.456588,2.377611,-0.000000
769,0.828713,0.071056,28.642197,2.394800,0.000000
770,0.826407,0.004877,26.007687,2.400925,-0.000000
771,0.828514,0.036098,30.514914,2.402579,0.000000
772,0.833665,0.013478,31.970445,2.405335,-0.000000
773,0.828588,0.006109,34.875747,2.425103,-0.000000
774,0.824792,0.097286,58.216148,2.436388,-0.000000
775,0.828491,0.035351,51.308062,2.448390,0.000000
776,0.825565,0.010846,34.162920,2.451105,0.000000
777,0.830098,0.003600,43.897131,2.449545,0.000000
778,0.826492,0.006697,28.295337,2.457972,-0.000000
779,0.829363,0.002825,45.917695,2.471700,0.000000
780,0.828625,0.022950,42.645646,2.487173,0.000000
781,0.829406,0.004343,39.886106,2.499078,0.000000
782,0.823103,0.022679,29.017018,2.542433,0.000000
783,0.819440,-0.001227,29.991344,2.576369,-0.000000
784,0.816344,0.008675,37.929158,2.582835,-0.000000
785,0.821293,0.057381,46.219455,2.574882,0.000000
786,0.820561,0.059675,57.174563,2.557017,0.000000
787,0.819965,0.005803,50.175922,2.549483,0.000000
788,0.818521,0.027701,44.413836,2.553942,-0.000000
789,0.821302,0.000162,33.771056,2.564403,0.000000
790,0.816748,0.020532,30.377683,2.581796,0.000000
791,0.814561,1.293362,29.114569,2.586459,-0.000000
792,0.779208,0.030446,40.021900,2.581679,0.000000
793,0.812493,0.052218,29.444125,2.560207,-0.000000
794,0.768516,0.031283,35.532340,2.539763,0.000000
795,0.815938,0.031099,31.001322,2.506151,0.000000
796,0.817054,0.032579,28.216132,2.487005,0.000000
797,0.819604,0.018854,28.531219,2.466718,-0.000000
798,0.817504,0.005909,30.183364,2.436939,0.000000
799,0.769479,0.005643,39.971463,2.427750,0.000000
800,0.804127,0.035835,36.188500,2.442008,-0.000000
801,0.819445,0.017245,37.425718,2.451352,-0.000000
802,0.821494,-0.001359,39.307540,2.452380,-0.000000
803,0.815231,0.002579,40.569822,2.464766,-0.000000
804,0.813365,0.032888,39.185631,2.465375,-0.000000
805,0.818972,-0.000518,36.226080,2.468987,0.000000
806,0.820145,-0.000402,32.945743,2.496853,0.000000
807,0.810950,0.007561,37.618121,2.519914,0.000000
808,0.807620,0.010476,41.913797,2.524963,-0.000000
809,0.813299,0.011171,36.110502,2.530647,-0.000000
810,0.804353,0.184235,37.869959,2.545861,0.000000
811,0.810835,0.012240,39.931786,2.551537,-0.000000
812,0.767857,0.020899,44.754799,2.547257,-0.000000
813,0.809952,0.007614,36.746949,2.538546,-0.000000
814,0.813008,0.023777,37.860718,2.537880,0.000000
815,0.764880,0.015195,44.475799,2.562181,0.000000
816,0.809511,0.016070,34.476571,2.581416,0.000000
817,0.803675,0.058152,37.701552,2.579859,0.000000
818,0.809626,0.039610,33.803063,2.558993,0.000000
819,0.812460,0.020204,35.289533,2.537214,0.000000
820,0.814722,0.070547,30.098430,2.534764,0.000000
821,0.808268,0.027455,37.972242,2.549876,-0.000000
822,0.786412,0.004976,35.804444,2.564018,-0.000000
823,0.788940,0.002327,35.075665,2.593931,0.000000
824,0.811453,0.013489,34.678969,2.617520,-0.000000
825,0.811656,0.003144,37.018504,2.618674,-0.000000
826,0.811936,0.008095,32.017149,2.605804,0.000000
827,0.814458,-0.000372,33.386356,2.602391,0.000000
828,0.812072,0.045027,26.864340,2.596464,-0.000000
829,0.810953,0.007171,27.179009,2.596450,0.000000
830,0.811287,4.100331,24.482397,2.599804,-0.000000
831,0.809270,0.026128,27.960701,2.588154,-0.000000
832,0.812937,0.279460,25.988274,2.586941,-0.000000
833,0.812355,0.003373,28.394328,2.625236,-0.000000
834,0.812243,0.246621,29.331935,2.633759,-0.000000
835,0.818556,0.015011,40.400009,2.617958,0.000000
836,0.817348,0.035511,30.589436,2.606550,0.000000
837,0.813717,0.277665,39.586578,2.617691,-0.000000
838,0.819612,0.119584,28.913636,2.615575,0.000000
839,0.817179,0.022551,26.833668,2.600825,-0.000000
840,0.817955,0.030402,23.647311,2.581092,-0.000000
841,0.814016,0.025245,25.286176,2.559939,-0.000000
842,0.808090,0.042982,27.393849,2.549443,0.000000
843,0.810858,0.037963,26.149696,2.530678,0.000000
844,0.754549,0.062596,35.790458,2.510499,0.000000
845,0.808756,0.013427,33.242646,2.489197,0.000000
846,0.790541,0.021134,36.354024,2.464624,0.000000
847,0.811387,0.006436,35.883168,2.459288,-0.000000
848,0.813723,0.267312,39.100584,2.471887,0.000000
849,0.805328,0.021406,37.189867,2.489940,0.000000
850,0.815057,0.068509,35.861006,2.492202,0.000000
851,0.805840,0.028795,26.515068,2.492322,0.000000
852,0.674529,0.035966,40.145788,2.488918,-0.000000
853,0.740237,0.020694,25.337242,2.497392,0.000000
854,0.774823,0.018281,35.611956,2.499469,0.000000
855,0.802145,0.052014,30.688570,2.496405,-0.000000
856,0.783418,0.006462,32.094512,2.486732,-0.000000
857,0.812121,0.015351,49.267951,2.480268,0.000000
858,0.812777,0.001891,48.158760,2.494899,-0.000000
859,0.815382,0.008911,50.124249,2.496206,-0.000000
860,0.792675,0.011221,32.480676,2.490362,-0.000000
861,0.809611,-0.002535,53.688728,2.499836,0.000000
862,0.792264,0.043974,60.442266,2.507559,0.000000
863,0.812761,0.021361,51.406649,2.504016,0.000000
864,0.793334,0.090945,46.008850,2.515214,-0.000000
865,0.792529,-0.002795,46.236533,2.543051,-0.000000
866,0.787900,0.050144,50.050166,2.572561,-0.000000
867,0.805353,0.024343,38.237812,2.580340,0.000000
868,0.810000,0.014322,36.331011,2.593980,-0.000000
869,0.806902,0.036247,33.542456,2.600663,-0.000000
870,0.812594,0.023540,31.674456,2.615193,-0.000000
871,0.812827,-0.000047,30.523354,2.634275,-0.000000
872,0.815259,0.012474,26.982749,2.649511,0.000000
873,0.788418,0.017890,33.045752,2.627033,-0.000000
874,0.813457,0.012235,31.205496,2.612346,0.000000
875,0.668337,0.037521,73.685286,2.623914,-0.000000
876,0.669806,0.049311,43.898843,2.622842,-0.000000
877,0.696485,0.071296,22.984417,2.606175,-0.000000
878,0.660870,0.009651,18.796543,2.598549,0.000000
879,0.815687,0.054449,27.020778,2.591998,0.000000
880,0.631356,-0.001567,20.514545,2.568366,0.000000
881,0.760686,0.152698,15.547743,2.551042,-0.000000
882,0.756200,0.030057,15.725976,2.531511,0.000000
883,0.799974,0.006453,35.482962,2.537567,0.000000
884,0.824697,0.000220,39.035078,2.547910,-0.000000
885,0.823420,0.024283,37.609084,2.548651,-0.000000
886,0.822884,0.025270,40.279184,2.549890,-0.000000
887,0.828000,0.020848,38.698538,2.540592,0.000000
888,0.828875,0.443940,35.364708,2.547942,-0.000000
889,0.827373,0.000229,45.396726,2.562119,0.000000
890,0.828805,0.021935,50.695383,2.557051,-0.000000
891,0.825305,0.046971,45.667021,2.553274,-0.000000
892,0.823848,0.018477,48.663159,2.563034,0.000000
893,0.822204,0.007875,45.573830,2.559892,0.000000
894,0.825349,0.053389,44.332285,2.538323,0.000000
895,0.825688,0.007270,42.430734,2.519584,-0.000000
896,0.825020,0.148928,38.636506,2.529149,0.000000
897,0.821576,0.499293,37.335773,2.521268,0.000000
898,0.806026,0.027550,31.956062,2.516091,0.000000
899,0.820780,0.030911,36.488634,2.511013,0.000000
900,0.778697,0.031852,35.413920,2.500305,0.000000
901,0.777688,0.013592,33.438795,2.503542,-0.000000
902,0.819742,0.074466,38.600620,2.523542,-0.000000
903,0.809073,0.007881,34.118236,2.559692,-0.000000
904,0.823829,0.039313,34.265908,2.577417,-0.000000
905,0.826145,-0.002271,27.944910,2.587812,-0.000000
906,0.826719,0.020668,31.999470,2.609722,-0.000000
907,0.827205,0.074281,33.831629,2.616121,-0.000000
908,0.810387,0.050628,49.221965,2.588415,-0.000000
909,0.828656,0.005411,47.698843,2.602525,-0.000000
910,0.826481,0.173449,41.888766,2.633727,0.000000
911,0.827900,0.009076,47.807234,2.629843,0.000000
912,0.826244,0.005304,50.190203,2.632958,0.000000
913,0.830850,0.006334,45.722738,2.645592,-0.000000
914,0.824914,0.129637,46.755574,2.627508,0.000000
915,0.828599,0.023488,43.625362,2.628826,0.000000
916,0.821921,0.013291,44.101561,2.633975,0.000000
917,0.824989,0.003574,43.153348,2.620788,-0.000000
918,0.826653,0.011314,38.140683,2.627012,0.000000
919,0.819661,0.045807,35.180188,2.638664,-0.000000
920,0.775061,0.075258,41.090593,2.634534,0.000000
921,0.804533,0.042371,45.137264,2.636597,-0.000000
922,0.824241,0.036898,42.715493,2.636136,0.000000
923,0.833149,0.013949,42.517825,2.638884,-0.000000
924,0.828020,-0.002567,38.908266,2.640449,0.000000
925,0.829715,0.022241,39.560860,2.638864,0.000000
926,0.828750,0.033903,34.573160,2.626732,0.000000
927,0.826884,0.017674,37.273233,2.641598,0.000000
928,0.750017,0.020966,58.298887,2.663973,-0.000000
929,0.775642,0.139055,44.245398,2.698803,0.000000
930,0.824630,0.015485,41.606414,2.718811,-0.000000
931,0.824408,0.081064,45.322754,2.709286,-0.000000
932,0.824631,0.028170,42.761221,2.698833,-0.000000
933,0.782537,0.005090,51.202678,2.697135,0.000000
934,0.805030,0.037408,33.710725,2.683245,0.000000
935,0.825885,0.003434,43.115122,2.663102,0.000000
936,0.821465,0.305587,33.030663,2.662827,0.000000
937,0.829565,0.002610,35.385672,2.669483,0.000000
938,0.780386,0.061175,39.162315,2.679390,0.000000
939,0.781900,0.094678,43.320235,2.675464,-0.000000
940,0.825610,0.326779,40.547278,2.663690,0.000000
941,0.813073,0.038606,41.385544,2.649103,-0.000000
942,0.827799,0.031045,34.035012,2.633079,0.000000
943,0.829013,0.025484,35.492307,2.626499,-0.000000
944,0.833236,0.032442,29.151147,2.634714,0.000000
945,0.785503,0.032447,39.039664,2.637609,0.000000
946,0.829504,0.046829,38.827898,2.624795,-0.000000
947,0.830627,0.021603,37.860639,2.608092,-0.000000
948,0.830084,0.018367,29.927581,2.614053,-0.000000
949,0.831746,0.004230,34.646060,2.621747,0.000000
950,0.830515,0.023725,32.523036,2.619483,-0.000000
951,0.829816,0.034151,47.342525,2.629286,-0.000000
952,0.827069,0.014158,43.040372,2.639807,0.000000
953,0.811564,0.391423,43.502249,2.641543,-0.000000
954,0.827191,0.012135,35.893209,2.638098,0.000000
955,0.819394,0.064101,38.963313,2.639276,0.000000
956,0.809940,0.013401,30.015296,2.643553,-0.000000
957,0.827552,0.051776,30.029737,2.659883,-0.000000
958,0.809352,0.008179,35.434644,2.687270,0.000000
959,0.828674,0.017132,38.465831,2.702104,-0.000000
960,0.823890,0.008767,25.540368,2.707141,-0.000000
961,0.809217,0.004925,31.913289,2.727140,0.000000
962,0.826478,0.094549,31.208505,2.753726,-0.000000
963,0.812344,0.099326,30.621668,2.776063,-0.000000
964,0.824258,0.021944,43.270837,2.768424,0.000000
965,0.828096,0.009216,51.670341,2.767496,-0.000000
966,0.830157,-0.000617,48.324794,2.785705,0.000000
967,0.829943,0.013056,48.391536,2.792603,0.000000
968,0.829012,0.012019,44.583915,2.807255,-0.000000
969,0.825974,0.046563,49.993555,2.808965,0.000000
970,0.821907,0.463304,45.315201,2.811568,-0.000000
971,0.822161,-0.000433,47.802648,2.839191,0.000000
972,0.803344,0.018017,38.679438,2.842129,-0.000000
973,0.826097,0.006792,45.805628,2.852997,0.000000
974,0.827283,0.021351,42.732126,2.853442,0.000000
975,0.818572,0.033230,41.892788,2.838168,-0.000000
976,0.813994,0.009828,40.147590,2.817689,-0.000000
977,0.826615,0.008745,38.813055,2.799694,0.000000
978,0.821718,0.010290,37.235109,2.787211,-0.000000
979,0.820804,0.010338,40.621255,2.761158,-0.000000
980,0.826123,0.183374,37.823103,2.743602,0.000000
981,0.820606,0.013676,39.206656,2.743376,0.000000
982,0.748387,0.026771,48.124197,2.757103,-0.000000
983,0.803913,0.084315,38.722197,2.762292,0.000000
984,0.766057,0.066603,56.466080,2.759856,0.000000
985,0.803132,0.013966,39.752565,2.758587,-0.000000
986,0.826831,0.033511,47.447945,2.749737,-0.000000
987,0.827308,84.999474,51.560607,2.741446,-0.000000
988,0.781093,0.096156,54.611548,2.732748,0.000000
989,0.827988,0.016207,49.261297,2.709473,-0.000000
990,0.832435,0.013576,44.688446,2.706486,0.000000
991,0.823900,0.017776,42.776257,2.711683,0.000000
992,0.829449,0.013774,35.524858,2.701711,0.000000
993,0.831921,0.011630,38.848957,2.700483,-0.000000
994,0.834467,0.012040,38.678125,2.712203,0.000000
995,0.828874,0.085961,42.642261,2.723187,-0.000000
996,0.829444,0.015132,46.429527,2.723264,0.000000
997,0.828127,0.025454,46.487815,2.730654,0.000000
998,0.814859,0.075513,41.376836,2.738664,-0.000000
999,0.788695,0.010249,46.096333,2.746939,0.000000
1000,0.731035,0.093412,46.000219,2.745189,-0.000000
1001,0.814045,0.155061,32.993539,2.734769,-0.000000
1002,0.791366,0.020399,46.006390,2.719784,0.000000
1003,0.828135,0.066308,42.686581,2.720686,-0.000000
1004,0.831673,-0.003822,36.892152,2.709283,0.000000
1005,0.834176,0.046937,40.471430,2.715688,-0.000000
1006,0.828041,0.010820,36.215198,2.730124,0.000000
1007,0.831287,0.022567,39.181979,2.721006,-0.000000
1008,0.834156,0.003831,30.879505,2.706236,0.000000
1009,0.830852,0.064533,43.108421,2.707614,0.000000
1010,0.810785,0.004777,36.073814,2.692235,0.000000
1011,0.833349,0.054033,39.209842,2.676650,0.000000
1012,0.834418,0.012573,42.474550,2.680772,0.000000
1013,0.832340,0.016990,45.869834,2.675577,-0.000000
1014,0.830239,0.920896,46.372059,2.677420,0.000000
1015,0.813038,0.006046,33.872295,2.693215,0.000000
1016,0.827985,0.043517,45.065934,2.688679,0.000000
1017,0.830012,3.121099,48.693375,2.656820,-0.000000
1018,0.828930,0.191206,46.741256,2.638596,0.000000
1019,0.831724,0.017404,41.079073,2.628863,-0.000000
1020,0.815243,0.011665,43.373199,2.605562,0.000000
1021,0.827883,0.041378,36.244999,2.587406,0.000000
1022,0.825100,-0.003485,36.826333,2.589791,-0.000000
1023,0.832392,0.006875,41.953363,2.614502,0.000000
1024,0.829432,0.091050,38.029751,2.618888,-0.000000
1025,0.828749,-0.001346,40.921875,2.635914,-0.000000
1026,0.822761,0.007164,33.792584,2.665216,0.000000
1027,0.825810,0.000510,31.653027,2.665462,0.000000
1028,0.748494,0.056850,40.447177,2.640568,0.000000
1029,0.783676,0.079608,33.943205,2.623671,-0.000000
1030,0.829081,0.013831,39.489136,2.628860,-0.000000
1031,0.825924,0.025255,34.944095,2.625985,0.000000
1032,0.827737,0.034307,35.546776,2.597578,-0.000000
1033,0.826115,0.066269,32.856815,2.576143,-0.000000
1034,0.825786,0.003878,30.662438,2.607732,-0.000000
1035,0.826742,0.014313,36.678465,2.637025,-0.000000
1036,0.827866,0.102910,31.917263,2.634361,-0.000000
1037,0.829037,0.051845,32.992288,2.617045,0.000000
1038,0.825287,0.010529,31.126719,2.604927,-0.000000
1039,0.823192,0.109936,27.639454,2.612539,0.000000
1040,0.809114,0.017869,33.221233,2.597665,-0.000000
1041,0.830235,0.072097,47.278949,2.601354,0.000000
1042,0.828426,0.001456,40.121861,2.617332,-0.000000
1043,0.810347,0.328236,37.108760,2.616952,-0.000000
1044,0.826247,0.047779,40.992606,2.620553,-0.000000
1045,0.828828,1.244732,40.350396,2.622103,0.000000
1046,0.715234,0.066044,37.542180,2.600177,0.000000
1047,0.779752,0.015057,35.367846,2.577551,0.000000
1048,0.826136,0.000874,42.630905,2.592435,-0.000000
1049,0.827694,0.026172,40.639838,2.626854,0.000000
1050,0.826213,0.005993,40.769176,2.631793,-0.000000
1051,0.827956,0.095151,39.810245,2.619312,0.000000
1052,0.831734,0.214795,41.318977,2.616368,0.000000
1053,0.780623,0.004203,38.151626,2.628300,-0.000000
1054,0.826448,0.169015,37.220700,2.628623,-0.000000
1055,0.829214,0.007966,40.370057,2.613166,-0.000000
1056,0.829314,0.003470,38.249004,2.612196,0.000000
1057,0.825354,0.086953,42.967630,2.611033,-0.000000
1058,0.772037,0.038797,45.017922,2.609695,0.000000
1059,0.805325,0.028230,31.626971,2.612534,0.000000
1060,0.827792,0.006343,39.590616,2.612283,-0.000000
1061,0.808411,0.003803,41.546760,2.632145,-0.000000
1062,0.825353,0.015606,45.337444,2.639395,0.000000
1063,0.829849,-0.003727,44.973189,2.636107,0.000000
1064,0.811361,-0.000775,44.626343,2.645198,0.000000
1065,0.817025,0.080101,32.836604,2.648655,0.000000
1066,0.833376,0.174902,33.752591,2.658428,0.000000
1067,0.830360,0.022558,26.945766,2.658173,0.000000
1068,0.831016,0.066679,22.697859,2.641855,-0.000000
1069,0.834210,0.004723,19.608266,2.620342,-0.000000
1070,0.833825,0.016762,15.998114,2.612595,0.000000
1071,0.798371,0.056384,33.684462,2.605918,0.000000
1072,0.839229,0.024483,20.818197,2.603436,0.000000
1073,0.837815,0.007699,22.334857,2.598344,0.000000
1074,0.838018,0.003975,16.863712,2.585705,0.000000
1075,0.836082,0.035050,10.397635,2.581590,0.000000
1076,0.814357,0.047655,16.180911,2.587196,-0.000000
1077,0.832720,0.063442,18.500818,2.584687,0.000000
1078,0.839627,0.031175,22.640849,2.565988,-0.000000
1079,0.835201,0.006811,45.689023,2.562242,0.000000
1080,0.833264,0.041358,29.651628,2.572318,-0.000000
1081,0.834891,0.119236,37.917028,2.579314,0.000000
1082,0.835611,0.111348,29.465688,2.578836,-0.000000
1083,0.834881,0.268383,24.873498,2.586010,-0.000000
1084,0.834354,0.054123,38.020650,2.600629,-0.000000
1085,0.830958,0.040960,21.955724,2.604779,0.000000
1086,0.835274,0.010268,22.913215,2.586973,0.000000
1087,0.828664,0.076369,24.047367,2.567843,0.000000
1088,0.830863,0.300687,16.821467,2.552584,0.000000
1089,0.832003,0.002486,14.161112,2.541090,-0.000000
1090,0.832599,0.082039,16.878342,2.542066,-0.000000
1091,0.815742,0.004880,20.730756,2.529403,0.000000
1092,0.836952,0.026671,21.872318,2.532627,0.000000
1093,0.832498,0.021656,36.434648,2.540395,0.000000
1094,0.832437,0.015806,29.215889,2.540940,0.000000
1095,0.831981,0.015178,18.985078,2.539910,0.000000
1096,0.830007,0.069574,17.093101,2.515372,-0.000000
1097,0.832552,0.017937,17.999875,2.488708,0.000000
1098,0.826266,0.021153,22.192894,2.500740,-0.000000
1099,0.829096,0.083990,29.589563,2.505831,-0.000000
1100,0.833063,0.042310,21.113649,2.483563,0.000000
1101,0.827827,0.291350,30.602758,2.477332,-0.000000
1102,0.828328,-0.001268,32.390896,2.496228,0.000000
1103,0.828093,0.075276,22.977129,2.499644,-0.000000
1104,0.832162,0.010360,14.714925,2.493173,-0.000000
1105,0.828518,0.010049,23.764023,2.487331,0.000000
1106,0.809329,0.042178,22.338829,2.482224,0.000000
1107,0.832704,0.449549,20.699239,2.470785,-0.000000
1108,0.829673,-0.000098,37.717419,2.491635,-0.000000
1109,0.832209,0.004670,41.674984,2.512415,-0.000000
1110,0.829131,0.036566,35.118990,2.529015,0.000000
1111,0.829650,0.004461,54.588199,2.530527,0.000000
1112,0.827361,0.010366,46.716608,2.529530,0.000000
1113,0.827509,0.294745,45.353660,2.527577,-0.000000
1114,0.827200,0.014255,35.740269,2.520105,0.000000
1115,0.821185,0.000657,45.299248,2.529547,0.000000
1116,0.823147,-0.002761,52.361037,2.550013,-0.000000
1117,0.773183,0.092158,40.786044,2.563828,0.000000
1118,0.820706,0.102674,40.254773,2.583772,0.000000
1119,0.806099,0.023351,35.951606,2.619289,-0.000000
1120,0.821702,0.065128,23.471372,2.632020,-0.000000
1121,0.822542,0.003562,34.141448,2.618393,0.000000
1122,0.822423,0.002246,33.173507,2.610269,-0.000000
1123,0.805444,0.004898,20.543228,2.606255,-0.000000
1124,0.823464,0.004648,37.493439,2.618103,0.000000
1125,0.830292,0.049783,32.207877,2.629599,0.000000
1126,0.826306,0.051171,23.803607,2.630033,0.000000
1127,0.827391,0.037442,19.262068,2.622834,0.000000
1128,0.825365,0.041535,14.495748,2.621402,-0.000000
1129,0.824677,0.031598,10.884756,2.611899,0.000000
1130,0.823176,0.014036,10.218166,2.598365,0.000000
1131,0.826080,0.026279,10.167328,2.588843,0.000000
1132,0.822754,0.044255,6.458405,2.570526,-0.000000
1133,0.829056,0.692464,10.517990,2.561323,0.000000
1134,0.825803,0.008265,11.396231,2.572088,0.000000
1135,0.807513,0.084486,17.579287,2.581385,0.000000
1136,0.805011,0.059782,17.636500,2.569214,-0.000000
1137,0.825823,0.007873,12.903364,2.576750,-0.000000
1138,0.827467,0.023959,39.582189,2.575385,0.000000
1139,0.825606,0.028648,21.004715,2.559449,-0.000000
1140,0.826838,0.000230,14.650712,2.545444,0.000000
1141,0.824981,0.003762,23.615423,2.539332,-0.000000
1142,0.828324,0.016048,41.854410,2.556388,-0.000000
1143,0.822486,0.013955,15.291905,2.568429,0.000000
1144,0.818133,0.062301,24.041874,2.570672,-0.000000
1145,0.818666,-0.000643,36.789286,2.572317,-0.000000
1146,0.819082,0.023789,27.035549,2.589156,-0.000000
1147,0.818899,0.003737,21.359160,2.599494,0.000000
1148,0.817391,0.010575,16.844586,2.612810,-0.000000
1149,0.817641,0.003035,12.659669,2.603945,0.000000
1150,0.794469,0.028706,25.665405,2.599213,-0.000000
1151,0.813889,0.011233,21.919830,2.616613,-0.000000
1152,0.815505,0.011472,19.570886,2.636401,0.000000
1153,0.820821,-0.004283,18.641000,2.662476,0.000000
1154,0.816259,0.019297,7.539760,2.669857,-0.000000
1155,0.819625,0.065417,10.903416,2.672680,0.000000
1156,0.821773,-0.002156,13.186032,2.673593,-0.000000
1157,0.820892,0.048313,48.984144,2.706669,0.000000
1158,0.820392,0.024295,41.948595,2.747917,0.000000
1159,0.822551,0.039695,34.384106,2.735448,0.000000
1160,0.817916,0.068649,39.314042,2.700205,-0.000000
1161,0.813831,0.053951,42.078731,2.675962,-0.000000
1162,0.814628,0.012918,43.629800,2.674720,0.000000
1163,0.809423,0.008072,30.321376,2.670724,-0.000000
1164,0.812799,0.030344,29.579887,2.673050,-0.000000
1165,0.709262,0.094454,38.497715,2.679526,0.000000
1166,0.716022,0.013524,31.427046,2.678211,-0.000000
1167,0.790815,0.014224,39.260321,2.679145,-0.000000
1168,0.807921,0.032955,46.625125,2.690907,0.000000
1169,0.809720,3.794555,38.958319,2.705701,0.000000
1170,0.816941,0.024498,37.833654,2.702733,0.000000
1171,0.825157,0.000408,40.518239,2.689296,-0.000000
1172,0.825561,0.004548,41.920093,2.683678,0.000000
1173,0.814577,0.072710,39.769853,2.666672,-0.000000
1174,0.816583,0.034882,33.255667,2.652346,-0.000000
1175,0.819078,0.123767,35.286314,2.644489,-0.000000
1176,0.822606,0.019051,36.313250,2.610341,0.000000
1177,0.812609,0.012737,36.477762,2.597509,0.000000
1178,0.779711,0.024395,41.077769,2.617065,0.000000
1179,0.793368,0.005608,32.666040,2.625671,-0.000000
1180,0.808233,0.043134,27.670433,2.631688,0.000000
1181,0.812777,0.045677,26.242888,2.658134,-0.000000
1182,0.793400,0.021008,20.685331,2.669672,0.000000
1183,0.817809,0.011275,24.228512,2.647398,-0.000000
1184,0.817362,0.010602,21.799035,2.647900,0.000000
1185,0.817893,0.030703,19.195284,2.653378,0.000000
1186,0.816628,-0.003510,13.423323,2.645835,0.000000
1187,0.821959,0.012143,21.635349,2.634056,-0.000000
1188,0.818406,0.000402,17.267268,2.624225,0.000000
1189,0.817919,0.040358,14.783253,2.627397,0.000000
1190,0.814932,0.338707,10.167050,2.616170,-0.000000
1191,0.818301,0.004917,18.108575,2.602602,-0.000000
1192,0.817056,-0.004753,17.309197,2.615836,-0.000000
1193,0.817977,0.129446,36.704966,2.626720,0.000000
1194,0.812751,0.040497,17.440072,2.634822,0.000000
1195,0.812914,0.186498,39.665923,2.624740,0.000000
1196,0.818010,0.034206,54.229447,2.599758,0.000000
1197,0.816170,0.069578,45.777287,2.595257,0.000000
1198,0.814661,0.025107,45.587857,2.598216,0.000000
1199,0.819727,0.041778,46.232214,2.609434,0.000000
1200,0.815739,0.018060,35.598638,2.622156,0.000000
1201,0.817774,0.190323,23.370658,2.613955,0.000000
1202,0.814670,0.001060,30.129310,2.595780,-0.000000
1203,0.812703,0.021538,10.640038,2.572252,-0.000000
1204,0.809650,0.025049,15.118243,2.545803,-0.000000
1205,0.816962,0.068314,29.162624,2.538884,-0.000000
1206,0.821123,0.017294,19.866180,2.533991,-0.000000
1207,0.820838,0.001245,23.744406,2.528589,0.000000
1208,0.820696,0.015791,24.122911,2.534602,-0.000000
1209,0.813542,0.035246,12.901513,2.539153,0.000000
1210,0.816150,0.006541,16.523568,2.519999,0.000000
1211,0.822515,0.018650,31.748851,2.494297,-0.000000
1212,0.826977,-0.004258,38.027168,2.480207,-0.000000
1213,0.823284,0.021620,46.110313,2.491315,-0.000000
1214,0.823650,0.720634,33.109631,2.506069,0.000000
1215,0.825186,0.037155,32.806841,2.514264,0.000000
1216,0.819349,0.009485,15.912036,2.506528,-0.000000
1217,0.818549,-0.001682,24.217566,2.501680,-0.000000
1218,0.821184,0.596238,47.718995,2.525244,-0.000000
1219,0.818564,0.005799,29.640622,2.523961,0.000000
1220,0.816157,0.002128,42.232354,2.531618,-0.000000
1221,0.822527,0.026760,41.938410,2.530565,-0.000000
1222,0.823285,0.068402,46.398485,2.516359,-0.000000
1223,0.817234,0.002060,41.707063,2.516234,0.000000
1224,0.820490,0.030925,31.721868,2.507331,-0.000000
1225,0.822979,0.016806,40.965179,2.493173,0.000000
1226,0.822182,0.006634,41.254718,2.481247,-0.000000
1227,0.824478,0.064036,27.954495,2.475947,0.000000
1228,0.822255,0.013543,34.233025,2.454990,-0.000000
1229,0.829801,0.032235,31.678812,2.418107,0.000000
1230,0.825986,0.035057,14.924416,2.374576,-0.000000
1231,0.822590,0.035025,13.142590,2.348554,-0.000000
1232,0.816879,-0.006750,23.408504,2.363812,0.000000
1233,0.820487,-0.000985,42.891806,2.375670,-0.000000
1234,0.821750,-0.005156,37.891978,2.386859,0.000000
1235,0.823867,0.006912,28.498487,2.405140,-0.000000
1236,0.820735,-0.005552,44.773581,2.420817,0.000000
1237,0.818062,0.017541,51.209061,2.424216,-0.000000
1238,0.823819,0.269464,41.454838,2.435818,-0.000000
1239,0.819432,0.008916,33.290837,2.450247,-0.000000
1240,0.819989,0.008155,20.802663,2.435809,-0.000000
1241,0.816967,0.035492,24.823451,2.429544,0.000000
1242,0.826851,0.007793,26.445098,2.449302,0.000000
1243,0.822839,0.029541,20.861594,2.468827,0.000000
1244,0.820888,0.063543,14.760191,2.456284,0.000000
1245,0.820290,0.212450,17.390946,2.437197,0.000000
1246,0.820501,0.081422,11.985464,2.418334,-0.000000
1247,0.824540,0.034653,25.630649,2.408190,-0.000000
1248,0.822769,0.011985,21.952876,2.408778,-0.000000
1249,0.822951,0.003679,21.384579,2.393083,-0.000000
1250,0.826620,0.060540,5.899019,2.367520,-0.000000
1251,0.821510,0.107199,7.023342,2.337110,0.000000
1252,0.825657,0.014513,7.594664,2.306933,0.000000
1253,0.824314,0.014046,3.696125,2.285878,0.000000
1254,0.823306,0.015026,5.273094,2.268544,0.000000
1255,0.827973,0.530157,8.112528,2.265095,-0.000000
1256,0.827122,0.004124,7.937582,2.249186,0.000000
1257,0.827279,0.159250,7.131828,2.233497,0.000000
1258,0.825093,0.036497,10.122005,2.210388,0.000000
1259,0.831583,0.005395,10.966603,2.196994,-0.000000
1260,0.831046,-0.001128,19.394546,2.220966,0.000000
1261,0.828956,0.014098,15.451275,2.243769,0.000000
1262,0.824846,0.037027,7.480435,2.244489,-0.000000
1263,0.823388,0.069571,10.118177,2.230939,0.000000
1264,0.831573,0.028891,7.984997,2.187866,-0.000000
1265,0.829958,0.010223,11.761667,2.169307,-0.000000
1266,0.824618,0.016717,9.603108,2.182398,0.000000
1267,0.833219,0.009583,16.672486,2.170285,0.000000
1268,0.833774,0.016682,8.554485,2.155158,0.000000
1269,0.830747,0.007890,10.879574,2.151906,0.000000
1270,0.834854,0.026676,22.217880,2.152930,-0.000000
1271,0.829219,-0.000881,29.107619,2.171020,0.000000
1272,0.833921,0.009311,6.537191,2.183264,-0.000000
1273,0.828567,0.506514,12.739008,2.174943,-0.000000
1274,0.828863,0.069089,15.296486,2.170960,-0.000000
1275,0.829379,0.021778,20.513782,2.159364,0.000000
1276,0.833255,0.004919,26.876170,2.170187,-0.000000
1277,0.829982,0.009620,10.874819,2.186818,0.000000
1278,0.830034,0.003295,17.134203,2.178842,0.000000
1279,0.829553,0.019818,11.698828,2.162105,-0.000000
1280,0.829734,0.025231,6.426604,2.138984,-0.000000
1281,0.829689,0.007912,10.584080,2.128091,0.000000
1282,0.826705,0.009335,11.179984,2.105509,0.000000
1283,0.831530,0.015719,36.241552,2.087361,0.000000
1284,0.831016,0.051436,37.566681,2.103439,0.000000
1285,0.833376,0.006314,35.394692,2.119349,0.000000
1286,0.832613,0.000301,23.739695,2.138771,-0.000000
1287,0.835509,-0.004679,45.156253,2.168962,-0.000000
1288,0.835472,0.000586,38.260762,2.176624,-0.000000
1289,0.833548,0.057426,38.931516,2.167416,0.000000
1290,0.835363,0.007593,32.026042,2.157175,-0.000000
1291,0.836832,0.000580,33.769514,2.161354,-0.000000
1292,0.839233,0.006564,28.405129,2.181542,-0.000000
1293,0.834062,0.003592,21.279436,2.172448,0.000000
1294,0.838687,0.000750,30.185704,2.161274,-0.000000
1295,0.833679,0.008572,28.814576,2.157020,0.000000
1296,0.829749,0.133384,20.960729,2.140806,0.000000
1297,0.826597,0.000679,20.003186,2.122017,0.000000
1298,0.826175,-0.002444,19.372664,2.134607,-0.000000
1299,0.828644,0.021997,12.020624,2.148146,-0.000000
1300,0.818968,0.023269,22.460473,2.128991,-0.000000
1301,0.819581,0.032791,12.118961,2.112650,0.000000
1302,0.821855,-0.000300,12.584587,2.121577,-0.000000
1303,0.821173,0.004168,19.842583,2.136819,0.000000
1304,0.823433,0.066407,24.752556,2.156882,0.000000
1305,0.832431,0.005167,32.879921,2.176446,-0.000000
1306,0.828346,0.001688,10.096679,2.191136,-0.000000
1307,0.835286,0.028918,49.143360,2.194870,-0.000000
1308,0.836353,0.017062,43.517581,2.224574,-0.000000
1309,0.832363,0.008066,44.189595,2.245663,-0.000000
1310,0.830152,0.000345,21.952346,2.236925,0.000000
1311,0.836517,0.038437,56.973730,2.243955,0.000000
1312,0.829756,0.081328,24.004945,2.222068,0.000000
1313,0.832977,-0.001812,52.468626,2.194037,0.000000
1314,0.834981,0.002653,34.199246,2.179763,0.000000
1315,0.836155,0.011381,19.967054,2.161843,0.000000
1316,0.829945,0.005406,24.363385,2.158016,-0.000000
1317,0.828018,0.006523,27.828856,2.164875,0.000000
1318,0.830092,0.097512,42.069330,2.173746,0.000000
1319,0.829504,-0.002409,51.587021,2.202360,0.000000
1320,0.832034,0.038434,51.333016,2.227296,-0.000000
1321,0.835744,0.000416,46.081681,2.222615,-0.000000
1322,0.829309,-0.006075,45.860288,2.217253,0.000000
1323,0.829943,0.006046,50.500467,2.225761,-0.000000
1324,0.834485,0.002301,37.715855,2.232653,-0.000000
1325,0.826427,0.003635,35.881877,2.237676,0.000000
1326,0.828264,0.078911,25.296863,2.226428,0.000000
1327,0.814430,0.012598,18.310696,2.203422,-0.000000
1328,0.650030,0.252880,40.979798,2.197249,0.000000
1329,0.780426,0.136594,20.182507,2.191238,0.000000
1330,0.811021,0.139631,20.833868,2.171908,-0.000000
1331,0.824478,0.011393,24.194302,2.169287,-0.000000
1332,0.766598,0.030089,40.853768,2.185219,0.000000
1333,0.795899,0.002089,37.916528,2.199902,0.000000
1334,0.817635,-0.001138,44.982858,2.226759,0.000000
1335,0.825935,0.000101,44.971755,2.258582,-0.000000
1336,0.817758,0.078748,45.160411,2.278310,-0.000000
1337,0.816968,0.011693,41.565642,2.282568,0.000000
1338,0.819096,0.013112,43.529148,2.283391,0.000000
1339,0.816488,0.011164,41.309792,2.281248,0.000000
1340,0.802823,0.153294,47.490942,2.289873,-0.000000
1341,0.827621,-0.002000,41.469133,2.326116,0.000000
1342,0.823414,0.020499,44.311936,2.356769,0.000000
1343,0.818123,0.018308,42.572064,2.363481,-0.000000
1344,0.819476,0.606424,39.248729,2.362748,0.000000
1345,0.820702,0.001517,41.096724,2.357799,-0.000000
1346,0.826427,0.015036,42.157188,2.373983,-0.000000
1347,0.823517,0.043318,39.319162,2.384973,0.000000
1348,0.823413,0.008947,38.642469,2.380429,0.000000
1349,0.822465,-0.001569,43.669964,2.364405,-0.000000
1350,0.741417,0.014015,60.299607,2.347886,0.000000
1351,0.822925,0.002849,34.694249,2.349685,0.000000
1352,0.825288,0.057926,29.953929,2.375675,-0.000000
1353,0.827037,0.039476,22.187108,2.371888,0.000000
1354,0.829179,0.006489,30.152753,2.348229,-0.000000
1355,0.831220,0.014495,47.180947,2.343062,0.000000
1356,0.824284,0.002471,44.203738,2.352320,0.000000
1357,0.818108,0.049034,45.440823,2.362535,0.000000
1358,0.829507,0.222692,33.425400,2.360924,-0.000000
1359,0.828161,0.017289,30.056905,2.363427,0.000000
1360,0.830315,0.036453,38.111339,2.372722,0.000000
1361,0.818548,0.010196,35.757823,2.364625,-0.000000
1362,0.819276,0.053187,36.710047,2.384290,0.000000
1363,0.817983,-0.000354,45.351317,2.410461,0.000000
1364,0.819984,0.001617,44.008849,2.423470,0.000000
1365,0.817555,0.001929,34.086977,2.450907,0.000000
1366,0.826174,0.024471,38.470535,2.475524,-0.000000
1367,0.815783,0.000620,32.317967,2.508031,0.000000
1368,0.817420,0.191167,42.638522,2.512875,-0.000000
1369,0.763356,0.026403,60.472533,2.494421,-0.000000
1370,0.813308,0.001233,45.197684,2.503028,0.000000
1371,0.760955,0.175293,38.989826,2.521171,-0.000000
1372,0.806040,0.867517,36.916992,2.521957,-0.000000
1373,0.818835,0.035386,36.631277,2.512111,-0.000000
1374,0.797447,0.010859,27.525182,2.506140,-0.000000
1375,0.817822,0.026900,24.546194,2.508258,0.000000
1376,0.823575,0.018781,16.916708,2.510891,-0.000000
1377,0.818201,0.023744,13.999887,2.513214,-0.000000
1378,0.809267,0.017674,13.133496,2.509700,-0.000000
1379,0.806988,0.034016,13.670468,2.484958,0.000000
1380,0.807170,0.826677,12.220682,2.442518,-0.000000
1381,0.810110,0.158168,12.121269,2.394750,0.000000
1382,0.768101,0.022303,10.415964,2.348724,-0.000000
1383,0.798928,0.011813,9.581400,2.303778,-0.000000
1384,0.745836,0.005753,24.672498,2.299566,0.000000
1385,0.777527,0.180376,27.486336,2.310578,0.000000
1386,0.760449,0.069074,38.222287,2.310142,0.000000
1387,0.798905,0.004724,42.249458,2.294512,0.000000
1388,0.805311,0.000278,37.368080,2.296738,-0.000000
1389,0.822190,0.000910,38.231098,2.313441,-0.000000
1390,0.826643,0.032245,40.295154,2.326059,0.000000
1391,0.818681,0.035814,51.703000,2.341309,-0.000000
1392,0.806652,0.023885,42.034164,2.344894,-0.000000
1393,0.830993,0.030639,41.261279,2.338553,-0.000000
1394,0.828483,-0.000167,45.138143,2.341821,0.000000
1395,0.828111,-0.000613,46.076560,2.340993,0.000000
1396,0.834516,0.060752,32.343309,2.323409,0.000000
1397,0.830154,0.035537,40.496734,2.304185,0.000000
1398,0.829349,0.015907,50.697938,2.294071,-0.000000
1399,0.827010,0.040953,42.744420,2.291220,0.000000
1400,0.824024,0.074943,39.136396,2.301394,0.000000
1401,0.824784,0.018022,42.697392,2.317431,0.000000
1402,0.835604,0.011159,41.631831,2.312094,-0.000000
1403,0.833215,0.009843,40.337581,2.316228,-0.000000
1404,0.831142,0.042528,40.689337,2.324125,-0.000000
1405,0.827926,-0.001302,47.058464,2.336682,0.000000
1406,0.836477,0.000480,37.521708,2.374443,0.000000
1407,0.831253,0.013841,38.129612,2.394752,0.000000
1408,0.832845,0.039154,39.129167,2.408856,0.000000
1409,0.837786,0.096345,44.201600,2.432628,0.000000
1410,0.831359,0.034446,44.837631,2.435912,-0.000000
1411,0.830501,0.003066,51.434515,2.447823,-0.000000
1412,0.833131,0.006848,49.019027,2.441494,-0.000000
1413,0.831256,0.029993,48.131162,2.431505,-0.000000
1414,0.833725,0.058727,46.688907,2.430103,0.000000
1415,0.835004,-0.001862,45.012875,2.432806,0.000000
1416,0.834937,0.003934,43.017765,2.437304,0.000000
1417,0.831691,0.006324,44.878016,2.442222,-0.000000
1418,0.828977,0.072693,42.182540,2.424380,0.000000
1419,0.812609,0.007618,34.461131,2.440563,0.000000
1420,0.830537,0.065293,27.979479,2.456262,0.000000
1421,0.831208,-0.002975,24.759590,2.462546,-0.000000
1422,0.830466,0.035265,21.040082,2.483400,-0.000000
1423,0.833344,0.037780,28.367752,2.475829,0.000000
1424,0.830503,0.028184,31.664105,2.467230,0.000000
1425,0.829221,0.036149,24.579649,2.464337,-0.000000
1426,0.825821,0.007761,36.622274,2.474947,-0.000000
1427,0.826282,0.024632,38.945976,2.481367,-0.000000
1428,0.815165,0.100861,18.682453,2.484067,-0.000000
1429,0.828486,0.024038,16.893220,2.486382,0.000000
1430,0.827140,-0.003242,37.363319,2.482540,0.000000
1431,0.830635,0.062762,37.654249,2.477515,0.000000
1432,0.832461,0.076171,23.959338,2.492452,-0.000000
1433,0.814677,0.024144,18.921163,2.522038,-0.000000
1434,0.829360,0.008576,24.857627,2.539332,0.000000
1435,0.833184,0.091285,24.242220,2.530297,0.000000
1436,0.834704,0.000606,40.709124,2.537317,0.000000
1437,0.830081,0.026723,56.283165,2.571447,-0.000000
1438,0.832609,0.052045,52.283539,2.586292,-0.000000
1439,0.827375,0.000380,47.481385,2.589970,-0.000000
1440,0.830853,0.066750,39.751279,2.594848,0.000000
1441,0.830297,0.014327,28.843914,2.593415,-0.000000
1442,0.827548,0.007714,40.130587,2.590712,-0.000000
1443,0.813958,0.006646,16.108467,2.584576,-0.000000
1444,0.828538,0.001651,21.948764,2.598702,0.000000
1445,0.832623,0.202061,15.250483,2.586025,-0.000000
1446,0.820817,-0.002271,20.698227,2.550753,0.000000
1447,0.829393,0.002968,38.978094,2.529141,0.000000
1448,0.831691,-0.001878,39.306845,2.525782,0.000000
1449,0.831727,0.004056,42.434095,2.534677,0.000000
1450,0.828218,0.007876,26.593184,2.545723,0.000000
1451,0.830717,0.037378,39.642785,2.545628,0.000000
1452,0.829633,0.001519,35.023266,2.541042,0.000000
1453,0.831555,0.031573,24.581645,2.540457,-0.000000
1454,0.825808,0.002380,31.033407,2.545694,0.000000
1455,0.825908,-0.002130,38.915788,2.562402,-0.000000
1456,0.819693,0.909590,22.346497,2.580956,0.000000
1457,0.825089,-0.001148,28.102343,2.599942,0.000000
1458,0.824611,0.010021,29.572343,2.614031,-0.000000
1459,0.820158,-0.000321,22.112825,2.629434,0.000000
1460,0.817713,0.019299,13.492601,2.616037,-0.000000
1461,0.820983,0.075875,8.165518,2.598744,-0.000000
1462,0.820994,0.024893,18.741609,2.603308,0.000000
1463,0.823888,0.011445,23.185933,2.605159,-0.000000
1464,0.822781,0.002661,13.601987,2.587580,0.000000
1465,0.821203,0.034326,12.938728,2.561102,0.000000
1466,0.823704,0.002585,10.792785,2.557952,0.000000
1467,0.823703,0.035325,17.263428,2.575886,-0.000000
1468,0.825890,0.003438,21.074626,2.609057,0.000000
1469,0.825087,0.124550,32.416803,2.628319,-0.000000
1470,0.825499,0.060875,25.141552,2.636276,0.000000
1471,0.823894,0.110410,25.598160,2.634743,-0.000000
1472,0.817235,0.048904,8.383946,2.608335,-0.000000
1473,0.824634,-0.000923,37.203638,2.604086,0.000000
1474,0.826400,0.017126,25.845809,2.620770,0.000000
1475,0.829383,0.014239,18.973593,2.604195,-0.000000
1476,0.829766,-0.002080,19.725835,2.576308,0.000000
1477,0.828075,0.030889,12.907276,2.550876,-0.000000
1478,0.832357,0.044121,40.471014,2.546534,-0.000000
1479,0.832188,-0.000505,27.531523,2.566742,-0.000000
1480,0.832397,-0.000860,26.576170,2.583319,0.000000
1481,0.830148,0.020781,12.210582,2.572589,0.000000
1482,0.830664,0.058861,18.027911,2.553924,0.000000
1483,0.834941,0.130297,30.272275,2.582094,0.000000
1484,0.830883,0.014712,28.963345,2.626119,-0.000000
1485,0.833102,0.036984,29.151551,2.633060,0.000000
1486,0.830128,0.027079,27.684918,2.631405,-0.000000
1487,0.826873,0.016772,20.046109,2.626291,0.000000
1488,0.829859,0.075276,28.408371,2.600274,-0.000000
1489,0.826925,0.002368,28.547355,2.603939,0.000000
1490,0.829571,0.121130,15.528595,2.609026,0.000000
1491,0.829465,0.015551,24.583682,2.592724,0.000000
1492,0.832015,0.025129,33.817283,2.580571,0.000000
1493,0.830262,0.005616,21.662125,2.574357,0.000000
1494,0.830797,2.147040,29.936095,2.560238,0.000000
1495,0.834091,0.006436,41.128543,2.546749,-0.000000
1496,0.838526,0.143070,34.036328,2.527850,-0.000000
1497,0.835228,0.006491,37.241654,2.529359,0.000000
1498,0.836235,0.043354,36.810548,2.535848,-0.000000
1499,0.834754,0.000231,36.946013,2.535151,-0.000000
1500,0.834895,0.047394,34.415547,2.518690,0.000000
1501,0.833276,0.051778,40.063308,2.492843,-0.000000
1502,0.837688,0.064287,35.819690,2.488431,0.000000
1503,0.832313,0.021706,25.084501,2.485140,0.000000
1504,0.829222,0.484040,10.194033,2.458648,0.000000
1505,0.833328,0.485382,13.151248,2.445093,0.000000
1506,0.832068,0.106296,8.824891,2.439304,0.000000
1507,0.831433,0.021112,8.654561,2.413038,-0.000000
1508,0.828952,0.087264,6.309188,2.383006,-0.000000
1509,0.826645,0.031641,8.031606,2.346218,0.000000
1510,0.820728,0.020644,5.826275,2.297184,-0.000000
1511,0.829497,0.032689,10.204485,2.274778,-0.000000
1512,0.822233,0.009958,7.000282,2.268497,0.000000
1513,0.830233,-0.001201,26.027834,2.291008,-0.000000
1514,0.833813,-0.002949,15.261868,2.303836,0.000000
1515,0.833609,0.004399,17.877120,2.317004,0.000000
1516,0.830912,0.034166,12.342049,2.319759,-0.000000
1517,0.833226,0.186420,28.070342,2.295969,-0.000000
1518,0.832243,0.027426,24.190411,2.282964,0.000000
1519,0.838150,0.017337,37.702563,2.277889,-0.000000
1520,0.833958,0.028982,31.004463,2.282378,-0.000000
1521,0.834204,0.033760,52.096717,2.272941,0.000000
1522,0.834947,-0.003275,42.494106,2.275594,-0.000000
1523,0.834311,0.081415,37.045123,2.283766,-0.000000
1524,0.835010,0.016310,36.126590,2.295819,0.000000
1525,0.834639,0.022243,21.490869,2.316516,-0.000000
1526,0.831437,0.007750,36.000791,2.341517,0.000000
1527,0.834849,0.003252,16.774926,2.358973,0.000000
1528,0.838652,0.036201,15.043533,2.366409,0.000000
1529,0.838539,0.226992,23.236811,2.362066,0.000000
1530,0.834055,0.019676,46.044289,2.352898,0.000000
1531,0.835333,0.099594,37.452751,2.367704,-0.000000
1532,0.820557,0.002991,31.375360,2.393307,-0.000000
1533,0.833750,0.015836,29.535523,2.418296,0.000000
1534,0.836684,0.034397,28.197806,2.420400,0.000000
1535,0.835802,-0.001678,40.028908,2.420576,-0.000000
1536,0.832911,-0.000737,50.505890,2.455260,-0.000000
1537,0.834367,-0.001173,43.466010,2.488052,0.000000
1538,0.835591,0.004079,45.562060,2.498976,0.000000
1539,0.829864,0.125507,44.035852,2.498356,-0.000000
1540,0.833920,0.015308,31.635699,2.512518,0.000000
1541,0.836453,0.041928,36.603597,2.530624,0.000000
1542,0.833267,0.026854,36.482973,2.528725,0.000000
1543,0.828308,0.017935,44.302397,2.535141,0.000000
1544,0.829346,0.016543,42.720441,2.567917,0.000000
1545,0.824658,0.063369,12.642357,2.561618,-0.000000
1546,0.822064,0.040951,38.372208,2.551693,0.000000
1547,0.825739,0.000149,33.212904,2.576025,0.000000
1548,0.825198,0.017778,31.929752,2.604174,-0.000000
1549,0.826270,0.020581,24.624716,2.629547,0.000000
1550,0.829557,0.012523,28.597753,2.647469,-0.000000
1551,0.819047,0.003914,38.474356,2.659063,-0.000000
1552,0.822347,0.150579,45.831873,2.659713,-0.000000
1553,0.825988,0.047742,46.263650,2.655058,-0.000000
1554,0.824844,0.017945,48.884997,2.665356,-0.000000
1555,0.822584,0.015037,25.959562,2.687542,-0.000000
1556,0.828297,0.006701,25.227128,2.709301,0.000000
1557,0.831280,0.022385,36.938254,2.721727,0.000000
1558,0.825291,0.041038,14.836694,2.733553,0.000000
1559,0.830704,0.011270,22.407462,2.743482,-0.000000
1560,0.826817,0.048774,18.700876,2.750960,0.000000
1561,0.826844,0.009596,29.534290,2.743347,-0.000000
1562,0.820100,0.020889,38.245336,2.735306,0.000000
1563,0.820155,0.068050,33.975154,2.710970,-0.000000
1564,0.818398,0.102105,30.876594,2.702073,0.000000
1565,0.820283,0.013434,26.642198,2.707329,-0.000000
1566,0.830553,0.043493,37.640001,2.704092,0.000000
1567,0.827513,0.088961,26.375039,2.676135,0.000000
1568,0.826197,0.041064,23.764301,2.649102,-0.000000
1569,0.817603,0.059441,27.384133,2.627604,0.000000
1570,0.826473,0.015919,33.095685,2.604609,0.000000
1571,0.817356,0.123060,29.833812,2.587460,0.000000
1572,0.822520,0.032268,32.041165,2.557640,0.000000
1573,0.817604,0.157846,32.014200,2.535986,0.000000
1574,0.815166,0.008657,29.590729,2.516401,-0.000000
1575,0.813133,0.031102,24.852355,2.490880,0.000000
1576,0.806637,0.060501,26.443359,2.463726,0.000000
1577,0.812142,0.003899,34.840167,2.459000,0.000000
1578,0.811717,0.053922,42.304769,2.449256,-0.000000
1579,0.805814,0.009192,36.964799,2.433808,0.000000
1580,0.816764,0.018130,40.529606,2.423151,-0.000000
1581,0.816808,0.079240,37.253104,2.410726,-0.000000
1582,0.817205,0.008496,36.940096,2.406558,0.000000
1583,0.817571,0.004557,40.747630,2.401690,0.000000
1584,0.822265,0.007591,28.852483,2.385679,0.000000
1585,0.825644,0.004915,42.833585,2.376477,-0.000000
1586,0.821750,1.093463,37.156444,2.393996,0.000000
1587,0.822248,0.018368,38.490304,2.414799,-0.000000
1588,0.826773,0.004727,36.893160,2.430651,0.000000
1589,0.826601,0.041303,32.555497,2.450840,0.000000
1590,0.814789,0.009125,30.468895,2.448206,0.000000
1591,0.818093,0.039906,35.161976,2.437588,0.000000
1592,0.815412,0.000995,34.964123,2.437535,-0.000000
1593,0.824162,0.008776,40.395246,2.438663,-0.000000
1594,0.816581,0.011877,35.009690,2.450666,0.000000
1595,0.815881,0.005184,31.631590,2.455450,-0.000000
1596,0.824660,0.016352,38.481599,2.453768,-0.000000
1597,0.818133,-0.001283,28.627622,2.443258,-0.000000
1598,0.820576,0.008486,43.566665,2.427682,-0.000000
1599,0.820275,0.006460,35.550304,2.420005,0.000000
1600,0.822674,0.020182,40.496614,2.433375,0.000000
1601,0.824530,0.012750,38.413428,2.451485,0.000000
1602,0.825663,0.110413,29.257318,2.470052,-0.000000
1603,0.822148,0.005618,27.770662,2.498935,-0.000000
1604,0.825538,0.006245,44.681467,2.527368,0.000000
1605,0.823510,0.025219,36.565740,2.549017,0.000000
1606,0.822516,0.016671,37.631789,2.561594,0.000000
1607,0.820456,0.417623,38.966891,2.573402,-0.000000
1608,0.818122,0.012034,34.550203,2.585026,-0.000000
1609,0.819974,0.009940,29.018031,2.591303,0.000000
1610,0.819346,0.011612,33.776548,2.599233,-0.000000
1611,0.819067,0.006776,31.442677,2.603322,-0.000000
1612,0.819163,0.114556,24.056583,2.616043,-0.000000
1613,0.817133,0.007285,11.756585,2.610637,-0.000000
1614,0.818372,-0.001588,21.156039,2.607081,0.000000
1615,0.818856,0.029452,26.978462,2.623084,0.000000
1616,0.818808,0.026879,32.382394,2.625404,-0.000000
1617,0.819307,0.078197,44.188234,2.628399,0.000000
1618,0.823800,0.000316,38.158577,2.631451,0.000000
1619,0.818058,0.009647,34.562024,2.638719,0.000000
1620,0.815019,0.006401,34.292362,2.631531,0.000000
1621,0.815917,0.007873,34.082320,2.625505,-0.000000
1622,0.817703,-0.001524,31.489819,2.621594,-0.000000
1623,0.815192,0.006060,24.687173,2.609858,-0.000000
1624,0.815310,0.054719,24.992017,2.603325,-0.000000
1625,0.815031,0.033440,26.048121,2.624570,0.000000
1626,0.815448,0.284910,18.362210,2.623972,-0.000000
1627,0.814973,0.006278,20.915122,2.613079,0.000000
1628,0.810591,0.013484,17.507054,2.615390,0.000000
1629,0.815471,0.006017,19.552322,2.603392,-0.000000
1630,0.811819,0.065758,12.508015,2.570586,-0.000000
1631,0.816622,0.000676,29.409688,2.550180,0.000000
1632,0.815389,0.022870,17.227817,2.561587,0.000000
1633,0.818438,0.032505,23.782964,2.581576,-0.000000
1634,0.820947,0.001601,26.460831,2.605548,0.000000
1635,0.816467,0.035987,26.907253,2.624672,0.000000
1636,0.818653,0.014386,15.326320,2.633929,-0.000000
1637,0.817379,0.016579,16.308357,2.615151,0.000000
1638,0.815611,0.093932,14.433344,2.588037,-0.000000
1639,0.816598,0.214677,13.664106,2.586826,0.000000
1640,0.811900,0.005648,10.979800,2.592210,0.000000
1641,0.817699,0.052144,17.423828,2.602222,0.000000
1642,0.817863,0.012057,11.357560,2.611411,-0.000000
1643,0.816204,0.015044,9.964216,2.607737,-0.000000
1644,0.815926,0.070780,23.810534,2.594643,-0.000000
1645,0.821209,0.001963,31.516881,2.607989,-0.000000
1646,0.818943,-0.001592,28.973929,2.631684,0.000000
1647,0.819598,0.055362,24.081706,2.645327,-0.000000
1648,0.821860,0.018263,25.999946,2.659825,-0.000000
1649,0.820385,0.062222,13.865391,2.655779,0.000000
1650,0.818497,0.002463,23.697950,2.653143,-0.000000
1651,0.820231,0.069722,17.852902,2.672836,-0.000000
1652,0.821518,0.014752,22.434485,2.691301,-0.000000
1653,0.821171,0.007230,19.570541,2.700399,0.000000
1654,0.819795,0.007185,20.320940,2.717344,-0.000000
1655,0.818143,0.031921,13.769669,2.731061,0.000000
1656,0.819829,0.009615,17.764375,2.720210,0.000000
1657,0.818889,0.021669,7.695712,2.682934,-0.000000
1658,0.819347,0.031079,13.002789,2.643361,-0.000000
1659,0.823381,0.014110,20.759554,2.632769,-0.000000
1660,0.823844,-0.003009,18.917433,2.656145,-0.000000
1661,0.822938,0.030333,19.303980,2.664931,-0.000000
1662,0.822279,0.003910,19.111699,2.651213,0.000000
1663,0.821927,0.029498,9.156601,2.626192,0.000000
1664,0.825823,0.078758,6.069422,2.595720,-0.000000
1665,0.825856,0.031009,7.990436,2.582935,-0.000000
1666,0.824270,0.044859,3.810288,2.544023,0.000000
1667,0.827400,0.010410,4.623205,2.516280,-0.000000
1668,0.829000,0.113063,14.777465,2.525481,-0.000000
1669,0.828195,0.039127,7.982661,2.513231,0.000000
1670,0.828909,0.004108,15.087667,2.490041,0.000000
1671,0.826001,0.036989,5.574605,2.472414,0.000000
1672,0.830554,0.026539,5.205201,2.450923,0.000000
1673,0.831811,0.000273,9.930644,2.454244,-0.000000
1674,0.831055,0.008109,10.984812,2.476219,0.000000
1675,0.830386,0.005147,12.432555,2.490568,0.000000
1676,0.829182,0.022345,7.398261,2.496910,0.000000
1677,0.829654,0.013467,10.221126,2.486243,-0.000000
1678,0.831242,0.000302,21.171252,2.479357,0.000000
1679,0.832454,0.000399,25.512626,2.473052,-0.000000
1680,0.830833,0.002818,19.869775,2.469162,0.000000
1681,0.828934,0.034599,10.307619,2.450408,-0.000000
1682,0.830407,0.077625,9.207472,2.425449,0.000000
1683,0.831087,0.007240,15.687229,2.413432,0.000000
1684,0.834435,0.047080,12.419937,2.404604,0.000000
1685,0.834763,0.003774,7.389478,2.372090,-0.000000
1686,0.831231,0.013089,8.322736,2.334040,-0.000000
1687,0.833558,0.180586,8.404760,2.308995,-0.000000
1688,0.830242,0.183658,7.346439,2.284391,0.000000
1689,0.831404,0.013573,11.556621,2.261383,0.000000
1690,0.830356,0.009970,8.514607,2.233594,0.000000
1691,0.831728,0.037356,22.393237,2.210152,0.000000
1692,0.835268,0.099333,19.571335,2.215895,0.000000
1693,0.833796,0.019201,28.886556,2.229344,-0.000000
1694,0.833692,0.011572,17.666188,2.221079,0.000000
1695,0.833526,1.925211,11.839467,2.216152,0.000000
1696,0.832920,0.024915,11.717412,2.218669,-0.000000
1697,0.832390,1.856398,9.076855,2.193039,0.000000
1698,0.830956,0.008521,22.069833,2.190174,-0.000000
1699,0.831259,0.014153,13.072352,2.200682,-0.000000
1700,0.830130,0.076608,22.992722,2.200691,0.000000
1701,0.834897,-0.000238,24.258637,2.219426,-0.000000
1702,0.834574,0.003953,28.436798,2.233321,-0.000000
1703,0.838638,0.014105,50.438471,2.242056,-0.000000
1704,0.834199,0.001118,28.380586,2.246174,0.000000
1705,0.832442,0.025603,50.215215,2.250443,0.000000
1706,0.833761,0.014029,36.113243,2.253546,-0.000000
1707,0.834401,0.012594,23.491998,2.246155,-0.000000
1708,0.831544,0.074596,8.460504,2.228666,-0.000000
1709,0.830083,0.058714,12.731687,2.193411,-0.000000
1710,0.831349,0.011923,23.334636,2.184894,0.000000
1711,0.831599,0.010657,17.421022,2.186937,-0.000000
1712,0.831601,0.011874,8.848227,2.184804,0.000000
1713,0.827913,0.017515,12.087730,2.179526,0.000000
1714,0.830371,0.780548,18.350773,2.193769,-0.000000
1715,0.828875,0.126024,14.547955,2.211185,-0.000000
1716,0.830060,0.014973,13.794469,2.199586,0.000000
1717,0.833238,0.009206,17.891966,2.203234,0.000000
1718,0.832729,0.003167,23.389893,2.214240,-0.000000
1719,0.837857,0.070610,10.364130,2.204993,0.000000
1720,0.835672,0.002653,9.506471,2.190500,0.000000
1721,0.831544,0.021699,4.440235,2.185987,0.000000
1722,0.835534,0.037650,5.055055,2.156025,0.000000
1723,0.836443,-0.004641,18.228668,2.142563,0.000000
1724,0.839089,0.036470,26.162917,2.148568,-0.000000
1725,0.839444,0.000631,15.351083,2.152636,0.000000
1726,0.840339,0.000010,23.713073,2.169116,0.000000
1727,0.837985,0.027995,7.123190,2.160582,-0.000000
1728,0.839550,-0.000864,17.531634,2.148073,-0.000000
1729,0.838281,0.007826,7.230534,2.149396,-0.000000
1730,0.835718,-0.003404,12.417563,2.165527,-0.000000
1731,0.843704,0.034327,40.863864,2.182107,-0.000000
1732,0.839142,0.000102,39.625415,2.186674,0.000000
1733,0.843014,-0.006925,40.092581,2.197022,-0.000000
1734,0.841278,0.002471,33.750021,2.224450,0.000000
1735,0.841868,0.001338,31.037367,2.244224,-0.000000
1736,0.838782,0.035906,14.914332,2.237499,0.000000
1737,0.842637,0.008705,40.737591,2.218850,0.000000
1738,0.843108,0.000838,45.561555,2.223625,-0.000000
1739,0.843548,0.019029,46.376911,2.245220,0.000000
1740,0.839723,-0.000748,33.212612,2.247887,-0.000000
1741,0.842039,0.011473,13.028645,2.228033,-0.000000
1742,0.839482,0.012161,22.640020,2.224468,0.000000
1743,0.837341,0.026546,8.868831,2.228214,0.000000
1744,0.835947,0.006146,10.328727,2.221621,-0.000000
1745,0.833622,0.007246,17.872290,2.237602,0.000000
1746,0.834635,0.040479,25.935948,2.263841,0.000000
1747,0.834252,0.000173,19.575363,2.270676,-0.000000
1748,0.833879,0.005444,27.608861,2.267094,-0.000000
1749,0.832820,0.013083,16.097638,2.250205,0.000000
1750,0.829714,0.048004,21.073660,2.244244,-0.000000
1751,0.831017,0.013785,15.754881,2.248818,-0.000000
1752,0.831053,0.041150,8.386879,2.236102,0.000000
1753,0.831585,0.015513,28.106528,2.216289,-0.000000
1754,0.831702,-0.001261,33.659962,2.220854,0.000000
1755,0.830506,0.035751,32.403200,2.237630,0.000000
1756,0.832147,0.012733,30.813104,2.239597,0.000000
1757,0.830836,-0.002606,33.801474,2.244489,0.000000
1758,0.829917,-0.005846,35.699047,2.258745,-0.000000
1759,0.834411,0.003057,31.283396,2.275662,0.000000
1760,0.835721,0.020649,37.800899,2.293980,0.000000
1761,0.832706,0.116214,36.111997,2.303554,0.000000
1762,0.832793,3.158487,31.337192,2.299318,-0.000000
1763,0.833453,-0.002512,34.580032,2.296837,-0.000000
1764,0.834328,0.025448,25.350030,2.319518,0.000000
1765,0.831867,-0.004880,23.683953,2.337122,-0.000000
1766,0.830924,-0.006841,25.530424,2.349546,-0.000000
1767,0.831846,0.022079,19.295697,2.370093,-0.000000
1768,0.829493,0.047066,14.637371,2.367595,0.000000
1769,0.828129,0.011483,13.575320,2.359091,-0.000000
1770,0.830629,0.018003,6.228961,2.360458,0.000000
1771,0.825369,0.116713,3.947858,2.345713,-0.000000
1772,0.824960,0.414914,4.863282,2.285332,0.000000
1773,0.824461,0.027830,11.056729,2.237237,0.000000
1774,0.827071,0.120105,4.581906,2.202037,-0.000000
1775,0.823641,0.006182,10.480356,2.166566,-0.000000
1776,0.827475,0.013008,7.984654,2.135245,0.000000
1777,0.821856,0.016944,5.031054,2.098494,0.000000
1778,0.825199,0.011033,8.593866,2.081252,-0.000000
1779,0.820527,0.066762,8.027203,2.078352,0.000000
1780,0.819971,-0.001883,6.836592,2.066669,-0.000000
1781,0.825291,0.013400,20.343348,2.059854,-0.000000
1782,0.821841,0.335719,12.548351,2.049124,-0.000000
1783,0.814481,0.055516,5.946654,2.024477,-0.000000
1784,0.819873,0.048340,15.970634,1.999741,-0.000000
1785,0.820592,0.012406,17.290918,2.000930,-0.000000
1786,0.820144,0.014096,13.725994,2.006167,-0.000000
1787,0.821417,0.002744,13.004343,2.016409,0.000000
1788,0.822495,0.007599,9.036500,2.014318,0.000000
1789,0.826020,0.024220,15.272538,2.012115,-0.000000
1790,0.823110,0.074207,19.783056,2.008856,-0.000000
1791,0.825818,0.006144,17.130051,2.012687,0.000000
1792,0.823491,0.005611,15.303816,2.026008,-0.000000
1793,0.830269,-0.006219,16.829373,2.047294,-0.000000
1794,0.829527,0.002603,19.666003,2.075514,0.000000
1795,0.830109,0.059671,12.715543,2.088829,0.000000
1796,0.826755,0.007998,14.864729,2.083486,0.000000
1797,0.827648,0.072648,24.701767,2.055344,-0.000000
1798,0.826869,0.063637,16.201898,2.034275,-0.000000
1799,0.831437,0.001459,16.588335,2.043804,0.000000
1800,0.828081,0.006689,14.001471,2.056985,-0.000000
1801,0.828032,0.001459,12.885998,2.045503,0.000000
1802,0.827068,0.007316,15.075361,2.019560,0.000000
1803,0.825566,0.018700,15.539066,2.001636,0.000000
1804,0.834019,0.028679,26.688577,1.994675,0.000000
1805,0.829646,-0.000817,14.705021,1.992445,0.000000
1806,0.831535,0.048279,22.962978,1.982006,0.000000
1807,0.829655,0.006231,11.411846,1.960788,0.000000
1808,0.833959,-0.000483,20.577663,1.951428,-0.000000
1809,0.833327,0.011054,40.872195,1.976836,-0.000000
1810,0.830106,0.007731,19.398236,2.005164,0.000000
1811,0.831460,0.007042,32.327508,2.002121,0.000000
1812,0.832847,0.008209,34.817938,2.022475,0.000000
1813,0.834219,0.104777,38.391197,2.059278,-0.000000
1814,0.831425,0.007852,36.306529,2.072479,-0.000000
1815,0.834812,0.112941,37.370209,2.087211,-0.000000
1816,0.836558,0.028474,36.750203,2.108576,-0.000000
1817,0.829914,0.007746,30.238045,2.127986,0.000000
1818,0.832901,0.019239,27.646090,2.139535,0.000000
1819,0.831157,0.005264,27.318660,2.152859,0.000000
1820,0.831601,0.035002,26.524897,2.147341,0.000000
1821,0.828714,0.219117,18.214408,2.153315,0.000000
1822,0.827686,0.027374,24.231745,2.170868,-0.000000
1823,0.831191,0.002904,18.260587,2.173012,-0.000000
1824,0.829415,0.018108,11.022100,2.173473,0.000000
1825,0.829646,0.019790,8.827786,2.183740,0.000000
1826,0.827656,0.033431,14.207575,2.179952,-0.000000
1827,0.827970,0.244617,13.684961,2.147081,0.000000
1828,0.825112,0.017740,12.491655,2.131815,0.000000
1829,0.823181,0.009368,16.985708,2.128696,-0.000000
1830,0.828332,0.985952,10.461485,2.122088,0.000000
1831,0.828522,0.010079,7.601531,2.122951,0.000000
1832,0.829181,0.012582,8.136631,2.126346,0.000000
1833,0.833142,0.033125,23.506966,2.145644,-0.000000
1834,0.830183,0.010472,19.921993,2.172906,-0.000000
1835,0.832045,0.009867,27.567747,2.165692,-0.000000
1836,0.829243,-0.000720,10.624676,2.156577,-0.000000
1837,0.833813,0.085214,28.128124,2.166026,0.000000
1838,0.834857,-0.005105,31.124611,2.190405,0.000000
1839,0.831579,0.017993,28.770546,2.199498,0.000000
1840,0.834643,-0.005013,36.903267,2.219463,0.000000
1841,0.831520,-0.001945,34.290779,2.253225,0.000000
1842,0.834507,-0.002672,28.919305,2.281496,-0.000000
1843,0.834583,-0.001788,35.674626,2.304856,0.000000
1844,0.838041,0.038804,37.678966,2.317023,-0.000000
1845,0.832957,0.029935,12.717898,2.309003,-0.000000
1846,0.834901,0.007544,13.446535,2.294115,-0.000000
1847,0.840151,0.001504,25.025466,2.283382,-0.000000
1848,0.835826,-0.001798,12.744003,2.285663,-0.000000
1849,0.838690,0.010966,34.106303,2.308568,0.000000
1850,0.837285,0.013180,17.291070,2.322925,-0.000000
1851,0.836953,0.021441,26.963759,2.323280,-0.000000
1852,0.837507,0.004125,47.584445,2.330843,-0.000000
1853,0.837870,0.005785,20.118854,2.336849,-0.000000
1854,0.835840,0.001823,23.948811,2.329465,0.000000
1855,0.837947,0.083736,39.891819,2.322199,-0.000000
1856,0.839599,0.056164,50.109869,2.329276,-0.000000
1857,0.837970,0.003942,54.079309,2.338464,0.000000
1858,0.837405,0.016677,43.008458,2.339765,-0.000000
1859,0.836330,0.009189,41.677494,2.348792,0.000000
1860,0.838321,0.031905,24.393902,2.349874,-0.000000
1861,0.838171,0.055212,12.532052,2.338504,-0.000000
1862,0.841240,0.006475,24.138481,2.333435,-0.000000
1863,0.839246,0.021935,30.358423,2.337641,-0.000000
1864,0.837509,0.001184,23.029074,2.363185,0.000000
1865,0.841474,0.036201,38.756572,2.382432,-0.000000
1866,0.839010,0.009154,43.876627,2.379770,0.000000
1867,0.834002,0.067097,41.553185,2.383486,-0.000000
1868,0.839809,0.010849,49.474275,2.385789,0.000000
1869,0.838554,0.004692,45.683257,2.387458,0.000000
1870,0.837906,0.002704,45.808160,2.408750,-0.000000
1871,0.838075,0.017453,43.236397,2.427473,0.000000
1872,0.839144,0.009956,37.628080,2.399097,0.000000
1873,0.836917,0.008684,31.979169,2.364947,0.000000
1874,0.840476,0.005338,37.141408,2.354906,-0.000000
1875,0.838035,0.006894,34.434976,2.373737,0.000000
1876,0.840361,0.027809,34.015027,2.401241,0.000000
1877,0.838134,0.035684,17.340735,2.379173,0.000000
1878,0.839017,0.008869,18.073878,2.360406,-0.000000
1879,0.839730,0.015315,20.002566,2.348583,0.000000
1880,0.840458,0.040526,6.506415,2.303512,-0.000000
1881,0.839168,0.011585,10.589023,2.267139,0.000000
1882,0.835861,0.102176,7.333190,2.223918,0.000000
1883,0.830756,0.075604,4.678105,2.169610,0.000000
1884,0.836755,-0.001127,14.127132,2.156243,0.000000
1885,0.835320,-0.000699,14.493356,2.156610,-0.000000
1886,0.843176,0.013168,10.426150,2.160910,0.000000
1887,0.840531,0.146957,19.264253,2.164849,-0.000000
1888,0.842547,0.000637,25.712536,2.172027,0.000000
1889,0.840684,0.029188,22.475597,2.184745,-0.000000
1890,0.842511,0.000132,12.426074,2.181199,0.000000
1891,0.844993,0.064172,15.455575,2.180222,-0.000000
1892,0.845345,0.001323,17.798946,2.169514,0.000000
1893,0.842435,0.002904,36.587696,2.170489,0.000000
1894,0.844882,0.023663,40.607870,2.162700,0.000000
1895,0.842469,0.015289,47.365270,2.150374,-0.000000
1896,0.846980,1.008808,39.913917,2.143148,-0.000000
1897,0.841855,0.058706,23.546352,2.129505,0.000000
1898,0.843351,1.535006,30.695406,2.129220,0.000000
1899,0.845711,0.003394,20.634510,2.128176,0.000000
1900,0.847144,0.027220,9.533973,2.124261,0.000000
1901,0.843578,0.045465,19.635867,2.134766,-0.000000
1902,0.846903,0.036254,25.389495,2.148040,-0.000000
1903,0.846450,0.001001,22.448297,2.156211,0.000000
1904,0.845440,0.113823,20.762520,2.151482,0.000000
1905,0.846532,0.006853,38.683246,2.143949,0.000000
1906,0.843752,0.029861,22.249941,2.148896,-0.000000
1907,0.844892,0.013898,28.511676,2.156515,-0.000000
1908,0.843842,0.008915,8.173960,2.177979,0.000000
1909,0.842393,0.066425,3.458893,2.155979,0.000000
1910,0.845055,0.006248,11.326844,2.129518,0.000000
1911,0.844212,0.037136,11.908712,2.136373,0.000000
1912,0.840719,0.320923,8.039474,2.143546,-0.000000
1913,0.842188,0.019675,31.242779,2.133619,0.000000
1914,0.840059,-0.000036,31.194768,2.124289,-0.000000
1915,0.843326,0.038137,42.616949,2.141479,0.000000
1916,0.838183,0.004616,51.311401,2.167593,-0.000000
1917,0.842197,-0.004838,38.798304,2.185731,0.000000
1918,0.842961,0.008982,63.381074,2.194226,0.000000
1919,0.823889,0.023294,50.287315,2.199362,-0.000000
1920,0.843758,0.012449,46.147392,2.214230,0.000000
1921,0.837757,0.349283,55.883719,2.226410,0.000000
1922,0.841448,0.013666,35.821762,2.237255,0.000000
1923,0.839532,0.015185,38.550747,2.256713,0.000000
1924,0.844000,0.054458,30.280095,2.264541,0.000000
1925,0.837837,0.007842,28.239547,2.261950,0.000000
1926,0.840488,0.036283,31.020331,2.267043,-0.000000
1927,0.836693,0.085743,37.046194,2.268611,0.000000
1928,0.838111,0.011813,15.906103,2.272381,-0.000000
1929,0.840544,0.116613,20.906188,2.273927,0.000000
1930,0.841412,0.045560,19.101269,2.254983,-0.000000
1931,0.842417,0.040280,26.779017,2.271133,0.000000
1932,0.840871,0.071561,23.844204,2.309709,-0.000000
1933,0.842152,0.121936,24.276396,2.340480,0.000000
1934,0.828206,0.016281,20.983751,2.344266,-0.000000
1935,0.842912,0.022563,25.285216,2.334511,-0.000000
1936,0.842319,0.008549,11.625634,2.328982,-0.000000
1937,0.841593,0.006097,16.946665,2.329011,-0.000000
1938,0.843935,0.017300,34.305834,2.340853,0.000000
1939,0.842479,0.003139,50.251901,2.350718,0.000000
1940,0.843215,0.001102,48.215714,2.348526,-0.000000
1941,0.844395,0.011619,55.934244,2.353438,0.000000
1942,0.838399,0.010420,56.395163,2.358178,0.000000
1943,0.838886,0.134086,50.447767,2.382274,0.000000
1944,0.838624,0.001517,53.447677,2.405537,0.000000
1945,0.839686,0.045688,43.843440,2.405462,-0.000000
1946,0.836492,0.006122,38.226207,2.413525,0.000000
1947,0.838543,0.056607,37.103795,2.449417,-0.000000
1948,0.839660,0.005830,26.984098,2.469349,-0.000000
1949,0.837992,0.030131,27.303240,2.491778,0.000000
1950,0.835544,0.069211,27.985687,2.483855,0.000000
1951,0.827298,0.007185,39.674236,2.485166,0.000000
1952,0.813604,0.035718,47.763423,2.490393,0.000000
1953,0.830732,0.035412,41.844943,2.489187,-0.000000
1954,0.833464,0.018927,34.813539,2.482932,0.000000
1955,0.830784,0.112077,8.221738,2.455510,-0.000000
1956,0.833714,0.001333,24.636279,2.429568,0.000000
1957,0.836179,-0.007664,36.755582,2.431621,-0.000000
1958,0.837014,0.024283,33.910230,2.430724,0.000000
1959,0.836781,0.006624,53.859219,2.423202,-0.000000
1960,0.835373,0.003938,43.629920,2.436000,-0.000000
1961,0.833276,0.036955,16.028136,2.427302,-0.000000
1962,0.839141,0.029051,55.360264,2.418675,-0.000000
1963,0.835277,0.234172,61.111269,2.433421,0.000000
1964,0.818344,0.002738,49.986756,2.449575,0.000000
1965,0.835693,0.018073,53.025526,2.470607,-0.000000
1966,0.834903,0.157444,47.412773,2.469753,-0.000000
1967,0.821713,0.019238,41.752434,2.474944,-0.000000
1968,0.834854,0.007058,46.540796,2.492453,-0.000000
1969,0.832271,0.001318,44.288860,2.504362,-0.000000
1970,0.835644,0.011435,47.945168,2.505887,0.000000
1971,0.840530,0.015544,45.723526,2.495414,-0.000000
1972,0.835181,-0.002169,44.172883,2.479500,0.000000
1973,0.838369,0.005227,46.560200,2.475163,-0.000000
1974,0.836542,-0.000224,36.921920,2.484674,0.000000
1975,0.837639,0.025460,40.362197,2.498527,0.000000
1976,0.838261,0.004059,46.802050,2.499917,0.000000
1977,0.837212,0.018488,42.978129,2.503340,-0.000000
1978,0.832777,0.005124,35.263284,2.510340,0.000000
1979,0.830736,0.115587,42.924742,2.542366,0.000000
1980,0.835738,0.024940,44.881314,2.548738,0.000000
1981,0.833828,0.024424,45.576396,2.539605,0.000000
1982,0.791399,0.012450,51.535892,2.538089,0.000000
1983,0.769878,0.020611,52.631799,2.561593,0.000000
1984,0.830517,0.404919,35.368212,2.549170,-0.000000
1985,0.819173,0.000670,49.399865,2.523684,-0.000000
1986,0.830901,0.033575,54.412866,2.505333,0.000000
1987,0.834126,0.024373,48.697034,2.480553,-0.000000
1988,0.837457,0.050299,47.345579,2.468460,0.000000
1989,0.837120,0.001278,45.067659,2.451786,-0.000000
1990,0.836840,0.023489,41.634385,2.448588,-0.000000
1991,0.832738,0.009860,41.256471,2.433645,-0.000000
1992,0.834017,0.006170,37.140152,2.448474,-0.000000
1993,0.832984,0.025274,32.975851,2.472216,0.000000
1994,0.835386,0.078269,35.699622,2.471481,-0.000000
1995,0.752091,0.024833,46.232840,2.474735,0.000000
1996,0.809416,0.060394,37.795387,2.469610,0.000000
1997,0.830087,0.027464,39.142998,2.458907,0.000000
1998,0.833858,0.004364,33.870080,2.468038,0.000000
1999,0.834418,0.145886,29.277463,2.467338,0.000000
2000,0.830814,0.028101,26.886946,2.473886,-0.000000
