batch,meanReward,policyLoss,valueLoss,entropy,meanAdvantage
1,0.402674,0.598179,7.269476,4.312477,0.000000
2,0.424261,0.416495,6.214090,4.232110,0.000000
3,0.440848,0.697073,8.812419,4.169035,0.000000
4,0.417607,0.203772,5.392848,4.121734,-0.000000
5,0.425524,0.642218,6.078830,4.060721,0.000000
6,0.444463,0.263211,7.340488,3.997591,-0.000000
7,0.409395,0.427340,5.322785,3.928731,0.000000
8,0.390965,1.682120,6.302012,3.853729,0.000000
9,0.397516,0.256970,3.741731,3.774463,-0.000000
10,0.435946,0.161091,3.505472,3.703519,0.000000
11,0.465831,0.186224,3.737035,3.649153,-0.000000
12,0.468290,0.241016,8.095151,3.577965,0.000000
13,0.492213,0.084037,5.219639,3.496559,0.000000
14,0.468825,0.215357,6.577589,3.432608,0.000000
15,0.441307,0.048033,10.786948,3.381027,-0.000000
16,0.460998,0.048238,5.943658,3.337479,-0.000000
17,0.481028,0.089622,14.867805,3.288026,0.000000
18,0.467249,0.080845,6.788435,3.255522,-0.000000
19,0.483287,0.611278,2.985777,3.218909,-0.000000
20,0.497240,0.367490,4.634214,3.174850,-0.000000
21,0.544460,0.201604,2.642094,3.116147,0.000000
22,0.518195,0.149859,3.660768,3.035796,0.000000
23,0.495268,0.367220,12.201064,2.971194,-0.000000
24,0.546279,0.039500,3.672898,2.926112,0.000000
25,0.522709,0.054517,2.563432,2.890252,-0.000000
26,0.526804,0.170077,1.829284,2.866203,0.000000
27,0.545867,0.021341,11.843734,2.845528,-0.000000
28,0.550505,0.009401,9.314722,2.831898,-0.000000
29,0.552403,0.017098,5.047119,2.798127,0.000000
30,0.557300,1.481672,0.750433,2.752000,0.000000
31,0.559703,0.010636,4.185293,2.729150,0.000000
32,0.547846,0.075259,1.088364,2.693787,-0.000000
33,0.560119,0.035130,5.272443,2.650728,0.000000
34,0.574839,0.034893,1.521410,2.631970,0.000000
35,0.565553,0.093197,1.475452,2.608533,0.000000
36,0.560660,0.030877,8.282796,2.614091,0.000000
37,0.557770,0.020797,8.326111,2.632977,-0.000000
38,0.502395,0.084168,16.601684,2.631744,-0.000000
39,0.559071,0.021946,4.988457,2.613673,0.000000
40,0.560078,0.023445,7.178413,2.602479,0.000000
41,0.568954,0.607777,7.008857,2.578776,-0.000000
42,0.553022,0.009627,12.489726,2.565852,0.000000
43,0.545015,0.028713,9.843775,2.559482,-0.000000
44,0.581363,0.039838,1.419499,2.530079,-0.000000
45,0.583795,0.048915,1.265552,2.484694,0.000000
46,0.567022,0.002299,3.143682,2.441012,-0.000000
47,0.560250,0.227136,0.784875,2.408503,0.000000
48,0.585993,0.014314,1.473413,2.407363,0.000000
49,0.582924,0.022528,1.978081,2.411814,0.000000
50,0.593899,0.018037,5.867520,2.416547,0.000000
51,0.608367,0.028744,6.775642,2.405091,0.000000
52,0.599828,0.060449,15.894651,2.385518,0.000000
53,0.576624,0.018112,20.223595,2.388607,0.000000
54,0.576526,0.079499,20.908598,2.403148,-0.000000
55,0.546766,0.014109,14.806857,2.409288,-0.000000
56,0.574277,0.050632,10.484136,2.415178,-0.000000
57,0.535216,0.010281,12.710545,2.403087,0.000000
58,0.576334,0.054913,8.036871,2.408625,-0.000000
59,0.543048,0.027607,10.873311,2.425257,0.000000
60,0.609001,0.057483,6.396299,2.419081,0.000000
61,0.570598,0.220636,9.764777,2.390027,-0.000000
62,0.585273,0.077946,4.346211,2.372145,0.000000
63,0.548122,0.004158,17.510867,2.358519,-0.000000
64,0.587741,0.023268,6.705774,2.358666,0.000000
65,0.614505,0.030092,6.595735,2.352898,-0.000000
66,0.642115,0.016640,14.791853,2.346672,0.000000
67,0.674003,0.009913,8.415611,2.361837,0.000000
68,0.712229,0.053594,9.173530,2.359756,-0.000000
69,0.706981,0.067073,4.738005,2.325004,-0.000000
70,0.727275,0.004274,6.728568,2.323281,-0.000000
71,0.724665,0.007496,12.930867,2.336501,0.000000
72,0.723059,0.003412,12.431458,2.324856,0.000000
73,0.675468,0.007904,10.044693,2.310933,0.000000
74,0.719187,0.000584,16.190870,2.324745,-0.000000
75,0.739911,0.009444,10.263866,2.338646,0.000000
76,0.732590,0.002483,12.030654,2.350491,0.000000
77,0.748079,0.004084,16.221238,2.388091,0.000000
78,0.728049,0.025890,16.626907,2.420241,0.000000
79,0.737382,0.016499,22.002514,2.444605,-0.000000
80,0.715225,0.005927,15.453530,2.456704,-0.000000
81,0.707892,0.007567,9.710046,2.451587,-0.000000
82,0.710453,0.034706,8.549373,2.447855,0.000000
83,0.658338,0.081737,2.978024,2.424125,-0.000000
84,0.698344,0.011684,6.603034,2.383775,0.000000
85,0.704536,0.154278,3.313235,2.350608,0.000000
86,0.684881,0.008272,4.700314,2.324229,-0.000000
87,0.714416,0.019707,5.969471,2.302653,-0.000000
88,0.724880,0.015821,6.269914,2.271245,0.000000
89,0.720504,0.010443,9.502740,2.259855,-0.000000
90,0.724528,0.036250,5.265749,2.258808,-0.000000
91,0.706365,0.009122,2.543088,2.245080,0.000000
92,0.698724,0.007028,0.943725,2.225907,0.000000
93,0.711047,10.490081,11.444185,2.212555,-0.000000
94,0.723425,0.004883,4.309022,2.206829,-0.000000
95,0.712297,0.071368,1.160051,2.196108,0.000000
96,0.706195,0.019992,4.121695,2.188314,-0.000000
97,0.731096,0.009470,5.464300,2.182969,0.000000
98,0.732781,0.012488,5.154939,2.187488,0.000000
99,0.696594,0.064777,5.139874,2.177916,-0.000000
100,0.680568,0.045478,20.002950,2.160188,0.000000
101,0.622118,0.293797,23.654324,2.134513,0.000000
102,0.723929,0.029337,9.598891,2.097644,0.000000
103,0.665230,0.010068,19.942239,2.100877,0.000000
104,0.669722,0.038883,13.080646,2.103065,-0.000000
105,0.734612,0.003107,37.123686,2.081047,0.000000
106,0.719446,0.019607,15.835890,2.088461,-0.000000
107,0.725385,0.022746,8.175289,2.106241,-0.000000
108,0.701353,0.047663,5.398545,2.118733,-0.000000
109,0.696979,0.011352,2.791926,2.134041,0.000000
110,0.713445,0.024906,1.715286,2.144332,0.000000
111,0.704227,0.051740,4.668246,2.128383,-0.000000
112,0.714364,0.016164,2.912610,2.117788,0.000000
113,0.705678,0.023486,1.244251,2.114778,0.000000
114,0.704159,0.040764,2.524570,2.076402,0.000000
115,0.720264,0.202011,6.457536,2.043810,0.000000
116,0.684677,0.017380,17.657013,2.043153,0.000000
117,0.659950,1.753792,13.811346,2.051055,-0.000000
118,0.628921,0.190426,15.915424,2.050801,0.000000
119,0.632004,0.014869,7.729840,2.063750,-0.000000
120,0.658328,0.061780,2.455082,2.078534,-0.000000
121,0.644364,0.017647,6.133655,2.072199,0.000000
122,0.656304,0.083040,9.194236,2.054005,0.000000
123,0.616912,0.064651,3.522473,2.035010,-0.000000
124,0.604753,0.050411,0.844727,2.009174,-0.000000
125,0.643785,0.029640,3.113995,1.981238,0.000000
126,0.661423,0.040404,1.630025,1.958954,0.000000
127,0.652016,0.040717,1.005805,1.917108,-0.000000
128,0.657103,0.040245,2.263006,1.903514,-0.000000
129,0.700660,0.024966,7.923410,1.921947,-0.000000
130,0.718521,0.002626,6.020581,1.931910,-0.000000
131,0.705316,-0.000827,8.406216,1.942197,-0.000000
132,0.707019,0.037789,7.783467,1.924247,-0.000000
133,0.711273,0.204859,6.545057,1.892673,0.000000
134,0.691294,0.001404,6.105890,1.889558,-0.000000
135,0.696511,0.023901,1.975241,1.884786,0.000000
136,0.635104,0.033124,1.008380,1.847584,-0.000000
137,0.694326,0.029317,5.575040,1.813784,0.000000
138,0.674365,-0.001205,3.259909,1.805922,-0.000000
139,0.629107,0.017601,1.113494,1.780183,-0.000000
140,0.723632,0.024628,5.844855,1.760275,0.000000
141,0.682983,0.058909,2.299211,1.759306,0.000000
142,0.727406,0.002954,8.330304,1.756526,0.000000
143,0.667011,0.002853,3.308573,1.748345,-0.000000
144,0.660610,-0.001610,5.425165,1.750222,0.000000
145,0.667293,0.022959,0.313634,1.746242,0.000000
146,0.756101,0.024687,8.762600,1.721351,-0.000000
147,0.719969,-0.000637,6.784648,1.710887,-0.000000
148,0.752452,0.027138,10.898164,1.696169,0.000000
149,0.770678,-0.006424,19.366221,1.692097,0.000000
150,0.734735,0.005018,15.937604,1.724951,0.000000
151,0.759751,0.001812,10.557129,1.761635,-0.000000
152,0.747004,0.013645,24.093248,1.782068,-0.000000
153,0.768391,0.123501,33.385780,1.802123,0.000000
154,0.763123,0.012841,13.705494,1.814214,-0.000000
155,0.767391,0.000253,17.302540,1.826996,-0.000000
156,0.772043,0.012458,18.048613,1.861613,-0.000000
157,0.784810,-0.003777,29.980917,1.896671,-0.000000
158,0.795700,0.366295,23.258440,1.925579,0.000000
159,0.779094,0.003989,18.485989,1.959352,-0.000000
160,0.762184,0.008062,7.569986,1.960475,0.000000
161,0.786400,-0.003374,17.533945,1.980563,-0.000000
162,0.786981,0.003534,27.098986,2.016147,-0.000000
163,0.779572,0.009863,8.092226,2.012892,0.000000
164,0.739964,0.024473,43.774095,2.024908,0.000000
165,0.673735,-0.004193,46.062557,2.056732,-0.000000
166,0.678146,0.069143,29.820860,2.064453,-0.000000
167,0.663823,0.247367,19.423765,2.053719,0.000000
168,0.654406,0.014439,13.526885,2.051465,-0.000000
169,0.579238,0.021951,18.720105,2.044416,-0.000000
170,0.543401,0.054163,16.765164,2.025284,0.000000
171,0.712550,0.534028,12.475867,2.013201,-0.000000
172,0.565569,0.047166,16.261319,1.994808,-0.000000
173,0.501663,0.081838,3.542411,1.975573,-0.000000
174,0.537903,0.054626,15.544652,1.961168,0.000000
175,0.693162,0.101404,1.541966,1.948818,0.000000
176,0.662278,0.048709,7.057420,1.936800,-0.000000
177,0.707879,0.241933,2.678231,1.922057,0.000000
178,0.693456,0.047503,2.120648,1.881013,0.000000
179,0.696208,0.135200,3.183329,1.867840,0.000000
180,0.652994,0.036280,4.779505,1.863150,-0.000000
181,0.655101,0.026879,1.527844,1.848004,-0.000000
182,0.603620,0.722106,4.077100,1.837814,-0.000000
183,0.642201,0.436889,1.685303,1.837096,0.000000
184,0.632076,0.045008,2.596832,1.823749,0.000000
185,0.601902,0.113707,1.752132,1.803149,-0.000000
186,0.588194,0.139441,4.873396,1.785667,-0.000000
187,0.593058,0.057921,1.454186,1.770151,0.000000
188,0.605110,0.654311,2.543140,1.762127,0.000000
189,0.593133,0.022648,0.980524,1.742163,0.000000
190,0.637551,0.028609,1.528256,1.709553,-0.000000
191,0.628105,0.025927,1.557696,1.698393,-0.000000
192,0.684087,0.029660,2.995948,1.704432,0.000000
193,0.684100,0.009306,2.993575,1.685069,-0.000000
194,0.654513,0.142991,3.130694,1.651753,0.000000
195,0.708603,-0.001735,5.809035,1.651557,0.000000
196,0.704307,-0.003473,5.012900,1.672363,-0.000000
197,0.735834,0.018167,4.253232,1.668185,0.000000
198,0.720581,0.005164,5.502086,1.661897,0.000000
199,0.737968,-0.003706,15.499961,1.673523,-0.000000
200,0.738947,0.002280,18.246338,1.696434,0.000000
201,0.773076,-0.002872,12.772532,1.710376,-0.000000
202,0.764560,0.009896,5.969101,1.721823,-0.000000
203,0.770358,0.001906,16.071471,1.709956,0.000000
204,0.770826,-0.000020,19.559805,1.716369,-0.000000
205,0.766530,0.158554,18.971757,1.733354,-0.000000
206,0.777225,-0.001512,16.988206,1.749069,-0.000000
207,0.769662,0.018719,8.190175,1.754525,0.000000
208,0.773121,0.004288,16.742700,1.737468,-0.000000
209,0.756037,0.009969,18.377796,1.744728,-0.000000
210,0.762959,0.061944,32.462316,1.757280,-0.000000
211,0.724589,0.013287,9.628447,1.770745,-0.000000
212,0.768138,0.025617,6.384756,1.769436,0.000000
213,0.734684,0.027109,10.145451,1.742829,0.000000
214,0.681659,0.007960,5.706478,1.718139,-0.000000
215,0.690767,0.213222,5.086099,1.715688,0.000000
216,0.730648,0.689272,13.460257,1.730137,-0.000000
217,0.722400,0.029867,8.822738,1.736076,-0.000000
218,0.692314,0.073640,0.451109,1.717239,0.000000
219,0.709844,0.015138,3.865690,1.697157,-0.000000
220,0.760088,0.084171,10.343406,1.679400,0.000000
221,0.730250,-0.001718,11.719651,1.683305,-0.000000
222,0.764273,0.006353,12.687564,1.692464,0.000000
223,0.783491,-0.003866,14.381590,1.676637,-0.000000
224,0.790912,0.003912,14.233307,1.662484,-0.000000
225,0.795762,0.001375,33.346577,1.658064,-0.000000
226,0.802520,0.000286,25.918633,1.674226,0.000000
227,0.795911,-0.000215,17.099398,1.699928,0.000000
228,0.789992,0.011252,22.448717,1.715012,-0.000000
229,0.772903,0.017795,21.112210,1.712761,0.000000
230,0.767470,-0.001197,16.883176,1.713210,0.000000
231,0.800282,0.000984,29.644915,1.720588,-0.000000
232,0.787720,0.003126,24.731598,1.741668,0.000000
233,0.765497,0.026245,19.441339,1.766233,0.000000
234,0.786781,-0.002382,7.407754,1.788001,0.000000
235,0.775177,2.466376,14.787991,1.797886,0.000000
236,0.760669,0.032753,19.471651,1.816223,-0.000000
237,0.788761,0.001930,29.970041,1.816249,0.000000
238,0.797706,-0.001548,32.461977,1.803353,-0.000000
239,0.785289,0.010079,28.128407,1.797784,0.000000
240,0.788006,-0.002513,21.854499,1.794281,-0.000000
241,0.794438,0.002708,31.905752,1.808950,0.000000
242,0.794043,-0.003149,33.299969,1.832302,-0.000000
243,0.787740,0.004179,18.921459,1.840446,-0.000000
244,0.763748,0.055621,22.148311,1.849197,0.000000
245,0.651751,0.019404,37.810838,1.842023,-0.000000
246,0.732152,0.005752,7.508169,1.823777,0.000000
247,0.693192,0.013958,27.681141,1.818915,0.000000
248,0.589948,0.019113,20.634864,1.811557,-0.000000
249,0.587577,0.006892,15.204837,1.800895,-0.000000
250,0.473634,0.027305,10.283112,1.799613,-0.000000
251,0.536609,0.184157,6.958812,1.782883,-0.000000
252,0.565020,0.128889,8.762019,1.754232,-0.000000
253,0.441715,0.098660,2.497787,1.722375,0.000000
254,0.476905,0.007680,1.552845,1.709138,0.000000
255,0.486444,0.064101,2.856492,1.718950,0.000000
256,0.624097,0.069522,2.728624,1.712073,0.000000
257,0.639522,0.015543,2.726458,1.714368,-0.000000
258,0.659389,0.024581,5.868601,1.714214,-0.000000
259,0.715109,-0.001360,2.345957,1.694996,-0.000000
260,0.702941,0.011072,1.026324,1.666894,0.000000
261,0.700859,0.034021,0.743075,1.633333,-0.000000
262,0.707510,0.029588,0.726715,1.627121,0.000000
263,0.704071,0.048998,0.524196,1.608391,0.000000
264,0.709651,-0.006296,1.644760,1.590921,-0.000000
265,0.717268,0.023505,0.973594,1.603960,0.000000
266,0.728888,0.006093,0.544136,1.604508,-0.000000
267,0.747457,0.003851,3.869364,1.614700,0.000000
268,0.776681,0.052283,2.704210,1.614189,-0.000000
269,0.766039,0.008657,5.441180,1.617060,-0.000000
270,0.750320,0.017001,5.597865,1.619455,0.000000
271,0.778439,0.003343,10.138400,1.618838,-0.000000
272,0.773536,0.004193,9.915554,1.613796,0.000000
273,0.773949,-0.004774,9.675522,1.632313,0.000000
274,0.772471,-0.001826,4.529488,1.656658,-0.000000
275,0.773244,0.011792,21.791005,1.663120,0.000000
276,0.782408,-0.001968,17.162867,1.674039,-0.000000
277,0.777882,-0.006991,9.893606,1.710054,-0.000000
278,0.779940,0.008673,8.073757,1.728267,0.000000
279,0.780154,0.009265,6.756373,1.738277,-0.000000
280,0.774463,-0.002761,4.767209,1.754468,0.000000
281,0.777987,-0.003171,6.287443,1.770496,0.000000
282,0.780061,-0.000872,6.108684,1.784641,0.000000
283,0.769212,-0.004996,5.109747,1.813270,0.000000
284,0.775490,0.056424,3.756992,1.833928,0.000000
285,0.774273,0.030293,5.427795,1.830975,0.000000
286,0.776652,-0.002217,3.751898,1.845635,0.000000
287,0.758558,0.004748,1.468294,1.866359,-0.000000
288,0.761720,0.004109,3.345962,1.879023,0.000000
289,0.785475,0.164476,9.660796,1.881814,-0.000000
290,0.774804,0.007769,4.839218,1.880305,0.000000
291,0.771487,-0.003349,2.902711,1.886877,0.000000
292,0.774157,0.021019,3.709342,1.916351,0.000000
293,0.760596,0.027613,2.086673,1.927410,0.000000
294,0.756015,0.011026,2.254496,1.910110,0.000000
295,0.751290,0.003931,1.479136,1.866960,-0.000000
296,0.744762,0.008822,2.666467,1.833608,-0.000000
297,0.758184,0.040750,6.016690,1.829495,0.000000
298,0.787995,-0.003975,8.561905,1.841322,-0.000000
299,0.767775,-0.000898,3.384553,1.859220,0.000000
300,0.741778,0.007026,1.253170,1.843368,-0.000000
301,0.756156,0.062846,1.608828,1.817413,0.000000
302,0.754443,0.015389,2.164386,1.825765,-0.000000
303,0.758400,0.010278,4.341828,1.854893,0.000000
304,0.706211,0.018315,7.552691,1.892434,-0.000000
305,0.752996,0.039184,1.382940,1.897328,0.000000
306,0.733455,0.025264,4.517227,1.886439,0.000000
307,0.752314,0.008677,1.597460,1.873753,0.000000
308,0.711349,0.037708,3.135412,1.843580,0.000000
309,0.717516,0.007779,3.080473,1.819921,0.000000
310,0.717426,0.016832,2.347090,1.792558,-0.000000
311,0.735945,-0.003037,5.234188,1.780336,-0.000000
312,0.746105,-0.000739,3.280670,1.798622,-0.000000
313,0.741958,0.015157,1.349061,1.816431,-0.000000
314,0.768449,-0.001579,5.686599,1.812799,0.000000
315,0.695353,0.020036,14.658162,1.802742,-0.000000
316,0.746328,0.021665,1.161721,1.775707,0.000000
317,0.716693,0.936347,1.318123,1.746162,0.000000
318,0.730290,0.004104,1.169290,1.731405,0.000000
319,0.710610,0.030320,4.324244,1.714198,0.000000
320,0.670849,0.014594,0.666679,1.712481,0.000000
321,0.645132,0.010282,1.472716,1.719165,-0.000000
322,0.719996,0.009977,0.490605,1.717183,-0.000000
323,0.763257,-0.004309,6.952664,1.718460,-0.000000
324,0.731078,0.002677,1.405344,1.720333,-0.000000
325,0.725957,0.009099,0.694784,1.714008,0.000000
326,0.711516,0.053344,0.518021,1.703381,0.000000
327,0.727877,0.027355,1.142084,1.678959,0.000000
328,0.742823,0.012934,1.144224,1.671472,-0.000000
329,0.728743,0.023107,0.527220,1.678823,-0.000000
330,0.732393,0.001157,0.875653,1.682096,0.000000
331,0.704897,0.046065,1.706797,1.679224,0.000000
332,0.701321,0.152531,0.425321,1.656687,0.000000
333,0.697275,0.032360,0.414525,1.632260,0.000000
334,0.697360,0.001229,1.026592,1.625387,0.000000
335,0.725945,0.008333,0.573236,1.626547,0.000000
336,0.722915,0.076300,0.889217,1.610511,0.000000
337,0.679570,0.005014,3.086572,1.618362,0.000000
338,0.720343,-0.001138,7.248621,1.645089,-0.000000
339,0.718206,0.020980,0.367099,1.655020,0.000000
340,0.749109,0.007368,0.936406,1.637706,0.000000
341,0.737576,-0.006428,1.824268,1.631423,-0.000000
342,0.716637,0.014241,2.779540,1.617987,0.000000
343,0.722468,-0.003376,1.252662,1.601192,0.000000
344,0.739069,0.031530,0.860221,1.582212,0.000000
345,0.737492,0.017305,0.729484,1.558935,-0.000000
346,0.718620,0.044298,1.059955,1.531307,-0.000000
347,0.720001,0.039459,1.788957,1.491599,0.000000
348,0.703776,0.000337,1.140024,1.483224,0.000000
349,0.726403,-0.003372,0.699209,1.497674,0.000000
350,0.733254,-0.005548,0.314485,1.515328,0.000000
351,0.725365,0.006625,0.710490,1.527449,0.000000
352,0.748360,0.000816,0.558229,1.534151,-0.000000
353,0.711208,0.015940,0.542379,1.517008,-0.000000
354,0.766507,0.005537,1.462435,1.491157,0.000000
355,0.749282,0.003383,1.701183,1.474660,0.000000
356,0.757874,-0.000474,1.061699,1.491733,-0.000000
357,0.769992,0.001408,3.634308,1.503412,-0.000000
358,0.775181,-0.001971,4.785732,1.501386,-0.000000
359,0.745010,0.214617,0.898302,1.501288,0.000000
360,0.758434,-0.002957,4.384684,1.498576,0.000000
361,0.733626,-0.005134,5.958678,1.504840,0.000000
362,0.754729,-0.006418,0.870916,1.515188,-0.000000
363,0.719661,0.002122,0.935776,1.515463,-0.000000
364,0.736569,0.024060,0.649985,1.507027,-0.000000
365,0.697228,-0.001842,1.265932,1.481937,0.000000
366,0.690413,0.014076,0.626877,1.468470,0.000000
367,0.698711,-0.001117,0.271816,1.456069,-0.000000
368,0.748554,-0.005310,2.037632,1.465178,-0.000000
369,0.763130,-0.007334,1.684899,1.512476,0.000000
370,0.703661,0.009397,2.330182,1.520757,0.000000
371,0.726699,0.032921,2.215018,1.494755,0.000000
372,0.764261,0.001277,1.812247,1.485298,-0.000000
373,0.722380,0.027621,2.366020,1.473625,0.000000
374,0.722506,0.008248,8.721023,1.473712,0.000000
375,0.718326,0.000887,7.534129,1.487328,0.000000
376,0.729098,0.022297,2.549168,1.486412,-0.000000
377,0.724882,0.004274,1.019401,1.479462,0.000000
378,0.679576,0.007423,3.357235,1.479521,0.000000
379,0.742932,-0.007875,6.311892,1.493064,0.000000
380,0.695412,-0.001958,0.797129,1.498888,0.000000
381,0.690762,-0.001911,0.706101,1.486624,-0.000000
382,0.697847,0.006379,0.283268,1.478085,0.000000
383,0.686094,0.016304,3.006502,1.472595,-0.000000
384,0.713161,-0.005202,6.221969,1.488791,-0.000000
385,0.734291,0.004282,0.848502,1.511388,-0.000000
386,0.701148,0.123747,0.532219,1.508906,0.000000
387,0.704605,0.010114,0.929083,1.488236,-0.000000
388,0.703265,0.002516,0.955197,1.482438,-0.000000
389,0.635788,-0.001777,3.223011,1.479972,0.000000
390,0.687015,0.009571,0.331336,1.486369,0.000000
391,0.657822,0.054181,3.184175,1.486965,-0.000000
392,0.617037,0.310621,0.846229,1.482275,-0.000000
393,0.636222,-0.000690,0.462118,1.466405,-0.000000
394,0.598861,0.027875,0.310961,1.445496,0.000000
395,0.713505,-0.000805,0.687123,1.434261,-0.000000
396,0.756674,-0.004329,4.992775,1.452561,0.000000
397,0.732112,0.003422,4.361289,1.491463,0.000000
398,0.725452,-0.002007,0.538009,1.507709,0.000000
399,0.717867,-0.004937,2.523175,1.518008,-0.000000
400,0.721356,0.010546,1.126551,1.518351,0.000000
401,0.746459,0.000451,1.788451,1.524030,0.000000
402,0.714244,0.013683,1.359782,1.520306,-0.000000
403,0.728934,0.059974,3.381381,1.508123,-0.000000
404,0.712813,0.013405,1.076812,1.511080,-0.000000
405,0.781516,-0.001825,5.808385,1.515463,0.000000
406,0.765418,-0.002251,3.544917,1.531401,-0.000000
407,0.740927,0.006186,1.578287,1.545431,0.000000
408,0.682471,-0.000760,0.709330,1.544683,0.000000
409,0.700982,0.007302,1.761514,1.556023,0.000000
410,0.741631,0.005930,2.214284,1.573376,0.000000
411,0.738534,-0.001387,0.818713,1.561156,-0.000000
412,0.750320,-0.006440,3.141819,1.565282,0.000000
413,0.758164,0.000793,5.391525,1.595304,-0.000000
414,0.751684,0.003506,1.046536,1.585507,-0.000000
415,0.754187,-0.003560,1.347086,1.578967,-0.000000
416,0.735407,0.003054,0.660890,1.581729,0.000000
417,0.741299,0.002168,3.662544,1.576654,-0.000000
418,0.751194,0.073050,0.972994,1.581362,0.000000
419,0.735444,0.095471,1.077110,1.588084,-0.000000
420,0.730876,0.000009,0.245186,1.577457,-0.000000
421,0.705047,0.010234,7.789125,1.555710,-0.000000
422,0.748849,0.001518,1.963629,1.551019,-0.000000
423,0.707391,0.005455,1.016391,1.546156,0.000000
424,0.679019,0.009284,1.094292,1.534599,0.000000
425,0.683843,0.000562,0.307718,1.525824,0.000000
426,0.664710,0.028689,0.633531,1.528130,0.000000
427,0.636826,0.001527,1.422028,1.514964,0.000000
428,0.659673,0.012412,1.133360,1.503141,0.000000
429,0.662783,0.003570,1.256720,1.499274,0.000000
430,0.676602,-0.000830,3.070489,1.500067,0.000000
431,0.648142,1.244757,4.045692,1.483760,0.000000
432,0.622014,0.062132,1.175750,1.450492,0.000000
433,0.597954,0.001017,1.082500,1.438708,0.000000
434,0.631070,0.014845,4.651700,1.436336,0.000000
435,0.630140,-0.000487,3.522931,1.439671,-0.000000
436,0.662748,0.101707,3.910226,1.462222,0.000000
437,0.678273,0.029746,1.309691,1.443312,0.000000
438,0.728078,0.004007,0.499550,1.412264,0.000000
439,0.698092,0.048487,1.304096,1.402850,-0.000000
440,0.666111,0.006590,1.307191,1.389119,-0.000000
441,0.676575,-0.006605,1.900447,1.365588,0.000000
442,0.741856,-0.001581,1.559419,1.351625,-0.000000
443,0.740401,-0.004645,2.485125,1.360375,-0.000000
444,0.709621,0.008144,6.775921,1.369395,0.000000
445,0.745303,0.001437,2.427703,1.375499,-0.000000
446,0.742159,0.080121,0.536882,1.365538,0.000000
447,0.723875,0.057801,0.604855,1.328860,0.000000
448,0.725555,-0.002774,0.542317,1.287536,-0.000000
449,0.766862,-0.004990,6.842805,1.293760,0.000000
450,0.734681,-0.002888,0.897278,1.326328,-0.000000
451,0.764895,-0.000064,2.215978,1.324056,-0.000000
452,0.784013,-0.002716,7.308172,1.334990,-0.000000
453,0.766842,-0.000038,5.510994,1.354112,-0.000000
454,0.732258,0.023963,1.078905,1.347735,0.000000
455,0.736970,-0.007250,16.087722,1.344571,-0.000000
456,0.721199,-0.002678,6.417526,1.376160,0.000000
457,0.731998,-0.000340,1.878628,1.403281,0.000000
458,0.711147,-0.008502,11.937297,1.434094,-0.000000
459,0.688098,0.011625,13.867133,1.448334,-0.000000
460,0.682985,0.030508,2.617618,1.432551,0.000000
461,0.686240,0.005809,3.846681,1.429512,-0.000000
462,0.669908,0.012867,4.137966,1.435183,0.000000
463,0.669173,0.013510,3.690182,1.416669,0.000000
464,0.630448,0.076456,3.173684,1.395870,-0.000000
465,0.608760,0.003811,1.675788,1.396937,-0.000000
466,0.721741,0.014066,0.681724,1.400029,-0.000000
467,0.681824,0.070059,0.747276,1.398205,0.000000
468,0.668864,0.011520,1.455188,1.385055,0.000000
469,0.699614,0.011454,0.573694,1.382242,0.000000
470,0.709648,-0.000041,1.014368,1.371555,-0.000000
471,0.691280,-0.006277,2.918385,1.364531,-0.000000
472,0.702742,0.016716,2.234055,1.373115,0.000000
473,0.707868,0.014805,0.514005,1.363356,0.000000
474,0.724121,0.006002,2.972254,1.365031,-0.000000
475,0.692169,-0.003034,0.192837,1.359126,0.000000
476,0.721809,0.002645,0.961786,1.333600,0.000000
477,0.735935,-0.002799,1.139600,1.309153,0.000000
478,0.742628,-0.001050,1.010211,1.302760,0.000000
479,0.768559,0.040731,0.584650,1.308081,0.000000
480,0.748633,0.003220,0.657171,1.321369,0.000000
481,0.714427,0.003986,0.442823,1.345716,-0.000000
482,0.724408,-0.001309,0.198351,1.360936,0.000000
483,0.683211,-0.004880,0.374228,1.362542,-0.000000
484,0.692003,0.022772,0.404187,1.340650,-0.000000
485,0.713256,-0.000830,0.750300,1.324945,0.000000
486,0.708294,-0.001800,3.325668,1.312958,-0.000000
487,0.668811,-0.002909,1.937176,1.314779,-0.000000
488,0.719431,-0.003514,0.688418,1.314582,0.000000
489,0.681843,-0.001336,0.453800,1.309253,0.000000
490,0.742723,-0.004460,2.017990,1.313631,0.000000
491,0.704022,-0.001523,0.494053,1.323975,0.000000
492,0.737393,-0.004888,5.195177,1.329704,0.000000
493,0.720382,-0.007162,0.292406,1.340088,0.000000
494,0.734091,-0.002026,5.767349,1.361535,0.000000
495,0.780726,-0.002727,8.464774,1.406272,-0.000000
496,0.754989,-0.000858,3.486501,1.432328,-0.000000
497,0.774326,0.059695,9.388231,1.448761,-0.000000
498,0.752807,0.536859,3.735565,1.465925,0.000000
499,0.738023,0.019811,3.685808,1.457437,-0.000000
500,0.748605,0.027514,6.144393,1.456264,-0.000000
501,0.751464,0.001314,7.274748,1.448282,0.000000
502,0.739780,0.003212,1.902114,1.450768,0.000000
503,0.771313,-0.004323,23.225206,1.448036,-0.000000
504,0.782089,-0.007090,13.285019,1.468688,-0.000000
505,0.778674,-0.001550,15.576436,1.494240,0.000000
506,0.778830,0.006042,11.635537,1.506611,0.000000
507,0.778942,0.031980,14.118203,1.523429,-0.000000
508,0.783398,-0.004195,9.282242,1.543166,0.000000
509,0.776425,-0.003077,7.061113,1.561589,0.000000
510,0.772347,-0.002791,3.198208,1.562756,0.000000
511,0.781061,0.011400,10.407681,1.543922,0.000000
512,0.793579,-0.001028,29.353246,1.544751,0.000000
513,0.802336,0.000666,22.190735,1.553795,0.000000
514,0.786497,0.005286,23.835020,1.569508,-0.000000
515,0.781474,-0.003104,14.811236,1.599163,0.000000
516,0.797725,-0.002756,27.932138,1.617135,0.000000
517,0.793349,-0.001014,16.673296,1.628829,0.000000
518,0.789571,0.001686,22.773140,1.648484,0.000000
519,0.799911,0.017596,19.995545,1.670396,-0.000000
520,0.798690,-0.000323,23.131688,1.685698,0.000000
521,0.792642,-0.004040,16.254094,1.700591,0.000000
522,0.783300,0.106926,7.608151,1.709276,-0.000000
523,0.800588,0.005810,16.079100,1.733189,0.000000
524,0.783018,-0.001674,10.513903,1.755609,-0.000000
525,0.796390,0.016901,10.576411,1.768050,-0.000000
526,0.746229,0.002858,9.747523,1.766150,-0.000000
527,0.794964,0.001891,24.905082,1.771240,0.000000
528,0.798230,-0.000867,19.294274,1.791193,0.000000
529,0.800095,-0.003354,16.652606,1.811986,-0.000000
530,0.794195,0.003025,13.416088,1.836552,-0.000000
531,0.788076,0.015296,11.861734,1.835071,-0.000000
532,0.788615,-0.003027,8.363304,1.838612,0.000000
533,0.787411,-0.000018,14.690229,1.868427,-0.000000
534,0.805651,0.589153,12.611561,1.893948,0.000000
535,0.797066,0.020998,6.757622,1.885697,0.000000
536,0.789883,0.068467,6.689651,1.842065,-0.000000
537,0.798993,0.002295,9.382022,1.814187,-0.000000
538,0.796413,0.071081,9.648915,1.808158,0.000000
539,0.791426,0.002971,14.740550,1.816236,0.000000
540,0.793614,0.004137,9.791584,1.843244,0.000000
541,0.801455,0.011516,7.650176,1.852674,0.000000
542,0.785500,0.001043,7.348160,1.828345,-0.000000
543,0.786142,0.119578,12.272700,1.834472,-0.000000
544,0.778653,0.120040,10.262890,1.847105,-0.000000
545,0.773619,0.007866,5.730630,1.829751,0.000000
546,0.787736,0.002538,17.444984,1.808341,-0.000000
547,0.781871,0.025244,7.553113,1.801206,-0.000000
548,0.781542,0.001230,8.522463,1.804615,0.000000
549,0.790277,0.007217,14.253886,1.820584,-0.000000
550,0.775503,-0.001700,5.381228,1.844005,-0.000000
551,0.777795,0.006895,4.678656,1.854008,-0.000000
552,0.783558,0.051931,6.858179,1.846174,0.000000
553,0.778790,0.343546,13.077900,1.844632,0.000000
554,0.779681,-0.000433,5.407120,1.862845,-0.000000
555,0.783444,0.009824,6.209496,1.876313,-0.000000
556,0.779283,-0.000311,7.251774,1.877628,0.000000
557,0.778413,0.018702,4.066917,1.863638,0.000000
558,0.775802,0.030192,2.295921,1.820982,-0.000000
559,0.741914,0.045150,2.420450,1.782587,-0.000000
560,0.776891,0.000791,5.215945,1.764397,0.000000
561,0.766300,0.087610,1.065796,1.751921,-0.000000
562,0.776500,0.010144,0.693832,1.727951,0.000000
563,0.763535,0.004658,1.284932,1.699405,0.000000
564,0.765529,0.001680,0.647855,1.685368,0.000000
565,0.772082,0.001231,1.250301,1.668213,-0.000000
566,0.745053,0.066018,1.115075,1.637833,-0.000000
567,0.718204,0.083944,0.755568,1.615529,-0.000000
568,0.707854,0.064386,0.598707,1.596680,-0.000000
569,0.659034,0.012549,1.351561,1.578960,0.000000
570,0.719879,0.010929,0.777608,1.572487,-0.000000
571,0.694391,0.069690,2.087521,1.583856,0.000000
572,0.734491,0.007143,0.243635,1.577158,0.000000
573,0.670240,0.032239,1.721019,1.573939,-0.000000
574,0.704275,0.066354,2.321055,1.570235,0.000000
575,0.694560,0.233079,1.618430,1.548153,-0.000000
576,0.737536,0.004798,2.274188,1.518982,0.000000
577,0.752209,0.004755,3.631574,1.525497,-0.000000
578,0.747290,0.006760,5.171413,1.543116,0.000000
579,0.724391,0.089341,2.394935,1.543750,0.000000
580,0.669504,0.078241,6.055224,1.538911,0.000000
581,0.752628,0.058760,0.732328,1.519107,0.000000
582,0.747303,0.014947,1.021380,1.490817,0.000000
583,0.761065,2.596711,1.190348,1.469705,0.000000
584,0.763194,-0.000281,4.041130,1.490122,-0.000000
585,0.773783,-0.003189,4.501423,1.526362,0.000000
586,0.764876,-0.006733,3.130599,1.562521,0.000000
587,0.726469,0.012896,0.564730,1.562172,0.000000
588,0.749078,0.004413,1.433327,1.530970,-0.000000
589,0.772044,0.001606,8.124909,1.517314,-0.000000
590,0.785846,-0.005003,17.450944,1.543994,-0.000000
591,0.790540,0.004061,17.475861,1.577334,-0.000000
592,0.783445,0.000413,20.676813,1.608873,0.000000
593,0.770440,-0.003041,9.139669,1.630670,0.000000
594,0.797380,0.031648,45.871970,1.647950,0.000000
595,0.792860,-0.002715,21.151624,1.678821,0.000000
596,0.794068,0.009910,27.288823,1.712253,0.000000
597,0.792355,-0.003743,24.710834,1.741468,-0.000000
598,0.789574,-0.000549,17.717554,1.772443,-0.000000
599,0.788849,0.066042,11.508956,1.791069,-0.000000
600,0.786693,0.005669,10.287211,1.795780,0.000000
601,0.789675,0.008645,14.454012,1.806220,0.000000
602,0.797189,0.014522,61.023692,1.832561,0.000000
603,0.790544,0.263975,13.225168,1.843239,0.000000
604,0.798690,0.004706,48.251055,1.837878,-0.000000
605,0.791008,0.532365,24.974668,1.828923,0.000000
606,0.789576,0.001896,22.299783,1.823152,0.000000
607,0.771500,-0.002842,41.398446,1.845876,-0.000000
608,0.791881,0.005061,36.127574,1.876333,0.000000
609,0.796163,0.005565,50.040371,1.900555,0.000000
610,0.646643,0.015463,51.079048,1.915517,0.000000
611,0.572182,-0.003740,19.403206,1.925609,0.000000
612,0.554976,0.020555,7.841953,1.936891,-0.000000
613,0.546974,0.005613,3.011941,1.937597,0.000000
614,0.529240,0.019530,1.735739,1.930540,0.000000
615,0.543912,0.032659,4.762090,1.935724,-0.000000
616,0.601055,0.039866,2.688371,1.930012,-0.000000
617,0.642473,0.021673,10.600733,1.904036,0.000000
618,0.652107,0.024321,5.162279,1.888259,-0.000000
619,0.686141,0.587713,9.641754,1.870824,-0.000000
620,0.791304,0.009216,7.624562,1.855502,-0.000000
621,0.788124,0.007293,9.235590,1.842007,-0.000000
622,0.607871,0.016727,12.889491,1.823999,-0.000000
623,0.700713,0.046275,9.699337,1.813553,-0.000000
624,0.704238,0.030592,16.367157,1.810850,-0.000000
625,0.794524,0.027033,18.843273,1.810829,0.000000
626,0.796454,0.009959,30.432234,1.814751,0.000000
627,0.766686,0.018736,27.337441,1.833524,-0.000000
628,0.754609,0.006841,29.843685,1.835370,0.000000
629,0.713471,0.008761,25.823726,1.825941,0.000000
630,0.765896,-0.002982,25.535401,1.839091,-0.000000
631,0.759154,0.016774,25.272083,1.853939,0.000000
632,0.782924,-0.000748,25.583431,1.852507,-0.000000
633,0.765189,0.016617,32.120308,1.878651,0.000000
634,0.777190,0.033123,20.351876,1.893721,-0.000000
635,0.772246,0.010638,14.386973,1.911925,0.000000
636,0.768028,0.002895,18.153999,1.920759,-0.000000
637,0.775228,0.008586,20.472229,1.947593,-0.000000
638,0.749917,-0.001045,22.220872,1.985201,0.000000
639,0.775200,0.014086,31.461771,2.007444,0.000000
640,0.780393,-0.002885,24.542183,2.036256,0.000000
641,0.784737,-0.000297,32.190938,2.054976,0.000000
642,0.791575,0.012951,18.928290,2.055868,0.000000
643,0.780654,0.002091,17.246796,2.059527,-0.000000
644,0.784644,0.005197,25.641068,2.052657,0.000000
645,0.779568,0.014988,25.346671,2.061283,-0.000000
646,0.776957,0.033887,16.052199,2.066912,-0.000000
647,0.778999,0.068321,26.397417,2.054370,0.000000
648,0.785050,0.008243,15.951228,2.042662,0.000000
649,0.778570,0.018466,9.351550,2.018528,0.000000
650,0.781543,0.040277,22.449704,2.019706,-0.000000
651,0.783736,0.002748,24.102954,2.030527,-0.000000
652,0.780849,0.023217,12.948472,2.022045,-0.000000
653,0.787162,0.001159,24.909705,2.037785,-0.000000
654,0.779950,0.010495,19.557143,2.064209,0.000000
655,0.787482,0.013159,31.476477,2.072417,0.000000
656,0.783822,0.046016,20.490799,2.076292,0.000000
657,0.746124,0.041289,18.869163,2.065944,0.000000
658,0.789005,-0.006491,15.454512,2.090250,0.000000
659,0.761926,0.094938,20.788285,2.113329,0.000000
660,0.783981,0.069302,30.991732,2.121522,0.000000
661,0.781996,0.014898,20.871432,2.127884,-0.000000
662,0.778400,0.014005,15.670281,2.116760,0.000000
663,0.757096,0.022788,27.379528,2.095069,0.000000
664,0.684194,0.009340,14.193577,2.093425,-0.000000
665,0.699953,0.045520,15.227851,2.093604,-0.000000
666,0.697780,-0.003370,12.006107,2.070132,0.000000
667,0.642792,0.061398,10.926544,2.054323,-0.000000
668,0.704821,0.019860,10.554246,2.023913,0.000000
669,0.740209,0.096483,5.703495,2.011641,-0.000000
670,0.725938,0.015282,3.110111,2.013831,0.000000
671,0.725142,0.049016,7.134243,1.991098,-0.000000
672,0.740198,0.040863,7.323160,1.948548,0.000000
673,0.741560,0.011973,7.718061,1.912532,0.000000
674,0.756919,0.027331,4.830280,1.923352,-0.000000
675,0.731187,0.000957,7.539054,1.938451,0.000000
676,0.771807,0.051775,14.258595,1.928584,0.000000
677,0.762816,0.052106,6.704014,1.925312,-0.000000
678,0.724894,0.006094,12.795055,1.936609,0.000000
679,0.763566,0.089742,9.016582,1.940906,-0.000000
680,0.707884,0.029278,2.692398,1.937498,0.000000
681,0.764147,0.123757,7.558060,1.916163,-0.000000
682,0.758361,0.000268,7.728869,1.901176,0.000000
683,0.769449,0.036240,10.815546,1.900650,-0.000000
684,0.769422,-0.002483,8.456441,1.896956,-0.000000
685,0.760475,-0.002218,10.069176,1.895640,0.000000
686,0.765748,-0.005607,12.075391,1.897905,0.000000
687,0.768344,-0.003863,8.660697,1.897498,-0.000000
688,0.776276,0.006274,13.859465,1.889202,0.000000
689,0.767103,0.001109,9.262317,1.875083,-0.000000
690,0.773707,0.003157,9.905539,1.876742,0.000000
691,0.764032,-0.001276,8.704177,1.908913,-0.000000
692,0.772865,0.114726,6.545657,1.940482,-0.000000
693,0.778537,0.010997,7.994651,1.956259,-0.000000
694,0.763187,0.012797,5.969210,1.949121,-0.000000
695,0.772264,0.003643,4.765470,1.934536,-0.000000
696,0.765237,0.021415,5.622404,1.925430,0.000000
697,0.780904,0.010748,8.873899,1.909257,0.000000
698,0.763130,0.003473,2.370652,1.897335,0.000000
699,0.762562,0.022067,4.073858,1.893305,-0.000000
700,0.756627,0.017492,2.334243,1.878475,-0.000000
701,0.757369,0.019831,3.343043,1.848469,0.000000
702,0.771570,0.047531,4.305443,1.825385,-0.000000
703,0.769158,-0.001076,12.187753,1.829369,-0.000000
704,0.770231,-0.001531,10.510174,1.873105,-0.000000
705,0.767474,0.002960,9.017252,1.926694,0.000000
706,0.765682,0.021237,5.808932,1.952337,-0.000000
707,0.758018,0.133079,5.788304,1.949493,-0.000000
708,0.766017,-0.002187,8.718180,1.969917,0.000000
709,0.768493,0.011805,6.178176,1.981657,0.000000
710,0.764150,-0.005150,4.385383,1.961636,-0.000000
711,0.714960,0.006905,1.872064,1.955371,-0.000000
712,0.732131,0.005881,2.719371,1.949981,0.000000
713,0.692482,0.095973,4.799896,1.940079,-0.000000
714,0.707205,0.023381,1.114543,1.926050,0.000000
715,0.682557,0.043479,1.321907,1.927557,0.000000
716,0.747905,0.047964,1.732439,1.931891,0.000000
717,0.755697,0.026799,1.817240,1.920180,0.000000
718,0.765073,0.048858,2.882430,1.884508,0.000000
719,0.759745,0.008090,3.319534,1.875977,0.000000
720,0.770820,0.001568,7.289874,1.888945,0.000000
721,0.760388,-0.000925,1.896521,1.903246,0.000000
722,0.770383,0.002621,9.569208,1.918297,0.000000
723,0.760881,0.024606,6.222249,1.943250,0.000000
724,0.763003,-0.001410,6.232849,1.960194,0.000000
725,0.770096,0.000862,5.720856,1.980629,-0.000000
726,0.766423,0.019966,3.959612,2.003742,-0.000000
727,0.760069,0.011842,2.223378,2.003152,0.000000
728,0.765397,0.034162,4.687212,1.984342,0.000000
729,0.750295,0.008029,4.084791,1.965008,0.000000
730,0.763184,0.002277,5.608768,1.947682,0.000000
731,0.782332,0.010076,13.263432,1.968443,0.000000
732,0.765886,0.039757,4.729558,1.987485,-0.000000
733,0.773878,0.051946,11.673210,1.991166,-0.000000
734,0.769041,6.831447,4.298735,1.991562,-0.000000
735,0.769882,0.011577,4.265889,1.985577,-0.000000
736,0.758902,0.064426,3.288608,1.976520,-0.000000
737,0.768007,0.013859,8.276448,1.973133,-0.000000
738,0.769776,0.005192,5.017321,1.946649,-0.000000
739,0.771972,0.007151,5.788989,1.927606,0.000000
740,0.768266,0.033304,5.715802,1.927065,0.000000
741,0.768577,-0.001037,9.332580,1.919061,-0.000000
742,0.775407,0.003281,4.877122,1.916464,-0.000000
743,0.766557,0.010246,7.628683,1.908079,0.000000
744,0.746696,0.012657,3.010747,1.898464,0.000000
745,0.757981,0.008400,6.506530,1.884504,0.000000
746,0.755287,-0.001675,2.318302,1.877858,-0.000000
747,0.756571,0.002686,5.658610,1.892323,0.000000
748,0.704790,0.014083,6.307950,1.900735,0.000000
749,0.729139,0.004268,3.856619,1.910382,-0.000000
750,0.723592,0.004938,1.828073,1.909936,0.000000
751,0.759686,-0.001804,3.589995,1.893670,0.000000
752,0.763439,0.018657,2.513651,1.888231,-0.000000
753,0.762351,0.028145,2.031316,1.881716,-0.000000
754,0.693017,0.090062,7.711639,1.885737,-0.000000
755,0.752166,0.005812,2.108591,1.896887,-0.000000
756,0.751499,0.000429,2.141213,1.888712,0.000000
757,0.749078,0.118605,1.690642,1.873514,-0.000000
758,0.760060,-0.001679,5.866881,1.864409,0.000000
759,0.768606,0.016496,1.237739,1.851590,-0.000000
760,0.761664,0.009204,0.933019,1.833016,0.000000
761,0.764947,0.024469,3.648403,1.827726,0.000000
762,0.769180,0.306196,4.296283,1.829643,-0.000000
763,0.767209,0.008963,1.299966,1.827748,-0.000000
764,0.757194,0.009114,0.954440,1.817845,0.000000
765,0.743420,0.011156,2.368653,1.807366,0.000000
766,0.753919,0.011096,0.632467,1.790340,-0.000000
767,0.741157,0.014648,1.379585,1.781865,0.000000
768,0.752641,0.001603,2.055281,1.783289,0.000000
769,0.760513,-0.004885,1.315432,1.780284,0.000000
770,0.755776,0.029165,4.112582,1.785398,0.000000
771,0.759515,0.022910,1.179161,1.775722,0.000000
772,0.777522,-0.002836,7.809424,1.756999,-0.000000
773,0.767307,0.005174,0.969370,1.763974,0.000000
774,0.767997,0.016985,1.342762,1.772130,0.000000
775,0.767949,0.003950,0.428911,1.772915,0.000000
776,0.771438,0.024346,0.517368,1.751468,0.000000
777,0.762459,-0.001533,0.854965,1.720295,-0.000000
778,0.766971,0.006194,1.469155,1.706565,0.000000
779,0.773996,-0.003907,2.306384,1.709235,0.000000
780,0.776565,0.000902,3.009465,1.698402,-0.000000
781,0.775289,0.002875,1.638421,1.681931,0.000000
782,0.778751,0.002393,0.900712,1.677524,0.000000
783,0.780268,0.027378,0.797425,1.662729,0.000000
784,0.766214,-0.005535,3.982312,1.651634,0.000000
785,0.777089,-0.001276,2.850257,1.678379,-0.000000
786,0.759310,0.002151,1.787031,1.699737,0.000000
787,0.769297,0.031869,1.600314,1.710651,-0.000000
788,0.702524,-0.003046,13.071591,1.731919,0.000000
789,0.604659,0.018287,16.679074,1.756167,0.000000
790,0.714869,0.328932,13.954593,1.749427,-0.000000
791,0.771461,0.009833,2.449278,1.730364,0.000000
792,0.703313,0.001444,9.500991,1.743860,0.000000
793,0.705582,0.019061,8.973450,1.769137,0.000000
794,0.706751,0.006762,10.320487,1.757858,0.000000
795,0.719738,0.008326,3.088355,1.733812,-0.000000
796,0.785474,-0.000097,1.792553,1.732592,0.000000
797,0.752514,0.108124,5.847496,1.722750,0.000000
798,0.787995,0.015864,3.096489,1.700272,-0.000000
799,0.737844,-0.000905,6.596486,1.697439,0.000000
800,0.770566,0.009465,4.486912,1.686747,-0.000000
801,0.781469,-0.002658,5.189944,1.651438,0.000000
802,0.793095,-0.001062,7.145597,1.637004,0.000000
803,0.784815,0.006649,5.070297,1.629391,0.000000
804,0.747307,0.008191,4.260451,1.633223,-0.000000
805,0.761575,0.002751,3.245795,1.626222,-0.000000
806,0.705905,-0.006323,4.166906,1.623761,0.000000
807,0.788603,0.001798,6.957375,1.631648,0.000000
808,0.768967,0.000782,8.332810,1.629334,0.000000
809,0.769340,-0.002597,3.817900,1.633472,-0.000000
810,0.733656,-0.005696,7.872988,1.639036,-0.000000
811,0.782421,0.003338,18.131353,1.677716,0.000000
812,0.749121,0.001275,7.862182,1.714830,0.000000
813,0.783071,0.011840,3.867186,1.702462,-0.000000
814,0.779905,0.058456,2.846498,1.679669,0.000000
815,0.768765,0.000674,1.434177,1.675713,0.000000
816,0.780252,-0.001010,3.397311,1.675704,-0.000000
817,0.790561,0.001588,5.044127,1.677955,0.000000
818,0.791240,0.001981,4.604398,1.678647,-0.000000
819,0.777718,0.012331,3.378721,1.667002,-0.000000
820,0.789189,0.017069,5.081501,1.659015,0.000000
821,0.791787,-0.005299,15.695306,1.681471,-0.000000
822,0.785668,0.004791,3.674744,1.715909,-0.000000
823,0.767588,0.009109,1.484455,1.712602,-0.000000
824,0.784432,0.000554,5.885720,1.697421,-0.000000
825,0.776779,0.015324,1.293303,1.672036,-0.000000
826,0.755993,0.000337,2.209955,1.674735,0.000000
827,0.776228,0.032831,2.844938,1.693048,0.000000
828,0.776621,0.065433,1.176974,1.679730,0.000000
829,0.778315,0.003978,1.850817,1.682832,0.000000
830,0.787448,-0.002987,6.215764,1.705128,-0.000000
831,0.775327,0.019175,8.119941,1.703129,-0.000000
832,0.794306,-0.002298,10.920710,1.703468,-0.000000
833,0.781315,0.000044,5.212684,1.721243,0.000000
834,0.790722,-0.003689,6.831493,1.746662,0.000000
835,0.794580,0.028772,7.119112,1.766291,0.000000
836,0.782953,0.023201,4.635204,1.749344,-0.000000
837,0.769967,-0.000424,2.125987,1.718987,0.000000
838,0.783653,0.153523,1.441892,1.689041,0.000000
839,0.776920,0.003291,1.517124,1.665551,-0.000000
840,0.786633,0.004795,1.087734,1.649249,0.000000
841,0.774588,0.005254,1.500925,1.637614,0.000000
842,0.774806,0.006039,0.986155,1.631606,0.000000
843,0.779107,-0.004451,5.407074,1.655070,0.000000
844,0.774558,-0.003876,8.538861,1.695831,-0.000000
845,0.785067,0.079503,9.426733,1.716749,0.000000
846,0.780760,0.010819,1.882982,1.718911,-0.000000
847,0.788263,0.008306,11.743889,1.706597,0.000000
848,0.782674,0.012174,3.744545,1.704409,0.000000
849,0.781500,0.011881,2.246889,1.681271,0.000000
850,0.778270,0.023676,2.142382,1.638851,0.000000
851,0.767468,0.007833,1.836310,1.603134,0.000000
852,0.730543,0.007907,3.733737,1.585050,-0.000000
853,0.759897,0.007156,2.240238,1.583849,-0.000000
854,0.758292,0.005546,2.544583,1.577591,-0.000000
855,0.750579,0.006669,0.454090,1.560444,0.000000
856,0.757785,0.003173,5.781387,1.560041,0.000000
857,0.767884,0.027932,3.981524,1.585146,0.000000
858,0.766080,-0.005199,0.577860,1.575496,0.000000
859,0.772251,0.004354,2.269966,1.571932,0.000000
860,0.767181,-0.000129,5.703100,1.596881,-0.000000
861,0.778914,0.004323,7.134421,1.627089,-0.000000
862,0.766119,0.671212,16.967219,1.623597,0.000000
863,0.783345,0.035716,4.575553,1.622281,0.000000
864,0.782605,-0.004838,7.150913,1.636203,0.000000
865,0.783202,0.003044,1.534938,1.645309,0.000000
866,0.760505,0.052497,1.505162,1.640772,-0.000000
867,0.746756,0.025575,11.239947,1.654832,-0.000000
868,0.783744,0.027977,7.173668,1.687876,-0.000000
869,0.779659,0.001138,4.169348,1.715408,0.000000
870,0.789197,-0.008858,22.154269,1.736813,0.000000
871,0.780896,-0.003476,7.774060,1.748558,-0.000000
872,0.790040,-0.000930,32.549958,1.779199,0.000000
873,0.784528,0.000946,10.316733,1.810122,0.000000
874,0.787577,0.000850,8.642985,1.817923,0.000000
875,0.787574,0.001696,26.879847,1.843585,-0.000000
876,0.778172,0.044144,4.836844,1.859290,0.000000
877,0.747146,-0.005633,21.203211,1.868345,-0.000000
878,0.767144,0.008675,5.795345,1.882440,0.000000
879,0.787060,-0.000513,17.602377,1.873398,-0.000000
880,0.739700,-0.002527,43.372313,1.869398,0.000000
881,0.687452,0.218920,32.606752,1.874452,-0.000000
882,0.673805,-0.002312,39.456365,1.894819,0.000000
883,0.670206,0.012070,16.759818,1.903436,-0.000000
884,0.707555,0.030112,14.828077,1.896424,0.000000
885,0.784997,0.010682,11.751317,1.901881,-0.000000
886,0.746156,0.011818,6.538333,1.913144,-0.000000
887,0.722010,0.153123,4.325740,1.909934,0.000000
888,0.718460,0.015998,7.472440,1.888654,0.000000
889,0.719217,0.015208,9.858864,1.872093,-0.000000
890,0.676663,0.009075,21.990458,1.860562,-0.000000
891,0.692968,0.059053,10.789894,1.853053,0.000000
892,0.675892,0.007005,12.438030,1.846922,0.000000
893,0.727262,0.042272,5.312689,1.833709,0.000000
894,0.772756,0.044674,15.084213,1.842305,0.000000
895,0.751188,0.280627,8.142997,1.847466,-0.000000
896,0.727206,0.105846,6.403622,1.827408,-0.000000
897,0.781876,0.019410,17.812620,1.814473,-0.000000
898,0.761639,0.002600,27.051285,1.829246,0.000000
899,0.792660,-0.000350,19.440068,1.845599,-0.000000
900,0.780251,0.034162,8.212481,1.850014,0.000000
901,0.708008,0.107170,20.242517,1.842358,0.000000
902,0.752100,0.164463,18.131081,1.849240,0.000000
903,0.780972,0.036467,16.051637,1.845626,0.000000
904,0.776545,0.002664,10.995573,1.852666,0.000000
905,0.705164,0.006305,19.169155,1.869809,0.000000
906,0.677378,0.009225,15.056185,1.878736,0.000000
907,0.700905,0.048757,20.629252,1.899502,0.000000
908,0.753764,0.003162,15.728525,1.918889,0.000000
909,0.722464,0.008751,29.587940,1.924464,0.000000
910,0.750205,0.051861,19.172618,1.917498,0.000000
911,0.761256,0.034631,30.997509,1.912780,0.000000
912,0.733923,0.074904,26.399443,1.904408,0.000000
913,0.741307,0.010180,13.744215,1.872580,0.000000
914,0.781405,0.078324,16.794159,1.850046,-0.000000
915,0.761093,0.050057,8.547165,1.815729,0.000000
916,0.705293,-0.008071,17.051217,1.805136,0.000000
917,0.766861,0.002735,13.452709,1.830114,-0.000000
918,0.722522,0.001912,12.587777,1.851471,0.000000
919,0.791324,0.018221,29.168718,1.860738,0.000000
920,0.770616,0.011248,25.376407,1.857147,-0.000000
921,0.774175,0.111355,25.321897,1.864043,-0.000000
922,0.756132,0.047007,22.600721,1.870601,0.000000
923,0.763605,0.048985,21.681379,1.874155,-0.000000
924,0.719158,0.024649,9.964199,1.865146,-0.000000
925,0.739172,0.008408,11.398192,1.847340,-0.000000
926,0.729050,0.001552,15.207019,1.848151,0.000000
927,0.780563,0.019554,12.166297,1.857959,0.000000
928,0.764803,-0.000352,16.502873,1.870085,-0.000000
929,0.784726,0.002074,22.031072,1.881942,0.000000
930,0.712632,0.001850,9.858121,1.898256,-0.000000
931,0.771140,0.541047,11.964093,1.899498,0.000000
932,0.695679,0.043099,3.468256,1.885460,-0.000000
933,0.710438,0.004385,7.641458,1.876023,0.000000
934,0.756495,0.010323,19.646422,1.870610,0.000000
935,0.768773,0.404374,12.629442,1.862056,-0.000000
936,0.766234,0.008307,12.496562,1.864097,0.000000
937,0.784769,0.006052,21.622726,1.859751,0.000000
938,0.797937,0.004332,30.814778,1.859310,-0.000000
939,0.793399,0.040166,35.403216,1.864049,-0.000000
940,0.796896,-0.000163,29.098390,1.865386,-0.000000
941,0.799999,0.007494,36.631633,1.853779,-0.000000
942,0.793247,0.018246,35.953854,1.838298,-0.000000
943,0.802642,0.001891,33.137144,1.827767,0.000000
944,0.792434,-0.000556,35.288068,1.835308,0.000000
945,0.786427,0.014737,31.899190,1.862409,0.000000
946,0.795811,0.023835,28.557254,1.895751,-0.000000
947,0.718930,0.018784,32.414562,1.911116,-0.000000
948,0.717783,0.010593,27.412041,1.912194,0.000000
949,0.786625,0.020292,19.024757,1.910074,0.000000
950,0.727446,0.015684,17.082631,1.893188,-0.000000
951,0.785163,0.007560,6.852783,1.887370,-0.000000
952,0.785660,0.004721,15.489017,1.886111,0.000000
953,0.649781,0.035029,31.389089,1.912435,0.000000
954,0.576958,0.438775,19.546861,1.930425,0.000000
955,0.759239,0.001224,32.346282,1.927282,-0.000000
956,0.753806,0.012091,16.739170,1.921402,0.000000
957,0.714202,0.003275,28.035205,1.918858,0.000000
958,0.759338,0.016538,22.588605,1.922480,0.000000
959,0.798409,0.010871,29.001298,1.923674,-0.000000
960,0.761769,0.000838,24.024916,1.912116,0.000000
961,0.786720,0.004069,27.491281,1.906356,0.000000
962,0.802848,0.015135,28.952699,1.908244,-0.000000
963,0.794769,0.004145,28.945099,1.901198,-0.000000
964,0.793884,0.003750,32.701378,1.900521,0.000000
965,0.796006,-0.003368,31.198795,1.911528,0.000000
966,0.791978,0.003947,29.927936,1.917504,0.000000
967,0.803310,-0.002592,26.164740,1.921274,0.000000
968,0.802429,0.001566,21.957219,1.919453,0.000000
969,0.793822,0.013570,23.632627,1.915511,0.000000
970,0.800737,-0.002905,32.571533,1.929840,-0.000000
971,0.790601,-0.004548,32.954806,1.947125,-0.000000
972,0.786470,0.014220,40.372140,1.963982,-0.000000
973,0.761543,0.006956,36.577048,1.994232,-0.000000
974,0.791277,0.496797,28.539526,2.001656,0.000000
975,0.787319,0.000920,33.581879,2.012086,-0.000000
976,0.783625,0.002549,30.844538,2.038639,-0.000000
977,0.782652,-0.002813,30.465351,2.074940,0.000000
978,0.796414,0.245536,35.881511,2.095384,0.000000
979,0.724449,0.323608,35.653716,2.101678,0.000000
980,0.756473,0.119149,33.751239,2.128688,0.000000
981,0.635358,0.028744,20.575467,2.136540,-0.000000
982,0.702988,0.081437,10.123052,2.115932,0.000000
983,0.648204,0.039909,18.340580,2.082542,0.000000
984,0.643026,0.227727,6.725658,2.061814,0.000000
985,0.678957,0.103382,5.834617,2.038689,-0.000000
986,0.693417,0.012575,4.033089,2.009159,-0.000000
987,0.719992,0.021060,14.137183,1.992017,-0.000000
988,0.715402,0.029363,9.903412,1.973639,0.000000
989,0.759446,0.137892,12.160600,1.944424,-0.000000
990,0.748962,0.017739,16.220480,1.924406,-0.000000
991,0.766423,0.007098,27.084234,1.919386,-0.000000
992,0.749512,-0.002786,22.462098,1.930748,-0.000000
993,0.792962,-0.000358,32.152559,1.932623,-0.000000
994,0.794381,0.036073,31.362712,1.912077,0.000000
995,0.788435,0.000733,30.519136,1.910550,0.000000
996,0.796253,0.000330,32.852237,1.935606,-0.000000
997,0.790444,0.014832,25.049512,1.954380,0.000000
998,0.794019,0.002681,32.712447,1.958953,0.000000
999,0.750507,0.009049,33.390544,1.958336,0.000000
1000,0.797499,0.013893,24.163405,1.957697,-0.000000
1001,0.788880,0.230704,28.788324,1.964028,-0.000000
1002,0.702795,0.010426,11.658802,1.970405,0.000000
1003,0.663084,0.051492,5.874570,1.964923,-0.000000
1004,0.682313,0.039208,2.815025,1.965355,0.000000
1005,0.684766,0.092146,1.816387,1.963081,0.000000
1006,0.662271,0.028207,2.816773,1.943909,-0.000000
1007,0.699908,0.027675,6.555919,1.922277,-0.000000
1008,0.646633,0.025401,4.434599,1.897632,-0.000000
1009,0.725605,0.263342,13.069349,1.863453,0.000000
1010,0.729817,0.003492,10.594910,1.855339,0.000000
1011,0.763722,0.019589,19.146819,1.870113,0.000000
1012,0.794038,0.018043,26.293123,1.888028,-0.000000
1013,0.740608,0.015836,21.153155,1.895359,-0.000000
1014,0.794507,-0.003941,17.306398,1.904864,-0.000000
1015,0.767267,0.004515,12.335671,1.918037,-0.000000
1016,0.729885,0.447083,11.592303,1.934606,0.000000
1017,0.799071,0.008552,18.762326,1.945732,-0.000000
1018,0.773815,0.003281,13.351490,1.949400,0.000000
1019,0.788053,0.009343,27.947239,1.944448,0.000000
1020,0.753275,0.017894,12.726762,1.928133,-0.000000
1021,0.764095,0.002373,12.787626,1.943706,0.000000
1022,0.789138,-0.000009,17.498292,1.972599,0.000000
1023,0.787835,-0.001845,24.964781,2.005764,-0.000000
1024,0.789817,0.003730,23.289452,2.035925,0.000000
1025,0.795343,0.083376,17.849145,2.009580,0.000000
1026,0.794491,0.000153,32.672656,1.986329,0.000000
1027,0.795868,0.004884,17.841815,2.000005,-0.000000
1028,0.789860,0.006041,23.072352,2.028994,0.000000
1029,0.797719,0.014057,34.303197,2.046161,0.000000
1030,0.795249,0.008513,28.368720,2.038457,-0.000000
1031,0.788372,0.009308,19.666883,2.049222,0.000000
1032,0.785085,0.008760,36.788466,2.079036,-0.000000
1033,0.775242,0.006787,31.879475,2.111945,-0.000000
1034,0.787693,0.004832,31.815587,2.125877,-0.000000
1035,0.775180,0.031299,9.987848,2.134538,-0.000000
1036,0.744648,0.047501,22.233707,2.141947,-0.000000
1037,0.784794,0.009470,20.076524,2.136904,0.000000
1038,0.746289,0.072410,12.282924,2.146147,-0.000000
1039,0.745455,0.010103,14.673710,2.158105,0.000000
1040,0.789384,0.001956,13.620176,2.160232,0.000000
1041,0.764796,0.003292,13.252627,2.168216,-0.000000
1042,0.793415,0.024015,9.991006,2.171657,-0.000000
1043,0.742508,0.359628,12.381708,2.146152,-0.000000
1044,0.715684,0.669408,14.558435,2.126089,-0.000000
1045,0.713107,0.055686,15.495462,2.101985,-0.000000
1046,0.729484,0.012494,8.412449,2.081218,-0.000000
1047,0.720713,0.018068,22.763647,2.065206,0.000000
1048,0.755740,0.000463,14.715374,2.049104,0.000000
1049,0.711753,0.004414,13.541417,2.033165,0.000000
1050,0.785788,0.000871,21.297195,2.021197,-0.000000
1051,0.737356,-0.005352,12.389074,2.023709,-0.000000
1052,0.733078,-0.003905,16.461568,2.031464,0.000000
1053,0.662697,0.041098,6.884078,2.036007,0.000000
1054,0.730105,0.010197,15.729654,2.019069,0.000000
1055,0.738418,0.018300,11.157278,2.002682,-0.000000
1056,0.737887,0.013586,12.206371,1.976688,-0.000000
1057,0.739312,0.338816,8.947540,1.957456,0.000000
1058,0.753753,0.015311,8.640568,1.950490,-0.000000
1059,0.734378,0.018898,6.530594,1.944624,-0.000000
1060,0.733576,-0.000089,4.718710,1.946545,0.000000
1061,0.729579,0.047389,7.217927,1.941618,0.000000
1062,0.694283,0.083563,4.492121,1.917557,0.000000
1063,0.757852,0.006411,5.203413,1.898948,0.000000
1064,0.755072,-0.008308,4.928190,1.885911,0.000000
1065,0.726898,0.024472,6.008812,1.888363,0.000000
1066,0.745150,-0.001748,3.402318,1.882688,0.000000
1067,0.763789,0.029612,6.673784,1.863364,-0.000000
1068,0.778430,0.041039,8.676269,1.847374,-0.000000
1069,0.772382,-0.000137,7.692202,1.858788,-0.000000
1070,0.755011,0.000163,5.158028,1.869263,0.000000
1071,0.758506,0.006853,3.926754,1.848096,0.000000
1072,0.775302,0.015471,7.580737,1.826855,0.000000
1073,0.769861,-0.000653,6.512011,1.814074,0.000000
1074,0.728155,0.009899,7.550422,1.827741,-0.000000
1075,0.764163,0.108561,3.086885,1.818608,0.000000
1076,0.744351,-0.000939,5.572402,1.809808,0.000000
1077,0.769185,0.056038,5.267107,1.810852,0.000000
1078,0.772507,0.013590,3.664607,1.807069,0.000000
1079,0.760259,-0.002740,4.997159,1.808983,-0.000000
1080,0.762822,0.005803,4.829675,1.814915,-0.000000
1081,0.765115,0.039548,4.378990,1.814653,0.000000
1082,0.756947,-0.002193,5.227735,1.799108,0.000000
1083,0.769977,0.005438,6.111977,1.824185,-0.000000
1084,0.735421,0.001971,4.263184,1.850874,0.000000
1085,0.744695,0.037871,2.594842,1.864130,0.000000
1086,0.694757,0.079331,5.874168,1.861781,-0.000000
1087,0.715834,0.013323,1.863199,1.850514,0.000000
1088,0.765719,-0.005642,3.732893,1.832128,0.000000
1089,0.769302,0.023683,2.618343,1.822090,0.000000
1090,0.760002,0.193249,2.698529,1.815220,0.000000
1091,0.758364,0.007525,3.047988,1.823636,0.000000
1092,0.760476,0.002962,1.986598,1.810080,-0.000000
1093,0.753460,0.007699,2.929853,1.786132,0.000000
1094,0.723011,0.014763,3.095249,1.776878,0.000000
1095,0.764525,0.016002,3.916074,1.773741,0.000000
1096,0.760905,0.006303,3.038529,1.786983,0.000000
1097,0.774897,0.001882,2.645392,1.790103,0.000000
1098,0.773918,0.038463,1.744996,1.769871,0.000000
1099,0.762450,0.004592,3.000360,1.739147,-0.000000
1100,0.767750,0.031616,2.844715,1.716078,-0.000000
1101,0.780189,-0.000728,4.328099,1.720191,0.000000
1102,0.767846,0.002603,4.058496,1.713230,0.000000
1103,0.779307,0.039403,6.201059,1.688546,-0.000000
1104,0.768844,0.005323,3.605389,1.671814,-0.000000
1105,0.768180,-0.005874,3.518041,1.661829,0.000000
1106,0.767821,-0.006837,4.140658,1.657705,-0.000000
1107,0.778288,0.000789,5.588467,1.664263,0.000000
1108,0.780748,-0.004284,6.395690,1.687615,0.000000
1109,0.776838,0.000953,4.444667,1.696480,0.000000
1110,0.782678,0.002135,4.444010,1.696915,-0.000000
1111,0.771075,0.087274,6.410067,1.702478,-0.000000
1112,0.775820,0.019431,3.250855,1.703547,-0.000000
1113,0.760716,0.020966,2.802781,1.687798,0.000000
1114,0.771931,0.018477,3.298425,1.672795,0.000000
1115,0.762362,0.019050,1.040062,1.650417,0.000000
1116,0.767467,0.013674,1.657647,1.613581,-0.000000
1117,0.744781,0.009679,2.247447,1.587387,0.000000
1118,0.736064,0.176667,1.176698,1.564537,0.000000
1119,0.749843,-0.000030,1.355538,1.538468,0.000000
1120,0.636639,0.007098,7.589543,1.528406,0.000000
1121,0.722180,0.007453,2.260170,1.523182,0.000000
1122,0.758675,0.002671,1.773892,1.508982,-0.000000
1123,0.711245,0.022764,1.150755,1.476483,-0.000000
1124,0.712291,0.025819,2.354032,1.436694,0.000000
1125,0.760104,0.007225,3.467139,1.420704,0.000000
1126,0.745204,0.014482,1.368696,1.420520,-0.000000
1127,0.739741,0.008387,0.715799,1.399981,0.000000
1128,0.749137,0.003913,2.205065,1.395836,0.000000
1129,0.751438,0.001198,4.769011,1.410824,0.000000
1130,0.768421,0.003865,3.150394,1.410621,-0.000000
1131,0.770624,-0.007819,4.021487,1.440893,0.000000
1132,0.770438,-0.001274,3.586534,1.461690,0.000000
1133,0.760236,0.013752,2.247686,1.452793,-0.000000
1134,0.759472,-0.000640,4.667942,1.448956,-0.000000
1135,0.758081,0.029704,2.629759,1.436938,0.000000
1136,0.746364,0.020613,1.451517,1.430299,-0.000000
1137,0.766836,0.002893,5.413796,1.447924,0.000000
1138,0.769467,-0.002449,6.388903,1.467139,-0.000000
1139,0.749156,-0.000564,13.542429,1.478941,0.000000
1140,0.770226,2.008716,12.275656,1.503005,-0.000000
1141,0.714430,-0.002171,6.760318,1.527336,-0.000000
1142,0.668617,0.014183,6.804461,1.547284,0.000000
1143,0.761538,0.038401,1.504717,1.528982,-0.000000
1144,0.762692,0.008199,1.327984,1.502236,0.000000
1145,0.765472,-0.004363,2.128379,1.494183,0.000000
1146,0.778405,-0.002346,9.736465,1.483616,-0.000000
1147,0.777070,-0.000418,7.846017,1.486506,0.000000
1148,0.780974,0.004277,3.326570,1.495497,-0.000000
1149,0.777351,0.002869,1.472303,1.478070,-0.000000
1150,0.776534,0.047715,1.480333,1.451773,0.000000
1151,0.770628,-0.006386,3.727974,1.431961,-0.000000
1152,0.778833,-0.005607,5.596923,1.417795,0.000000
1153,0.786837,0.005898,6.581561,1.427770,0.000000
1154,0.778455,0.003367,2.900125,1.447881,0.000000
1155,0.770434,0.018401,6.141909,1.460043,0.000000
1156,0.793997,-0.000414,9.848192,1.476435,-0.000000
1157,0.789388,-0.001140,3.987947,1.493415,0.000000
1158,0.772941,0.033961,6.135615,1.513569,0.000000
1159,0.781085,-0.002945,3.585415,1.541844,-0.000000
1160,0.790877,-0.004667,3.831507,1.571641,0.000000
1161,0.788457,0.000581,3.949414,1.590845,-0.000000
1162,0.790031,-0.001235,5.959768,1.602854,0.000000
1163,0.786611,0.000828,4.472994,1.609551,0.000000
1164,0.788132,0.006642,6.255268,1.605029,-0.000000
1165,0.789161,0.001122,7.425509,1.619955,0.000000
1166,0.791073,0.003432,2.642607,1.645101,0.000000
1167,0.789969,-0.000330,7.705941,1.662790,0.000000
1168,0.790423,-0.000410,5.416374,1.660745,0.000000
1169,0.784094,0.006113,3.387025,1.657320,-0.000000
1170,0.770647,0.035502,7.963083,1.673327,0.000000
1171,0.782143,0.041137,6.027072,1.688301,-0.000000
1172,0.778093,0.004806,2.911665,1.697577,-0.000000
1173,0.781968,0.001859,2.672497,1.695448,0.000000
1174,0.789404,0.000297,4.731192,1.673063,0.000000
1175,0.776107,0.002638,3.225320,1.667052,0.000000
1176,0.787275,-0.001011,8.847474,1.689109,0.000000
1177,0.780476,0.006272,3.804675,1.706139,0.000000
1178,0.796719,0.000880,12.351083,1.718292,0.000000
1179,0.789371,0.001243,3.599864,1.741948,0.000000
1180,0.757635,0.031195,6.242949,1.743820,-0.000000
1181,0.699601,0.106223,2.369853,1.727112,-0.000000
1182,0.717657,0.306651,1.259482,1.708675,0.000000
1183,0.728365,0.018105,1.791571,1.675630,-0.000000
1184,0.741566,0.251265,0.832561,1.650933,0.000000
1185,0.753163,0.012526,2.279103,1.647962,0.000000
1186,0.725170,0.006133,1.177608,1.637287,0.000000
1187,0.763039,0.025928,1.908276,1.623314,0.000000
1188,0.781546,0.001578,5.448904,1.631890,-0.000000
1189,0.774935,0.380738,9.244236,1.637274,0.000000
1190,0.712150,-0.000302,7.645451,1.627123,-0.000000
1191,0.715805,-0.002921,15.366849,1.641707,-0.000000
1192,0.717452,0.041241,5.351359,1.637971,-0.000000
1193,0.752790,0.009123,1.668842,1.621220,0.000000
1194,0.708116,0.005288,14.461266,1.633669,-0.000000
1195,0.719309,0.017067,6.455800,1.638850,-0.000000
1196,0.773005,0.007011,7.587896,1.640863,-0.000000
1197,0.765715,0.003105,18.963781,1.652399,-0.000000
1198,0.788703,0.020045,12.242852,1.643138,-0.000000
1199,0.792604,-0.004674,2.811410,1.640608,-0.000000
1200,0.776384,0.002093,2.903673,1.638913,-0.000000
1201,0.708953,-0.001250,14.426793,1.634674,0.000000
1202,0.677064,-0.003880,14.921980,1.644049,0.000000
1203,0.763676,0.018535,2.725563,1.642542,0.000000
1204,0.787053,0.003576,16.795986,1.646750,-0.000000
1205,0.778397,0.031821,13.498870,1.654125,-0.000000
1206,0.707420,-0.002918,25.738746,1.658590,0.000000
1207,0.723222,-0.003538,44.595727,1.677671,0.000000
1208,0.674016,-0.002067,26.140923,1.702073,0.000000
1209,0.715760,0.001074,15.202629,1.709029,0.000000
1210,0.714242,0.000973,23.269110,1.704626,-0.000000
1211,0.770709,0.003079,14.063233,1.675971,-0.000000
1212,0.727446,-0.005139,32.200492,1.684969,0.000000
1213,0.760675,0.013338,14.705955,1.733299,0.000000
1214,0.753360,-0.004934,16.712223,1.748096,-0.000000
1215,0.696713,0.027490,26.467536,1.744372,0.000000
1216,0.764877,0.007819,16.093006,1.724096,-0.000000
1217,0.798148,0.007231,34.415651,1.707971,0.000000
1218,0.795994,-0.005365,33.382733,1.723038,0.000000
1219,0.784963,-0.001917,19.361613,1.740106,0.000000
1220,0.791847,0.025330,23.641015,1.759106,-0.000000
1221,0.787925,0.011174,13.660502,1.775764,0.000000
1222,0.789079,-0.005640,13.789374,1.776788,0.000000
1223,0.793536,0.009270,17.275099,1.777143,-0.000000
1224,0.701231,0.019538,2.194882,1.759433,-0.000000
1225,0.791936,0.005644,18.140441,1.741394,-0.000000
1226,0.724720,0.058794,4.337195,1.734067,0.000000
1227,0.718375,0.028448,8.787070,1.739232,0.000000
1228,0.792341,0.017285,21.254846,1.732592,0.000000
1229,0.790016,-0.000366,19.649835,1.735419,0.000000
1230,0.790339,0.108012,18.549171,1.740053,-0.000000
1231,0.787331,-0.001287,24.041059,1.726108,-0.000000
1232,0.740032,0.026383,14.413834,1.727435,-0.000000
1233,0.777021,0.002841,16.506720,1.725247,0.000000
1234,0.771613,0.000075,18.545873,1.728611,0.000000
1235,0.712548,-0.003826,25.306808,1.739074,0.000000
1236,0.733749,0.010396,21.033706,1.719473,-0.000000
1237,0.714840,0.496726,26.485041,1.707744,0.000000
1238,0.737430,0.009881,9.571576,1.717863,-0.000000
1239,0.606714,0.051629,8.017123,1.721164,-0.000000
1240,0.719786,0.089118,13.617684,1.717017,0.000000
1241,0.706095,0.037408,8.402964,1.719599,0.000000
1242,0.701841,0.009885,16.171613,1.716661,0.000000
1243,0.775918,0.001725,4.659780,1.693093,0.000000
1244,0.754420,0.008022,3.541964,1.668263,-0.000000
1245,0.788151,0.024265,6.308803,1.631252,0.000000
1246,0.787556,-0.002187,7.329151,1.610615,0.000000
1247,0.750229,0.000988,12.136451,1.620554,-0.000000
1248,0.760062,-0.002389,3.724946,1.629030,-0.000000
1249,0.754221,0.019284,2.016584,1.619240,0.000000
1250,0.732334,-0.002409,7.294185,1.616584,-0.000000
1251,0.779956,0.050554,7.397419,1.614779,0.000000
1252,0.713694,-0.009219,7.406710,1.630878,0.000000
1253,0.777960,-0.002473,6.686201,1.650783,0.000000
1254,0.726191,0.025069,3.303956,1.625261,-0.000000
1255,0.747326,0.008967,2.135718,1.604581,0.000000
1256,0.668181,-0.003188,5.983935,1.609381,0.000000
1257,0.692560,0.896587,3.080435,1.614598,0.000000
1258,0.697824,0.010100,1.628012,1.597317,0.000000
1259,0.727587,0.000280,7.709144,1.589228,0.000000
1260,0.742573,0.006106,11.609198,1.609979,0.000000
1261,0.723049,0.008215,3.858173,1.618114,0.000000
1262,0.745130,0.101348,7.316105,1.609039,0.000000
1263,0.771221,0.001964,15.416327,1.620575,0.000000
1264,0.773440,0.001718,17.470870,1.642906,0.000000
1265,0.746424,0.054516,16.920112,1.652244,0.000000
1266,0.706785,0.017658,5.313417,1.644768,0.000000
1267,0.774602,-0.000467,14.543214,1.646144,0.000000
1268,0.770277,0.003901,17.996266,1.663301,0.000000
1269,0.782360,0.001957,24.729564,1.653367,0.000000
1270,0.766874,0.007322,14.547686,1.644373,-0.000000
1271,0.759341,0.006677,12.623370,1.639564,0.000000
1272,0.772101,-0.002790,19.361788,1.644322,0.000000
1273,0.731364,0.003676,6.621379,1.663046,-0.000000
1274,0.760794,0.006498,15.194727,1.690999,-0.000000
1275,0.763845,-0.005378,16.041060,1.701392,-0.000000
1276,0.761197,0.001578,10.557775,1.694765,-0.000000
1277,0.739752,0.001963,9.584305,1.687048,-0.000000
1278,0.786725,-0.001120,13.972405,1.684769,0.000000
1279,0.724191,-0.005832,1.660988,1.669092,0.000000
1280,0.725335,0.002405,2.850979,1.677953,0.000000
1281,0.770991,-0.003921,14.997072,1.694834,0.000000
1282,0.761581,-0.001768,13.505438,1.697066,0.000000
1283,0.757938,-0.003347,15.096280,1.725712,0.000000
1284,0.776514,0.009140,18.101869,1.754394,0.000000
1285,0.775275,-0.005673,22.834192,1.751097,-0.000000
1286,0.781147,0.003590,20.409258,1.747127,-0.000000
1287,0.780841,-0.008014,17.660551,1.750954,-0.000000
1288,0.725346,0.016808,12.703542,1.757334,0.000000
1289,0.742397,0.013614,7.280744,1.747471,-0.000000
1290,0.759226,0.001523,17.676427,1.724182,-0.000000
1291,0.771868,0.018037,6.993381,1.699697,-0.000000
1292,0.785211,0.000525,13.892658,1.689210,-0.000000
1293,0.788825,0.012015,13.738044,1.688582,-0.000000
1294,0.790284,-0.003574,19.248892,1.690690,0.000000
1295,0.765549,0.034580,14.694971,1.709773,-0.000000
1296,0.783464,0.054474,16.733427,1.726562,0.000000
1297,0.786956,0.032213,10.780564,1.744650,-0.000000
1298,0.776884,0.042898,15.070718,1.752484,0.000000
1299,0.787123,0.006013,20.178688,1.746566,0.000000
1300,0.787854,0.018497,20.863971,1.737515,-0.000000
1301,0.792514,0.002846,16.521065,1.751343,0.000000
1302,0.783869,0.013411,9.910544,1.759752,-0.000000
1303,0.786995,0.000264,19.195909,1.770202,-0.000000
1304,0.784729,0.017637,7.263467,1.763248,0.000000
1305,0.773202,-0.002784,12.836769,1.737672,0.000000
1306,0.787931,-0.003485,3.435953,1.738802,0.000000
1307,0.763153,0.005581,6.507718,1.744903,0.000000
1308,0.771308,-0.000591,7.294574,1.743246,0.000000
1309,0.770006,0.015377,5.046459,1.747863,-0.000000
1310,0.763010,0.011902,2.656813,1.736935,0.000000
1311,0.783105,0.005785,2.914395,1.709988,0.000000
1312,0.774330,0.013790,6.715924,1.695848,-0.000000
1313,0.775132,0.087157,5.167192,1.700061,0.000000
1314,0.768225,0.020562,2.812853,1.674676,-0.000000
1315,0.791019,0.001822,2.746069,1.682080,0.000000
1316,0.779624,0.003252,6.057852,1.710880,-0.000000
1317,0.787059,0.002612,6.927576,1.706286,-0.000000
1318,0.772992,0.012204,10.675393,1.702053,0.000000
1319,0.793786,0.003421,2.865379,1.699737,-0.000000
1320,0.768036,0.018947,12.963715,1.702135,-0.000000
1321,0.785453,0.042451,4.102789,1.694862,-0.000000
1322,0.784494,-0.001849,6.251768,1.687410,-0.000000
1323,0.785781,0.006767,4.002449,1.684321,-0.000000
1324,0.767772,-0.000427,7.645445,1.680784,-0.000000
1325,0.773093,0.000198,11.973852,1.711873,-0.000000
1326,0.756665,0.009739,8.512081,1.738196,-0.000000
1327,0.696818,0.025980,8.259837,1.739777,0.000000
1328,0.652933,0.051231,3.667798,1.740747,0.000000
1329,0.627667,0.019394,4.745313,1.718575,-0.000000
1330,0.708997,0.039568,5.746251,1.704628,0.000000
1331,0.654056,-0.000654,3.919294,1.690351,0.000000
1332,0.698773,0.003797,4.323608,1.664698,-0.000000
1333,0.687371,0.013492,4.066200,1.644908,0.000000
1334,0.714943,0.029450,5.563455,1.622984,-0.000000
1335,0.763738,0.006882,6.475548,1.611145,0.000000
1336,0.706199,0.050086,7.880409,1.596718,0.000000
1337,0.741850,0.006901,8.575688,1.586419,-0.000000
1338,0.712487,0.011833,6.438229,1.596123,0.000000
1339,0.724925,0.014583,7.629530,1.599608,-0.000000
1340,0.725036,0.000300,3.170774,1.589478,-0.000000
1341,0.725844,0.003720,4.488453,1.572579,0.000000
1342,0.687228,0.008474,2.175113,1.568756,0.000000
1343,0.675912,0.005012,2.654239,1.554355,-0.000000
1344,0.691450,0.001033,8.712877,1.535000,-0.000000
1345,0.727536,-0.000980,2.757377,1.526074,0.000000
1346,0.718388,0.215650,2.148051,1.521480,-0.000000
1347,0.733078,0.062550,2.229072,1.501999,0.000000
1348,0.744047,0.040536,3.795428,1.480520,0.000000
1349,0.750444,-0.001544,10.071146,1.471042,-0.000000
1350,0.719620,0.290597,5.837291,1.469973,0.000000
1351,0.744573,0.001980,3.161373,1.472275,0.000000
1352,0.734485,-0.003083,2.877720,1.479637,-0.000000
1353,0.751695,0.105271,5.606754,1.486258,-0.000000
1354,0.741854,0.028890,9.670102,1.485031,0.000000
1355,0.747207,0.002881,6.495568,1.490288,-0.000000
1356,0.739933,-0.000558,14.855456,1.498144,-0.000000
1357,0.749706,0.011008,6.546193,1.500399,0.000000
1358,0.764018,0.017579,10.119005,1.503783,0.000000
1359,0.654010,-0.001084,4.558005,1.509205,-0.000000
1360,0.718841,-0.003005,9.304595,1.513815,0.000000
1361,0.770475,0.002469,11.551729,1.516394,0.000000
1362,0.762220,0.117736,9.296291,1.520336,0.000000
1363,0.762751,0.033956,8.336374,1.529533,-0.000000
1364,0.772932,0.031882,12.216882,1.525132,0.000000
1365,0.756086,0.001277,8.573108,1.518469,0.000000
1366,0.751338,0.023208,8.771867,1.525687,-0.000000
1367,0.746974,0.004406,6.085699,1.532056,-0.000000
1368,0.750721,0.059328,12.673827,1.532287,0.000000
1369,0.764288,0.005822,19.119546,1.554530,0.000000
1370,0.765356,-0.008337,11.913882,1.580963,0.000000
1371,0.772720,-0.001655,15.120686,1.599496,-0.000000
1372,0.777462,0.008293,12.930058,1.605173,0.000000
1373,0.778162,-0.001906,9.342562,1.609167,0.000000
1374,0.781681,0.004899,17.205893,1.606679,-0.000000
1375,0.775214,0.042643,14.974260,1.598231,0.000000
1376,0.782080,-0.001994,12.789454,1.600843,-0.000000
1377,0.782952,-0.000059,10.824128,1.610362,0.000000
1378,0.782363,-0.000177,7.066898,1.608142,-0.000000
1379,0.748413,0.030727,7.329236,1.594421,-0.000000
1380,0.758444,0.016559,3.923074,1.590134,0.000000
1381,0.767419,0.008417,4.116695,1.581730,0.000000
1382,0.742789,0.003968,3.348602,1.577442,0.000000
1383,0.762274,0.001138,4.275699,1.584807,-0.000000
1384,0.737391,0.020235,4.002195,1.583620,0.000000
1385,0.720620,0.026181,11.249510,1.569393,-0.000000
1386,0.740764,0.006745,2.492011,1.559085,0.000000
1387,0.755171,0.043269,3.899738,1.548019,-0.000000
1388,0.756749,0.006163,5.095456,1.546545,0.000000
1389,0.740145,0.001009,11.236594,1.553652,0.000000
1390,0.777954,0.003641,5.623281,1.555200,0.000000
1391,0.769022,-0.005683,9.406508,1.570255,0.000000
1392,0.759505,0.002508,3.007568,1.578145,0.000000
1393,0.761049,-0.004450,5.923165,1.579290,0.000000
1394,0.764375,-0.001787,3.257903,1.597893,-0.000000
1395,0.743156,0.006637,5.421244,1.607817,-0.000000
1396,0.744450,0.741301,3.779952,1.587635,-0.000000
1397,0.739346,-0.002518,2.430935,1.555023,0.000000
1398,0.728205,0.004979,1.814447,1.536782,-0.000000
1399,0.680203,0.000248,19.763994,1.519484,0.000000
1400,0.734310,0.400275,5.368002,1.520617,0.000000
1401,0.658673,0.028690,3.591383,1.525467,0.000000
1402,0.692428,0.010789,3.906690,1.513007,-0.000000
1403,0.696262,-0.005543,9.157428,1.505697,0.000000
1404,0.737350,0.021879,2.996016,1.503236,0.000000
1405,0.726159,0.012695,5.889861,1.477809,-0.000000
1406,0.742156,0.019285,4.269408,1.463159,-0.000000
1407,0.769268,0.000469,4.395816,1.475485,-0.000000
1408,0.737819,0.084971,5.672566,1.484675,-0.000000
1409,0.723252,0.014652,4.743070,1.489624,-0.000000
1410,0.763667,0.002680,1.381986,1.493651,-0.000000
1411,0.758110,0.003945,3.561848,1.496600,-0.000000
1412,0.769368,-0.003090,2.818559,1.496017,0.000000
1413,0.730724,0.020346,4.994805,1.493253,0.000000
1414,0.755579,-0.000947,3.064232,1.485336,0.000000
1415,0.729880,0.000203,4.420488,1.472012,0.000000
1416,0.711829,0.028501,2.316862,1.457197,-0.000000
1417,0.758183,0.025575,4.495869,1.443688,0.000000
1418,0.754168,0.002929,2.316938,1.439106,-0.000000
1419,0.768719,-0.003561,4.454475,1.466040,0.000000
1420,0.768847,-0.001840,6.090672,1.507116,-0.000000
1421,0.762727,0.013856,3.783595,1.513641,-0.000000
1422,0.765304,-0.009126,7.820931,1.525224,0.000000
1423,0.771680,0.000402,3.934019,1.541633,0.000000
1424,0.638652,0.024974,18.897973,1.554426,0.000000
1425,0.758314,0.001925,2.822439,1.553200,0.000000
1426,0.634140,0.015461,7.886182,1.534907,0.000000
1427,0.658540,0.017183,5.687104,1.527643,-0.000000
1428,0.756361,0.024631,3.454053,1.530672,0.000000
1429,0.619727,-0.004129,14.390847,1.541079,0.000000
1430,0.621019,0.002118,7.681181,1.554122,0.000000
1431,0.712106,-0.002095,8.131072,1.564074,0.000000
1432,0.732621,0.006834,3.986906,1.565601,-0.000000
1433,0.673378,0.293282,2.095825,1.543461,0.000000
1434,0.659422,0.041843,1.122046,1.518665,0.000000
1435,0.667417,0.229415,0.851730,1.495047,-0.000000
1436,0.723882,0.060764,2.425403,1.473528,0.000000
1437,0.751859,0.004458,6.406359,1.468926,0.000000
1438,0.724722,0.001896,1.860109,1.490535,0.000000
1439,0.718948,0.019977,0.851334,1.530465,0.000000
1440,0.738247,0.001360,3.467769,1.570230,-0.000000
1441,0.753109,-0.001858,3.744077,1.596761,0.000000
1442,0.760786,0.007756,7.597881,1.603420,0.000000
1443,0.746668,-0.002125,15.179794,1.617160,0.000000
1444,0.768928,0.039778,7.947188,1.613932,-0.000000
1445,0.749073,0.005092,3.334677,1.595749,0.000000
1446,0.696804,0.002534,10.737980,1.594847,0.000000
1447,0.737753,0.080839,1.208910,1.579124,-0.000000
1448,0.692892,-0.001574,7.815186,1.563168,-0.000000
1449,0.694593,0.002543,11.616894,1.555291,-0.000000
1450,0.629290,0.018305,6.406166,1.536163,-0.000000
1451,0.633637,0.018596,11.404773,1.518518,-0.000000
1452,0.697406,0.030254,8.476059,1.495189,0.000000
1453,0.744635,0.002511,1.945598,1.467244,0.000000
1454,0.764761,0.002437,10.502806,1.476722,-0.000000
1455,0.759527,-0.003450,4.189257,1.501281,-0.000000
1456,0.759215,-0.003529,2.337651,1.509348,0.000000
1457,0.720618,0.026223,1.677849,1.504485,0.000000
1458,0.757753,0.001335,1.357792,1.467803,-0.000000
1459,0.749828,0.032252,2.167967,1.447421,0.000000
1460,0.773980,0.011774,5.109435,1.437467,-0.000000
1461,0.766489,0.017848,7.509191,1.456790,-0.000000
1462,0.740172,-0.007600,4.781116,1.489860,0.000000
1463,0.771181,0.007559,4.213870,1.523273,0.000000
1464,0.771914,0.001161,3.918627,1.544124,0.000000
1465,0.741912,-0.003698,3.579563,1.547709,-0.000000
1466,0.770167,-0.004159,4.616037,1.547853,0.000000
1467,0.762805,0.001907,5.196443,1.542173,0.000000
1468,0.763179,0.002454,3.694276,1.541538,0.000000
1469,0.746567,-0.001039,5.658100,1.562592,0.000000
1470,0.760637,0.001433,1.925377,1.573561,0.000000
1471,0.761452,0.001746,2.494571,1.571352,0.000000
1472,0.740393,-0.004687,6.982006,1.569763,-0.000000
1473,0.785707,-0.001100,8.171130,1.589061,-0.000000
1474,0.768697,-0.001446,5.234598,1.589825,0.000000
1475,0.769679,0.010827,4.057941,1.567730,0.000000
1476,0.778820,0.004884,5.745066,1.560414,0.000000
1477,0.775049,0.005607,6.753054,1.558616,0.000000
1478,0.773981,0.013935,6.312687,1.550746,0.000000
1479,0.746864,0.002770,10.284819,1.562879,0.000000
1480,0.765536,0.003035,4.481810,1.584001,0.000000
1481,0.729052,-0.004514,6.377608,1.598864,-0.000000
1482,0.745117,0.013520,4.441231,1.608921,0.000000
1483,0.710593,0.009860,5.935338,1.610541,0.000000
1484,0.775989,0.005617,2.443745,1.603925,0.000000
1485,0.738983,-0.004424,6.913980,1.579477,0.000000
1486,0.774233,0.009489,5.139050,1.562857,0.000000
1487,0.776847,-0.001351,5.121014,1.563907,-0.000000
1488,0.782463,-0.001382,3.567276,1.576416,0.000000
1489,0.768033,-0.001519,1.641222,1.568799,0.000000
1490,0.785683,0.110111,4.005415,1.560666,-0.000000
1491,0.782517,0.009440,5.334166,1.577119,-0.000000
1492,0.766669,0.005209,1.314284,1.611500,0.000000
1493,0.769198,0.004891,2.022493,1.602048,0.000000
1494,0.774177,-0.000359,3.454048,1.582354,-0.000000
1495,0.789299,-0.008322,5.857951,1.593460,-0.000000
1496,0.763006,0.020465,1.716450,1.577533,0.000000
1497,0.765091,-0.004235,1.468994,1.542791,0.000000
1498,0.776130,-0.000960,2.217913,1.532863,-0.000000
1499,0.777286,-0.003746,2.499554,1.537810,0.000000
1500,0.776398,0.003941,2.404508,1.550292,0.000000
1501,0.749617,0.030959,4.461354,1.539988,0.000000
1502,0.762688,-0.001106,1.610068,1.506355,-0.000000
1503,0.765751,0.005631,2.840934,1.463440,0.000000
1504,0.770682,-0.002869,2.368793,1.428160,-0.000000
1505,0.775475,-0.000353,1.844431,1.421958,0.000000
1506,0.769595,0.004495,1.968501,1.431815,0.000000
1507,0.775989,0.015793,3.277808,1.413534,0.000000
1508,0.787730,0.001696,3.230790,1.404875,-0.000000
1509,0.772878,0.001563,2.187695,1.415876,0.000000
1510,0.769736,-0.004016,1.447177,1.436284,0.000000
1511,0.775069,0.000335,2.377121,1.441203,0.000000
1512,0.769657,0.015093,1.215056,1.459301,0.000000
1513,0.775273,-0.000012,1.650506,1.490456,-0.000000
1514,0.771081,0.066051,1.735840,1.504475,0.000000
1515,0.752817,0.076778,0.432408,1.486964,0.000000
1516,0.780425,-0.006964,1.484391,1.468204,0.000000
1517,0.778093,-0.001145,2.533121,1.459586,-0.000000
1518,0.784326,0.007758,1.588447,1.450680,0.000000
1519,0.772453,0.004159,0.611595,1.439238,0.000000
1520,0.771349,-0.004411,0.831352,1.432451,0.000000
1521,0.777395,-0.003336,4.380303,1.452344,-0.000000
1522,0.775118,0.001559,2.202737,1.471150,0.000000
1523,0.788213,-0.006664,4.356768,1.498020,-0.000000
1524,0.781508,0.004450,1.221262,1.519549,0.000000
1525,0.786078,0.055328,3.833440,1.524969,-0.000000
1526,0.788048,0.009759,2.206325,1.523561,0.000000
1527,0.783574,0.002104,3.370962,1.520467,0.000000
1528,0.795091,0.019832,3.818810,1.529842,-0.000000
1529,0.771724,-0.003360,3.671938,1.545169,-0.000000
1530,0.761181,0.046530,1.687983,1.534158,0.000000
1531,0.763972,-0.004268,1.628845,1.516096,0.000000
1532,0.777939,0.024655,1.990339,1.524832,-0.000000
1533,0.773586,0.006127,5.254776,1.547541,0.000000
1534,0.764741,0.070880,3.735322,1.561064,0.000000
1535,0.760782,0.049597,0.715506,1.551630,0.000000
1536,0.760978,-0.002155,1.170805,1.533259,-0.000000
1537,0.764175,-0.005744,1.662940,1.535982,0.000000
1538,0.773735,0.008892,2.241454,1.536579,-0.000000
1539,0.754326,-0.004974,1.097583,1.520799,0.000000
1540,0.745776,0.010533,1.360738,1.525693,-0.000000
1541,0.734049,0.007586,5.202067,1.532596,-0.000000
1542,0.780195,-0.003038,4.096577,1.547171,0.000000
1543,0.751594,0.011076,1.867702,1.557843,-0.000000
1544,0.760926,0.009211,0.966765,1.554468,0.000000
1545,0.763405,0.020810,1.336248,1.547246,-0.000000
1546,0.751284,-0.003608,0.936074,1.561867,0.000000
1547,0.732262,0.043114,6.037888,1.587068,0.000000
1548,0.760730,0.006032,0.577765,1.582893,-0.000000
1549,0.713898,0.015444,1.879351,1.576353,-0.000000
1550,0.758038,-0.000280,1.012869,1.590426,-0.000000
1551,0.703898,0.052754,1.887242,1.594634,0.000000
1552,0.677212,-0.000283,2.480703,1.585339,-0.000000
1553,0.762513,0.010664,1.014138,1.567292,-0.000000
1554,0.721285,-0.000734,1.285348,1.555501,-0.000000
1555,0.753122,0.000362,1.263659,1.559538,0.000000
1556,0.723789,-0.006412,7.248254,1.559437,0.000000
1557,0.719565,0.003474,6.428988,1.561869,0.000000
1558,0.730992,0.008755,1.893444,1.576428,0.000000
1559,0.720209,-0.003885,3.935640,1.592630,0.000000
1560,0.727654,-0.002315,4.328012,1.616607,-0.000000
1561,0.734316,0.006923,8.573110,1.625884,-0.000000
1562,0.720989,0.091792,3.296139,1.607990,0.000000
1563,0.782102,0.009384,0.930002,1.611759,0.000000
1564,0.748266,0.039356,0.895937,1.615007,0.000000
1565,0.765927,-0.000004,1.397193,1.600976,0.000000
1566,0.757121,0.075677,0.394368,1.584094,-0.000000
1567,0.749779,-0.001507,0.562568,1.565254,-0.000000
1568,0.741027,0.000524,0.945952,1.555383,0.000000
1569,0.759335,-0.001006,1.749826,1.550157,-0.000000
1570,0.754250,0.033446,0.719475,1.560836,-0.000000
1571,0.741740,0.009711,0.492090,1.556168,0.000000
1572,0.750165,25.646090,0.575161,1.541921,-0.000000
1573,0.697917,-0.008051,8.230620,1.520340,0.000000
1574,0.700764,0.009993,6.118679,1.506105,0.000000
1575,0.737401,0.009624,0.520717,1.492869,-0.000000
1576,0.747860,0.002027,0.695643,1.464437,0.000000
1577,0.754254,0.007347,0.597947,1.419901,0.000000
1578,0.740768,-0.000226,0.506538,1.403689,0.000000
1579,0.728906,0.042841,1.553595,1.398996,0.000000
1580,0.753713,0.003989,0.271948,1.374645,0.000000
1581,0.749521,0.051282,0.367206,1.337109,0.000000
1582,0.726429,0.012787,0.801587,1.301776,0.000000
1583,0.687407,-0.000865,4.420265,1.283657,-0.000000
1584,0.703066,-0.005670,1.199458,1.277968,-0.000000
1585,0.722877,0.008944,0.323348,1.257796,0.000000
1586,0.748064,0.020328,0.212821,1.241728,0.000000
1587,0.730790,0.022235,0.296780,1.220931,0.000000
1588,0.729049,-0.002116,0.338872,1.212849,0.000000
1589,0.763670,0.012549,0.365128,1.208625,0.000000
1590,0.763683,-0.003738,0.547391,1.217531,-0.000000
1591,0.766744,-0.001543,0.552481,1.239502,-0.000000
1592,0.762562,0.016681,0.194770,1.240463,0.000000
1593,0.768938,-0.006698,0.297891,1.241315,0.000000
1594,0.774963,-0.004134,0.872789,1.237055,-0.000000
1595,0.773603,0.001261,0.532789,1.242640,0.000000
1596,0.783538,-0.002294,0.897123,1.244104,0.000000
1597,0.755016,0.002045,0.546284,1.250502,-0.000000
1598,0.761972,0.000473,0.423252,1.254964,0.000000
1599,0.764990,0.002267,1.051976,1.230667,0.000000
1600,0.771099,0.000036,0.431077,1.219673,0.000000
1601,0.780578,-0.004535,6.449211,1.231454,-0.000000
1602,0.775660,-0.004416,2.351064,1.231665,-0.000000
1603,0.740676,-0.000764,1.339269,1.226928,0.000000
1604,0.783917,-0.004629,4.427159,1.241478,-0.000000
1605,0.771182,0.002377,8.711687,1.252110,0.000000
1606,0.775629,-0.002284,3.852694,1.242341,0.000000
1607,0.773830,-0.005434,2.969967,1.252739,0.000000
1608,0.783614,-0.002343,5.540717,1.271506,0.000000
1609,0.787265,-0.001601,8.425024,1.292491,-0.000000
1610,0.791965,0.008344,3.489143,1.313248,0.000000
1611,0.757764,0.002221,14.687251,1.324008,-0.000000
1612,0.785199,-0.002851,6.752415,1.350753,0.000000
1613,0.789431,-0.002705,10.670118,1.372148,0.000000
1614,0.729814,-0.004976,28.652355,1.380002,-0.000000
1615,0.789142,-0.007446,4.003579,1.374838,0.000000
1616,0.761663,0.007110,6.840558,1.393942,-0.000000
1617,0.714633,0.001559,26.626427,1.426134,0.000000
1618,0.792869,0.023633,5.704897,1.428772,-0.000000
1619,0.778209,-0.003129,1.484336,1.428945,0.000000
1620,0.792162,-0.001138,1.331510,1.430242,0.000000
1621,0.774059,0.008056,1.425866,1.403336,0.000000
1622,0.785080,0.005249,0.878373,1.382231,-0.000000
1623,0.793843,0.091300,1.251041,1.374691,0.000000
1624,0.744639,0.010214,3.010735,1.361256,0.000000
1625,0.772061,0.019385,4.741970,1.358383,0.000000
1626,0.784126,0.003464,4.916028,1.352677,-0.000000
1627,0.792818,-0.003912,6.439784,1.352093,-0.000000
1628,0.767322,-0.001582,1.951125,1.352015,0.000000
1629,0.783796,0.004612,1.902493,1.340151,0.000000
1630,0.786018,0.001919,3.381731,1.332389,0.000000
1631,0.752958,0.047746,1.331659,1.340631,-0.000000
1632,0.785918,0.000437,2.928831,1.359241,0.000000
1633,0.785688,-0.000379,2.900840,1.370873,0.000000
1634,0.779857,0.004360,1.999845,1.400138,-0.000000
1635,0.766688,0.023355,1.464577,1.418490,-0.000000
1636,0.775362,-0.004339,3.498548,1.417760,-0.000000
1637,0.783287,-0.006882,3.303007,1.439302,-0.000000
1638,0.780287,-0.002650,2.783595,1.451212,0.000000
1639,0.773801,0.066762,0.882387,1.423163,0.000000
1640,0.689168,0.067174,32.881897,1.406566,0.000000
1641,0.716721,0.001452,22.129368,1.417864,-0.000000
1642,0.786499,-0.004179,5.492000,1.422842,-0.000000
1643,0.788247,0.004730,3.343957,1.425084,0.000000
1644,0.718847,0.004144,14.595378,1.444586,-0.000000
1645,0.740351,0.018542,4.084952,1.453488,0.000000
1646,0.744800,0.000671,1.294738,1.450022,-0.000000
1647,0.684527,0.027234,2.843774,1.463895,-0.000000
1648,0.717508,-0.008791,10.324435,1.500789,-0.000000
1649,0.720252,0.012560,1.398936,1.513510,0.000000
1650,0.676053,0.020736,1.741430,1.490660,-0.000000
1651,0.742182,-0.005416,2.440253,1.466969,0.000000
1652,0.622940,0.007663,3.050756,1.449631,0.000000
1653,0.752948,-0.001415,2.241618,1.437644,-0.000000
1654,0.700891,0.004722,0.946072,1.420999,0.000000
1655,0.741518,0.005077,2.023724,1.407362,-0.000000
1656,0.780206,-0.006533,3.109406,1.433573,0.000000
1657,0.759729,-0.004210,0.924479,1.457618,-0.000000
1658,0.787784,-0.003620,8.364550,1.458959,-0.000000
1659,0.787517,-0.003745,6.131982,1.481886,-0.000000
1660,0.746562,-0.002788,13.221139,1.515796,-0.000000
1661,0.797542,-0.002616,18.374484,1.552299,0.000000
1662,0.756336,0.004474,10.713558,1.563922,0.000000
1663,0.792079,0.002335,8.197493,1.555233,-0.000000
1664,0.766177,-0.002683,10.456108,1.566953,-0.000000
1665,0.728558,-0.008182,11.253050,1.606234,-0.000000
1666,0.800169,-0.001636,15.743071,1.640627,0.000000
1667,0.786672,0.000055,10.294338,1.641355,0.000000
1668,0.761055,0.012385,12.910016,1.663231,-0.000000
1669,0.794871,0.005416,14.030253,1.710912,0.000000
1670,0.786472,0.017329,3.828915,1.715663,-0.000000
1671,0.788416,-0.004608,13.017250,1.709110,0.000000
1672,0.749187,0.006192,0.955721,1.686000,-0.000000
1673,0.753121,0.002123,14.441272,1.673778,0.000000
1674,0.782396,-0.007949,1.330112,1.687677,0.000000
1675,0.754269,-0.001054,13.318387,1.680732,0.000000
1676,0.759069,-0.000208,4.228952,1.686271,-0.000000
1677,0.742925,0.035569,2.839835,1.684912,0.000000
1678,0.691813,-0.000819,22.372721,1.668418,0.000000
1679,0.740125,0.000005,17.972259,1.666041,0.000000
1680,0.705452,0.063281,1.161898,1.666971,0.000000
1681,0.725224,0.001809,1.030248,1.653373,-0.000000
1682,0.753512,0.009727,3.102120,1.652336,0.000000
1683,0.752639,0.006560,11.033299,1.674499,0.000000
1684,0.752373,0.000433,9.200914,1.681619,0.000000
1685,0.769771,0.004786,23.993027,1.664009,-0.000000
1686,0.794252,0.065161,8.702602,1.676138,0.000000
1687,0.782645,0.009891,6.187446,1.685794,-0.000000
1688,0.772486,0.008241,3.945559,1.674531,-0.000000
1689,0.785001,0.003198,9.348016,1.669357,-0.000000
1690,0.798905,0.004145,26.710976,1.677607,-0.000000
1691,0.758704,0.003335,27.825401,1.699672,0.000000
1692,0.793622,0.001297,26.762272,1.731987,-0.000000
1693,0.789753,0.004110,15.224326,1.741018,0.000000
1694,0.798994,-0.001015,22.783571,1.737507,-0.000000
1695,0.792044,0.003268,14.648571,1.751428,0.000000
1696,0.794049,0.006492,16.970600,1.761787,0.000000
1697,0.757259,-0.003613,11.832914,1.776124,0.000000
1698,0.762904,0.001056,15.849844,1.805887,-0.000000
1699,0.774920,0.006747,13.919498,1.826391,-0.000000
1700,0.700769,0.009833,6.420281,1.834441,0.000000
1701,0.768439,-0.004592,16.581431,1.843754,-0.000000
1702,0.801656,0.020137,30.100144,1.863787,0.000000
1703,0.799511,0.002781,10.444597,1.867350,-0.000000
1704,0.792694,0.018445,6.320274,1.859169,0.000000
1705,0.772224,0.015544,8.340607,1.857094,-0.000000
1706,0.724112,0.041027,7.160533,1.869176,-0.000000
1707,0.746872,0.018736,9.641211,1.867179,0.000000
1708,0.790723,0.013838,12.112625,1.856732,0.000000
1709,0.779904,0.013694,9.870372,1.847200,0.000000
1710,0.788020,0.008404,13.835507,1.852742,0.000000
1711,0.754130,0.095755,17.718281,1.856422,0.000000
1712,0.751206,11.182887,5.236007,1.858944,-0.000000
1713,0.751628,0.054265,5.880234,1.858269,-0.000000
1714,0.779084,0.028998,4.653456,1.831414,-0.000000
1715,0.758715,0.020857,11.922525,1.810142,-0.000000
1716,0.770189,0.005772,7.041587,1.817272,0.000000
1717,0.785001,0.053394,5.132395,1.816055,0.000000
1718,0.766831,0.025699,8.945623,1.798015,-0.000000
1719,0.793803,-0.002006,21.923264,1.780373,-0.000000
1720,0.785394,0.008626,13.323421,1.782102,0.000000
1721,0.785661,0.004894,13.474590,1.775391,0.000000
1722,0.795754,0.000515,8.629030,1.774384,0.000000
1723,0.799013,0.002861,21.040895,1.799424,-0.000000
1724,0.776204,0.009142,20.963702,1.818824,-0.000000
1725,0.801889,-0.005271,18.396600,1.819045,-0.000000
1726,0.790818,0.095039,26.899823,1.801009,0.000000
1727,0.752081,-0.002790,17.974799,1.799842,0.000000
1728,0.760938,-0.000076,16.070302,1.809205,0.000000
1729,0.795955,-0.002993,21.977993,1.807364,0.000000
1730,0.769192,0.010130,18.620851,1.818754,0.000000
1731,0.789804,0.000990,15.882694,1.839359,-0.000000
1732,0.791440,0.002973,20.036804,1.867271,0.000000
1733,0.799674,0.000252,20.707761,1.871584,-0.000000
1734,0.764983,0.006115,7.957135,1.865255,0.000000
1735,0.755749,0.003345,15.105372,1.882444,0.000000
1736,0.788152,0.037981,13.497263,1.893085,-0.000000
1737,0.762026,0.018858,13.656897,1.906590,-0.000000
1738,0.772966,-0.002408,11.674107,1.921774,-0.000000
1739,0.752555,0.079444,3.483103,1.916842,0.000000
1740,0.744016,0.009700,5.899761,1.893294,-0.000000
1741,0.751836,0.010751,15.129362,1.900611,-0.000000
1742,0.785536,0.021920,9.385405,1.910868,0.000000
1743,0.791138,0.036591,19.988959,1.890670,-0.000000
1744,0.795200,0.001095,11.631748,1.891537,-0.000000
1745,0.795836,0.004202,17.951091,1.885551,0.000000
1746,0.796866,0.003912,14.754937,1.877824,0.000000
1747,0.789992,0.034795,6.169616,1.882118,0.000000
1748,0.791851,0.021156,8.939418,1.866406,0.000000
1749,0.783280,0.005661,7.589522,1.852063,0.000000
1750,0.790095,0.015143,6.701070,1.859842,0.000000
1751,0.781778,0.093804,11.204866,1.870182,0.000000
1752,0.787052,0.021938,7.350134,1.873986,0.000000
1753,0.750507,0.037986,10.315551,1.873324,-0.000000
1754,0.779305,0.069182,5.753160,1.858337,0.000000
1755,0.675755,0.028524,15.753706,1.844816,0.000000
1756,0.688473,0.151481,17.594008,1.845964,-0.000000
1757,0.734238,1.183847,3.603276,1.845713,-0.000000
1758,0.739924,0.325493,1.649316,1.834650,-0.000000
1759,0.709198,0.007362,3.017773,1.817995,-0.000000
1760,0.691998,0.054055,4.927698,1.794112,-0.000000
1761,0.646652,0.015928,3.773281,1.768288,0.000000
1762,0.762012,0.010740,3.363698,1.754809,0.000000
1763,0.723618,0.166568,3.805915,1.741490,0.000000
1764,0.727493,0.032595,5.228085,1.732237,0.000000
1765,0.673837,0.056328,8.903906,1.726596,0.000000
1766,0.741872,0.009717,4.815553,1.715494,-0.000000
1767,0.716610,0.027047,3.178481,1.677661,-0.000000
1768,0.764638,0.007826,0.795945,1.648649,-0.000000
1769,0.754137,-0.004270,3.310188,1.635865,0.000000
1770,0.774053,0.018025,7.277374,1.629498,-0.000000
1771,0.787850,0.037946,10.589211,1.639887,0.000000
1772,0.788867,0.014591,15.856491,1.628289,-0.000000
1773,0.767638,0.012852,4.293920,1.631929,0.000000
1774,0.757593,0.013197,1.134599,1.632652,0.000000
1775,0.781468,-0.006449,2.341703,1.621893,0.000000
1776,0.783042,1.119610,3.538313,1.621733,-0.000000
1777,0.794748,0.006003,4.871226,1.607713,0.000000
1778,0.786185,0.012082,3.095646,1.583419,-0.000000
1779,0.786802,0.174129,2.126723,1.582307,0.000000
1780,0.784394,0.020954,1.450103,1.585557,0.000000
1781,0.794529,-0.002510,11.134266,1.585220,-0.000000
1782,0.791781,-0.006495,8.526280,1.593443,0.000000
1783,0.789434,0.009337,3.799560,1.599026,0.000000
1784,0.788735,-0.000982,10.352389,1.586021,0.000000
1785,0.784001,0.009817,8.332271,1.578202,-0.000000
1786,0.784329,0.000311,4.748392,1.586426,-0.000000
1787,0.799524,-0.000125,11.276978,1.606264,0.000000
1788,0.784541,0.011168,8.466644,1.610510,-0.000000
1789,0.796540,0.159999,15.241107,1.610571,-0.000000
1790,0.797013,0.008987,6.620200,1.618354,0.000000
1791,0.766678,0.000132,15.475471,1.625765,0.000000
1792,0.790713,-0.000167,5.435264,1.634852,0.000000
1793,0.769040,0.001808,4.018375,1.611232,-0.000000
1794,0.772060,-0.000663,13.793105,1.588916,0.000000
1795,0.756556,0.005021,10.838712,1.593387,0.000000
1796,0.773047,-0.004732,6.324904,1.630533,0.000000
1797,0.795434,0.022689,6.384366,1.627954,0.000000
1798,0.785742,0.002010,4.082735,1.613327,-0.000000
1799,0.779394,0.032801,3.870389,1.630618,0.000000
1800,0.775720,0.002742,4.197311,1.646150,-0.000000
1801,0.785099,0.002621,4.382935,1.665990,0.000000
1802,0.786169,0.749505,1.585187,1.673831,0.000000
1803,0.797487,0.001026,13.149429,1.697490,0.000000
1804,0.760305,0.005115,15.102213,1.734603,0.000000
1805,0.791972,0.002352,8.640733,1.754671,0.000000
1806,0.794626,-0.000015,16.318858,1.770218,0.000000
1807,0.789552,-0.000810,6.664395,1.766405,0.000000
1808,0.786505,0.019099,8.798250,1.750913,-0.000000
1809,0.793509,-0.001738,35.130681,1.767816,0.000000
1810,0.791318,-0.001898,24.599672,1.807214,0.000000
1811,0.790359,0.121621,22.531484,1.813570,-0.000000
1812,0.786598,-0.002686,13.992402,1.815609,0.000000
1813,0.754216,0.000487,9.100501,1.834542,-0.000000
1814,0.800651,-0.003864,7.878245,1.837649,-0.000000
1815,0.760810,0.014048,5.120229,1.819903,-0.000000
1816,0.792616,0.097813,4.805043,1.786756,0.000000
1817,0.769765,0.012911,8.371504,1.761034,0.000000
1818,0.746274,0.019169,6.160085,1.740043,0.000000
1819,0.773376,0.005145,5.393283,1.737547,0.000000
1820,0.757394,0.005689,5.391108,1.750754,0.000000
1821,0.791354,-0.002734,5.847337,1.737081,-0.000000
1822,0.790578,-0.000371,7.987147,1.722662,-0.000000
1823,0.781381,0.015266,4.656004,1.710593,-0.000000
1824,0.776164,0.000264,5.566870,1.702362,0.000000
1825,0.757423,0.050157,2.608293,1.694048,-0.000000
1826,0.757199,0.003121,3.991916,1.671548,0.000000
1827,0.773059,0.002101,7.991093,1.657628,0.000000
1828,0.788567,0.003423,5.883661,1.662546,0.000000
1829,0.796017,0.002388,7.269276,1.669046,-0.000000
1830,0.766554,0.059220,15.205859,1.669426,-0.000000
1831,0.793959,0.010534,10.544051,1.674965,0.000000
1832,0.758533,0.009244,4.208181,1.687663,0.000000
1833,0.757486,0.042242,13.560380,1.677169,-0.000000
1834,0.752324,0.054835,3.441010,1.649302,0.000000
1835,0.745402,0.004600,5.059701,1.607496,0.000000
1836,0.761615,0.003437,10.173010,1.591898,-0.000000
1837,0.787712,-0.001631,9.459214,1.594125,0.000000
1838,0.758514,0.024797,4.930513,1.598909,0.000000
1839,0.738327,0.008084,2.193860,1.610445,0.000000
1840,0.752841,0.016947,6.604137,1.606744,0.000000
1841,0.742494,0.008321,6.424365,1.579567,-0.000000
1842,0.741196,0.004108,3.724813,1.559981,-0.000000
1843,0.745807,0.001481,2.209278,1.552182,-0.000000
1844,0.741672,0.006070,3.078071,1.556781,-0.000000
1845,0.768412,0.000867,7.072729,1.552747,0.000000
1846,0.747436,-0.003492,4.614070,1.556227,-0.000000
1847,0.776929,0.004531,4.149851,1.566541,-0.000000
1848,0.779266,-0.000066,3.866431,1.566420,-0.000000
1849,0.780169,0.012032,4.932368,1.559236,0.000000
1850,0.759838,0.052566,5.772950,1.547744,0.000000
1851,0.766577,0.007937,4.261269,1.535125,0.000000
1852,0.777419,-0.000480,3.075990,1.555314,-0.000000
1853,0.776613,0.035377,2.695453,1.581916,0.000000
1854,0.775854,0.006449,4.724687,1.589769,0.000000
1855,0.767898,0.001308,8.181743,1.599118,0.000000
1856,0.777113,0.014877,3.714808,1.599978,0.000000
1857,0.786958,-0.003523,5.819354,1.603785,0.000000
1858,0.775473,-0.004067,8.679269,1.608408,-0.000000
1859,0.786694,0.004936,12.010776,1.614730,-0.000000
1860,0.783630,0.000484,9.978911,1.609780,-0.000000
1861,0.782920,-0.007253,9.473823,1.610889,0.000000
1862,0.785877,0.009504,13.077657,1.635175,-0.000000
1863,0.782981,0.006621,8.552056,1.650061,0.000000
1864,0.793750,-0.002155,17.365361,1.685053,-0.000000
1865,0.781440,-0.003381,14.897529,1.704970,0.000000
1866,0.788781,-0.002503,7.105626,1.708163,0.000000
1867,0.779051,0.008340,4.385108,1.716992,-0.000000
1868,0.787410,0.011000,9.680558,1.714295,0.000000
1869,0.785197,0.001836,9.330455,1.722621,0.000000
1870,0.784087,0.007617,10.263856,1.727997,-0.000000
1871,0.788258,0.003670,13.975426,1.717509,-0.000000
1872,0.787178,-0.002238,21.653407,1.723636,0.000000
1873,0.790440,0.002474,29.088058,1.737167,0.000000
1874,0.782367,0.000464,24.678360,1.743098,-0.000000
1875,0.781172,0.050852,15.441490,1.746300,-0.000000
1876,0.783865,0.024258,11.007140,1.753673,0.000000
1877,0.781540,0.030649,7.233938,1.760982,-0.000000
1878,0.709969,0.005752,16.088996,1.777403,0.000000
1879,0.650315,0.008052,21.518302,1.801202,0.000000
1880,0.762092,0.024266,5.564573,1.802371,0.000000
1881,0.751512,-0.001129,14.842115,1.788040,-0.000000
1882,0.784122,0.031503,4.354939,1.773776,0.000000
1883,0.790305,0.043344,3.641212,1.762051,-0.000000
1884,0.755168,-0.004279,8.554652,1.768614,-0.000000
1885,0.796187,-0.000827,8.714850,1.779530,-0.000000
1886,0.785837,0.026282,5.193807,1.781552,0.000000
1887,0.785926,-0.002055,5.276027,1.784877,0.000000
1888,0.738530,0.026552,5.341795,1.775214,0.000000
1889,0.709748,0.006195,8.159109,1.764544,0.000000
1890,0.705144,0.060384,4.538066,1.771388,0.000000
1891,0.742927,0.021117,4.102186,1.755917,0.000000
1892,0.732308,0.040621,2.806711,1.729671,-0.000000
1893,0.722399,0.005706,1.821807,1.722656,0.000000
1894,0.754069,0.019553,2.330668,1.704638,-0.000000
1895,0.749211,-0.005338,5.383297,1.706992,0.000000
1896,0.777727,0.023848,2.560187,1.712153,0.000000
1897,0.777154,0.003211,5.473495,1.690463,0.000000
1898,0.790772,0.008263,4.539116,1.671251,0.000000
1899,0.787673,0.039319,5.259790,1.646879,0.000000
1900,0.757331,-0.003077,6.946521,1.636812,-0.000000
1901,0.784014,-0.002015,6.663556,1.647522,0.000000
1902,0.795175,-0.003826,9.789319,1.669064,-0.000000
1903,0.710218,0.004083,13.340857,1.679525,-0.000000
1904,0.750373,0.022749,8.571733,1.689260,0.000000
1905,0.651717,0.062863,12.564052,1.700943,0.000000
1906,0.737744,-0.012527,4.628651,1.685488,-0.000000
1907,0.666220,0.023772,9.819809,1.680828,0.000000
1908,0.767054,0.012969,5.771089,1.680279,0.000000
1909,0.781800,0.004935,4.933902,1.674726,0.000000
1910,0.753926,0.052500,5.022830,1.681195,-0.000000
1911,0.784414,0.043358,8.740417,1.692483,0.000000
1912,0.686459,0.019259,7.948328,1.700685,0.000000
1913,0.753196,0.033413,4.890798,1.694805,-0.000000
1914,0.789675,0.030872,11.926848,1.695944,0.000000
1915,0.778548,-0.001366,6.696773,1.708510,0.000000
1916,0.727075,0.024954,3.330978,1.722092,0.000000
1917,0.695120,0.075129,9.666258,1.734395,0.000000
1918,0.729834,0.016010,5.292653,1.735365,-0.000000
1919,0.784694,0.010545,6.555050,1.744218,-0.000000
1920,0.786032,-0.000087,7.180975,1.757729,0.000000
1921,0.769786,0.001513,7.663191,1.761638,-0.000000
1922,0.779799,0.017926,5.955528,1.760715,-0.000000
1923,0.783770,0.026792,2.551869,1.748451,0.000000
1924,0.784579,0.072823,3.979122,1.745180,0.000000
1925,0.768141,0.009554,2.304269,1.745486,-0.000000
1926,0.790970,0.081933,6.907210,1.733655,-0.000000
1927,0.741282,0.023411,4.465542,1.721543,-0.000000
1928,0.772731,0.007198,2.454479,1.712288,0.000000
1929,0.773025,0.005934,4.375105,1.689442,-0.000000
1930,0.774895,-0.000552,1.956558,1.658484,-0.000000
1931,0.780749,-0.001878,3.215193,1.669554,0.000000
1932,0.782954,0.005580,1.700881,1.682067,0.000000
1933,0.782954,0.012236,2.649614,1.668274,-0.000000
1934,0.791939,0.022446,1.428385,1.653046,0.000000
1935,0.746819,0.013517,5.527579,1.628007,0.000000
1936,0.772019,0.004553,3.571675,1.625853,0.000000
1937,0.780812,-0.000417,3.147565,1.633111,0.000000
1938,0.772429,0.011946,2.966568,1.618509,-0.000000
1939,0.786218,0.016781,2.318251,1.627175,-0.000000
1940,0.783371,0.005222,1.620327,1.642876,0.000000
1941,0.781326,-0.001268,2.204239,1.642808,0.000000
1942,0.779523,0.007549,2.128435,1.647156,0.000000
1943,0.766263,0.015918,2.106172,1.635238,0.000000
1944,0.741327,0.025106,3.687567,1.612534,-0.000000
1945,0.770842,0.005840,2.154710,1.589255,-0.000000
1946,0.787527,0.000981,1.769434,1.582089,0.000000
1947,0.784712,0.001592,2.995869,1.597171,0.000000
1948,0.785860,0.001646,1.890771,1.604568,0.000000
1949,0.776296,0.001381,1.395357,1.585706,0.000000
1950,0.771021,0.015114,1.856532,1.582534,0.000000
1951,0.778485,0.008161,1.306363,1.579670,0.000000
1952,0.788378,-0.005809,3.730597,1.578045,-0.000000
1953,0.786629,0.005065,6.705422,1.584900,0.000000
1954,0.780735,0.008650,13.262778,1.596582,0.000000
1955,0.776158,0.006712,3.456251,1.613708,-0.000000
1956,0.768685,0.013975,3.378830,1.609633,0.000000
1957,0.782349,0.005924,2.549443,1.601005,0.000000
1958,0.788599,0.004041,2.958892,1.600414,-0.000000
1959,0.786342,0.007426,2.786881,1.600080,-0.000000
1960,0.778293,0.006497,2.604972,1.583706,0.000000
1961,0.777998,0.007527,2.686090,1.547930,0.000000
1962,0.781146,0.008681,2.626236,1.528854,-0.000000
1963,0.788632,-0.003433,5.384490,1.550110,-0.000000
1964,0.781710,0.015214,4.407414,1.576151,0.000000
1965,0.793089,0.008722,4.739418,1.564521,0.000000
1966,0.793333,0.016279,11.838669,1.555542,-0.000000
1967,0.791765,0.002277,7.002417,1.560556,-0.000000
1968,0.789556,0.010575,7.831497,1.549853,0.000000
1969,0.791553,-0.004416,6.810621,1.542344,0.000000
1970,0.791520,0.007198,6.323595,1.549122,0.000000
1971,0.781894,0.052747,5.596940,1.565308,-0.000000
1972,0.799244,-0.006243,27.773189,1.589442,-0.000000
1973,0.793219,-0.000420,16.731567,1.608176,-0.000000
1974,0.793216,0.016580,11.176357,1.617159,-0.000000
1975,0.791717,0.004037,6.938200,1.613308,0.000000
1976,0.791935,-0.003325,12.629652,1.611010,0.000000
1977,0.788396,0.031873,4.229436,1.601878,0.000000
1978,0.773745,0.014833,3.537785,1.557311,-0.000000
1979,0.787640,-0.002162,4.826454,1.527903,-0.000000
1980,0.779890,0.010908,4.112159,1.537027,0.000000
1981,0.791432,-0.000719,3.391531,1.544370,-0.000000
1982,0.776603,0.005586,2.878020,1.536553,-0.000000
1983,0.782786,0.021836,5.143915,1.531763,-0.000000
1984,0.785089,0.020691,4.369655,1.554937,0.000000
1985,0.760286,0.021776,4.252932,1.560385,-0.000000
1986,0.774346,-0.001357,6.065607,1.560804,-0.000000
1987,0.773992,0.000349,3.956660,1.553441,-0.000000
1988,0.730550,0.008469,3.441235,1.524756,0.000000
1989,0.726929,-0.001653,5.566089,1.533332,-0.000000
1990,0.782171,0.013564,5.019478,1.546458,-0.000000
1991,0.702012,0.006215,3.587440,1.537739,-0.000000
1992,0.729391,0.000223,4.019672,1.530247,-0.000000
1993,0.694512,-0.003981,3.750361,1.501540,-0.000000
1994,0.679815,0.014502,3.251926,1.471670,0.000000
1995,0.703273,0.017138,2.472565,1.453391,0.000000
1996,0.734693,0.017302,2.851934,1.441308,0.000000
1997,0.682016,0.026211,3.960332,1.435538,-0.000000
1998,0.750691,0.002654,2.522959,1.439154,-0.000000
1999,0.745631,0.003204,10.163658,1.439625,-0.000000
2000,0.738854,0.001800,2.600771,1.441380,-0.000000
