batch,meanReward,policyLoss,valueLoss,entropy,meanAdvantage
1,0.502217,0.188095,19.859718,2.865837,-0.000000
2,0.591547,0.105246,22.929657,2.796431,0.000000
3,0.606429,0.262844,25.479909,2.730857,-0.000000
4,0.670835,0.338952,27.642660,2.649246,-0.000000
5,0.689465,0.296217,27.895686,2.576823,-0.000000
6,0.726298,0.068038,29.631392,2.531844,0.000000
7,0.653509,0.103960,23.566213,2.491413,-0.000000
8,0.705946,0.135394,25.617466,2.443656,0.000000
9,0.737078,0.055725,26.574491,2.391866,-0.000000
10,0.733394,0.073792,25.268712,2.344616,-0.000000
11,0.746408,0.192945,25.502036,2.299885,-0.000000
12,0.717958,0.043091,23.891328,2.264744,0.000000
13,0.736304,0.081836,25.870099,2.234959,0.000000
14,0.674171,0.056223,25.872470,2.204057,0.000000
15,0.724986,1.109257,26.317863,2.168727,-0.000000
16,0.758220,0.033290,27.999128,2.138681,-0.000000
17,0.770728,0.246250,31.421786,2.099071,-0.000000
18,0.724313,0.019987,32.090524,2.087309,0.000000
19,0.728629,0.133459,30.190931,2.085038,-0.000000
20,0.683447,0.004336,32.225447,2.078964,0.000000
21,0.675176,1.264961,36.587260,2.075170,0.000000
22,0.734115,0.009199,33.302620,2.055878,-0.000000
23,0.788595,0.034133,33.967604,2.041041,0.000000
24,0.759942,0.108558,37.220766,2.016901,0.000000
25,0.764293,0.022437,37.640720,1.990398,-0.000000
26,0.788414,0.035023,37.975114,1.974803,0.000000
27,0.761954,0.014749,38.021007,1.965678,0.000000
28,0.765376,0.014656,34.944360,1.956063,0.000000
29,0.780612,0.014501,35.113452,1.963969,-0.000000
30,0.782618,1.084486,31.171438,1.972472,-0.000000
31,0.759401,0.021060,27.292681,1.973856,-0.000000
32,0.775503,0.013206,20.595045,1.974453,0.000000
33,0.780291,0.143757,13.712083,1.962930,0.000000
34,0.799309,0.021278,34.173730,1.964986,-0.000000
35,0.802755,0.041642,18.983669,1.969107,-0.000000
36,0.819763,0.022071,33.390775,1.971209,0.000000
37,0.816795,0.007797,26.662586,1.976970,-0.000000
38,0.824562,0.016663,33.368840,1.974887,0.000000
39,0.807255,0.031544,19.968709,1.966215,-0.000000
40,0.818276,0.007276,29.135463,1.958885,-0.000000
41,0.823362,-0.007488,34.430711,1.990491,-0.000000
42,0.814700,0.027329,49.760407,2.016391,0.000000
43,0.819330,0.432906,49.339864,2.028631,0.000000
44,0.811819,0.041444,29.808856,2.041703,0.000000
45,0.836448,0.088047,16.751622,2.035448,-0.000000
46,0.832619,0.017904,37.494885,2.034403,0.000000
47,0.826158,0.030719,46.950392,2.057094,0.000000
48,0.835182,340.629902,45.487677,2.062176,-0.000000
49,0.821728,0.002725,57.705065,2.045431,0.000000
50,0.712013,0.086552,101.183554,2.041157,-0.000000
51,0.708183,0.013257,84.765322,2.037699,0.000000
52,0.605878,0.043474,111.056822,2.025686,0.000000
53,0.623062,0.021118,81.455439,1.989933,0.000000
54,0.565272,0.035463,81.179236,1.954632,-0.000000
55,0.559398,0.019881,63.624047,1.951156,0.000000
56,0.554792,0.011616,53.739474,1.978692,0.000000
57,0.562514,0.043488,46.502496,1.990652,0.000000
58,0.565230,0.007592,37.345030,1.985064,0.000000
59,0.578661,0.016116,35.055752,1.970653,-0.000000
60,0.609314,0.010612,27.074695,1.959574,0.000000
61,0.675084,0.026143,28.416524,1.961402,-0.000000
62,0.595663,0.049785,24.855066,1.944566,0.000000
63,0.569598,0.028357,24.773277,1.929304,0.000000
64,0.599336,0.055967,18.600702,1.911293,-0.000000
65,0.600676,0.001199,13.263386,1.898717,-0.000000
66,0.590855,0.003356,13.957170,1.914533,0.000000
67,0.604688,0.092988,11.320944,1.941019,-0.000000
68,0.612496,0.104201,11.812736,1.949942,-0.000000
69,0.620005,0.180059,11.397275,1.937875,0.000000
70,0.606096,0.046425,11.030075,1.917026,-0.000000
71,0.712755,0.046475,22.616812,1.888840,0.000000
72,0.629062,0.086555,12.274865,1.862242,-0.000000
73,0.691526,0.136422,18.288207,1.848823,0.000000
74,0.621439,0.071004,12.285113,1.827501,-0.000000
75,0.690578,0.026440,12.992110,1.804803,0.000000
76,0.736803,0.037819,19.902725,1.777982,-0.000000
77,0.787179,0.003257,19.909811,1.744275,-0.000000
78,0.811496,0.003439,21.244657,1.733589,0.000000
79,0.826361,0.009423,28.298213,1.731710,0.000000
80,0.816958,0.012070,30.547755,1.734866,0.000000
81,0.810275,0.018259,33.263487,1.742998,0.000000
82,0.815511,0.002439,35.009097,1.761933,0.000000
83,0.813943,0.009946,36.022220,1.791804,0.000000
84,0.812233,0.013703,36.871384,1.810502,-0.000000
85,0.812312,0.002200,37.961690,1.823343,-0.000000
86,0.806233,0.016397,37.630673,1.829602,-0.000000
87,0.822011,0.018832,34.063515,1.824350,0.000000
88,0.820858,0.341664,33.888233,1.832982,0.000000
89,0.812067,0.019439,41.297440,1.838804,0.000000
90,0.809199,-0.002951,34.928575,1.839303,-0.000000
91,0.822176,0.015790,37.367092,1.847402,-0.000000
92,0.805274,0.071166,34.078032,1.845655,0.000000
93,0.801375,0.006443,33.791045,1.847639,0.000000
94,0.777738,0.006388,23.217295,1.856890,0.000000
95,0.769031,0.015676,15.498418,1.862613,0.000000
96,0.769782,0.833339,11.733368,1.873279,0.000000
97,0.796791,-0.000715,28.987972,1.895625,0.000000
98,0.798041,0.044975,26.924705,1.920470,0.000000
99,0.800703,0.003864,30.764425,1.930189,-0.000000
100,0.798878,0.020896,29.275702,1.923167,-0.000000
101,0.798045,0.022810,27.221864,1.905232,-0.000000
102,0.779703,0.014852,15.527135,1.881196,0.000000
103,0.785410,-0.003198,21.104404,1.876825,0.000000
104,0.808099,0.008730,38.976260,1.888239,0.000000
105,0.801033,0.043379,27.321838,1.897101,-0.000000
106,0.809141,0.039112,34.791612,1.903077,0.000000
107,0.810989,0.030127,37.099270,1.909053,-0.000000
108,0.792983,0.287735,36.792416,1.927578,0.000000
109,0.823812,0.026773,38.603035,1.937323,0.000000
110,0.794253,0.022095,38.120209,1.933498,0.000000
111,0.801856,0.007482,32.405013,1.949867,0.000000
112,0.822345,0.204897,32.183796,1.963483,0.000000
113,0.825913,0.058135,34.959628,1.959814,0.000000
114,0.825973,0.015591,28.387443,1.961846,0.000000
115,0.817324,-0.002159,16.463104,1.982958,-0.000000
116,0.821509,0.003254,24.293816,2.001257,0.000000
117,0.814523,0.037529,13.557183,2.004093,-0.000000
118,0.815980,0.003611,12.683185,1.994018,0.000000
119,0.819505,0.003283,9.132491,2.005566,0.000000
120,0.815281,0.214608,7.725764,1.993247,0.000000
121,0.803293,0.007574,7.133144,1.972712,0.000000
122,0.818450,0.004058,20.095776,1.987643,0.000000
123,0.827671,0.027866,15.858236,2.009638,-0.000000
124,0.825898,0.000715,16.262027,2.019778,0.000000
125,0.827268,0.020157,21.539914,2.040465,-0.000000
126,0.835143,0.033639,21.373379,2.044230,0.000000
127,0.835552,0.034757,28.871375,2.030803,-0.000000
128,0.835379,0.009676,13.274206,2.030369,0.000000
129,0.839998,0.060598,19.295501,2.036602,0.000000
130,0.833367,0.008403,9.782053,2.027668,0.000000
131,0.839457,0.001954,17.295859,2.020318,-0.000000
132,0.839855,0.028836,25.036851,2.014665,0.000000
133,0.845787,0.025820,22.683153,2.012626,-0.000000
134,0.843880,0.007672,37.291515,2.008324,0.000000
135,0.845006,0.093093,36.145840,2.002885,-0.000000
136,0.845930,0.063082,17.168470,2.000395,-0.000000
137,0.844343,0.020991,12.307749,1.988388,0.000000
138,0.837884,0.004143,30.459650,1.975385,0.000000
139,0.820832,0.011650,13.464784,1.955596,-0.000000
140,0.845495,0.057611,10.635873,1.924571,-0.000000
141,0.841066,0.131289,24.744309,1.908655,-0.000000
142,0.835865,0.058563,20.406261,1.901729,0.000000
143,0.837445,0.001046,24.503787,1.902356,-0.000000
144,0.838073,0.430472,18.646266,1.892675,0.000000
145,0.845308,0.034793,23.616835,1.872271,-0.000000
146,0.822152,-0.004136,23.011157,1.866741,0.000000
147,0.822850,0.010795,34.794573,1.857634,0.000000
148,0.843854,0.014672,34.114136,1.828912,0.000000
149,0.821055,0.005988,37.870127,1.819620,0.000000
150,0.842060,0.010263,31.473660,1.826111,0.000000
151,0.825206,0.032323,45.613575,1.821814,-0.000000
152,0.824264,0.001411,34.959979,1.830518,-0.000000
153,0.838317,0.014776,33.069909,1.840483,-0.000000
154,0.814550,0.020718,53.134071,1.836302,-0.000000
155,0.841543,0.001922,25.804561,1.841432,0.000000
156,0.842044,0.037810,30.141197,1.853349,0.000000
157,0.843707,0.030914,42.214987,1.859146,0.000000
158,0.830262,0.011858,40.988852,1.869486,0.000000
159,0.835483,0.095508,56.602432,1.868001,0.000000
160,0.822383,0.018254,63.743839,1.875418,0.000000
161,0.743722,0.067332,63.976844,1.876181,-0.000000
162,0.796146,0.000858,52.284540,1.876485,0.000000
163,0.799068,0.001581,41.973222,1.897241,-0.000000
164,0.794095,0.052589,40.490499,1.891493,-0.000000
165,0.796631,0.036059,45.679819,1.873187,0.000000
166,0.839470,0.070075,34.801264,1.852348,0.000000
167,0.838787,0.263451,40.198047,1.840884,-0.000000
168,0.839143,0.006834,41.782314,1.820981,0.000000
169,0.827419,0.370371,48.346307,1.806664,-0.000000
170,0.844233,0.068670,45.225529,1.802217,-0.000000
171,0.843890,0.005311,38.576261,1.810012,-0.000000
172,0.844057,0.008809,42.826378,1.810237,0.000000
173,0.849592,0.003490,47.059956,1.819789,0.000000
174,0.845547,0.031655,38.679720,1.828384,-0.000000
175,0.845179,-0.000980,52.145408,1.818146,-0.000000
176,0.844031,0.028083,49.235776,1.831333,0.000000
177,0.847603,0.011615,53.763589,1.838952,-0.000000
178,0.849884,0.005052,56.964404,1.847089,-0.000000
179,0.844535,0.005684,54.153358,1.864398,-0.000000
180,0.739102,0.033959,91.113209,1.867550,-0.000000
181,0.827165,0.018666,40.247319,1.863354,-0.000000
182,0.752411,0.000142,45.956468,1.859299,-0.000000
183,0.826738,0.006996,36.179379,1.850771,-0.000000
184,0.799591,0.021476,49.018002,1.850497,0.000000
185,0.825013,0.008586,38.460276,1.840553,0.000000
186,0.842687,0.014200,41.131624,1.847819,0.000000
187,0.839804,0.024337,38.999442,1.842730,0.000000
188,0.840314,0.048789,40.446164,1.817715,-0.000000
189,0.816640,0.057930,41.607999,1.804436,0.000000
190,0.839866,0.025216,42.651721,1.799750,0.000000
191,0.812271,0.024322,52.942168,1.795313,0.000000
192,0.818170,0.003351,42.157419,1.791318,-0.000000
193,0.835436,0.014504,43.173643,1.796014,0.000000
194,0.830444,0.027441,39.792564,1.796980,-0.000000
195,0.827085,0.080211,28.623780,1.800391,-0.000000
196,0.829817,0.004737,25.822822,1.812249,0.000000
197,0.827905,0.011656,39.682920,1.818838,-0.000000
198,0.830854,-0.004229,35.421906,1.815271,-0.000000
199,0.829908,0.049831,37.520028,1.812703,-0.000000
200,0.765914,0.035879,32.725285,1.814404,0.000000
201,0.802817,0.043290,34.453158,1.815879,-0.000000
202,0.828449,0.009713,34.117032,1.812373,0.000000
203,0.829659,0.070904,27.928363,1.807671,0.000000
204,0.833252,-0.001229,38.996744,1.815406,0.000000
205,0.831944,0.116283,31.182653,1.831829,-0.000000
206,0.835703,1.494634,36.895070,1.821190,-0.000000
207,0.837161,0.009919,27.368753,1.814805,-0.000000
208,0.836918,0.005100,37.015133,1.826054,-0.000000
209,0.840126,0.014907,43.628684,1.820045,0.000000
210,0.841610,0.016441,32.678205,1.822557,-0.000000
211,0.841284,0.357329,37.722105,1.818664,-0.000000
212,0.842351,0.126856,36.009294,1.811017,0.000000
213,0.844496,-0.002454,44.167737,1.827830,-0.000000
214,0.843223,0.015252,54.122633,1.841991,-0.000000
215,0.841696,0.087499,37.353730,1.839916,0.000000
216,0.844736,0.008784,41.471822,1.832596,-0.000000
217,0.842309,0.022665,38.154765,1.829859,-0.000000
218,0.837832,0.090662,31.589380,1.814657,0.000000
219,0.839669,0.003645,36.820387,1.813455,0.000000
220,0.843856,0.012648,28.078647,1.810307,0.000000
221,0.813973,0.020211,35.887196,1.788426,-0.000000
222,0.836486,0.003230,24.271480,1.797950,-0.000000
223,0.838622,0.052495,34.934217,1.795007,0.000000
224,0.789787,0.013240,49.339073,1.778514,0.000000
225,0.843872,0.001040,30.375293,1.774767,-0.000000
226,0.843764,0.003434,40.310127,1.783284,-0.000000
227,0.843322,0.065559,36.428974,1.790424,-0.000000
228,0.840523,0.026003,47.237412,1.783848,-0.000000
229,0.798296,0.055682,56.970193,1.781897,-0.000000
230,0.841652,0.045262,57.230351,1.779808,-0.000000
231,0.794379,0.066658,70.910304,1.782294,0.000000
232,0.830885,0.019194,48.529262,1.781485,0.000000
233,0.843404,0.030520,42.099887,1.773833,-0.000000
234,0.849111,0.027874,31.108393,1.772781,0.000000
235,0.848544,0.015843,38.511812,1.778029,-0.000000
236,0.825300,0.049956,39.025864,1.772020,0.000000
237,0.843881,0.087485,51.412720,1.767095,0.000000
238,0.839514,0.048803,49.289717,1.764198,0.000000
239,0.764557,0.214927,55.932063,1.761865,-0.000000
240,0.802447,0.011499,49.168339,1.765744,0.000000
241,0.775044,0.012549,56.020745,1.762457,0.000000
242,0.836958,0.044706,43.989726,1.767880,-0.000000
243,0.815713,0.012208,50.609198,1.775740,-0.000000
244,0.819743,0.007241,49.096782,1.789138,0.000000
245,0.847484,0.001308,43.049436,1.819848,-0.000000
246,0.846943,0.073580,43.290312,1.852907,-0.000000
247,0.845171,0.003715,43.729496,1.876956,0.000000
248,0.848530,0.018073,44.627901,1.881056,0.000000
249,0.847219,0.004961,44.846519,1.883908,0.000000
250,0.840068,0.012355,44.053198,1.904727,-0.000000
251,0.840572,0.016003,46.181660,1.924844,-0.000000
252,0.846045,0.026086,45.191854,1.935836,0.000000
253,0.844904,0.001553,45.519411,1.934892,-0.000000
254,0.845087,0.034454,45.799283,1.932302,0.000000
255,0.846925,0.060985,44.459834,1.929135,-0.000000
256,0.844649,0.045882,44.710825,1.911774,0.000000
257,0.845546,0.004687,45.905314,1.885181,0.000000
258,0.848947,0.057810,43.898068,1.868426,-0.000000
259,0.845912,0.009913,44.076414,1.867089,0.000000
260,0.849643,0.031189,42.243477,1.869322,-0.000000
261,0.846373,0.030995,46.430981,1.870582,0.000000
262,0.842281,0.030332,49.889517,1.878992,-0.000000
263,0.842316,0.035683,52.541715,1.878231,-0.000000
264,0.834013,-0.001101,48.611066,1.873248,-0.000000
265,0.847203,0.014270,51.464743,1.892489,-0.000000
266,0.831405,0.031225,50.877870,1.892830,-0.000000
267,0.807497,0.010574,57.116658,1.874845,0.000000
268,0.816411,0.002892,55.498830,1.886884,-0.000000
269,0.833396,0.022606,46.708689,1.900811,0.000000
270,0.850759,0.002960,44.367503,1.894680,0.000000
271,0.850011,0.041553,43.646661,1.899821,0.000000
272,0.851134,0.095858,43.010043,1.920240,-0.000000
273,0.831728,0.090113,50.891452,1.950143,-0.000000
274,0.803166,0.092111,59.276784,1.947530,-0.000000
275,0.842478,0.022652,42.798251,1.941742,-0.000000
276,0.844823,-0.002852,47.466985,1.950775,0.000000
277,0.850467,0.017652,46.724171,1.967752,0.000000
278,0.835737,0.011886,44.022536,1.975209,-0.000000
279,0.848808,0.152778,51.523675,1.994117,0.000000
280,0.836205,0.049500,44.489720,2.014261,-0.000000
281,0.831036,0.049879,46.588427,2.039862,-0.000000
282,0.808985,0.040972,54.761234,2.058377,-0.000000
283,0.833414,0.262785,42.220307,2.067388,0.000000
284,0.809320,0.032783,49.530040,2.062865,-0.000000
285,0.832865,0.036325,43.586004,2.051986,-0.000000
286,0.848938,0.080958,41.252623,2.060874,0.000000
287,0.847900,0.012207,44.214048,2.078076,-0.000000
288,0.847782,0.022800,43.084536,2.068597,0.000000
289,0.845112,0.135768,42.622072,2.052866,0.000000
290,0.843539,0.002401,43.936517,2.063158,0.000000
291,0.840201,1.489509,43.112167,2.067621,-0.000000
292,0.840204,0.016134,36.995178,2.072094,-0.000000
293,0.757684,0.092999,43.769203,2.081954,-0.000000
294,0.800475,0.016304,47.469684,2.079119,0.000000
295,0.835942,0.033917,23.465970,2.074063,0.000000
296,0.793410,0.015617,24.499583,2.066654,0.000000
297,0.838540,0.027902,26.665343,2.051493,-0.000000
298,0.835902,0.048957,27.275414,2.022141,-0.000000
299,0.829448,0.041328,32.477820,1.990105,0.000000
300,0.810998,0.061766,20.379146,1.939515,-0.000000
301,0.811502,0.031166,23.469070,1.906431,0.000000
302,0.830294,0.075333,11.884999,1.887628,0.000000
303,0.803777,0.066744,15.749240,1.856149,0.000000
304,0.796342,0.038027,17.866690,1.838496,0.000000
305,0.731936,0.062808,28.430221,1.831379,-0.000000
306,0.825977,0.089391,18.638883,1.819823,0.000000
307,0.824207,0.041124,22.908683,1.798434,-0.000000
308,0.821939,0.091393,27.312617,1.759973,0.000000
309,0.820990,0.007305,25.926541,1.732000,0.000000
310,0.815675,0.081002,23.884485,1.710971,0.000000
311,0.813586,0.009939,25.175170,1.693000,-0.000000
312,0.799174,0.006820,37.172720,1.682989,-0.000000
313,0.829196,0.016812,34.621044,1.675994,0.000000
314,0.826609,0.043246,28.289098,1.668942,0.000000
315,0.822138,0.004106,33.609951,1.649156,0.000000
316,0.832853,-0.001465,45.785605,1.659590,-0.000000
317,0.833675,-0.007912,57.432385,1.695144,-0.000000
318,0.824696,-0.000888,49.854240,1.712311,0.000000
319,0.841988,-0.000369,49.307792,1.716442,0.000000
320,0.835340,0.013201,28.292948,1.717891,-0.000000
321,0.841468,0.012031,31.879896,1.710368,-0.000000
322,0.838587,0.011183,26.914165,1.709706,0.000000
323,0.839783,0.002065,35.296889,1.714232,0.000000
324,0.841337,0.003912,43.699595,1.712775,-0.000000
325,0.841598,3.445248,46.456315,1.703138,0.000000
326,0.843959,0.010814,36.881099,1.699413,0.000000
327,0.820934,0.003280,42.427199,1.693185,0.000000
328,0.733905,-0.005351,75.238866,1.702531,0.000000
329,0.840594,0.001897,55.331910,1.721799,-0.000000
330,0.822774,0.002048,46.438629,1.729308,-0.000000
331,0.823588,0.001407,38.012042,1.746077,-0.000000
332,0.841263,0.284641,38.104834,1.767875,0.000000
333,0.767868,0.020465,54.184256,1.766029,-0.000000
334,0.825264,-0.003814,37.335288,1.778536,0.000000
335,0.814772,0.007834,29.185177,1.795708,0.000000
336,0.820217,0.450917,34.555576,1.792844,0.000000
337,0.844606,0.030677,25.841166,1.791093,0.000000
338,0.839193,0.012558,34.267552,1.789754,-0.000000
339,0.846690,0.010846,35.635983,1.778056,-0.000000
340,0.846770,0.003855,27.465555,1.781044,-0.000000
341,0.843499,0.005416,33.054107,1.781076,0.000000
342,0.843502,0.017064,24.294070,1.763521,0.000000
343,0.839095,0.019544,38.471731,1.746020,0.000000
344,0.834445,0.013132,30.492736,1.732706,-0.000000
345,0.839945,0.023464,32.342350,1.724266,-0.000000
346,0.831634,0.003001,34.381339,1.724636,0.000000
347,0.814603,0.027527,35.475879,1.719802,-0.000000
348,0.837947,0.016684,37.882992,1.717222,0.000000
349,0.813553,0.152669,37.244761,1.739810,-0.000000
350,0.836642,0.001467,42.322887,1.752496,-0.000000
351,0.842640,-0.001192,41.180306,1.744293,0.000000
352,0.838995,0.006196,38.240882,1.741402,0.000000
353,0.819453,0.007369,44.438617,1.758027,-0.000000
354,0.839524,0.001839,43.039365,1.777559,0.000000
355,0.840437,0.021237,39.920673,1.803530,-0.000000
356,0.837618,0.009882,43.373004,1.818731,-0.000000
357,0.836092,0.016917,44.420737,1.813776,-0.000000
358,0.816742,0.007196,49.556962,1.810678,-0.000000
359,0.826412,0.011212,45.396185,1.819634,-0.000000
360,0.797526,0.001957,59.580821,1.830528,0.000000
361,0.791845,0.028416,60.446376,1.835810,0.000000
362,0.799120,0.026489,65.992322,1.813466,0.000000
363,0.843147,0.076559,36.974250,1.794076,0.000000
364,0.844965,-0.002007,42.643219,1.806693,-0.000000
365,0.845788,0.009115,38.599574,1.824083,-0.000000
366,0.846437,0.000425,45.488252,1.829520,0.000000
367,0.852159,0.002506,41.727001,1.834927,0.000000
368,0.849721,0.005744,43.789813,1.839391,0.000000
369,0.853120,0.478188,41.442900,1.847209,0.000000
370,0.851357,0.077693,44.397410,1.858910,0.000000
371,0.852706,0.006356,51.044811,1.876752,-0.000000
372,0.849531,0.002713,56.489426,1.878697,0.000000
373,0.848907,-0.002131,54.841685,1.887291,0.000000
374,0.845325,0.037690,58.209917,1.887303,0.000000
375,0.848022,0.250201,58.546794,1.876001,0.000000
376,0.849066,0.035496,51.371485,1.870466,-0.000000
377,0.837572,0.009362,52.664398,1.876232,-0.000000
378,0.834789,0.006261,50.961242,1.881668,-0.000000
379,0.833510,0.003019,47.000762,1.888557,0.000000
380,0.846630,0.060393,45.464545,1.877207,0.000000
381,0.850492,0.002837,46.495143,1.849761,0.000000
382,0.851109,0.062622,47.682618,1.847343,-0.000000
383,0.851129,0.007088,44.046852,1.860718,0.000000
384,0.852805,0.002435,40.863039,1.879300,0.000000
385,0.851205,0.005196,42.084891,1.870676,-0.000000
386,0.851042,0.005604,40.434186,1.865416,0.000000
387,0.814570,0.009018,59.328326,1.874364,-0.000000
388,0.822489,0.061808,51.557250,1.875325,-0.000000
389,0.852955,0.005538,41.450265,1.875360,0.000000
390,0.857250,0.000836,41.862212,1.888380,0.000000
391,0.853763,0.028562,41.963882,1.900097,0.000000
392,0.804701,0.035793,63.688327,1.881398,0.000000
393,0.839463,0.002597,43.039086,1.865211,0.000000
394,0.840778,0.014725,44.903252,1.870305,0.000000
395,0.812129,0.014827,45.228246,1.867527,-0.000000
396,0.848070,0.020758,40.558949,1.855995,0.000000
397,0.812467,0.006867,47.969508,1.855336,0.000000
398,0.849960,0.087898,38.227015,1.864204,0.000000
399,0.848600,0.060064,44.768252,1.860056,0.000000
400,0.850120,0.063728,42.298094,1.849696,-0.000000
401,0.781765,0.090196,54.735332,1.851794,0.000000
402,0.747730,0.474272,48.313055,1.855163,0.000000
403,0.786285,0.014646,53.722208,1.845102,0.000000
404,0.805241,0.021452,45.410886,1.839438,0.000000
405,0.849093,0.331004,45.517326,1.838795,-0.000000
406,0.845394,3.579334,44.781876,1.827660,-0.000000
407,0.844169,0.013757,39.164967,1.808090,-0.000000
408,0.849323,-0.002261,39.639437,1.812031,-0.000000
409,0.845481,0.000725,39.199515,1.819409,0.000000
410,0.800453,0.074642,51.115334,1.811086,-0.000000
411,0.810756,-0.000151,41.103461,1.817800,0.000000
412,0.850415,0.070701,39.241265,1.829105,-0.000000
413,0.846443,0.019778,39.348470,1.840048,-0.000000
414,0.847838,0.234335,39.698850,1.836441,0.000000
415,0.849318,-0.003620,39.306232,1.824222,0.000000
416,0.848520,0.004603,38.380771,1.827475,0.000000
417,0.813256,0.102930,45.221339,1.824207,0.000000
418,0.850221,0.395184,40.639442,1.814408,-0.000000
419,0.814475,0.030144,52.475721,1.821562,-0.000000
420,0.850550,0.018943,36.941005,1.833498,0.000000
421,0.850155,0.003688,39.107085,1.844280,0.000000
422,0.849177,0.018147,37.232633,1.854172,-0.000000
423,0.736483,0.043588,69.899438,1.876037,0.000000
424,0.803923,0.017464,40.609718,1.900065,-0.000000
425,0.806841,0.020343,41.680752,1.885856,0.000000
426,0.846230,0.004189,36.413720,1.864763,0.000000
427,0.848187,0.039467,37.395969,1.859843,-0.000000
428,0.828433,0.076319,48.352846,1.860828,0.000000
429,0.847668,0.119608,38.242394,1.862850,0.000000
430,0.847078,0.008798,38.258733,1.873510,-0.000000
431,0.850026,0.012264,34.033122,1.877919,-0.000000
432,0.830933,0.008681,33.438268,1.881948,0.000000
433,0.804156,0.029509,43.092445,1.886756,0.000000
434,0.831724,0.021675,34.399866,1.884154,0.000000
435,0.849123,0.037218,34.547945,1.873285,0.000000
436,0.763693,0.005171,62.693506,1.852832,-0.000000
437,0.848402,0.002048,38.578395,1.845891,-0.000000
438,0.842355,0.012125,35.348698,1.861329,0.000000
439,0.851858,0.023704,38.351892,1.866358,0.000000
440,0.851442,0.017204,39.217015,1.868601,0.000000
441,0.851151,0.006037,34.258261,1.880112,-0.000000
442,0.852959,0.013607,38.063779,1.864652,0.000000
443,0.848965,0.055543,35.771093,1.840361,-0.000000
444,0.730531,20.657010,54.740975,1.826353,-0.000000
445,0.728392,0.018731,44.820241,1.819068,0.000000
446,0.809204,0.319691,41.784139,1.800361,0.000000
447,0.834203,0.035924,40.105665,1.781441,0.000000
448,0.847256,0.006288,43.011150,1.760241,0.000000
449,0.846719,0.005503,43.501897,1.755263,-0.000000
450,0.808135,0.046928,53.982798,1.761019,0.000000
451,0.809495,-0.001311,45.164213,1.778758,0.000000
452,0.848388,0.035574,43.935214,1.770107,-0.000000
453,0.834216,0.000067,42.050931,1.758133,-0.000000
454,0.853289,0.015953,44.376819,1.758829,-0.000000
455,0.852380,0.006599,45.154393,1.765745,0.000000
456,0.854321,0.025152,45.583742,1.763715,0.000000
457,0.856491,0.007739,45.473957,1.763689,-0.000000
458,0.850918,0.066635,42.430680,1.755713,-0.000000
459,0.850595,0.016262,45.247031,1.758712,-0.000000
460,0.846358,0.018002,44.829776,1.771104,0.000000
461,0.845571,0.025334,40.836978,1.785232,0.000000
462,0.846334,0.008838,46.046212,1.793206,0.000000
463,0.751019,0.024448,52.573138,1.799496,-0.000000
464,0.840598,0.010019,45.508079,1.803704,-0.000000
465,0.842221,0.028175,44.784774,1.800839,-0.000000
466,0.774595,0.004456,49.646063,1.798226,-0.000000
467,0.831435,0.010726,37.255095,1.791041,0.000000
468,0.843508,0.009855,41.886633,1.783567,0.000000
469,0.843748,0.023832,43.387579,1.789328,0.000000
470,0.846377,0.042411,42.818575,1.786191,-0.000000
471,0.843297,0.003496,46.337971,1.774519,-0.000000
472,0.847007,0.031371,43.740415,1.778149,-0.000000
473,0.841369,0.150940,45.667205,1.784509,0.000000
474,0.785795,0.004173,50.538696,1.788694,0.000000
475,0.797855,3.349800,45.618229,1.790718,0.000000
476,0.842278,0.041866,41.747363,1.796671,0.000000
477,0.842777,0.080057,41.859437,1.796249,-0.000000
478,0.846000,0.372478,44.638452,1.790303,-0.000000
479,0.843016,0.000373,40.418278,1.793882,-0.000000
480,0.822411,0.001902,47.014961,1.813354,0.000000
481,0.840764,0.027912,43.449238,1.819788,-0.000000
482,0.839618,0.003450,43.083674,1.836031,-0.000000
483,0.844772,0.002471,47.439939,1.846134,-0.000000
484,0.828060,0.008210,43.892122,1.854482,0.000000
485,0.800465,0.020667,44.241342,1.864355,0.000000
486,0.844139,0.005810,44.887483,1.877910,0.000000
487,0.831862,0.059314,34.231935,1.876402,-0.000000
488,0.845973,0.002661,46.381108,1.860982,0.000000
489,0.826386,0.044312,38.229363,1.865328,0.000000
490,0.847009,0.025842,42.036998,1.877025,0.000000
491,0.818899,0.010378,48.818905,1.885155,-0.000000
492,0.844252,0.001616,38.870664,1.901049,0.000000
493,0.845425,0.019167,41.708552,1.923562,-0.000000
494,0.844712,0.009231,37.433137,1.933437,0.000000
495,0.830076,0.090473,47.767963,1.937762,0.000000
496,0.844700,0.015448,34.487261,1.936137,-0.000000
497,0.843420,0.015735,29.643595,1.933087,0.000000
498,0.803643,0.101224,40.956266,1.926879,0.000000
499,0.784223,0.054035,44.927614,1.922747,-0.000000
500,0.829158,0.072144,31.051117,1.908304,0.000000
501,0.833462,0.021731,29.866354,1.891331,0.000000
502,0.831752,0.010788,40.803485,1.876589,-0.000000
503,0.850200,0.052679,37.890208,1.869037,-0.000000
504,0.854771,0.145831,38.308872,1.859647,0.000000
505,0.849278,0.005848,26.187269,1.845863,0.000000
506,0.851384,0.008786,35.258429,1.844578,-0.000000
507,0.850477,0.006493,33.741959,1.856429,0.000000
508,0.816798,0.009010,42.785895,1.865994,0.000000
509,0.815774,0.004553,33.864346,1.868674,-0.000000
510,0.851861,0.020409,31.049039,1.861700,-0.000000
511,0.852147,0.102160,29.508389,1.854330,0.000000
512,0.826186,0.000122,46.144541,1.870246,0.000000
513,0.843696,0.005136,31.713708,1.893574,0.000000
514,0.855112,0.053514,31.649374,1.907189,0.000000
515,0.853754,0.282331,29.883428,1.901431,-0.000000
516,0.841946,0.030229,32.475380,1.887392,-0.000000
517,0.838897,0.055013,27.958438,1.866856,0.000000
518,0.813188,0.044452,32.706999,1.844654,-0.000000
519,0.765887,0.030821,37.959831,1.825507,-0.000000
520,0.813171,0.032555,37.589879,1.814684,0.000000
521,0.840111,0.044813,43.890483,1.808663,0.000000
522,0.852532,0.004283,39.425945,1.806949,-0.000000
523,0.856308,0.104370,39.837503,1.817698,-0.000000
524,0.822969,0.202405,53.030851,1.814948,-0.000000
525,0.852966,0.006543,40.715827,1.811746,0.000000
526,0.838661,0.000876,34.111704,1.830343,0.000000
527,0.830059,0.030989,43.549295,1.836559,0.000000
528,0.849738,0.025796,33.972546,1.821953,-0.000000
529,0.854062,0.050358,28.863889,1.826984,0.000000
530,0.844273,0.084315,31.739607,1.830777,0.000000
531,0.769860,0.014527,49.932714,1.820587,0.000000
532,0.855389,0.073041,34.518921,1.823477,-0.000000
533,0.852772,0.068939,31.938432,1.820679,0.000000
534,0.840410,0.018581,42.353365,1.800307,-0.000000
535,0.854590,0.010888,41.056362,1.789719,-0.000000
536,0.850161,0.059763,37.482244,1.788861,-0.000000
537,0.855661,0.104250,46.088242,1.783704,0.000000
538,0.852129,0.027082,44.163470,1.763463,-0.000000
539,0.852246,0.004533,40.653924,1.748220,0.000000
540,0.854265,0.017969,45.139902,1.741944,0.000000
541,0.853613,0.008727,41.271488,1.728676,-0.000000
542,0.855034,0.002695,43.470120,1.723938,-0.000000
543,0.852683,0.020629,34.415379,1.718350,0.000000
544,0.765563,0.003858,59.661428,1.703335,0.000000
545,0.848338,0.007779,44.986755,1.696664,0.000000
546,0.849850,0.014511,31.469948,1.692782,-0.000000
547,0.849826,0.040060,41.602727,1.689542,-0.000000
548,0.850520,0.000939,38.151297,1.699376,0.000000
549,0.852504,0.204830,42.606933,1.724704,0.000000
550,0.844806,-0.001914,21.810338,1.729609,0.000000
551,0.838340,0.000842,38.213753,1.730422,-0.000000
552,0.853830,0.013144,44.768687,1.736912,-0.000000
553,0.854320,0.026067,38.318899,1.724938,0.000000
554,0.839898,0.057134,34.826142,1.714748,0.000000
555,0.833560,-0.003589,42.093466,1.718323,0.000000
556,0.847768,0.060292,33.249246,1.723353,0.000000
557,0.834494,0.003294,39.704818,1.731781,-0.000000
558,0.848215,0.001536,46.777007,1.743926,-0.000000
559,0.846371,0.013712,44.016632,1.760214,0.000000
560,0.842545,0.012113,33.646927,1.761706,0.000000
561,0.847656,0.017245,44.822303,1.760271,-0.000000
562,0.848594,0.013923,44.156819,1.757383,-0.000000
563,0.832933,-0.001711,44.921299,1.759167,0.000000
564,0.838310,0.041520,39.668983,1.755895,-0.000000
565,0.853840,0.021537,39.718066,1.744261,0.000000
566,0.847070,0.104087,21.501797,1.730624,0.000000
567,0.851978,0.037736,30.261136,1.720150,-0.000000
568,0.853943,0.002534,39.436066,1.718665,0.000000
569,0.853447,0.002750,41.967714,1.708862,0.000000
570,0.852547,0.008033,44.569762,1.715832,0.000000
571,0.850979,0.011918,43.229097,1.725869,0.000000
572,0.836437,0.112644,41.713868,1.722805,0.000000
573,0.845867,0.011293,41.507733,1.733091,0.000000
574,0.847164,0.013818,43.557047,1.760495,0.000000
575,0.848051,0.015581,39.878636,1.769805,0.000000
576,0.852149,0.007701,41.672827,1.760871,-0.000000
577,0.839184,0.006990,36.707134,1.747896,-0.000000
578,0.841954,0.015044,33.327330,1.742835,-0.000000
579,0.806649,0.024449,44.785813,1.745381,0.000000
580,0.852188,0.025761,31.035311,1.750557,-0.000000
581,0.857732,0.005128,32.268686,1.761720,0.000000
582,0.854070,0.027154,28.869960,1.774073,-0.000000
583,0.837026,-0.000880,32.457684,1.773981,0.000000
584,0.851245,0.094579,36.184213,1.783724,-0.000000
585,0.853528,0.003001,23.718072,1.791501,-0.000000
586,0.851104,0.016111,22.293322,1.788047,0.000000
587,0.814096,-0.002535,30.896426,1.786748,0.000000
588,0.842770,0.046879,24.592583,1.783896,0.000000
589,0.841052,0.051383,26.707474,1.764589,0.000000
590,0.853942,0.000029,29.878229,1.767395,-0.000000
591,0.853642,0.006902,22.522316,1.772642,-0.000000
592,0.813899,0.008596,45.679167,1.766371,0.000000
593,0.851046,0.076377,22.664301,1.768597,-0.000000
594,0.739908,0.027194,57.019712,1.779877,0.000000
595,0.849045,0.046620,36.138762,1.790798,-0.000000
596,0.850871,0.013339,37.679435,1.790382,0.000000
597,0.847853,0.184017,33.470862,1.790567,-0.000000
598,0.851521,0.000618,37.873733,1.801050,0.000000
599,0.844951,0.003238,37.853860,1.806581,-0.000000
600,0.829640,-0.002123,31.047050,1.806197,-0.000000
601,0.849204,0.049828,22.959632,1.803272,0.000000
602,0.848823,0.013014,21.795312,1.798939,0.000000
603,0.832983,0.001504,26.551654,1.805871,0.000000
604,0.845823,0.007674,24.229367,1.812848,-0.000000
605,0.840244,0.434899,22.790488,1.807932,0.000000
606,0.827633,0.001164,26.810634,1.796393,0.000000
607,0.846273,0.060277,20.499422,1.797886,0.000000
608,0.843100,0.009264,17.524748,1.786787,0.000000
609,0.833811,0.038840,21.771360,1.756656,-0.000000
610,0.826242,0.018065,35.405662,1.751373,-0.000000
611,0.847680,0.006743,19.400159,1.758967,0.000000
612,0.836356,4.271485,21.213242,1.766218,-0.000000
613,0.853082,0.005798,27.949189,1.784128,-0.000000
614,0.854232,0.024843,20.110110,1.793545,0.000000
615,0.851233,0.016227,18.779824,1.796880,-0.000000
616,0.808534,0.002574,34.154684,1.798702,0.000000
617,0.831887,0.012823,22.306415,1.796464,-0.000000
618,0.849088,0.005265,18.240865,1.797257,0.000000
619,0.846143,0.017212,24.531737,1.795999,0.000000
620,0.841740,0.049761,25.489870,1.797222,0.000000
621,0.801855,0.002100,39.082949,1.788430,0.000000
622,0.843003,0.022874,35.156972,1.783699,0.000000
623,0.834917,0.001707,15.378688,1.777110,0.000000
624,0.799166,-0.010670,40.674637,1.785333,0.000000
625,0.845182,0.398108,36.797582,1.809165,-0.000000
626,0.842118,0.021018,20.405021,1.813350,0.000000
627,0.824119,0.008766,23.859491,1.813079,0.000000
628,0.836984,0.008097,23.570278,1.814333,0.000000
629,0.842600,0.012071,30.359454,1.808856,-0.000000
630,0.836847,0.033736,22.250007,1.811191,0.000000
631,0.843361,0.009315,24.323675,1.811346,0.000000
632,0.753491,0.004075,39.346718,1.798494,0.000000
633,0.768729,0.037786,27.558592,1.800066,0.000000
634,0.801178,0.091103,39.179388,1.801488,-0.000000
635,0.823794,0.193244,44.676325,1.798267,0.000000
636,0.831115,-0.000384,44.085274,1.806614,-0.000000
637,0.830760,0.002586,34.442928,1.815436,-0.000000
638,0.829316,0.016978,40.141126,1.824765,0.000000
639,0.829594,0.151883,31.418943,1.817390,0.000000
640,0.830046,0.004333,37.269647,1.799654,-0.000000
641,0.831741,0.036701,35.780946,1.796099,-0.000000
642,0.820684,0.042368,26.376483,1.798526,0.000000
643,0.842872,0.046057,39.547542,1.796219,0.000000
644,0.845727,0.007185,32.445942,1.806775,0.000000
645,0.841273,0.006612,47.705033,1.827692,-0.000000
646,0.840899,0.000738,32.181664,1.824335,0.000000
647,0.837481,0.020587,17.965862,1.803525,0.000000
648,0.833007,0.010138,24.839112,1.787510,-0.000000
649,0.839931,0.007862,25.472188,1.783413,0.000000
650,0.836388,-0.000992,11.336390,1.787674,0.000000
651,0.832668,0.010514,7.924063,1.788535,0.000000
652,0.822823,0.016658,7.557658,1.777503,0.000000
653,0.814166,0.012194,8.358765,1.752534,-0.000000
654,0.804822,0.037773,7.702486,1.729635,0.000000
655,0.792905,0.034461,10.838191,1.701379,0.000000
656,0.801584,0.113833,9.943939,1.679201,0.000000
657,0.814351,-0.002610,12.521351,1.684470,-0.000000
658,0.834129,0.009026,31.159890,1.704495,0.000000
659,0.832797,0.000232,15.582922,1.710967,0.000000
660,0.826592,0.034521,14.445566,1.723916,0.000000
661,0.839375,-0.001515,33.839594,1.727968,0.000000
662,0.822971,0.014365,15.445019,1.721315,0.000000
663,0.819059,0.011926,12.359582,1.711194,0.000000
664,0.815701,0.019311,7.926752,1.699736,-0.000000
665,0.809907,0.021866,8.529091,1.685614,0.000000
666,0.820381,0.001208,9.381007,1.685859,0.000000
667,0.804736,0.011139,9.538240,1.692050,0.000000
668,0.827578,-0.002428,28.568938,1.684818,-0.000000
669,0.827400,0.035978,8.352829,1.696558,0.000000
670,0.839128,-0.006179,37.573549,1.721546,0.000000
671,0.835514,0.000733,40.711384,1.737420,0.000000
672,0.823763,0.008496,25.853316,1.750285,-0.000000
673,0.831783,0.005484,25.086771,1.762912,-0.000000
674,0.833435,0.014760,23.306842,1.775373,0.000000
675,0.829552,0.006619,9.550749,1.769970,0.000000
676,0.839194,0.004910,31.851533,1.731420,0.000000
677,0.841490,0.005006,22.758702,1.719849,-0.000000
678,0.834689,0.004884,9.845131,1.738779,-0.000000
679,0.811809,0.007836,14.561913,1.724881,0.000000
680,0.844732,-0.000650,49.467354,1.704285,0.000000
681,0.846257,0.001241,29.566299,1.694824,0.000000
682,0.833553,0.010155,14.787765,1.690748,-0.000000
683,0.801714,0.033404,8.726689,1.680010,-0.000000
684,0.802601,0.007406,24.769004,1.656981,0.000000
685,0.821742,0.017216,13.249355,1.654622,-0.000000
686,0.740984,0.002150,50.745527,1.664428,0.000000
687,0.786186,0.015734,25.864954,1.665097,0.000000
688,0.747028,0.023956,21.898383,1.662696,-0.000000
689,0.663248,0.014659,21.334543,1.659047,0.000000
690,0.801856,0.100592,17.816877,1.649613,-0.000000
691,0.777349,0.687131,3.958680,1.636423,-0.000000
692,0.807504,0.003010,8.260356,1.628433,0.000000
693,0.788076,0.024231,12.223187,1.631775,0.000000
694,0.750609,0.100111,2.645794,1.636510,0.000000
695,0.825763,0.021023,43.925634,1.625766,0.000000
696,0.816306,0.095440,18.098261,1.617826,0.000000
697,0.846289,0.000512,37.830504,1.617258,0.000000
698,0.776516,0.014679,5.387297,1.613706,0.000000
699,0.761766,0.013549,11.245724,1.598535,0.000000
700,0.829543,0.025660,24.841397,1.603858,-0.000000
701,0.793897,0.009552,17.408956,1.610443,-0.000000
702,0.773752,-0.003141,12.597328,1.608105,0.000000
703,0.807756,0.012708,24.020750,1.606595,-0.000000
704,0.739546,0.043260,1.614100,1.598394,-0.000000
705,0.796672,0.003844,26.843674,1.606162,-0.000000
706,0.816910,0.026196,9.005479,1.621206,0.000000
707,0.786018,0.081113,14.182514,1.612779,0.000000
708,0.725123,0.000161,41.158581,1.595069,0.000000
709,0.794612,0.041698,18.423987,1.594687,-0.000000
710,0.822975,-0.001279,16.379878,1.593133,0.000000
711,0.782706,0.019122,8.272387,1.591071,0.000000
712,0.747271,0.009961,3.106992,1.576438,-0.000000
713,0.720368,0.020822,2.467263,1.545982,-0.000000
714,0.814447,0.067062,17.390157,1.535219,-0.000000
715,0.799660,0.043453,15.195386,1.546718,-0.000000
716,0.833713,0.020829,28.897195,1.569509,0.000000
717,0.820327,0.013061,27.265176,1.590005,0.000000
718,0.779993,0.010194,9.832893,1.588017,0.000000
719,0.806005,0.005206,13.525883,1.584891,-0.000000
720,0.831119,0.037650,17.822422,1.586474,0.000000
721,0.806141,-0.002984,20.429268,1.606113,0.000000
722,0.812754,0.011109,22.901821,1.630705,0.000000
723,0.830632,0.004229,22.063474,1.643285,-0.000000
724,0.843045,0.118828,26.804982,1.649259,-0.000000
725,0.850672,0.029551,53.972430,1.642598,0.000000
726,0.843871,-0.002716,27.189085,1.656756,0.000000
727,0.845976,0.064924,39.098916,1.678839,0.000000
728,0.830245,0.009072,29.301892,1.685848,0.000000
729,0.847879,-0.000467,36.657336,1.684852,0.000000
730,0.849757,-0.001862,40.900576,1.700373,0.000000
731,0.846216,0.019388,24.313842,1.701915,-0.000000
732,0.845428,0.004626,35.030687,1.699379,0.000000
733,0.846567,0.015351,15.791108,1.707423,-0.000000
734,0.844106,0.056048,41.190951,1.710203,0.000000
735,0.840532,-0.000582,31.975624,1.701930,0.000000
736,0.807192,0.001035,29.847024,1.715133,-0.000000
737,0.830121,0.004457,31.219843,1.741986,-0.000000
738,0.814648,0.030889,25.836857,1.742490,0.000000
739,0.845631,0.018841,40.031357,1.740669,0.000000
740,0.844410,0.018729,49.362089,1.759534,0.000000
741,0.847279,0.018487,20.709308,1.762114,-0.000000
742,0.845429,0.011841,47.039292,1.759628,0.000000
743,0.843143,0.021197,36.160679,1.760329,0.000000
744,0.846760,0.032300,44.574092,1.745032,-0.000000
745,0.841420,0.011224,43.954150,1.735994,0.000000
746,0.836786,0.003254,39.915890,1.737832,-0.000000
747,0.797775,0.024001,41.623394,1.751915,-0.000000
748,0.736582,0.015798,48.502221,1.752297,0.000000
749,0.841136,0.010139,36.553480,1.732400,0.000000
750,0.829929,0.020610,9.436133,1.710683,0.000000
751,0.828231,0.012865,19.384917,1.699189,-0.000000
752,0.827333,0.211211,11.144600,1.694595,0.000000
753,0.822246,0.004580,14.852298,1.693941,0.000000
754,0.824937,0.047497,31.831734,1.701694,0.000000
755,0.840058,0.085780,39.078397,1.700995,-0.000000
756,0.846674,0.018236,44.143789,1.672833,-0.000000
757,0.833340,0.024382,17.252179,1.654262,-0.000000
758,0.839296,0.121322,25.915751,1.663774,-0.000000
759,0.845301,0.008793,35.930827,1.672300,0.000000
760,0.842185,0.016404,31.823070,1.673529,-0.000000
761,0.837718,0.003991,46.556110,1.673371,0.000000
762,0.826720,0.005037,33.266160,1.672200,0.000000
763,0.845935,0.057678,40.043733,1.683263,0.000000
764,0.833154,0.022483,23.295730,1.686906,-0.000000
765,0.796120,0.000891,36.651364,1.695853,0.000000
766,0.841429,0.012467,39.310066,1.702241,-0.000000
767,0.841552,0.004583,25.298644,1.692850,0.000000
768,0.839524,0.016569,54.468531,1.682788,0.000000
769,0.836084,-0.001757,48.756694,1.681134,0.000000
770,0.837710,0.000586,54.741965,1.675359,0.000000
771,0.846265,0.004794,47.956695,1.667325,0.000000
772,0.841031,0.017206,43.556617,1.669600,-0.000000
773,0.842086,0.001378,48.541497,1.675325,0.000000
774,0.834549,-0.001158,45.825207,1.680370,-0.000000
775,0.839141,0.059726,42.262342,1.694823,-0.000000
776,0.842855,0.001841,47.993818,1.710186,-0.000000
777,0.830663,0.027636,40.590455,1.710062,0.000000
778,0.841884,0.013474,38.723652,1.698431,0.000000
779,0.824247,0.003260,51.356960,1.697439,-0.000000
780,0.842640,0.026927,50.384524,1.692950,0.000000
781,0.824559,0.051033,46.127141,1.689564,-0.000000
782,0.844598,0.006317,50.128041,1.694655,0.000000
783,0.846912,0.046211,53.710447,1.684455,-0.000000
784,0.843409,0.002587,52.893117,1.676508,-0.000000
785,0.840975,0.057117,50.611361,1.687001,-0.000000
786,0.844580,0.002295,49.241196,1.704847,-0.000000
787,0.781320,0.017405,52.256559,1.703183,-0.000000
788,0.822335,0.031283,44.721626,1.692360,-0.000000
789,0.844940,0.001225,48.128183,1.697783,-0.000000
790,0.846680,0.004794,47.264737,1.697772,0.000000
791,0.842400,0.000765,46.434570,1.707543,-0.000000
792,0.842036,-0.002106,48.332908,1.722705,-0.000000
793,0.842229,0.003273,46.167881,1.731490,-0.000000
794,0.841636,0.411181,47.149076,1.731994,0.000000
795,0.843481,0.020975,43.904182,1.729944,0.000000
796,0.798962,-0.005229,58.342464,1.734816,0.000000
797,0.843482,0.019831,40.110884,1.740212,0.000000
798,0.848562,0.033667,37.125627,1.744036,0.000000
799,0.845828,0.467673,40.231697,1.739423,0.000000
800,0.845587,0.009669,48.885817,1.725420,-0.000000
801,0.842740,0.004091,46.263704,1.730077,0.000000
802,0.837540,0.007610,38.270604,1.714216,-0.000000
803,0.745760,0.011708,82.201805,1.690951,0.000000
804,0.843204,0.010532,29.123984,1.693862,0.000000
805,0.847124,0.004166,32.980536,1.698956,0.000000
806,0.712419,0.024812,73.001776,1.693907,-0.000000
807,0.770580,0.007808,43.183251,1.687146,-0.000000
808,0.844878,0.010602,30.689920,1.682345,0.000000
809,0.792734,0.034714,36.660133,1.683709,0.000000
810,0.829528,0.009876,51.392750,1.680540,-0.000000
811,0.840312,0.003023,45.390718,1.674339,-0.000000
812,0.838138,0.000539,48.878326,1.683606,0.000000
813,0.840816,0.006959,49.446736,1.689740,-0.000000
814,0.846608,0.008553,46.749904,1.692828,-0.000000
815,0.846835,0.017606,49.096448,1.698420,0.000000
816,0.846006,0.006609,47.886930,1.725720,0.000000
817,0.844495,0.006512,47.809193,1.759435,-0.000000
818,0.847115,0.006293,45.215566,1.771977,-0.000000
819,0.843670,0.013870,45.701549,1.771648,-0.000000
820,0.846832,-0.004204,42.016094,1.784839,-0.000000
821,0.851980,0.026797,35.817169,1.792538,-0.000000
822,0.826439,0.000197,50.304587,1.793554,0.000000
823,0.845976,0.046712,47.383415,1.797054,0.000000
824,0.843868,0.006558,46.863533,1.788746,-0.000000
825,0.844898,-0.002064,37.293454,1.797029,-0.000000
826,0.843963,0.082940,36.821559,1.804178,0.000000
827,0.847210,0.001656,45.625778,1.818312,-0.000000
828,0.849959,-0.000433,40.132952,1.834706,0.000000
829,0.844440,0.017462,39.936958,1.848935,0.000000
830,0.844350,0.084471,48.699850,1.848910,-0.000000
831,0.843872,0.002129,51.520569,1.843927,0.000000
832,0.845663,0.012067,52.955280,1.838466,-0.000000
833,0.832990,-0.000930,53.398546,1.843569,0.000000
834,0.849052,-0.003809,52.166964,1.849190,-0.000000
835,0.851148,0.019174,55.748721,1.855846,0.000000
836,0.850021,0.013328,53.839983,1.867806,-0.000000
837,0.850521,0.065945,41.049706,1.886979,0.000000
838,0.849688,0.003933,35.732611,1.900714,0.000000
839,0.845231,0.013741,40.081233,1.914751,-0.000000
840,0.846714,0.169347,39.876519,1.928789,0.000000
841,0.696370,0.217723,70.785218,1.925853,0.000000
842,0.694143,0.045939,52.775756,1.909358,0.000000
843,0.778420,0.128635,47.653926,1.884857,0.000000
844,0.843441,0.015262,43.062931,1.864465,-0.000000
845,0.741611,0.004503,43.101056,1.851456,0.000000
846,0.828489,0.005371,36.368606,1.849355,-0.000000
847,0.797273,0.024387,35.705674,1.852221,-0.000000
848,0.840386,0.035891,38.685649,1.845574,0.000000
849,0.843408,0.011320,44.431745,1.840230,-0.000000
850,0.836584,0.003631,43.608279,1.848397,-0.000000
851,0.821337,0.005351,43.589510,1.851302,-0.000000
852,0.837817,0.038660,40.874952,1.867739,-0.000000
853,0.840205,0.017105,37.670829,1.897579,-0.000000
854,0.822107,0.012172,40.358187,1.909291,0.000000
855,0.849571,0.037764,37.273467,1.906740,0.000000
856,0.849271,0.007167,57.153806,1.898288,0.000000
857,0.804298,0.004185,63.217493,1.896963,-0.000000
858,0.848242,0.004518,37.003590,1.893278,-0.000000
859,0.803716,0.043271,51.851376,1.895325,-0.000000
860,0.852767,0.001886,47.402035,1.909152,0.000000
861,0.849686,0.003663,48.288561,1.929354,-0.000000
862,0.848356,0.004272,64.379670,1.940275,-0.000000
863,0.836086,0.035956,59.804255,1.952846,-0.000000
864,0.848040,0.026281,51.687135,1.955308,0.000000
865,0.845204,0.011588,50.627044,1.952203,-0.000000
866,0.848506,0.013975,53.371707,1.962149,-0.000000
867,0.802226,0.069968,59.981696,1.961798,-0.000000
868,0.847637,0.137715,41.075747,1.952556,0.000000
869,0.848795,1.602256,40.718064,1.944814,0.000000
870,0.846855,0.012316,45.941585,1.933811,-0.000000
871,0.783800,0.023644,55.502340,1.932485,0.000000
872,0.847820,0.043632,44.411653,1.932627,-0.000000
873,0.848994,0.111409,45.404132,1.922746,-0.000000
874,0.849412,0.028202,49.283263,1.920213,0.000000
875,0.836705,0.007213,50.459013,1.916800,-0.000000
876,0.851428,0.009118,50.645727,1.920520,-0.000000
877,0.848143,0.000738,47.223306,1.940960,-0.000000
878,0.848884,-0.003489,51.121429,1.948523,0.000000
879,0.851625,0.016074,52.369409,1.955935,-0.000000
880,0.849885,0.010316,52.504090,1.965715,0.000000
881,0.836678,0.004446,52.198364,1.983784,-0.000000
882,0.806927,0.050544,59.028425,1.983035,0.000000
883,0.786423,0.016004,61.781249,1.972571,-0.000000
884,0.849058,0.034776,50.060643,1.967892,0.000000
885,0.849293,0.043005,47.943517,1.965107,0.000000
886,0.850745,-0.001018,47.942686,1.976869,0.000000
887,0.848958,0.114921,42.282932,2.000155,-0.000000
888,0.854678,0.017397,44.025630,2.007901,-0.000000
889,0.851277,0.014112,43.528489,2.007165,-0.000000
890,0.850112,0.081058,43.422727,2.017055,-0.000000
891,0.852600,0.246112,48.242908,2.030507,-0.000000
892,0.852885,0.007464,50.163072,2.038962,0.000000
893,0.851207,0.054142,44.427436,2.030810,-0.000000
894,0.845058,0.020709,53.291467,2.020779,0.000000
895,0.842474,0.004061,52.684657,2.017617,-0.000000
896,0.829183,0.002944,43.570142,2.021552,0.000000
897,0.837197,0.024521,50.473970,2.019410,0.000000
898,0.845589,0.022325,43.280069,2.011008,-0.000000
899,0.844877,0.003209,46.511686,2.018856,-0.000000
900,0.820992,0.102699,38.341920,2.017383,-0.000000
901,0.841778,0.034605,52.597013,2.006948,0.000000
902,0.840260,-0.000606,45.918670,2.024624,-0.000000
903,0.825475,0.060749,40.106703,2.035521,-0.000000
904,0.841934,-0.002311,47.196224,2.045170,0.000000
905,0.835907,0.044161,52.071277,2.079507,0.000000
906,0.838579,0.104936,43.975836,2.093248,-0.000000
907,0.835919,0.014339,56.961815,2.091479,0.000000
908,0.832537,0.090512,43.379752,2.083000,-0.000000
909,0.773076,0.040464,48.614725,2.087283,0.000000
910,0.821346,0.049877,37.719833,2.099802,-0.000000
911,0.827715,0.010359,53.504419,2.090890,-0.000000
912,0.835544,0.051487,44.724974,2.085665,0.000000
913,0.834734,0.194456,43.725007,2.091516,0.000000
914,0.836445,0.023775,48.131477,2.091890,-0.000000
915,0.832407,0.038088,50.248299,2.073543,0.000000
916,0.837042,0.000714,49.257166,2.055412,-0.000000
917,0.832399,0.027327,36.200568,2.036698,-0.000000
918,0.835128,0.053599,32.266295,2.026307,-0.000000
919,0.836579,0.032563,26.124248,2.023925,0.000000
920,0.835222,0.013306,26.519109,2.018461,-0.000000
921,0.815724,0.005478,31.687939,2.013497,0.000000
922,0.815256,0.008062,27.845924,2.022941,0.000000
923,0.835521,0.015785,42.210878,2.029138,0.000000
924,0.834636,0.054276,45.141868,2.021940,-0.000000
925,0.835777,0.009626,25.183527,2.032565,0.000000
926,0.823053,0.035735,25.618183,2.046456,0.000000
927,0.830375,0.064226,29.896833,2.047082,-0.000000
928,0.826565,0.129533,18.176646,2.053869,0.000000
929,0.818224,0.044291,17.072723,2.042884,0.000000
930,0.826328,-0.003401,40.301662,2.025684,-0.000000
931,0.832149,0.013520,57.749623,2.021046,-0.000000
932,0.814719,0.028994,48.193062,1.999464,0.000000
933,0.831832,0.005522,47.398663,1.988559,-0.000000
934,0.827381,0.072009,32.430902,1.980582,0.000000
935,0.828818,0.029483,35.671375,1.974497,-0.000000
936,0.708723,0.006444,54.032488,1.988516,0.000000
937,0.828977,0.002940,51.227422,1.986204,0.000000
938,0.790193,13.637798,48.791701,1.974809,-0.000000
939,0.833148,0.022195,46.833570,1.971927,0.000000
940,0.838288,0.000977,43.817098,1.968297,-0.000000
941,0.837877,0.051520,47.093889,1.966232,-0.000000
942,0.833752,0.014889,33.440480,1.976900,-0.000000
943,0.836220,0.022650,36.919694,1.987665,0.000000
944,0.834823,0.021271,34.861661,1.982010,0.000000
945,0.828039,0.040893,29.997997,1.987950,-0.000000
946,0.833531,0.033847,44.088315,1.992286,-0.000000
947,0.834525,0.013280,27.721222,1.991666,-0.000000
948,0.833460,0.013189,35.370916,2.005362,0.000000
949,0.829038,0.106898,42.130900,2.015292,-0.000000
950,0.825519,0.020304,35.851748,2.003785,-0.000000
951,0.823615,0.024062,42.305773,1.992505,0.000000
952,0.827323,0.013916,25.934124,1.988077,-0.000000
953,0.776630,0.440398,34.055616,1.983844,0.000000
954,0.830767,0.016371,24.794201,1.980797,-0.000000
955,0.832051,0.010085,22.818418,1.982720,0.000000
956,0.824311,0.012368,40.481075,1.976126,0.000000
957,0.817533,0.013472,50.987134,1.985178,-0.000000
958,0.820098,0.025044,30.861408,2.002519,-0.000000
959,0.823413,0.104647,31.983278,2.007847,0.000000
960,0.829451,0.014035,22.680789,2.010800,0.000000
961,0.830839,0.044876,21.809075,2.018480,-0.000000
962,0.823102,0.064763,45.820774,2.009775,-0.000000
963,0.822540,0.101670,36.413721,1.994127,0.000000
964,0.822201,0.029111,48.009972,1.982778,-0.000000
965,0.823300,1.311289,44.272465,1.987547,-0.000000
966,0.827596,0.002214,49.206057,1.989806,0.000000
967,0.822449,0.011105,40.675114,1.984791,0.000000
968,0.826744,0.014693,24.199181,1.969426,-0.000000
969,0.828576,0.017298,21.615882,1.949071,0.000000
970,0.831803,0.630839,11.566343,1.937532,0.000000
971,0.826871,0.026770,14.040852,1.920563,0.000000
972,0.822048,0.066239,14.127521,1.899750,0.000000
973,0.811434,0.108638,15.453492,1.874411,-0.000000
974,0.827488,0.062485,26.344671,1.863415,-0.000000
975,0.827326,0.076761,8.859387,1.859644,-0.000000
976,0.833329,0.008446,28.311243,1.841080,0.000000
977,0.834555,0.037565,29.645720,1.835401,-0.000000
978,0.825224,0.229130,20.295631,1.819780,0.000000
979,0.833095,0.019301,20.742960,1.798709,-0.000000
980,0.832767,0.003800,12.653440,1.793277,0.000000
981,0.815029,0.026604,9.304351,1.785642,-0.000000
982,0.827186,0.214675,33.116057,1.769489,-0.000000
983,0.834761,0.019532,40.746204,1.766858,0.000000
984,0.837096,0.004613,50.899675,1.769898,0.000000
985,0.837816,0.010541,58.863600,1.780647,-0.000000
986,0.836155,0.001832,51.299823,1.789178,-0.000000
987,0.835587,0.014376,46.901962,1.780679,0.000000
988,0.837836,0.013114,52.636022,1.776933,0.000000
989,0.831531,0.019977,49.899592,1.782140,0.000000
990,0.787058,0.010133,50.556238,1.792485,0.000000
991,0.837922,0.030988,46.040360,1.797272,-0.000000
992,0.831985,0.003595,48.614509,1.801610,-0.000000
993,0.813885,0.079084,41.773030,1.817130,0.000000
994,0.839247,0.011213,44.101948,1.835739,-0.000000
995,0.828797,0.270351,41.171912,1.835354,0.000000
996,0.831026,0.011456,49.942251,1.830038,0.000000
997,0.831476,0.261857,46.165611,1.837452,0.000000
998,0.832182,-0.000505,47.359350,1.856763,-0.000000
999,0.835852,0.021782,50.692173,1.868316,0.000000
1000,0.839987,0.009192,42.379859,1.857645,-0.000000
1001,0.833144,0.137644,40.002235,1.856315,-0.000000
1002,0.829110,0.064954,44.897116,1.857921,-0.000000
1003,0.824682,0.027178,37.323019,1.840564,-0.000000
1004,0.841201,0.013027,28.289699,1.823014,-0.000000
1005,0.820907,0.005374,25.129821,1.809618,0.000000
1006,0.833144,0.023811,28.768117,1.799916,-0.000000
1007,0.827780,0.004912,40.595186,1.805201,0.000000
1008,0.833490,0.009597,35.967872,1.796787,-0.000000
1009,0.792163,0.002517,39.775872,1.785345,0.000000
1010,0.817792,0.041757,33.559985,1.802588,0.000000
1011,0.822034,0.016245,30.513059,1.817270,-0.000000
1012,0.828704,0.010850,31.891660,1.808478,-0.000000
1013,0.834673,0.003646,38.297768,1.807716,-0.000000
1014,0.843152,0.037820,45.945211,1.824155,-0.000000
1015,0.834374,0.041467,52.072371,1.832896,0.000000
1016,0.829690,0.003085,48.459022,1.833000,0.000000
1017,0.829450,0.043114,44.026946,1.847151,0.000000
1018,0.829873,0.010382,48.773824,1.860982,-0.000000
1019,0.826519,0.016610,47.751771,1.868952,-0.000000
1020,0.823070,0.037970,44.853740,1.874072,-0.000000
1021,0.828535,0.001130,41.097384,1.878749,-0.000000
1022,0.831387,0.071966,44.505122,1.891773,0.000000
1023,0.833010,5.828235,42.874942,1.899159,0.000000
1024,0.819791,0.015510,44.321229,1.893131,0.000000
1025,0.815007,0.010757,46.341367,1.888995,0.000000
1026,0.823932,0.082044,43.650588,1.893015,0.000000
1027,0.819187,0.011943,42.820982,1.874587,-0.000000
1028,0.820589,0.010505,40.742347,1.859758,-0.000000
1029,0.816331,0.018620,37.751525,1.854297,0.000000
1030,0.829211,0.049804,33.644391,1.842310,0.000000
1031,0.827162,-0.000603,31.453944,1.827287,0.000000
1032,0.824613,0.032851,36.326643,1.827712,-0.000000
1033,0.823457,0.000868,38.360131,1.830921,-0.000000
1034,0.824499,0.017740,29.883822,1.839382,0.000000
1035,0.823520,0.010762,48.839029,1.849195,-0.000000
1036,0.815642,0.002094,44.088801,1.859046,0.000000
1037,0.801259,0.017588,33.085730,1.866220,0.000000
1038,0.822037,0.009237,48.442145,1.881995,0.000000
1039,0.824797,0.010012,50.757928,1.896972,-0.000000
1040,0.818861,0.016772,48.247047,1.907307,0.000000
1041,0.813328,0.064625,45.867057,1.921507,-0.000000
1042,0.825280,0.010678,39.688992,1.927382,-0.000000
1043,0.821612,-0.002245,32.793157,1.940463,0.000000
1044,0.821828,0.138859,27.348682,1.957890,0.000000
1045,0.817765,0.016030,23.176870,1.954318,0.000000
1046,0.820002,0.200302,36.239492,1.945908,0.000000
1047,0.819166,0.001314,46.646292,1.957634,-0.000000
1048,0.822005,0.084766,45.610204,1.957466,0.000000
1049,0.819697,0.052981,53.453529,1.940074,0.000000
1050,0.820923,0.012489,50.642393,1.927684,0.000000
1051,0.822785,0.019136,32.259801,1.913185,0.000000
1052,0.824339,0.003813,43.400987,1.915828,-0.000000
1053,0.818242,0.017558,45.014405,1.921685,-0.000000
1054,0.821100,0.147971,42.210025,1.920070,0.000000
1055,0.815751,0.104921,35.155729,1.904968,0.000000
1056,0.790508,0.051603,21.423852,1.895143,0.000000
1057,0.816104,0.025417,29.887076,1.896891,0.000000
1058,0.796132,0.007286,22.185186,1.890115,-0.000000
1059,0.816665,0.062840,42.540061,1.884702,-0.000000
1060,0.813328,0.011316,27.256811,1.886234,-0.000000
1061,0.813665,0.006916,30.231670,1.893751,-0.000000
1062,0.822171,0.028509,25.582190,1.902653,0.000000
1063,0.824768,0.002136,31.867064,1.907053,-0.000000
1064,0.809178,0.019419,18.989005,1.921893,-0.000000
1065,0.809215,0.185256,31.330124,1.931528,0.000000
1066,0.819883,0.047222,34.693502,1.931809,0.000000
1067,0.822640,0.005325,27.435246,1.930708,-0.000000
1068,0.815081,0.025538,41.305419,1.933952,0.000000
1069,0.818760,0.009210,43.309644,1.934317,0.000000
1070,0.812298,0.006513,43.797523,1.944154,0.000000
1071,0.814170,0.067015,38.218075,1.940552,0.000000
1072,0.820877,0.008581,38.825609,1.935404,-0.000000
1073,0.812725,0.193844,30.314614,1.938136,-0.000000
1074,0.819329,0.033055,24.167633,1.935622,0.000000
1075,0.812879,0.027874,14.637583,1.919476,-0.000000
1076,0.815681,0.002240,16.929281,1.916215,0.000000
1077,0.818100,0.039374,16.773020,1.915612,0.000000
1078,0.818133,0.004430,11.993228,1.914364,0.000000
1079,0.818425,0.038505,4.916914,1.917799,0.000000
1080,0.821853,0.033052,23.024901,1.903674,0.000000
1081,0.823746,0.006971,35.753260,1.896769,0.000000
1082,0.822215,0.011005,19.946526,1.897810,0.000000
1083,0.822305,0.063551,26.966527,1.903689,0.000000
1084,0.822840,0.007849,28.048874,1.913442,-0.000000
1085,0.822702,0.051873,22.905660,1.905831,0.000000
1086,0.822013,0.028990,22.656972,1.879610,0.000000
1087,0.815900,0.017093,31.212031,1.854930,0.000000
1088,0.811813,0.063753,31.449326,1.849112,-0.000000
1089,0.823044,0.014168,30.623324,1.848141,0.000000
1090,0.823910,0.054851,36.213107,1.854948,-0.000000
1091,0.825489,0.004720,31.881845,1.855650,0.000000
1092,0.825516,-0.004190,37.935809,1.850919,0.000000
1093,0.825663,0.001755,44.742175,1.875776,-0.000000
1094,0.824419,0.018383,35.563232,1.897197,-0.000000
1095,0.825116,0.044827,35.136099,1.883788,-0.000000
1096,0.825661,0.009158,33.875520,1.863958,-0.000000
1097,0.819855,0.064561,22.409236,1.864587,-0.000000
1098,0.829538,0.017061,30.141041,1.862839,0.000000
1099,0.827068,0.057916,34.282896,1.837026,-0.000000
1100,0.830084,0.013944,31.437281,1.808857,0.000000
1101,0.826287,0.008426,36.051049,1.804540,0.000000
1102,0.816655,0.005788,26.063284,1.813609,0.000000
1103,0.792958,0.003533,27.509016,1.814191,0.000000
1104,0.800693,0.027875,25.195815,1.817601,0.000000
1105,0.822229,0.010790,37.301771,1.819080,0.000000
1106,0.814739,0.004541,39.765230,1.807865,-0.000000
1107,0.824361,0.171106,24.032566,1.807542,0.000000
1108,0.819774,0.009565,37.047323,1.810770,0.000000
1109,0.815740,0.020919,27.332280,1.818515,0.000000
1110,0.789087,-0.000800,27.946317,1.830419,0.000000
1111,0.798993,0.020439,18.955706,1.827653,-0.000000
1112,0.816768,0.001784,27.994553,1.831269,0.000000
1113,0.821384,0.004624,24.612711,1.847138,0.000000
1114,0.826709,0.081752,39.830905,1.845276,0.000000
1115,0.816564,0.007498,35.911626,1.838071,0.000000
1116,0.818495,0.023324,28.719149,1.832684,-0.000000
1117,0.813639,0.006060,36.546481,1.833255,-0.000000
1118,0.821766,0.185040,34.449132,1.842812,-0.000000
1119,0.818108,0.008607,32.738786,1.855499,0.000000
1120,0.819593,0.001361,26.884446,1.862974,-0.000000
1121,0.819700,0.011084,28.382257,1.862877,-0.000000
1122,0.814618,0.009731,16.357632,1.843629,0.000000
1123,0.811124,0.083352,12.744966,1.825009,-0.000000
1124,0.812845,0.042267,11.241383,1.819020,0.000000
1125,0.819840,0.002559,14.146980,1.813426,0.000000
1126,0.817224,0.094976,12.390279,1.815003,-0.000000
1127,0.821006,0.024780,14.515009,1.823811,0.000000
1128,0.818698,0.001782,26.045256,1.819422,0.000000
1129,0.820757,0.074334,19.081305,1.807329,0.000000
1130,0.813927,0.020775,28.981793,1.801147,0.000000
1131,0.814024,0.018346,14.231075,1.785766,0.000000
1132,0.810768,0.168304,29.184142,1.773504,0.000000
1133,0.814889,-0.005466,28.389828,1.781174,0.000000
1134,0.815724,-0.001911,30.901355,1.788017,-0.000000
1135,0.816537,0.019782,17.261507,1.789513,-0.000000
1136,0.812473,0.015165,13.715166,1.775984,0.000000
1137,0.818436,0.006728,21.704239,1.760164,-0.000000
1138,0.822530,0.016458,20.037857,1.765903,0.000000
1139,0.827000,0.004471,25.589531,1.780915,-0.000000
1140,0.826539,0.009947,23.819163,1.765605,-0.000000
1141,0.822934,0.045164,29.358715,1.739596,-0.000000
1142,0.815891,0.004068,21.632681,1.736280,-0.000000
1143,0.806598,0.016572,27.373542,1.728990,0.000000
1144,0.807595,0.022565,16.196321,1.704056,-0.000000
1145,0.802316,0.025207,16.533906,1.687176,0.000000
1146,0.796731,0.007451,13.653614,1.685460,0.000000
1147,0.802948,0.141697,19.903580,1.675814,-0.000000
1148,0.809338,0.001589,21.350624,1.662048,0.000000
1149,0.812193,0.004416,15.291834,1.655278,0.000000
1150,0.825335,0.009499,18.836299,1.646152,-0.000000
1151,0.821591,0.009161,18.215070,1.637324,-0.000000
1152,0.824746,0.003770,21.342571,1.645992,0.000000
1153,0.829394,0.017284,21.076500,1.640603,0.000000
1154,0.835828,0.005507,20.031148,1.614964,0.000000
1155,0.826693,0.006416,24.179813,1.615202,-0.000000
1156,0.823967,0.015082,21.086866,1.628134,0.000000
1157,0.814568,0.019518,27.037699,1.627773,-0.000000
1158,0.818543,0.020252,26.690537,1.628491,0.000000
1159,0.811967,0.003045,12.095207,1.621033,-0.000000
1160,0.821342,0.007341,6.539554,1.611646,0.000000
1161,0.815030,0.140078,14.918729,1.613778,0.000000
1162,0.810905,0.002275,15.808888,1.613989,-0.000000
1163,0.809520,0.029485,10.316587,1.603962,0.000000
1164,0.812709,-0.002367,8.871990,1.593012,0.000000
1165,0.819210,0.015136,11.562832,1.597727,0.000000
1166,0.813124,0.006609,16.627219,1.604530,-0.000000
1167,0.808849,0.004282,19.416262,1.604544,-0.000000
1168,0.809962,0.007132,18.308669,1.602706,0.000000
1169,0.804017,0.012505,13.157809,1.611687,0.000000
1170,0.806797,0.002816,11.495031,1.613870,-0.000000
1171,0.799751,0.058204,9.790838,1.614896,-0.000000
1172,0.804237,0.002940,8.719365,1.629724,0.000000
1173,0.798989,0.021255,15.590303,1.633082,0.000000
1174,0.804613,0.005020,15.164927,1.630865,0.000000
1175,0.793748,0.008301,12.584734,1.640571,0.000000
1176,0.802988,0.001962,12.961550,1.643158,0.000000
1177,0.803710,0.022456,10.063940,1.661298,-0.000000
1178,0.792127,0.011439,11.470838,1.668220,-0.000000
1179,0.794483,0.060229,12.869390,1.660642,-0.000000
1180,0.791818,0.014477,10.537122,1.656029,-0.000000
1181,0.793888,0.002129,8.070153,1.663977,0.000000
1182,0.804606,0.008417,14.182173,1.661916,0.000000
1183,0.791704,0.017533,9.094515,1.652727,-0.000000
1184,0.799863,0.248500,9.463169,1.642102,-0.000000
1185,0.803294,0.000208,10.112634,1.622022,-0.000000
1186,0.797253,0.001965,8.148434,1.601626,0.000000
1187,0.792569,-0.002968,10.914286,1.599046,0.000000
1188,0.787735,0.005228,11.143877,1.604647,0.000000
1189,0.782509,0.015893,4.195206,1.604661,-0.000000
1190,0.779569,0.582982,3.766245,1.596375,0.000000
1191,0.783973,0.002273,4.393024,1.583704,0.000000
1192,0.797745,0.058820,11.780338,1.576752,-0.000000
1193,0.793068,0.003999,8.199215,1.579991,-0.000000
1194,0.793373,0.044976,5.863640,1.602122,0.000000
1195,0.797803,0.027457,6.724972,1.615716,-0.000000
1196,0.795665,0.000584,10.891953,1.622391,0.000000
1197,0.790230,0.012560,4.229733,1.627864,-0.000000
1198,0.793563,0.032041,5.023795,1.629950,0.000000
1199,0.796274,0.010813,5.060421,1.635428,0.000000
1200,0.800887,0.000544,9.213103,1.642696,-0.000000
1201,0.795323,0.018362,3.313483,1.657108,0.000000
1202,0.791584,0.028758,5.408110,1.658653,0.000000
1203,0.793521,-0.001925,3.116661,1.646708,-0.000000
1204,0.788182,0.137636,4.720130,1.641659,0.000000
1205,0.789893,0.065499,2.282299,1.639715,-0.000000
1206,0.791639,0.011284,2.947842,1.635495,0.000000
1207,0.782289,0.013211,2.781258,1.616574,-0.000000
1208,0.789098,0.010327,3.637389,1.578551,0.000000
1209,0.791963,-0.001988,5.960776,1.576055,-0.000000
1210,0.782439,0.005194,3.233791,1.559870,0.000000
1211,0.795502,0.007279,8.160377,1.548062,0.000000
1212,0.797376,0.282567,7.866872,1.570128,-0.000000
1213,0.796699,0.023238,4.529005,1.578406,-0.000000
1214,0.801651,0.025250,3.968633,1.593900,0.000000
1215,0.799665,-0.003665,8.144534,1.627468,0.000000
1216,0.801783,-0.003090,5.032919,1.655094,0.000000
1217,0.799506,0.026037,2.861775,1.647541,0.000000
1218,0.795909,0.018531,1.830695,1.616674,-0.000000
1219,0.781266,0.025587,2.480451,1.587611,0.000000
1220,0.772333,0.044684,3.439959,1.559973,0.000000
1221,0.775699,0.015526,4.309816,1.552110,0.000000
1222,0.779855,0.018686,4.254102,1.547933,0.000000
1223,0.785344,0.006428,4.115042,1.547005,0.000000
1224,0.800661,0.008592,5.330335,1.561799,-0.000000
1225,0.803623,-0.000879,7.594583,1.599792,0.000000
1226,0.802825,0.000393,3.349482,1.623760,0.000000
1227,0.800329,0.021349,4.453606,1.612635,0.000000
1228,0.799960,0.002393,4.672200,1.594769,-0.000000
1229,0.791230,0.011017,2.685271,1.569811,-0.000000
1230,0.788633,0.008108,1.787506,1.534022,-0.000000
1231,0.781397,0.037942,1.991514,1.505235,-0.000000
1232,0.817718,0.004106,9.155201,1.495331,0.000000
1233,0.820178,0.011217,18.857426,1.497783,-0.000000
1234,0.817249,0.005499,2.961245,1.494846,-0.000000
1235,0.823613,0.023433,9.761642,1.512405,0.000000
1236,0.819263,0.021012,13.110276,1.527343,-0.000000
1237,0.821776,0.002863,12.959057,1.515642,-0.000000
1238,0.823481,0.004942,10.967718,1.519088,0.000000
1239,0.834972,-0.001894,20.860340,1.525500,0.000000
1240,0.820644,0.037929,4.064126,1.510501,0.000000
1241,0.832614,-0.004432,15.635761,1.507389,0.000000
1242,0.825953,0.008979,7.428253,1.528830,-0.000000
1243,0.820407,0.010890,6.491333,1.531585,0.000000
1244,0.831475,0.004046,15.454714,1.518466,-0.000000
1245,0.837575,-0.000347,17.535443,1.515744,-0.000000
1246,0.828716,0.152519,6.598320,1.498963,-0.000000
1247,0.828132,0.013502,6.152300,1.471822,0.000000
1248,0.822833,0.027555,4.829157,1.460203,0.000000
1249,0.829400,-0.003406,7.049329,1.454409,-0.000000
1250,0.830388,0.008476,5.389078,1.451711,-0.000000
1251,0.839103,0.007160,21.375598,1.455422,-0.000000
1252,0.837260,0.013258,13.179927,1.469302,0.000000
1253,0.835228,0.026094,5.354674,1.459132,-0.000000
1254,0.850962,0.001639,32.979474,1.454116,-0.000000
1255,0.844707,0.004337,13.265092,1.468263,-0.000000
1256,0.837444,0.003934,8.114791,1.478483,-0.000000
1257,0.833851,0.016879,6.625495,1.480276,-0.000000
1258,0.830407,0.018430,3.813926,1.463848,0.000000
1259,0.832541,0.002009,10.100852,1.442538,0.000000
1260,0.833372,0.011567,7.682760,1.436679,-0.000000
1261,0.827393,0.040557,5.028608,1.428635,0.000000
1262,0.826681,0.016533,3.774646,1.415049,0.000000
1263,0.832092,0.052302,8.224989,1.405416,0.000000
1264,0.827398,0.008020,7.697360,1.395757,-0.000000
1265,0.829960,0.005051,10.677247,1.389188,-0.000000
1266,0.828820,0.008424,8.893677,1.391798,-0.000000
1267,0.831185,-0.000813,11.812884,1.397759,-0.000000
1268,0.827746,0.017763,14.875916,1.396024,0.000000
1269,0.831622,0.005864,13.409054,1.370075,0.000000
1270,0.821762,0.018269,5.815663,1.337496,-0.000000
1271,0.821170,0.005261,5.514376,1.312565,0.000000
1272,0.811352,0.005663,7.587257,1.305763,0.000000
1273,0.820316,0.030173,21.944813,1.299144,0.000000
1274,0.799938,0.009029,10.936130,1.284144,0.000000
1275,0.809872,-0.000244,23.511045,1.293825,-0.000000
1276,0.825696,0.012552,40.446596,1.305270,-0.000000
1277,0.826817,0.003398,41.659233,1.308667,-0.000000
1278,0.828552,0.013083,33.211105,1.318709,0.000000
1279,0.832963,-0.001607,40.061532,1.344811,0.000000
1280,0.840205,0.010764,44.380770,1.372746,0.000000
1281,0.838109,0.018768,29.472813,1.393532,0.000000
1282,0.839921,0.004873,25.025295,1.405132,-0.000000
1283,0.835407,0.007886,22.770391,1.426129,-0.000000
1284,0.841932,0.000096,34.687067,1.436786,-0.000000
1285,0.844991,0.002804,33.421175,1.443105,-0.000000
1286,0.844046,0.000431,26.613723,1.465407,-0.000000
1287,0.837248,0.017218,25.272098,1.486416,0.000000
1288,0.833781,0.004368,18.487723,1.491325,-0.000000
1289,0.844630,0.034443,38.396982,1.484056,0.000000
1290,0.841846,0.082999,21.967903,1.476307,-0.000000
1291,0.850587,0.043856,32.712574,1.470102,-0.000000
1292,0.841872,0.005990,34.300870,1.475921,0.000000
1293,0.845853,-0.003390,41.176571,1.482120,-0.000000
1294,0.842992,0.013512,39.620680,1.474559,0.000000
1295,0.839342,0.001175,37.004176,1.475945,-0.000000
1296,0.843787,0.022030,39.106112,1.477561,-0.000000
1297,0.846011,0.026675,40.201189,1.478862,0.000000
1298,0.846082,0.032579,37.552889,1.497810,-0.000000
1299,0.842460,0.003387,33.855232,1.517159,0.000000
1300,0.841059,-0.001827,33.802404,1.533652,0.000000
1301,0.841904,-0.002375,31.764404,1.558587,-0.000000
1302,0.836111,0.000910,23.848425,1.568522,0.000000
1303,0.833636,0.004169,23.330911,1.575705,0.000000
1304,0.836481,0.002984,16.871670,1.593344,-0.000000
1305,0.843567,0.028634,17.851492,1.586704,0.000000
1306,0.836673,0.014786,21.827272,1.570822,0.000000
1307,0.831214,0.028718,14.003571,1.572049,-0.000000
1308,0.825134,0.029778,30.762744,1.584328,-0.000000
1309,0.823866,-0.002598,26.387944,1.589839,-0.000000
1310,0.833830,0.018917,13.844037,1.595160,0.000000
1311,0.835979,0.008227,15.141449,1.596247,0.000000
1312,0.833823,0.008899,30.433725,1.613855,-0.000000
1313,0.830392,0.028176,15.070831,1.622762,-0.000000
1314,0.831969,-0.001787,25.486397,1.624875,0.000000
1315,0.833387,0.014075,30.917570,1.619950,0.000000
1316,0.833115,0.009290,25.231065,1.621479,0.000000
1317,0.833879,0.017503,29.122419,1.630448,0.000000
1318,0.833320,-0.003090,33.312064,1.640447,0.000000
1319,0.833286,0.006637,35.374969,1.646672,-0.000000
1320,0.833384,0.008836,20.652506,1.642068,-0.000000
1321,0.837357,0.022336,22.428104,1.628760,-0.000000
1322,0.824608,0.013216,26.748221,1.617726,0.000000
1323,0.824082,0.014459,21.794816,1.622893,0.000000
1324,0.819212,0.008347,22.755955,1.629024,-0.000000
1325,0.821980,0.005195,22.065081,1.643712,-0.000000
1326,0.785112,-0.004549,17.431203,1.662349,0.000000
1327,0.815261,0.008373,19.375071,1.678845,0.000000
1328,0.820203,0.019302,17.700127,1.665966,-0.000000
1329,0.822238,0.029699,15.546294,1.642934,0.000000
1330,0.818392,0.016893,20.303110,1.630712,-0.000000
1331,0.824526,0.041414,30.276212,1.623597,0.000000
1332,0.822167,0.072144,22.155405,1.630442,0.000000
1333,0.824717,0.063479,28.085603,1.645980,0.000000
1334,0.823620,0.005453,27.977843,1.653811,-0.000000
1335,0.818210,-0.000171,23.480167,1.661630,0.000000
1336,0.819260,0.001102,21.502002,1.676848,-0.000000
1337,0.819653,0.029706,23.074574,1.681492,0.000000
1338,0.815514,0.002939,14.479624,1.676384,-0.000000
1339,0.823686,-0.002555,21.422421,1.686451,0.000000
1340,0.829399,0.016732,28.368236,1.703606,0.000000
1341,0.826766,-0.004112,21.544243,1.719324,0.000000
1342,0.823489,0.067560,18.198322,1.722586,0.000000
1343,0.832514,0.021209,26.605946,1.729388,-0.000000
1344,0.826704,0.002139,15.537808,1.752357,-0.000000
1345,0.827473,0.010791,18.021780,1.760667,0.000000
1346,0.825263,0.024828,13.768216,1.763588,0.000000
1347,0.830581,0.008498,21.220785,1.757229,0.000000
1348,0.832237,0.081498,24.392713,1.739748,0.000000
1349,0.829602,0.004811,19.131035,1.730137,-0.000000
1350,0.828419,0.014815,10.855512,1.721219,-0.000000
1351,0.830211,0.002169,11.720948,1.717968,0.000000
1352,0.825213,0.004343,11.140247,1.733068,0.000000
1353,0.826501,0.002824,10.327746,1.737093,0.000000
1354,0.833205,0.019358,27.286775,1.733379,0.000000
1355,0.839187,0.005690,21.811185,1.722511,-0.000000
1356,0.837486,0.012399,9.866196,1.705072,-0.000000
1357,0.831030,0.009226,12.688528,1.690996,0.000000
1358,0.834433,0.001507,17.464813,1.686179,0.000000
1359,0.841925,-0.001032,32.712717,1.700487,-0.000000
1360,0.837969,-0.002066,32.566458,1.725265,0.000000
1361,0.834337,-0.002992,25.427730,1.744151,-0.000000
1362,0.840772,0.098673,22.417059,1.754232,0.000000
1363,0.835469,0.074143,20.032880,1.757760,-0.000000
1364,0.833486,0.005425,21.806246,1.764902,-0.000000
1365,0.835796,0.037475,20.172640,1.766800,-0.000000
1366,0.835254,0.018768,26.669562,1.759765,-0.000000
1367,0.830754,0.083262,15.660366,1.737701,0.000000
1368,0.838495,0.173691,28.645914,1.718632,-0.000000
1369,0.837035,0.057726,14.676286,1.717867,0.000000
1370,0.840051,-0.001434,25.672875,1.710321,0.000000
1371,0.836703,0.004119,11.167229,1.704085,-0.000000
1372,0.840436,-0.000284,38.073322,1.698131,-0.000000
1373,0.839605,0.057275,20.203681,1.705736,0.000000
1374,0.843146,-0.002415,15.685323,1.709883,-0.000000
1375,0.840720,0.002563,9.888372,1.709293,-0.000000
1376,0.833916,0.008503,14.898549,1.692493,0.000000
1377,0.838839,0.000770,22.021071,1.676276,0.000000
1378,0.844601,0.002275,18.697825,1.692483,0.000000
1379,0.837152,0.012724,12.884333,1.687345,-0.000000
1380,0.845881,0.012467,33.166381,1.684858,-0.000000
1381,0.849097,0.012135,40.233084,1.692286,0.000000
1382,0.846650,0.005348,25.866463,1.700692,0.000000
1383,0.845865,0.104490,9.743413,1.694172,0.000000
1384,0.846567,0.006057,9.933861,1.678161,-0.000000
1385,0.843527,0.268707,11.796006,1.672487,0.000000
1386,0.846784,0.000848,17.319584,1.654736,0.000000
1387,0.844604,0.037983,13.003235,1.642141,0.000000
1388,0.847704,0.007260,10.829602,1.634718,0.000000
1389,0.851194,0.004469,40.020890,1.657763,-0.000000
1390,0.848912,0.053987,23.623547,1.674265,-0.000000
1391,0.846803,0.022836,14.997500,1.670000,-0.000000
1392,0.844224,0.013585,11.977114,1.669519,0.000000
1393,0.842761,0.024946,5.262090,1.658792,0.000000
1394,0.840386,0.103737,19.190821,1.651698,0.000000
1395,0.846563,-0.002909,31.709410,1.658750,0.000000
1396,0.844108,0.021090,19.674898,1.658012,-0.000000
1397,0.838741,0.186419,8.438784,1.643919,0.000000
1398,0.844086,0.018165,24.398175,1.637255,0.000000
1399,0.847564,0.000537,44.392661,1.655939,0.000000
1400,0.841623,0.003892,20.753944,1.674256,0.000000
1401,0.844970,0.007632,26.777356,1.676038,0.000000
1402,0.851990,0.008533,16.925505,1.674987,0.000000
1403,0.849345,0.001334,17.240458,1.684022,0.000000
1404,0.845319,0.790849,7.640033,1.683537,0.000000
1405,0.843510,0.031862,6.670314,1.679613,0.000000
1406,0.847011,-0.001925,24.429077,1.679280,0.000000
1407,0.840662,0.113201,15.356190,1.684532,0.000000
1408,0.852977,0.021068,38.110940,1.687996,0.000000
1409,0.850262,0.047182,32.864465,1.690620,-0.000000
1410,0.854938,-0.000979,39.912287,1.679833,0.000000
1411,0.850905,0.005350,6.265220,1.656121,-0.000000
1412,0.846154,0.011762,5.844749,1.638986,0.000000
1413,0.846455,0.087049,10.308580,1.628346,0.000000
1414,0.851907,0.008741,15.813682,1.623623,0.000000
1415,0.853151,0.031340,33.044426,1.626210,0.000000
1416,0.843551,0.021747,9.084194,1.624541,0.000000
1417,0.846441,-0.001717,12.435836,1.632272,-0.000000
1418,0.840952,0.032257,6.253563,1.638184,0.000000
1419,0.846234,1.284196,18.771573,1.653206,0.000000
1420,0.844963,-0.006526,20.294336,1.677249,-0.000000
1421,0.842308,0.039627,13.007549,1.672528,0.000000
1422,0.849790,0.019269,28.250997,1.664800,-0.000000
1423,0.845952,0.024219,16.394618,1.654273,-0.000000
1424,0.841833,0.242793,30.798790,1.647656,0.000000
1425,0.846358,0.017513,25.688442,1.651762,0.000000
1426,0.844303,0.118919,25.900252,1.650035,-0.000000
1427,0.849877,0.007252,49.362335,1.649043,0.000000
1428,0.836472,0.022117,10.517098,1.650434,0.000000
1429,0.851728,0.028573,38.929537,1.643651,0.000000
1430,0.847212,0.016052,27.266643,1.645609,-0.000000
1431,0.842066,0.019047,12.396565,1.643208,0.000000
1432,0.852079,0.018913,51.625911,1.657257,0.000000
1433,0.852914,-0.000804,47.261288,1.680206,-0.000000
1434,0.852587,0.003243,37.877767,1.696221,-0.000000
1435,0.852423,0.000038,32.753777,1.705343,-0.000000
1436,0.857465,0.039634,47.396282,1.718804,0.000000
1437,0.857512,-0.000786,43.122231,1.730352,0.000000
1438,0.852738,0.002059,28.382491,1.736897,0.000000
1439,0.855055,0.011997,55.037416,1.731691,-0.000000
1440,0.853295,0.000918,38.422335,1.729380,0.000000
1441,0.847545,0.046154,8.346541,1.708249,-0.000000
1442,0.854518,0.021232,47.002360,1.678398,0.000000
1443,0.852363,0.005423,35.981435,1.681368,0.000000
1444,0.853040,0.003960,31.556722,1.686890,0.000000
1445,0.856446,0.028875,52.942903,1.683486,-0.000000
1446,0.852606,0.010177,54.650422,1.678269,-0.000000
1447,0.855607,-0.002736,49.210178,1.672865,0.000000
1448,0.851905,0.003795,34.656265,1.647477,0.000000
1449,0.857501,0.019654,30.951779,1.623391,-0.000000
1450,0.855012,0.017645,36.656931,1.617066,0.000000
1451,0.850879,-0.001877,49.026235,1.610287,0.000000
1452,0.853362,0.003531,34.019455,1.618812,0.000000
1453,0.850532,0.006158,44.938754,1.629090,0.000000
1454,0.846774,0.024609,30.510612,1.630554,0.000000
1455,0.851644,0.004504,40.395676,1.623923,0.000000
1456,0.849688,0.010517,45.099013,1.626831,-0.000000
1457,0.842898,0.003501,35.986223,1.619758,-0.000000
1458,0.847579,0.004105,37.870722,1.620578,0.000000
1459,0.844181,0.002927,37.457920,1.636644,-0.000000
1460,0.822275,-0.003123,35.306933,1.649455,-0.000000
1461,0.843697,0.014288,30.279535,1.662886,-0.000000
1462,0.843415,0.005665,53.574530,1.677899,0.000000
1463,0.844977,0.033777,37.277468,1.687598,-0.000000
1464,0.839142,0.025989,51.349616,1.683115,0.000000
1465,0.845621,0.001888,49.784064,1.693971,0.000000
1466,0.849174,0.003141,48.943183,1.711871,-0.000000
1467,0.853725,0.022320,36.579358,1.706516,0.000000
1468,0.847047,-0.001097,52.808643,1.701570,-0.000000
1469,0.849012,0.003805,42.198857,1.699125,-0.000000
1470,0.848318,0.053390,45.153066,1.677989,-0.000000
1471,0.849078,0.006961,50.934218,1.669927,-0.000000
1472,0.853391,-0.000015,48.222902,1.675674,-0.000000
1473,0.852013,0.054826,43.933440,1.700162,-0.000000
1474,0.851835,0.007559,41.880475,1.709844,0.000000
1475,0.849643,0.000794,46.285883,1.690909,0.000000
1476,0.853409,0.030090,54.866977,1.691572,-0.000000
1477,0.850703,0.002922,42.829619,1.693810,-0.000000
1478,0.846243,0.006091,36.603148,1.692781,0.000000
1479,0.854889,0.015608,24.254648,1.691072,-0.000000
1480,0.850317,0.055231,36.005151,1.681234,-0.000000
1481,0.850774,0.002364,20.788635,1.676701,-0.000000
1482,0.852039,0.020001,18.118837,1.671345,-0.000000
1483,0.849331,0.003382,53.791742,1.673915,-0.000000
1484,0.848475,0.003168,18.156339,1.689388,0.000000
1485,0.847356,0.011167,35.814152,1.699096,0.000000
1486,0.834000,0.089120,26.918827,1.703643,-0.000000
1487,0.845318,0.027191,50.398414,1.704096,0.000000
1488,0.851787,0.018963,32.321634,1.714552,0.000000
1489,0.853511,0.013981,49.847123,1.718437,0.000000
1490,0.847252,0.040748,40.458494,1.719341,0.000000
1491,0.844959,0.043071,16.027156,1.712387,0.000000
1492,0.846291,0.012744,17.413990,1.699769,0.000000
1493,0.849728,0.131095,24.046946,1.686776,0.000000
1494,0.850145,0.002577,46.961724,1.679520,-0.000000
1495,0.847005,0.002571,27.568082,1.690789,-0.000000
1496,0.843733,-0.000192,35.914743,1.696988,0.000000
1497,0.840242,0.007945,28.904995,1.695777,-0.000000
1498,0.842374,0.004537,58.089403,1.701679,0.000000
1499,0.844503,0.013178,53.522683,1.693433,-0.000000
1500,0.845158,0.010917,52.168970,1.688675,0.000000
1501,0.846132,0.001338,53.367277,1.703900,-0.000000
1502,0.845649,0.132854,37.429853,1.720897,0.000000
1503,0.843924,0.017510,54.332103,1.721551,0.000000
1504,0.843725,0.239481,52.940002,1.731589,-0.000000
1505,0.842507,0.011317,35.403520,1.750858,0.000000
1506,0.838026,0.026795,31.923847,1.752790,0.000000
1507,0.776689,0.011947,48.380350,1.739906,0.000000
1508,0.834924,0.010498,34.470266,1.730088,-0.000000
1509,0.830180,0.001608,25.315560,1.725919,-0.000000
1510,0.842543,-0.000699,40.481723,1.742917,0.000000
1511,0.843566,0.006242,27.349035,1.766604,-0.000000
1512,0.842500,0.005478,30.232742,1.772252,0.000000
1513,0.840232,-0.000933,47.860837,1.772901,0.000000
1514,0.839540,0.024549,41.257102,1.781505,0.000000
1515,0.838911,0.005386,43.256197,1.795549,0.000000
1516,0.837910,0.004963,52.096103,1.806087,0.000000
1517,0.836560,0.032353,47.211138,1.820552,0.000000
1518,0.814421,0.060710,40.114324,1.820983,0.000000
1519,0.833109,0.106956,45.219584,1.814718,-0.000000
1520,0.836210,0.004145,58.125998,1.819952,0.000000
1521,0.832649,0.015696,48.111021,1.829491,0.000000
1522,0.830780,0.017962,41.624263,1.821183,0.000000
1523,0.830696,0.002064,27.716411,1.809580,0.000000
1524,0.839701,0.015881,17.151160,1.791438,0.000000
1525,0.826527,-0.002330,43.580062,1.765172,0.000000
1526,0.825484,0.010174,20.743738,1.757619,0.000000
1527,0.833177,0.002913,19.727195,1.774198,0.000000
1528,0.830980,-0.000420,34.679387,1.805466,-0.000000
1529,0.824010,0.005446,21.836022,1.828139,0.000000
1530,0.821913,0.015131,36.159907,1.824142,0.000000
1531,0.829112,-0.002463,48.441672,1.826063,-0.000000
1532,0.827647,0.010656,47.216016,1.843580,-0.000000
1533,0.824129,0.014825,45.395899,1.838052,-0.000000
1534,0.826097,0.054928,42.830149,1.837633,-0.000000
1535,0.824899,0.492270,45.392679,1.838444,-0.000000
1536,0.819832,0.072753,62.710783,1.838108,0.000000
1537,0.824349,0.004820,52.947794,1.834562,0.000000
1538,0.823654,0.364617,46.672879,1.828681,-0.000000
1539,0.823129,0.001788,45.160080,1.823379,-0.000000
1540,0.827484,0.008951,45.005408,1.809499,0.000000
1541,0.833965,0.017000,38.551563,1.799104,-0.000000
1542,0.832079,0.172258,43.099239,1.797292,-0.000000
1543,0.830187,0.007793,39.749589,1.798247,-0.000000
1544,0.829220,0.008276,36.090586,1.799502,-0.000000
1545,0.833445,0.035093,35.693754,1.787977,0.000000
1546,0.830173,0.028930,32.264869,1.776724,0.000000
1547,0.834491,0.008067,33.137110,1.758352,0.000000
1548,0.829783,0.028475,25.390291,1.748249,0.000000
1549,0.831500,0.006955,29.463162,1.760524,-0.000000
1550,0.836919,-0.003674,21.899327,1.764546,0.000000
1551,0.829342,0.010087,17.123544,1.744736,0.000000
1552,0.827535,0.022757,17.797103,1.715088,-0.000000
1553,0.833391,0.011022,20.581618,1.711280,0.000000
1554,0.837650,0.182310,25.409293,1.713381,0.000000
1555,0.840355,-0.004691,21.944991,1.714212,0.000000
1556,0.837655,0.016658,11.884188,1.715803,-0.000000
1557,0.832191,0.005910,17.180486,1.714858,-0.000000
1558,0.839396,-0.003024,27.442074,1.704467,-0.000000
1559,0.837550,0.050931,25.546974,1.703611,-0.000000
1560,0.839191,0.013890,29.247247,1.706438,0.000000
1561,0.840828,0.021552,26.262331,1.701582,0.000000
1562,0.838172,0.003828,22.611756,1.690852,-0.000000
1563,0.841157,0.024789,24.525950,1.708386,-0.000000
1564,0.838130,0.041534,28.859553,1.740696,-0.000000
1565,0.843251,0.021199,26.837752,1.753604,-0.000000
1566,0.841940,0.000824,19.742875,1.751587,-0.000000
1567,0.840819,0.042425,21.592655,1.749003,0.000000
1568,0.843049,0.004093,27.478771,1.742139,-0.000000
1569,0.834341,0.085483,15.780542,1.731514,-0.000000
1570,0.838170,0.031237,16.621452,1.715542,0.000000
1571,0.836264,0.490117,17.163863,1.698111,-0.000000
1572,0.838853,0.015022,19.518949,1.669584,0.000000
1573,0.835580,0.009420,13.733797,1.652403,0.000000
1574,0.839205,0.005385,20.474724,1.655802,-0.000000
1575,0.837606,0.006757,16.001706,1.655316,0.000000
1576,0.838663,0.017055,14.649352,1.642095,0.000000
1577,0.839081,-0.000252,13.331661,1.637452,0.000000
1578,0.836743,0.016165,10.404737,1.647035,0.000000
1579,0.835195,0.022839,7.211371,1.646463,-0.000000
1580,0.841175,0.023757,5.288779,1.634318,-0.000000
1581,0.837906,0.162050,10.349488,1.625038,-0.000000
1582,0.839401,0.004227,21.344725,1.623765,0.000000
1583,0.841545,0.000156,13.416629,1.635925,0.000000
1584,0.842829,0.013762,9.516543,1.640946,-0.000000
1585,0.839728,0.004833,9.155268,1.629514,-0.000000
1586,0.837971,0.019707,9.393701,1.630676,-0.000000
1587,0.839724,0.020580,3.674058,1.609803,-0.000000
1588,0.845653,-0.001283,6.970408,1.594262,-0.000000
1589,0.844073,0.001612,10.428788,1.606076,0.000000
1590,0.840619,-0.000579,11.323064,1.616357,0.000000
1591,0.838584,0.002428,30.777512,1.623976,-0.000000
1592,0.840367,0.018927,34.549988,1.636461,0.000000
1593,0.838815,0.003637,18.906784,1.644020,-0.000000
1594,0.841180,0.005328,9.958079,1.646182,0.000000
1595,0.840466,0.000409,14.465640,1.654265,-0.000000
1596,0.840538,0.006075,11.176567,1.666960,-0.000000
1597,0.842582,0.003055,14.341358,1.665350,-0.000000
1598,0.839978,-0.002521,15.681520,1.661718,0.000000
1599,0.840678,0.034980,4.887222,1.645006,0.000000
1600,0.837051,0.027874,3.788087,1.620162,0.000000
1601,0.840500,0.027132,5.008611,1.597391,0.000000
1602,0.843506,0.002186,15.643541,1.582438,0.000000
1603,0.843906,-0.004265,13.815264,1.598447,0.000000
1604,0.844870,0.003366,33.207476,1.618079,0.000000
1605,0.843019,0.004178,40.508772,1.629824,0.000000
1606,0.843058,-0.001784,27.978013,1.646520,0.000000
1607,0.838531,0.051065,39.113561,1.656280,0.000000
1608,0.843089,0.017036,40.126038,1.669772,-0.000000
1609,0.838156,0.000750,35.982695,1.690313,-0.000000
1610,0.845123,0.011500,41.336523,1.706064,-0.000000
1611,0.843284,0.008082,29.022106,1.708769,-0.000000
1612,0.839871,0.009891,31.316618,1.699940,-0.000000
1613,0.837808,0.004045,27.800842,1.691827,-0.000000
1614,0.843571,0.011329,28.432643,1.680878,-0.000000
1615,0.842304,0.015497,23.384037,1.686682,0.000000
1616,0.840312,0.133982,24.587455,1.697530,0.000000
1617,0.842244,0.011983,20.149722,1.698190,0.000000
1618,0.842071,0.027735,12.041567,1.685202,0.000000
1619,0.846482,0.019688,10.376439,1.658318,0.000000
1620,0.842242,0.123349,6.163863,1.628981,0.000000
1621,0.840860,0.004514,11.060057,1.605635,0.000000
1622,0.841288,0.006599,9.965138,1.606781,0.000000
1623,0.836923,0.010932,6.140427,1.608044,-0.000000
1624,0.838637,-0.000788,16.595732,1.628327,0.000000
1625,0.844901,0.022478,9.038770,1.652960,-0.000000
1626,0.842285,0.000148,6.367767,1.654766,0.000000
1627,0.844571,0.001666,22.734585,1.658541,0.000000
1628,0.843756,0.016207,13.410380,1.668890,0.000000
1629,0.840248,0.018440,5.782382,1.656991,-0.000000
1630,0.848566,0.002216,14.806796,1.642988,-0.000000
1631,0.845435,0.049435,12.490899,1.640880,-0.000000
1632,0.846661,0.000459,12.067579,1.631133,0.000000
1633,0.844861,0.016502,13.612028,1.640073,0.000000
1634,0.847925,0.006272,18.475844,1.654029,0.000000
1635,0.845657,-0.002313,22.886388,1.663122,0.000000
1636,0.844457,0.016707,10.166874,1.664448,0.000000
1637,0.844508,0.015762,5.470999,1.642984,0.000000
1638,0.841718,0.027418,6.837927,1.610825,0.000000
1639,0.849401,0.045146,21.728770,1.603739,-0.000000
1640,0.847255,0.018793,8.589955,1.604502,0.000000
1641,0.848784,0.137913,6.977536,1.591391,-0.000000
1642,0.849086,0.008516,4.874387,1.584004,0.000000
1643,0.847386,0.015328,4.965439,1.572852,0.000000
1644,0.851117,0.042250,25.578897,1.556513,0.000000
1645,0.850129,0.002633,27.107168,1.558123,-0.000000
1646,0.847155,-0.001603,42.091541,1.568046,-0.000000
1647,0.847836,0.005752,47.084862,1.584137,-0.000000
1648,0.847854,0.000376,41.221397,1.602376,-0.000000
1649,0.843306,0.000511,39.059714,1.622017,0.000000
1650,0.849708,0.037994,38.984410,1.613240,0.000000
1651,0.845652,0.020305,34.299902,1.614501,0.000000
1652,0.851482,0.001976,33.273102,1.625286,-0.000000
1653,0.846224,0.004272,30.083709,1.629267,0.000000
1654,0.850290,0.003901,31.562555,1.628596,0.000000
1655,0.849609,-0.005052,32.924329,1.639576,-0.000000
1656,0.850032,0.030011,27.656029,1.663581,-0.000000
1657,0.848000,0.030105,13.751468,1.658867,0.000000
1658,0.845132,0.010971,26.761005,1.639391,0.000000
1659,0.842591,0.006217,24.719996,1.640011,0.000000
1660,0.852841,-0.001642,18.838719,1.655340,-0.000000
1661,0.850675,0.335365,20.253125,1.654223,0.000000
1662,0.850530,0.121821,21.729303,1.654744,-0.000000
1663,0.850873,0.048603,18.191688,1.646642,0.000000
1664,0.847665,0.009170,20.426229,1.627143,-0.000000
1665,0.850181,-0.004064,19.805146,1.641370,0.000000
1666,0.847697,0.020810,14.572921,1.646523,0.000000
1667,0.849378,0.042125,11.533673,1.631800,0.000000
1668,0.850183,0.003080,10.307253,1.624442,0.000000
1669,0.844393,0.007503,26.473221,1.617341,-0.000000
1670,0.845573,-0.006293,20.261659,1.621612,0.000000
1671,0.850990,0.003609,42.435326,1.636292,-0.000000
1672,0.847177,0.272988,35.556041,1.646892,-0.000000
1673,0.846355,-0.002712,48.944164,1.652097,-0.000000
1674,0.849295,0.008195,37.222808,1.649265,-0.000000
1675,0.849486,-0.000762,21.448924,1.649414,0.000000
1676,0.853058,-0.004199,45.669037,1.660240,0.000000
1677,0.851107,0.017435,23.668934,1.680488,0.000000
1678,0.850291,0.004768,28.744759,1.692955,0.000000
1679,0.848801,0.005020,18.789376,1.700144,0.000000
1680,0.851035,0.017127,13.750869,1.711652,0.000000
1681,0.853065,0.002654,32.416859,1.709137,0.000000
1682,0.852417,0.002090,18.061412,1.700248,0.000000
1683,0.856185,0.049039,28.841478,1.699788,-0.000000
1684,0.856676,0.026730,42.376074,1.700730,-0.000000
1685,0.851088,0.013375,60.723314,1.704237,0.000000
1686,0.852574,0.013094,58.531499,1.713679,-0.000000
1687,0.854925,0.003744,53.629909,1.726858,0.000000
1688,0.853014,0.011859,45.135046,1.744778,-0.000000
1689,0.855009,0.121113,49.187074,1.749566,0.000000
1690,0.850805,0.062698,42.970316,1.743184,0.000000
1691,0.851943,0.042821,36.684849,1.738828,0.000000
1692,0.853952,0.595916,39.915320,1.734039,-0.000000
1693,0.849682,0.005287,37.546754,1.737703,0.000000
1694,0.847248,0.357161,30.147879,1.735916,0.000000
1695,0.851978,-0.001086,43.345806,1.735761,0.000000
1696,0.850047,-0.002506,35.862695,1.753917,0.000000
1697,0.845795,0.002955,50.880669,1.755610,-0.000000
1698,0.848388,0.000268,47.421984,1.765933,0.000000
1699,0.845898,0.023119,37.170182,1.774270,-0.000000
1700,0.847073,0.070562,38.011903,1.765264,-0.000000
1701,0.847498,0.032581,20.830758,1.750325,0.000000
1702,0.845445,0.044853,12.859898,1.746759,0.000000
1703,0.850366,0.011603,41.884142,1.757429,0.000000
1704,0.846852,0.004318,51.679684,1.766751,0.000000
1705,0.849806,0.008817,47.161467,1.774478,0.000000
1706,0.847960,0.021742,46.184145,1.769020,-0.000000
1707,0.847884,0.084733,34.505038,1.755030,0.000000
1708,0.844894,0.127852,35.086310,1.739416,-0.000000
1709,0.846215,0.028740,34.853876,1.741273,0.000000
1710,0.845356,0.101800,36.238282,1.740765,-0.000000
1711,0.843686,0.040569,27.388058,1.723819,-0.000000
1712,0.845225,0.012976,20.148541,1.712337,0.000000
1713,0.847111,0.003445,27.410250,1.700279,0.000000
1714,0.843570,0.017282,33.433641,1.684385,0.000000
1715,0.847093,0.032366,18.906275,1.674782,-0.000000
1716,0.845799,0.007250,26.788258,1.651715,0.000000
1717,0.847220,0.003833,19.832787,1.647715,0.000000
1718,0.842414,-0.004682,30.355679,1.674913,-0.000000
1719,0.840573,0.016359,41.346004,1.692152,-0.000000
1720,0.843474,0.008058,15.481519,1.695543,0.000000
1721,0.847281,0.000947,41.166785,1.697968,0.000000
1722,0.845474,0.027928,46.339061,1.709816,0.000000
1723,0.846420,0.018488,39.362912,1.720574,0.000000
1724,0.845217,0.140892,43.868759,1.710931,0.000000
1725,0.845075,0.000177,42.934153,1.718472,0.000000
1726,0.842593,0.008942,49.039732,1.740409,0.000000
1727,0.842535,0.043908,45.352520,1.735589,-0.000000
1728,0.842750,0.023328,37.089168,1.733750,0.000000
1729,0.843100,0.031042,29.976875,1.740683,0.000000
1730,0.844923,0.038982,28.481322,1.751294,-0.000000
1731,0.850940,0.024825,47.244127,1.763223,0.000000
1732,0.845663,0.062842,42.153478,1.771440,0.000000
1733,0.845768,0.005060,35.458608,1.775294,-0.000000
1734,0.841645,-0.000602,36.407819,1.786826,-0.000000
1735,0.836290,0.003055,32.051686,1.802137,-0.000000
1736,0.841935,-0.001080,32.980309,1.815214,0.000000
1737,0.840709,0.022307,36.289062,1.819568,0.000000
1738,0.843048,0.009853,38.673355,1.806710,-0.000000
1739,0.841827,0.005411,37.287941,1.806653,0.000000
1740,0.838439,0.000583,31.958876,1.815261,0.000000
1741,0.838118,0.051883,29.223169,1.828330,-0.000000
1742,0.839001,0.011117,25.699747,1.847788,0.000000
1743,0.838201,0.010657,28.940106,1.864072,-0.000000
1744,0.835910,0.002976,25.696214,1.863872,-0.000000
1745,0.835718,0.034558,22.860846,1.856638,0.000000
1746,0.837248,0.026344,17.916998,1.839516,-0.000000
1747,0.843027,0.096116,18.931565,1.815609,0.000000
1748,0.840367,0.060761,21.034829,1.808519,0.000000
1749,0.839043,0.047527,14.480125,1.798841,0.000000
1750,0.841256,0.044223,4.233570,1.759151,-0.000000
1751,0.831216,0.015957,7.097863,1.706893,0.000000
1752,0.833793,0.024256,7.403783,1.671051,-0.000000
1753,0.833076,0.013815,8.782710,1.647377,0.000000
1754,0.833949,0.016660,11.839196,1.632760,0.000000
1755,0.830192,0.003761,14.365146,1.631268,0.000000
1756,0.830668,0.003916,13.676263,1.625729,0.000000
1757,0.835715,0.002741,20.972700,1.618447,0.000000
1758,0.830732,0.000315,8.684056,1.614367,0.000000
1759,0.840950,0.031207,26.477723,1.606744,-0.000000
1760,0.838594,0.003373,6.807943,1.597859,0.000000
1761,0.828080,0.014210,4.398295,1.594127,0.000000
1762,0.830983,0.256891,6.483358,1.571375,0.000000
1763,0.831161,0.007127,9.734125,1.532883,0.000000
1764,0.837527,0.011481,8.828267,1.530181,0.000000
1765,0.839562,0.005539,9.108186,1.535367,0.000000
1766,0.834940,0.017980,6.930554,1.524956,-0.000000
1767,0.831016,0.011910,6.016581,1.516315,-0.000000
1768,0.830712,0.004295,9.127223,1.523355,-0.000000
1769,0.838316,0.138615,18.149463,1.535055,0.000000
1770,0.836673,0.039674,5.982254,1.540579,-0.000000
1771,0.838404,0.002919,5.306028,1.547037,0.000000
1772,0.841885,0.025636,9.551716,1.547100,0.000000
1773,0.839377,0.850082,4.989724,1.547696,-0.000000
1774,0.840905,0.011111,3.885300,1.544022,0.000000
1775,0.839107,0.042015,3.420586,1.530058,0.000000
1776,0.841228,0.009075,11.247645,1.522374,0.000000
1777,0.837092,0.017518,3.094099,1.509952,-0.000000
1778,0.840407,0.020186,4.001123,1.488634,-0.000000
1779,0.839806,-0.002176,14.488193,1.508676,0.000000
1780,0.843302,0.040444,14.482480,1.525235,0.000000
1781,0.842238,0.009079,2.228441,1.511417,-0.000000
1782,0.846553,0.003860,15.980537,1.502101,-0.000000
1783,0.847119,0.002873,31.131937,1.511865,0.000000
1784,0.846554,0.000910,38.495641,1.536471,0.000000
1785,0.850174,-0.000662,39.964875,1.559348,-0.000000
1786,0.845558,0.042573,8.994349,1.561217,0.000000
1787,0.838723,0.002509,3.513491,1.548533,0.000000
1788,0.843410,0.008174,8.294001,1.526478,0.000000
1789,0.845458,0.022009,10.038578,1.503870,-0.000000
1790,0.848328,-0.002518,40.262719,1.510628,0.000000
1791,0.845049,0.001547,29.938319,1.523983,0.000000
1792,0.842709,0.011152,48.792317,1.530180,-0.000000
1793,0.846146,0.002132,48.228393,1.536111,-0.000000
1794,0.846769,-0.001885,44.484955,1.538960,-0.000000
1795,0.845517,0.029692,39.116237,1.550847,0.000000
1796,0.842538,-0.001347,30.745763,1.566034,0.000000
1797,0.848523,0.001011,27.061644,1.598847,0.000000
1798,0.838384,0.169747,37.082673,1.617463,-0.000000
1799,0.841977,0.001081,27.904999,1.626303,0.000000
1800,0.845977,0.011264,25.011269,1.628393,-0.000000
1801,0.835642,0.003781,23.399342,1.621565,0.000000
1802,0.841312,0.012086,11.427917,1.608083,0.000000
1803,0.842376,0.008535,19.432887,1.605884,0.000000
1804,0.843366,0.014157,12.419163,1.610827,0.000000
1805,0.838228,0.031222,22.660298,1.608710,0.000000
1806,0.845647,0.031423,27.812364,1.612111,0.000000
1807,0.843820,0.003416,32.301742,1.605535,-0.000000
1808,0.845947,0.004850,31.366631,1.615966,0.000000
1809,0.840762,0.055805,47.317144,1.623735,0.000000
1810,0.843906,-0.001766,44.289523,1.633862,-0.000000
1811,0.842854,-0.006605,43.778862,1.645477,0.000000
1812,0.841749,0.006373,26.152710,1.660866,0.000000
1813,0.836112,0.037794,8.072186,1.655083,0.000000
1814,0.837616,0.470565,8.054632,1.619531,-0.000000
1815,0.836816,0.011924,19.971012,1.605266,-0.000000
1816,0.837647,0.078350,15.599836,1.600696,0.000000
1817,0.840121,0.008783,20.106598,1.593615,0.000000
1818,0.839792,0.043253,12.662359,1.602246,0.000000
1819,0.837012,0.082520,12.836849,1.611709,0.000000
1820,0.837231,0.042552,23.642625,1.617775,-0.000000
1821,0.837779,-0.002948,23.635895,1.631723,0.000000
1822,0.841512,0.000060,23.546651,1.643045,0.000000
1823,0.842970,0.002045,29.836303,1.653723,0.000000
1824,0.842982,0.016961,21.033913,1.659512,0.000000
1825,0.843502,0.011453,14.999797,1.650216,0.000000
1826,0.838117,0.027935,6.645069,1.628608,-0.000000
1827,0.832590,0.028182,6.684555,1.604473,-0.000000
1828,0.840773,0.047026,8.178409,1.583147,0.000000
1829,0.845044,0.244985,24.500651,1.565437,-0.000000
1830,0.840914,0.007561,8.346789,1.557147,0.000000
1831,0.845241,0.005569,14.690311,1.540224,0.000000
1832,0.840423,-0.000185,5.875651,1.534832,-0.000000
1833,0.846418,0.006059,13.210711,1.540518,-0.000000
1834,0.843420,0.070463,9.934004,1.540022,-0.000000
1835,0.845230,-0.001939,19.067125,1.548230,-0.000000
1836,0.848565,0.017603,15.462316,1.562713,0.000000
1837,0.846386,0.003232,10.369650,1.567501,-0.000000
1838,0.845679,0.011241,10.892834,1.576854,0.000000
1839,0.846103,0.009495,12.568914,1.597863,0.000000
1840,0.845819,0.027179,24.712357,1.618594,0.000000
1841,0.842938,0.058382,8.604970,1.608824,0.000000
1842,0.846360,0.008142,16.961339,1.592662,0.000000
1843,0.841225,0.011159,8.994042,1.586186,0.000000
1844,0.843863,0.004210,9.135613,1.577527,0.000000
1845,0.846526,0.070427,10.550729,1.577848,0.000000
1846,0.848354,0.048532,7.928726,1.584889,-0.000000
1847,0.849018,-0.000607,16.082546,1.595147,0.000000
1848,0.843805,0.006759,4.419655,1.588082,0.000000
1849,0.847746,-0.000239,18.728851,1.584430,0.000000
1850,0.849279,0.005176,21.121243,1.587187,0.000000
1851,0.850693,0.001886,15.507159,1.582763,0.000000
1852,0.851489,-0.000132,32.355049,1.594687,0.000000
1853,0.847927,-0.002847,38.607210,1.622283,0.000000
1854,0.852977,-0.001537,40.323656,1.654864,-0.000000
1855,0.851060,0.001759,24.947893,1.656155,0.000000
1856,0.852638,-0.000832,26.840284,1.648254,-0.000000
1857,0.849478,0.000501,18.037571,1.644591,-0.000000
1858,0.851224,0.001405,28.308148,1.634374,0.000000
1859,0.849504,0.021725,27.936463,1.643296,0.000000
1860,0.851636,0.014091,21.617358,1.659882,-0.000000
1861,0.851156,0.002498,7.496195,1.664552,-0.000000
1862,0.852598,0.013965,25.065271,1.653344,0.000000
1863,0.851948,0.006797,13.829585,1.664057,-0.000000
1864,0.853318,0.004021,31.760689,1.693745,0.000000
1865,0.851420,0.005050,24.780457,1.710531,0.000000
1866,0.851090,0.026317,25.527650,1.705416,0.000000
1867,0.853867,-0.001129,31.830337,1.690308,-0.000000
1868,0.851661,0.001208,23.671635,1.697272,0.000000
1869,0.850468,0.012465,12.230741,1.696115,-0.000000
1870,0.847146,0.069671,9.943571,1.684825,0.000000
1871,0.848875,0.180631,6.627211,1.673852,-0.000000
1872,0.847990,0.010845,7.664162,1.653705,0.000000
1873,0.852859,0.250736,17.045748,1.631433,0.000000
1874,0.852123,-0.000264,16.439885,1.641660,0.000000
1875,0.854676,-0.005144,44.614581,1.656956,0.000000
1876,0.853194,0.662336,15.194277,1.674671,-0.000000
1877,0.852406,0.063548,22.247674,1.689970,-0.000000
1878,0.854745,-0.002651,25.561098,1.697132,0.000000
1879,0.852095,0.006928,26.691231,1.700600,0.000000
1880,0.852313,0.043073,11.145686,1.692064,-0.000000
1881,0.851254,0.135757,5.127425,1.660141,0.000000
1882,0.851025,0.011076,19.298120,1.649271,0.000000
1883,0.844316,0.042958,14.062145,1.648003,-0.000000
1884,0.849533,0.010370,32.370104,1.644983,0.000000
1885,0.845299,0.196589,30.592115,1.649803,0.000000
1886,0.848946,0.025114,33.967864,1.648950,-0.000000
1887,0.852606,0.003280,12.905129,1.661051,-0.000000
1888,0.849852,-0.000962,25.057443,1.675003,0.000000
1889,0.851702,0.007825,18.978124,1.696683,-0.000000
1890,0.847797,0.001371,26.463619,1.708912,0.000000
1891,0.853766,-0.000825,48.867347,1.726233,0.000000
1892,0.849708,0.017385,31.839061,1.749012,0.000000
1893,0.852303,0.015956,32.158404,1.755655,-0.000000
1894,0.853479,0.005888,58.149281,1.754442,0.000000
1895,0.850001,0.012767,44.188446,1.757313,0.000000
1896,0.851001,0.004337,60.193210,1.761559,0.000000
1897,0.851386,0.000209,59.735060,1.781194,-0.000000
1898,0.855402,0.004810,57.234923,1.786704,-0.000000
1899,0.853860,0.004360,38.330900,1.776331,0.000000
1900,0.855642,-0.000849,44.091041,1.781392,-0.000000
1901,0.856078,0.021965,37.415340,1.777208,-0.000000
1902,0.852751,0.024034,33.975987,1.760354,0.000000
1903,0.842085,0.033739,13.149025,1.748064,0.000000
1904,0.841965,0.028303,17.864081,1.740181,0.000000
1905,0.848290,0.409344,17.538676,1.714337,0.000000
1906,0.844503,0.017507,15.965932,1.677335,0.000000
1907,0.843120,0.021326,18.799827,1.662627,0.000000
1908,0.847547,0.025468,48.841207,1.654569,0.000000
1909,0.851922,0.000694,53.701084,1.657330,-0.000000
1910,0.855566,0.004601,50.983926,1.660017,0.000000
1911,0.856855,0.008022,49.924373,1.640158,-0.000000
1912,0.856840,0.030383,47.896168,1.633481,-0.000000
1913,0.858227,0.090094,27.345071,1.647367,-0.000000
1914,0.860106,0.001441,26.531671,1.650970,-0.000000
1915,0.860146,0.002077,29.224007,1.636487,-0.000000
1916,0.857759,0.009022,34.261522,1.619668,-0.000000
1917,0.858637,0.026632,35.872338,1.605938,0.000000
1918,0.857814,0.020276,42.028816,1.611626,0.000000
1919,0.860472,0.011594,41.256776,1.607971,-0.000000
1920,0.859997,0.004786,43.054086,1.601188,-0.000000
1921,0.861688,0.095723,44.188358,1.603101,0.000000
1922,0.861256,0.082059,37.581856,1.611693,-0.000000
1923,0.858120,0.001819,31.087433,1.625500,0.000000
1924,0.859006,0.005202,20.672447,1.633886,-0.000000
1925,0.859577,0.005006,35.852429,1.643429,0.000000
1926,0.859971,0.006128,42.610852,1.639975,-0.000000
1927,0.857797,0.001445,51.615881,1.634945,-0.000000
1928,0.858745,0.005322,49.202293,1.643910,0.000000
1929,0.855953,0.006165,48.031603,1.660714,0.000000
1930,0.858229,0.104750,42.836481,1.668082,-0.000000
1931,0.855435,0.066727,35.426299,1.677530,0.000000
1932,0.854759,0.058593,24.160925,1.697927,-0.000000
1933,0.852612,0.006207,26.867716,1.711854,0.000000
1934,0.850689,0.047083,17.911840,1.708527,-0.000000
1935,0.851233,0.049604,17.785207,1.693963,0.000000
1936,0.846945,0.012836,32.846266,1.674325,0.000000
1937,0.849342,0.004706,25.787029,1.665987,0.000000
1938,0.850903,0.004456,18.559405,1.667832,-0.000000
1939,0.851744,0.047864,18.871053,1.661188,0.000000
1940,0.853547,0.027195,17.529123,1.636968,0.000000
1941,0.853604,0.008252,30.280605,1.629606,-0.000000
1942,0.855355,0.010980,29.192997,1.644158,0.000000
1943,0.853635,0.005620,25.111277,1.647099,-0.000000
1944,0.857749,0.004675,22.710226,1.630318,0.000000
1945,0.855187,0.012759,23.502179,1.626441,-0.000000
1946,0.858419,0.064220,19.589633,1.626248,-0.000000
1947,0.856106,0.021086,12.408534,1.607590,0.000000
1948,0.857246,0.017937,7.745001,1.595217,0.000000
1949,0.852840,0.041967,7.835160,1.586757,-0.000000
1950,0.855321,0.014053,27.012358,1.583560,0.000000
1951,0.853351,0.008032,13.570472,1.587992,0.000000
1952,0.855241,0.030044,18.711161,1.583517,-0.000000
1953,0.857771,-0.006176,16.625188,1.569607,-0.000000
1954,0.859256,0.005662,14.356238,1.558406,0.000000
1955,0.851568,0.007729,37.371277,1.571422,0.000000
1956,0.859444,0.000383,37.395325,1.592558,-0.000000
1957,0.853583,0.012778,9.586281,1.600995,0.000000
1958,0.852505,0.002882,11.348163,1.592886,0.000000
1959,0.857627,0.012886,27.142670,1.589024,-0.000000
1960,0.855572,0.002723,56.821906,1.592510,-0.000000
1961,0.851543,0.025150,53.717209,1.587344,0.000000
1962,0.856344,-0.003530,55.692111,1.590519,-0.000000
1963,0.858372,0.018163,46.844404,1.627848,0.000000
1964,0.854610,0.011736,58.068040,1.649126,0.000000
1965,0.852545,0.003312,60.581435,1.659471,-0.000000
1966,0.852027,0.004718,48.633671,1.670770,0.000000
1967,0.855862,0.004392,58.797896,1.688908,0.000000
1968,0.852574,0.012418,45.541654,1.700330,0.000000
1969,0.852866,0.003477,37.993060,1.691995,0.000000
1970,0.855287,0.122241,44.576178,1.684086,0.000000
1971,0.853439,0.004652,48.092230,1.679102,-0.000000
1972,0.855343,0.000879,43.516627,1.687281,0.000000
1973,0.854143,0.009580,53.633963,1.688673,0.000000
1974,0.854610,0.006368,44.313259,1.687061,0.000000
1975,0.856892,-0.000944,47.755696,1.703072,-0.000000
1976,0.851817,0.001912,40.674608,1.719710,0.000000
1977,0.852810,0.005021,50.747439,1.734379,0.000000
1978,0.853023,0.017137,52.220672,1.750005,-0.000000
1979,0.856692,0.006311,46.255341,1.741050,0.000000
1980,0.854568,0.019395,57.059964,1.718308,0.000000
1981,0.849260,0.017224,52.240218,1.712650,-0.000000
1982,0.855894,0.002813,53.050341,1.717846,-0.000000
1983,0.854209,0.021558,45.352702,1.727841,0.000000
1984,0.854027,0.019206,41.128334,1.731891,0.000000
1985,0.851959,0.012647,30.460077,1.720625,0.000000
1986,0.857760,0.023127,44.547547,1.718544,0.000000
1987,0.853463,0.063906,41.780565,1.728895,0.000000
1988,0.856226,0.000542,45.649828,1.740325,0.000000
1989,0.850702,0.199257,47.228322,1.759600,-0.000000
1990,0.850992,0.020314,42.328131,1.774270,0.000000
1991,0.854224,0.008433,41.349205,1.788781,0.000000
1992,0.734185,0.025762,63.360113,1.773814,0.000000
1993,0.833909,0.063551,38.410775,1.749984,0.000000
1994,0.831946,0.018906,33.643042,1.727410,-0.000000
1995,0.805253,0.037822,34.136661,1.709272,0.000000
1996,0.846474,0.022200,29.962388,1.691874,-0.000000
1997,0.848206,0.328020,35.773360,1.688387,0.000000
1998,0.795965,0.554871,40.134554,1.685943,0.000000
1999,0.827248,0.021126,29.469601,1.666569,-0.000000
2000,0.843138,0.384211,32.091832,1.647342,0.000000
