batch,meanReward,policyLoss,valueLoss,entropy,meanAdvantage
1,0.440846,0.559386,9.477813,2.868746,0.000000
2,0.426826,0.561276,7.418093,2.803084,0.000000
3,0.433390,0.354119,8.021697,2.753515,-0.000000
4,0.477764,0.180993,12.387650,2.704206,-0.000000
5,0.416782,0.342124,12.392401,2.653987,0.000000
6,0.441830,1.111654,11.517304,2.605386,-0.000000
7,0.470597,0.046042,19.153674,2.572804,-0.000000
8,0.473175,0.077773,15.982895,2.560734,-0.000000
9,0.445360,0.080555,22.048395,2.520202,-0.000000
10,0.418926,0.066300,23.137369,2.471514,-0.000000
11,0.471150,0.824553,15.431115,2.439497,0.000000
12,0.478046,0.126418,13.237321,2.406636,0.000000
13,0.407796,0.173442,28.151260,2.364544,-0.000000
14,0.400627,0.110739,23.216625,2.318992,0.000000
15,0.394698,0.090999,24.799554,2.283435,0.000000
16,0.386559,0.138850,20.729370,2.245105,-0.000000
17,0.387590,0.023701,20.117917,2.212754,0.000000
18,0.375860,0.026457,19.030455,2.196386,-0.000000
19,0.386374,0.044079,15.518827,2.187084,-0.000000
20,0.392355,0.163753,16.012975,2.182145,-0.000000
21,0.397480,0.081114,14.911777,2.155734,-0.000000
22,0.394986,0.009262,16.050136,2.133503,0.000000
23,0.394957,0.049342,13.910589,2.116824,-0.000000
24,0.403680,0.215848,14.468936,2.105288,0.000000
25,0.397531,0.086058,16.296844,2.095733,-0.000000
26,0.395169,0.173687,15.487975,2.066600,0.000000
27,0.389676,0.022908,15.331335,2.051180,0.000000
28,0.400781,0.113844,13.837124,2.043929,-0.000000
29,0.404057,0.242401,14.051521,2.032539,0.000000
30,0.383315,0.113016,14.417618,2.008307,-0.000000
31,0.391058,0.695565,15.239357,1.974882,-0.000000
32,0.396083,0.048077,12.712862,1.961829,-0.000000
33,0.387289,0.114823,13.793316,1.951321,0.000000
34,0.394456,0.494392,13.489587,1.926155,0.000000
35,0.376922,0.034885,13.980948,1.907617,-0.000000
36,0.383656,0.047893,13.961893,1.884012,-0.000000
37,0.374630,0.041141,12.346523,1.872531,0.000000
38,0.375862,0.018075,11.954820,1.871320,-0.000000
39,0.380383,0.038453,12.607958,1.874299,0.000000
40,0.380060,0.086407,11.695593,1.866154,-0.000000
41,0.375049,0.018457,12.454116,1.861061,0.000000
42,0.379578,0.063896,12.643812,1.861421,0.000000
43,0.379027,0.103367,11.090727,1.852439,-0.000000
44,0.376588,0.075929,11.683256,1.849504,-0.000000
45,0.375396,0.012753,11.100951,1.855532,-0.000000
46,0.381112,0.057822,9.757332,1.859611,0.000000
47,0.387028,0.020297,11.165725,1.852615,0.000000
48,0.385553,0.090597,10.652371,1.849124,0.000000
49,0.388885,0.075401,10.567950,1.831186,0.000000
50,0.386773,0.042197,10.519017,1.810207,0.000000
51,0.390819,0.062458,10.302293,1.796198,0.000000
52,0.404001,0.016488,10.975518,1.771470,0.000000
53,0.392569,0.042895,10.597638,1.765833,-0.000000
54,0.396378,0.004891,10.206359,1.767277,-0.000000
55,0.391391,0.032624,10.748590,1.760588,0.000000
56,0.388325,0.047427,10.567276,1.763460,-0.000000
57,0.392764,0.013536,11.051095,1.757702,0.000000
58,0.391281,0.012813,10.341117,1.745830,0.000000
59,0.394601,0.013361,9.920446,1.751124,-0.000000
60,0.398454,0.022468,9.778955,1.749872,0.000000
61,0.399430,0.006734,11.043530,1.754468,0.000000
62,0.400019,0.009747,10.185174,1.758919,0.000000
63,0.388437,0.006340,10.614852,1.763193,-0.000000
64,0.396056,0.005395,9.833086,1.778344,-0.000000
65,0.395704,0.011305,9.389521,1.785507,-0.000000
66,0.398076,0.058617,10.019120,1.776099,0.000000
67,0.399445,0.021569,10.698639,1.770439,-0.000000
68,0.405119,0.025346,9.774447,1.765865,0.000000
69,0.400497,0.025498,9.434431,1.757930,-0.000000
70,0.398097,0.003394,9.952734,1.738544,-0.000000
71,0.401839,0.018548,9.438811,1.725934,0.000000
72,0.401851,0.004012,9.856914,1.732094,-0.000000
73,0.390825,0.010053,9.240615,1.755049,0.000000
74,0.387756,0.064037,9.612053,1.768941,-0.000000
75,0.384187,0.036352,9.264503,1.770186,-0.000000
76,0.390077,0.025363,10.282933,1.761016,0.000000
77,0.388060,0.038698,9.178178,1.754711,0.000000
78,0.380818,0.009381,9.571488,1.757927,0.000000
79,0.392302,0.015777,9.331676,1.765584,-0.000000
80,0.385944,0.007960,9.267549,1.767761,0.000000
81,0.387315,0.005213,8.745194,1.780233,-0.000000
82,0.389820,0.037277,8.705128,1.790825,-0.000000
83,0.385239,0.032876,8.395650,1.790011,-0.000000
84,0.386911,0.057425,8.750895,1.789220,-0.000000
85,0.376075,0.012516,9.185792,1.777171,0.000000
86,0.383638,0.023053,8.271899,1.749975,-0.000000
87,0.378963,0.004197,7.700496,1.737976,0.000000
88,0.387977,0.035620,8.393472,1.735991,0.000000
89,0.386644,0.069334,7.973082,1.720530,-0.000000
90,0.393281,0.034819,7.614794,1.719868,-0.000000
91,0.396336,0.093079,8.554540,1.713771,0.000000
92,0.395820,0.009795,7.448467,1.697011,0.000000
93,0.387398,0.003998,7.269893,1.681997,0.000000
94,0.394388,0.024845,7.447921,1.669252,0.000000
95,0.390532,0.007608,7.421946,1.665664,0.000000
96,0.391484,0.324199,7.717207,1.660606,0.000000
97,0.387844,0.122253,7.525914,1.653153,-0.000000
98,0.381660,0.012044,7.194967,1.650849,-0.000000
99,0.382355,0.010579,7.149580,1.647766,0.000000
100,0.383932,0.178317,7.406536,1.651505,0.000000
101,0.385475,0.018647,6.889378,1.649522,-0.000000
102,0.383904,0.037564,6.799551,1.653642,-0.000000
103,0.395755,0.032212,8.420919,1.660474,0.000000
104,0.404645,0.007995,6.314036,1.655806,-0.000000
105,0.399097,0.012152,6.926161,1.655258,-0.000000
106,0.394169,0.047445,6.992125,1.664313,0.000000
107,0.394078,0.027490,7.703569,1.672386,-0.000000
108,0.390662,0.005495,7.323893,1.660417,0.000000
109,0.389064,0.041091,7.529720,1.653027,-0.000000
110,0.389520,0.009141,6.622155,1.660176,0.000000
111,0.422839,0.276443,6.531219,1.666955,0.000000
112,0.430413,0.005032,6.566094,1.661935,-0.000000
113,0.457673,0.020561,8.481244,1.659361,-0.000000
114,0.465657,0.011826,9.855995,1.652211,-0.000000
115,0.472584,0.595459,9.749424,1.642093,0.000000
116,0.405305,0.160140,12.026944,1.638139,-0.000000
117,0.398271,0.019093,8.324721,1.633239,-0.000000
118,0.410426,0.042236,8.172896,1.625495,-0.000000
119,0.392211,0.055356,8.810830,1.614860,-0.000000
120,0.395010,-0.002329,7.163082,1.616735,0.000000
121,0.391098,0.022456,6.841333,1.634769,0.000000
122,0.387361,0.033697,6.778183,1.636414,-0.000000
123,0.386895,0.017273,6.663734,1.622532,-0.000000
124,0.410954,0.038019,5.653600,1.609616,-0.000000
125,0.388443,0.034729,6.289655,1.595447,0.000000
126,0.388402,0.021073,6.217213,1.583150,-0.000000
127,0.385079,0.050885,5.840022,1.584201,0.000000
128,0.389154,0.020824,5.019762,1.576791,-0.000000
129,0.392858,0.038174,5.680654,1.567763,0.000000
130,0.408475,0.096859,5.069660,1.557374,0.000000
131,0.428946,0.763000,5.838593,1.550972,0.000000
132,0.412277,0.008798,5.824076,1.556427,-0.000000
133,0.418132,0.067173,5.853547,1.558546,-0.000000
134,0.429329,0.014802,5.394623,1.564336,0.000000
135,0.456286,0.031057,6.044474,1.561155,0.000000
136,0.427759,-0.002175,6.171621,1.564176,0.000000
137,0.442338,0.006220,7.107238,1.575621,0.000000
138,0.483972,0.027521,7.335238,1.580340,0.000000
139,0.485785,0.021565,10.117504,1.578370,0.000000
140,0.429216,0.045546,8.918738,1.565786,0.000000
141,0.451943,0.008223,7.855041,1.561575,0.000000
142,0.467619,0.004663,7.216629,1.553746,-0.000000
143,0.476318,0.129739,10.632405,1.544554,0.000000
144,0.424118,0.050969,7.276500,1.527151,-0.000000
145,0.442149,0.011394,7.198135,1.532061,-0.000000
146,0.437551,-0.002075,8.586012,1.545721,0.000000
147,0.435920,0.043541,6.853084,1.554356,0.000000
148,0.451375,0.017067,7.446332,1.550056,-0.000000
149,0.439142,0.187593,7.438113,1.535102,0.000000
150,0.472504,0.344970,7.315701,1.531534,-0.000000
151,0.446613,0.035478,7.137171,1.528063,0.000000
152,0.445831,0.201438,8.887128,1.524931,0.000000
153,0.460487,0.014242,7.043504,1.525221,0.000000
154,0.477476,0.063313,7.382074,1.532893,0.000000
155,0.475842,0.018622,7.564229,1.535539,-0.000000
156,0.555135,0.054710,8.378122,1.517283,0.000000
157,0.512978,0.010162,9.614434,1.505699,-0.000000
158,0.554757,0.008718,13.567501,1.498667,0.000000
159,0.464852,0.077085,13.215438,1.492570,0.000000
160,0.434214,0.005158,9.881042,1.483978,-0.000000
161,0.477237,0.599829,9.409798,1.476492,-0.000000
162,0.542962,0.014672,10.590636,1.463716,-0.000000
163,0.500888,-0.003930,9.333630,1.458565,0.000000
164,0.555543,0.043401,10.296088,1.448283,0.000000
165,0.505066,0.010818,8.995176,1.422224,0.000000
166,0.527450,-0.002667,10.942530,1.411625,0.000000
167,0.609935,0.009044,11.739779,1.414817,0.000000
168,0.541058,0.046666,9.036954,1.395236,-0.000000
169,0.520316,0.007545,6.330208,1.367827,0.000000
170,0.542293,0.004003,7.691410,1.354266,0.000000
171,0.527868,0.011330,5.541195,1.362029,0.000000
172,0.548332,0.020419,5.218002,1.360062,-0.000000
173,0.593980,0.015361,7.597276,1.346492,-0.000000
174,0.552400,0.003587,3.197069,1.337401,-0.000000
175,0.579546,0.011559,3.393903,1.331765,0.000000
176,0.500258,-0.003251,2.170683,1.325795,0.000000
177,0.580156,0.021951,2.603067,1.320223,0.000000
178,0.560096,0.056867,3.429243,1.318298,-0.000000
179,0.565049,0.196915,1.467975,1.312935,-0.000000
180,0.611695,0.015414,2.018581,1.301184,-0.000000
181,0.627578,0.033572,10.483260,1.293382,0.000000
182,0.660510,0.007654,4.029957,1.290078,0.000000
183,0.549102,0.165391,1.348916,1.283019,-0.000000
184,0.632186,-0.002233,10.441364,1.280809,0.000000
185,0.541995,-0.006071,3.183264,1.289670,0.000000
186,0.646057,0.007088,17.751164,1.297807,0.000000
187,0.614038,0.007530,3.758632,1.288254,0.000000
188,0.654775,0.004049,1.809389,1.273326,0.000000
189,0.622905,0.000232,2.107288,1.253455,0.000000
190,0.667908,0.015723,1.858780,1.235147,0.000000
191,0.641067,-0.005588,4.499689,1.222322,0.000000
192,0.681950,0.006846,5.603512,1.198935,-0.000000
193,0.620722,0.007288,1.184003,1.185089,0.000000
194,0.694177,0.025970,9.782583,1.178351,-0.000000
195,0.704980,0.048642,4.647353,1.166771,-0.000000
196,0.692179,0.005890,2.322803,1.161843,-0.000000
197,0.651085,0.007942,2.102065,1.163041,-0.000000
198,0.690170,0.007812,5.336392,1.154219,0.000000
199,0.681882,0.003252,4.513118,1.150546,-0.000000
200,0.685429,0.010149,2.544388,1.155212,0.000000
201,0.684148,0.003595,17.339675,1.152152,0.000000
202,0.641767,-0.000242,1.137292,1.157980,0.000000
203,0.700240,0.005017,8.544700,1.162943,-0.000000
204,0.680922,0.013577,3.077135,1.150543,0.000000
205,0.735773,-0.001284,16.393296,1.146690,-0.000000
206,0.720289,0.014133,15.002175,1.169760,0.000000
207,0.748522,0.006249,24.380397,1.172156,0.000000
208,0.692371,-0.002120,3.235584,1.172140,0.000000
209,0.642056,0.005820,0.377850,1.148780,-0.000000
210,0.762950,0.017025,16.191807,1.130885,-0.000000
211,0.679558,0.065176,3.855715,1.126198,-0.000000
212,0.747249,-0.003533,19.112105,1.117707,0.000000
213,0.710822,-0.000892,3.378405,1.129029,-0.000000
214,0.701444,0.027641,6.142518,1.127486,0.000000
215,0.744606,-0.001610,18.231133,1.139552,-0.000000
216,0.724828,0.013079,6.700832,1.144163,0.000000
217,0.735885,0.025382,10.122661,1.139435,-0.000000
218,0.735334,-0.002610,9.273086,1.147941,-0.000000
219,0.725869,0.009261,8.917066,1.149637,-0.000000
220,0.633256,9.880596,3.322721,1.149689,0.000000
221,0.718817,-0.003383,14.804805,1.147968,0.000000
222,0.738244,-0.001777,8.040065,1.156504,0.000000
223,0.759486,-0.004599,17.249179,1.181697,0.000000
224,0.732828,0.003374,13.200364,1.206299,-0.000000
225,0.725563,0.003025,18.260582,1.225491,-0.000000
226,0.741542,0.045001,19.176244,1.240256,-0.000000
227,0.748053,0.012505,16.881165,1.247067,-0.000000
228,0.726779,0.010167,9.413577,1.234574,0.000000
229,0.755563,0.002053,37.975830,1.242608,-0.000000
230,0.755023,0.001786,15.907356,1.246276,-0.000000
231,0.748763,0.017286,19.633803,1.244337,0.000000
232,0.768423,0.015086,18.527213,1.245546,0.000000
233,0.767905,-0.000107,20.961738,1.243498,0.000000
234,0.768651,0.020006,15.846132,1.262376,0.000000
235,0.782263,0.006189,19.646939,1.273736,-0.000000
236,0.785769,0.026352,35.598098,1.282972,-0.000000
237,0.761872,0.009450,19.446716,1.301209,-0.000000
238,0.773815,0.006317,19.184700,1.307266,-0.000000
239,0.786731,0.000184,23.208497,1.315734,0.000000
240,0.796264,-0.002608,21.722472,1.336437,-0.000000
241,0.784047,0.004666,28.480746,1.348118,0.000000
242,0.778636,0.003152,11.142913,1.349448,0.000000
243,0.763075,0.008905,44.334275,1.360499,-0.000000
244,0.773023,0.011815,37.420476,1.373150,0.000000
245,0.786962,0.026583,26.040477,1.373581,-0.000000
246,0.790748,0.002023,22.442455,1.373864,0.000000
247,0.791830,0.022310,32.468132,1.375301,-0.000000
248,0.757166,0.002616,39.912132,1.393506,0.000000
249,0.703401,0.007719,35.971768,1.426516,0.000000
250,0.760451,0.009774,25.319572,1.436123,0.000000
251,0.788732,0.016594,32.070920,1.424406,-0.000000
252,0.780649,0.006614,17.549637,1.402753,0.000000
253,0.790513,0.006106,28.893818,1.397205,-0.000000
254,0.795005,0.006208,33.692505,1.398107,0.000000
255,0.788672,0.005491,38.667031,1.396823,0.000000
256,0.792393,0.006075,40.083324,1.406980,0.000000
257,0.768749,0.045622,38.981158,1.429885,-0.000000
258,0.710855,0.030528,46.182343,1.446235,-0.000000
259,0.745244,0.006676,28.404594,1.459430,0.000000
260,0.714006,0.067254,34.175071,1.470292,0.000000
261,0.684469,0.035512,32.449753,1.464415,0.000000
262,0.590620,0.039688,22.335228,1.455963,0.000000
263,0.617503,0.040073,21.142634,1.462721,0.000000
264,0.601735,0.059234,12.640110,1.469970,0.000000
265,0.626035,0.028941,8.232951,1.454271,0.000000
266,0.658503,0.014237,3.532147,1.432364,-0.000000
267,0.683683,0.000770,6.960285,1.435172,0.000000
268,0.673468,0.011269,14.728528,1.442230,-0.000000
269,0.714962,0.013971,11.658005,1.438083,0.000000
270,0.610796,0.096610,5.286333,1.435674,-0.000000
271,0.628730,0.073099,6.384997,1.432900,-0.000000
272,0.648905,0.103369,6.607244,1.430154,0.000000
273,0.604713,0.071192,1.491627,1.415685,0.000000
274,0.616739,0.038676,6.491822,1.396920,0.000000
275,0.601377,0.048991,5.058264,1.386816,-0.000000
276,0.626177,0.029470,2.433813,1.379486,0.000000
277,0.669616,0.061680,2.222460,1.352739,-0.000000
278,0.712848,0.017950,6.386818,1.318502,-0.000000
279,0.687170,0.001535,8.466247,1.296107,-0.000000
280,0.744408,0.028789,5.964440,1.290305,-0.000000
281,0.703329,0.029751,7.647475,1.296378,0.000000
282,0.670201,0.012580,7.509692,1.280893,0.000000
283,0.669411,0.004889,1.009756,1.272706,0.000000
284,0.704723,0.045387,4.378223,1.269295,0.000000
285,0.682917,0.123265,1.322486,1.244247,-0.000000
286,0.609260,0.044193,1.673882,1.221886,-0.000000
287,0.605609,0.012711,6.253308,1.207847,-0.000000
288,0.664557,0.108871,1.942725,1.210189,0.000000
289,0.639846,0.046266,0.368194,1.221241,0.000000
290,0.658058,0.009887,1.610880,1.207121,0.000000
291,0.653934,0.044213,1.614078,1.183293,0.000000
292,0.670098,0.019210,0.764079,1.157388,0.000000
293,0.718441,0.001527,5.829810,1.152264,-0.000000
294,0.716332,0.001334,2.163725,1.155227,0.000000
295,0.736859,0.004333,5.571316,1.143789,0.000000
296,0.746888,0.035990,13.570603,1.139419,0.000000
297,0.711746,0.016736,5.534153,1.143901,-0.000000
298,0.719804,0.015087,6.975583,1.139182,0.000000
299,0.722554,0.011237,9.274307,1.121583,0.000000
300,0.714682,0.000164,8.688943,1.111563,-0.000000
301,0.685997,-0.004169,1.587415,1.099456,-0.000000
302,0.751788,-0.002170,8.910848,1.093233,0.000000
303,0.759448,0.007819,6.004532,1.096893,0.000000
304,0.773268,0.011030,7.689542,1.099301,-0.000000
305,0.740190,0.002965,8.118039,1.109443,0.000000
306,0.736442,-0.000679,9.149986,1.121018,-0.000000
307,0.740350,-0.000876,7.924050,1.119618,0.000000
308,0.715096,0.000828,5.675738,1.100311,0.000000
309,0.712862,-0.003648,8.734331,1.090770,0.000000
310,0.736884,0.072321,3.210532,1.089454,-0.000000
311,0.731506,0.015423,8.312536,1.090712,-0.000000
312,0.710942,0.010998,6.466025,1.092539,0.000000
313,0.761423,0.002296,6.173038,1.094136,0.000000
314,0.790369,-0.002317,10.772488,1.097206,-0.000000
315,0.791359,0.005907,8.668939,1.100883,0.000000
316,0.766347,0.030365,2.085607,1.096650,0.000000
317,0.773774,0.006805,3.811578,1.084332,0.000000
318,0.764010,0.001984,3.826462,1.066336,0.000000
319,0.719581,0.009812,9.112518,1.062409,-0.000000
320,0.698841,0.000654,12.570103,1.074436,-0.000000
321,0.725393,0.046505,8.252606,1.087716,0.000000
322,0.732032,0.056674,5.514464,1.084636,0.000000
323,0.711862,0.007556,4.932277,1.110838,0.000000
324,0.633376,0.022533,3.704601,1.138208,-0.000000
325,0.596849,0.159965,11.970593,1.128970,0.000000
326,0.619342,0.063430,7.451100,1.119518,-0.000000
327,0.585172,0.212259,12.560375,1.119936,-0.000000
328,0.556556,0.198664,6.974005,1.113791,-0.000000
329,0.656230,0.050522,6.181757,1.101603,0.000000
330,0.567537,0.003869,11.262448,1.091910,0.000000
331,0.577631,0.012521,11.833156,1.082257,0.000000
332,0.662927,0.020564,3.893698,1.060798,0.000000
333,0.641701,0.005805,5.820793,1.050372,-0.000000
334,0.657571,0.016682,1.838757,1.033880,0.000000
335,0.628241,0.015980,1.985640,0.999771,0.000000
336,0.683164,0.007688,1.175441,0.975843,-0.000000
337,0.661757,-0.000702,1.987844,0.968705,0.000000
338,0.687564,0.013719,1.190680,0.957814,0.000000
339,0.742547,0.001638,2.512009,0.942747,-0.000000
340,0.724153,0.002300,2.819370,0.928405,0.000000
341,0.742508,0.001193,6.862901,0.921848,-0.000000
342,0.729624,-0.004338,8.167530,0.947370,0.000000
343,0.779694,0.011735,7.395481,0.977540,-0.000000
344,0.771428,0.002179,4.394500,0.982367,0.000000
345,0.783829,-0.003416,8.388803,0.976599,-0.000000
346,0.775446,0.003614,5.622035,0.966037,-0.000000
347,0.791594,-0.001447,13.178305,0.963824,0.000000
348,0.801316,-0.002977,17.621076,0.967387,-0.000000
349,0.788872,0.000376,10.393643,0.987840,-0.000000
350,0.797863,0.004521,13.471374,1.006775,-0.000000
351,0.805236,-0.001429,15.726505,1.036760,-0.000000
352,0.799280,0.000751,11.054859,1.068621,-0.000000
353,0.795370,-0.002934,11.356774,1.090460,0.000000
354,0.806619,-0.000786,13.293792,1.123992,0.000000
355,0.799827,-0.000849,11.760542,1.142102,0.000000
356,0.799429,0.006197,7.818059,1.143173,-0.000000
357,0.780682,0.005445,6.664349,1.145411,-0.000000
358,0.795077,0.002317,5.799637,1.146745,0.000000
359,0.791418,0.000588,6.151025,1.138397,0.000000
360,0.795643,0.003390,8.621049,1.140334,-0.000000
361,0.773336,0.006582,5.030808,1.150939,-0.000000
362,0.763725,0.028799,3.957657,1.156824,0.000000
363,0.761564,0.010010,6.472228,1.178787,-0.000000
364,0.781587,0.016639,13.794231,1.199481,0.000000
365,0.771402,-0.001115,5.237839,1.198606,0.000000
366,0.736206,0.013100,6.042950,1.185672,-0.000000
367,0.736607,0.001294,5.688851,1.195316,0.000000
368,0.788636,0.000524,17.816775,1.217769,0.000000
369,0.762977,0.001563,11.365736,1.240507,0.000000
370,0.763014,-0.003742,6.323163,1.258575,-0.000000
371,0.769839,0.007436,26.399544,1.270208,0.000000
372,0.797994,0.024862,19.284715,1.272011,-0.000000
373,0.788463,0.000006,14.692661,1.264919,-0.000000
374,0.795507,-0.000909,18.329384,1.247926,0.000000
375,0.790772,0.024685,8.179291,1.252343,-0.000000
376,0.762036,0.057457,4.595036,1.247584,0.000000
377,0.781286,0.020237,10.107315,1.231907,0.000000
378,0.799460,-0.000943,20.122004,1.232164,-0.000000
379,0.788591,-0.002779,14.508569,1.256537,-0.000000
380,0.791734,-0.001901,31.586256,1.284256,-0.000000
381,0.774822,-0.006668,28.057354,1.305359,0.000000
382,0.801645,0.003225,31.374490,1.320903,-0.000000
383,0.793086,0.000588,17.511169,1.325477,0.000000
384,0.745199,0.006881,20.649689,1.327907,0.000000
385,0.750699,0.012934,10.406445,1.343251,-0.000000
386,0.712197,0.044878,9.628353,1.347118,-0.000000
387,0.735046,0.006462,5.784871,1.339267,0.000000
388,0.710038,0.122214,10.500274,1.330573,-0.000000
389,0.671833,0.041042,1.870134,1.328281,-0.000000
390,0.684408,0.021832,1.024299,1.321846,-0.000000
391,0.767841,0.028093,6.260136,1.298541,-0.000000
392,0.740018,0.037599,8.455304,1.265464,0.000000
393,0.757844,0.013050,9.230579,1.249137,0.000000
394,0.784927,0.001800,11.570823,1.238043,-0.000000
395,0.797027,0.071370,20.506616,1.218764,0.000000
396,0.727677,0.017467,11.810283,1.207075,-0.000000
397,0.799623,0.012003,17.725064,1.204867,-0.000000
398,0.815273,-0.002691,31.910054,1.223614,-0.000000
399,0.772134,0.013062,5.857886,1.235278,0.000000
400,0.794945,0.025901,13.562240,1.227597,0.000000
401,0.788820,0.010567,26.886250,1.228814,-0.000000
402,0.801788,0.012814,18.663266,1.239916,-0.000000
403,0.761261,0.001070,11.206519,1.257923,0.000000
404,0.743931,-0.007703,12.809832,1.281350,-0.000000
405,0.730493,0.016533,11.480185,1.297718,-0.000000
406,0.740006,-0.001001,9.086110,1.315667,-0.000000
407,0.742246,0.015778,9.255274,1.319023,0.000000
408,0.727407,0.014466,3.513805,1.318434,0.000000
409,0.663718,0.032397,7.045990,1.324999,-0.000000
410,0.685327,0.019170,9.154023,1.321173,0.000000
411,0.691167,0.011923,3.358450,1.323869,-0.000000
412,0.703970,0.002703,0.889824,1.311290,-0.000000
413,0.738483,-0.000753,12.878401,1.299304,-0.000000
414,0.753062,0.000644,8.615281,1.307933,0.000000
415,0.723837,0.007348,2.171588,1.300684,-0.000000
416,0.806143,0.000637,8.145369,1.294204,0.000000
417,0.783704,0.107318,7.756225,1.283890,-0.000000
418,0.779185,0.017946,7.357261,1.264957,0.000000
419,0.789844,0.014675,10.873295,1.259522,-0.000000
420,0.734907,0.016636,3.114890,1.257146,0.000000
421,0.736055,0.041791,5.705335,1.256586,-0.000000
422,0.786618,0.022841,7.247568,1.266127,0.000000
423,0.777059,-0.000099,14.238166,1.277032,-0.000000
424,0.784784,0.000010,11.034338,1.289514,-0.000000
425,0.782463,0.002160,8.124193,1.297552,0.000000
426,0.783572,-0.002382,8.977681,1.314304,-0.000000
427,0.778403,0.004604,4.997420,1.327693,-0.000000
428,0.784710,0.006900,7.531978,1.325315,0.000000
429,0.760519,0.001788,6.618453,1.320416,0.000000
430,0.796874,-0.000020,6.253120,1.337951,0.000000
431,0.784268,-0.000492,4.361041,1.370748,0.000000
432,0.779044,0.041137,5.421708,1.376718,-0.000000
433,0.778524,0.063018,4.206680,1.359062,0.000000
434,0.774063,0.150037,2.684566,1.331767,0.000000
435,0.738918,0.001439,6.595041,1.298863,-0.000000
436,0.776723,0.001657,5.786462,1.285525,-0.000000
437,0.768723,0.013516,5.439725,1.277384,-0.000000
438,0.724857,-0.002923,5.342561,1.272772,0.000000
439,0.778340,0.005326,3.759455,1.271830,-0.000000
440,0.737068,0.026535,3.978794,1.263138,-0.000000
441,0.678996,0.014637,2.462185,1.251623,0.000000
442,0.696087,0.005782,3.412062,1.240308,-0.000000
443,0.737192,0.036170,4.263861,1.245314,0.000000
444,0.771167,-0.004482,3.171066,1.236134,0.000000
445,0.718576,-0.004287,3.555221,1.229047,0.000000
446,0.716280,0.742145,3.556709,1.240619,0.000000
447,0.710395,0.004378,2.893591,1.244320,0.000000
448,0.707207,0.028586,3.615060,1.241051,-0.000000
449,0.747350,0.030808,2.870545,1.223202,-0.000000
450,0.756875,0.004376,2.319377,1.216686,-0.000000
451,0.781615,0.004290,6.497114,1.238211,0.000000
452,0.784137,0.003144,6.566261,1.270646,-0.000000
453,0.783033,0.009073,5.627558,1.293313,0.000000
454,0.741338,0.144884,12.270206,1.305097,-0.000000
455,0.788915,0.000053,8.497677,1.317311,0.000000
456,0.766950,0.005137,5.169176,1.321122,-0.000000
457,0.773789,0.012277,6.535530,1.326876,0.000000
458,0.736829,0.040755,4.549471,1.325881,0.000000
459,0.741012,0.011473,4.932736,1.316872,0.000000
460,0.748826,0.014592,3.804808,1.309267,-0.000000
461,0.766020,0.012301,3.304963,1.299645,-0.000000
462,0.729150,0.035843,13.349044,1.302382,0.000000
463,0.768146,0.131271,4.138537,1.307667,0.000000
464,0.740630,0.001846,8.112415,1.290718,0.000000
465,0.720475,0.040062,5.039521,1.276749,0.000000
466,0.713610,0.012134,6.707159,1.282098,0.000000
467,0.744826,0.007965,2.634232,1.297868,-0.000000
468,0.770154,0.006557,1.820834,1.292686,0.000000
469,0.699943,0.010684,1.079985,1.278462,-0.000000
470,0.737178,0.025188,1.849097,1.263172,-0.000000
471,0.747180,-0.004467,2.147175,1.241408,-0.000000
472,0.727611,0.023464,2.134850,1.232557,0.000000
473,0.718828,-0.000021,1.329410,1.226997,-0.000000
474,0.766366,0.014550,1.930700,1.217136,0.000000
475,0.777096,-0.002533,5.453813,1.221801,0.000000
476,0.772559,0.008186,1.841964,1.213396,-0.000000
477,0.784421,0.007310,2.069920,1.184759,0.000000
478,0.765256,0.008236,1.515164,1.162607,0.000000
479,0.749278,0.075123,1.705345,1.125867,0.000000
480,0.762658,0.004835,2.786453,1.089733,0.000000
481,0.742969,0.012782,2.452858,1.064069,-0.000000
482,0.749529,0.004464,1.800778,1.045105,0.000000
483,0.777261,0.031169,8.913689,1.043016,0.000000
484,0.775921,0.012472,7.334573,1.052431,0.000000
485,0.775033,0.007353,4.231651,1.069752,0.000000
486,0.753434,0.002217,5.658450,1.086148,0.000000
487,0.810693,-0.002662,39.298353,1.105695,0.000000
488,0.787204,-0.002118,20.016988,1.138607,-0.000000
489,0.805750,0.014139,28.321510,1.154452,0.000000
490,0.791916,0.006009,12.637140,1.169788,0.000000
491,0.804143,-0.004371,33.612147,1.186344,0.000000
492,0.802787,0.014176,19.185853,1.206447,-0.000000
493,0.795442,-0.001123,12.508806,1.221183,0.000000
494,0.798228,-0.003080,16.709690,1.250627,0.000000
495,0.798094,0.005739,10.689974,1.269213,-0.000000
496,0.761294,-0.004280,10.303650,1.283574,-0.000000
497,0.780028,0.017850,5.868005,1.289781,-0.000000
498,0.751981,0.012583,1.175960,1.276455,0.000000
499,0.782185,0.006649,7.454218,1.280441,0.000000
500,0.778708,0.007927,6.797345,1.288529,0.000000
501,0.796341,-0.003084,12.625238,1.307431,0.000000
502,0.775836,0.035065,12.378559,1.324550,0.000000
503,0.804604,-0.000379,15.724866,1.337193,-0.000000
504,0.791056,0.002842,9.826170,1.364665,0.000000
505,0.790386,-0.001716,8.388021,1.389489,0.000000
506,0.797381,0.002610,17.983518,1.411445,-0.000000
507,0.801731,0.004604,22.018117,1.425494,0.000000
508,0.801027,0.006223,23.767967,1.436393,-0.000000
509,0.801833,0.014104,15.361491,1.439948,0.000000
510,0.795659,0.050293,6.210838,1.437083,-0.000000
511,0.804126,0.019440,19.018216,1.434328,0.000000
512,0.801290,0.008431,19.993942,1.436822,-0.000000
513,0.795652,0.009862,9.275896,1.441771,-0.000000
514,0.802262,0.001335,19.907623,1.431449,-0.000000
515,0.802354,0.001033,18.584141,1.423266,-0.000000
516,0.798837,0.104120,15.449279,1.437093,0.000000
517,0.790833,0.017253,8.566335,1.454352,0.000000
518,0.793843,0.020864,4.842275,1.445544,-0.000000
519,0.765702,-0.002830,13.937292,1.432623,0.000000
520,0.753152,0.000130,10.778321,1.433838,0.000000
521,0.735743,0.031603,8.487593,1.429240,0.000000
522,0.734554,0.297042,11.094253,1.417156,0.000000
523,0.767442,0.038819,5.671885,1.399473,0.000000
524,0.760570,0.048955,3.591929,1.374650,0.000000
525,0.781995,0.028379,2.687378,1.346449,-0.000000
526,0.742663,0.135576,4.078091,1.315612,-0.000000
527,0.761252,0.025036,2.036843,1.286133,-0.000000
528,0.772990,0.011088,2.278400,1.277089,0.000000
529,0.745694,0.049597,2.475734,1.286532,0.000000
530,0.743666,0.020996,6.139877,1.290268,0.000000
531,0.746599,0.011576,2.984339,1.289876,0.000000
532,0.793298,0.003592,6.567866,1.295153,0.000000
533,0.785191,0.712288,4.102561,1.288753,0.000000
534,0.782788,0.005399,2.252985,1.276010,-0.000000
535,0.785855,0.011834,1.849533,1.258690,0.000000
536,0.790733,1.207659,2.143587,1.248368,0.000000
537,0.788573,0.002185,4.101476,1.245537,-0.000000
538,0.795430,0.019883,2.785804,1.226631,0.000000
539,0.750189,-0.000421,2.988332,1.222848,0.000000
540,0.797911,-0.000477,3.732188,1.243358,-0.000000
541,0.799321,0.015725,5.358246,1.247454,0.000000
542,0.797926,0.003736,3.743662,1.231732,0.000000
543,0.795173,0.010101,4.944678,1.220980,0.000000
544,0.758956,0.015860,6.037694,1.211957,0.000000
545,0.761587,0.006100,3.712939,1.216000,0.000000
546,0.743929,0.019281,4.314284,1.226242,0.000000
547,0.768182,0.012066,3.517456,1.222995,-0.000000
548,0.761607,0.013647,3.251466,1.202434,0.000000
549,0.743598,0.058276,1.831087,1.180868,0.000000
550,0.751374,0.094564,2.242593,1.178151,-0.000000
551,0.748101,0.013227,1.618525,1.173299,0.000000
552,0.673689,0.008425,7.535947,1.161629,0.000000
553,0.745350,0.051162,3.824061,1.166559,0.000000
554,0.754293,0.019112,5.514923,1.178194,0.000000
555,0.784837,0.002627,2.326497,1.179897,0.000000
556,0.763796,0.001766,2.834982,1.173750,0.000000
557,0.777710,0.003983,0.909874,1.158656,0.000000
558,0.770027,0.297951,1.681083,1.145193,0.000000
559,0.782703,-0.001701,4.667294,1.154880,-0.000000
560,0.771673,0.014088,5.046248,1.163923,0.000000
561,0.772240,0.009103,1.349955,1.149561,-0.000000
562,0.787715,0.031920,6.233900,1.125618,-0.000000
563,0.786049,0.000191,2.578212,1.114661,-0.000000
564,0.788093,0.012956,1.571880,1.115552,-0.000000
565,0.779368,0.002463,3.619379,1.108762,0.000000
566,0.795193,-0.004795,1.160806,1.100550,0.000000
567,0.773514,0.020721,1.331387,1.089339,-0.000000
568,0.785004,0.050386,2.577622,1.078868,0.000000
569,0.782342,0.025170,1.316873,1.067183,0.000000
570,0.773679,0.013083,1.352213,1.055176,-0.000000
571,0.773106,0.007204,1.723355,1.040866,0.000000
572,0.783681,-0.000801,1.156199,1.039134,0.000000
573,0.761476,-0.000942,0.816143,1.040613,-0.000000
574,0.780395,0.026565,4.750601,1.023945,0.000000
575,0.764605,-0.000773,2.232994,1.013164,-0.000000
576,0.760357,0.050503,2.561743,1.013797,-0.000000
577,0.763976,0.006143,2.005327,1.006203,0.000000
578,0.753620,0.030342,8.559572,1.003861,0.000000
579,0.681486,0.015360,13.649687,1.015071,0.000000
580,0.579857,0.002459,17.837174,1.022428,0.000000
581,0.566584,0.015002,14.835582,1.016141,0.000000
582,0.580466,0.017260,11.692530,0.999283,0.000000
583,0.535143,0.019149,16.610426,0.994389,0.000000
584,0.564710,0.020380,26.619538,1.005376,0.000000
585,0.639199,0.026842,8.246592,1.024275,0.000000
586,0.631160,0.011818,5.203985,1.028817,-0.000000
587,0.745119,0.005485,6.564001,1.016867,0.000000
588,0.778308,0.007187,1.771184,1.005711,0.000000
589,0.799207,0.016260,1.384810,0.993380,-0.000000
590,0.758390,0.005228,7.219610,0.985805,0.000000
591,0.785641,0.003974,1.562367,0.986990,0.000000
592,0.802172,-0.002603,8.420905,1.002077,-0.000000
593,0.716343,0.019548,1.688406,1.009339,0.000000
594,0.754997,0.008413,2.930988,0.992256,-0.000000
595,0.766592,0.002360,5.615962,0.994753,-0.000000
596,0.793053,0.011072,3.851637,0.999183,-0.000000
597,0.752378,0.059902,5.683365,1.009124,0.000000
598,0.763024,0.004438,2.741230,1.006456,0.000000
599,0.797660,0.007287,6.405129,0.989346,-0.000000
600,0.776810,0.004791,1.776787,0.979249,0.000000
601,0.797273,-0.003036,3.468543,0.998635,-0.000000
602,0.792769,0.000046,2.210706,1.003701,0.000000
603,0.799798,0.003702,5.857616,1.000389,0.000000
604,0.783378,0.034249,2.214841,1.008424,-0.000000
605,0.795532,0.001569,3.171847,1.012441,-0.000000
606,0.801184,0.029233,7.239382,1.010414,0.000000
607,0.806590,0.005735,4.786147,1.016511,-0.000000
608,0.796373,0.007384,2.094301,1.002571,0.000000
609,0.800545,0.000422,4.401047,1.011031,-0.000000
610,0.799994,0.000746,3.813135,1.039736,0.000000
611,0.792189,0.039080,5.428811,1.065868,-0.000000
612,0.800062,-0.003996,4.666729,1.081145,-0.000000
613,0.773899,0.004900,2.322750,1.083161,-0.000000
614,0.788701,0.003763,1.812805,1.081756,0.000000
615,0.796753,0.000102,3.359171,1.090637,0.000000
616,0.803063,-0.002058,5.684388,1.100497,0.000000
617,0.794407,-0.004432,3.633885,1.118646,-0.000000
618,0.797140,0.004603,2.732534,1.114287,0.000000
619,0.779569,0.033839,1.615703,1.096977,0.000000
620,0.783857,0.004543,0.832938,1.080601,0.000000
621,0.786711,-0.003746,4.037023,1.083936,0.000000
622,0.760248,-0.001251,13.453244,1.108005,-0.000000
623,0.707196,-0.000211,5.079192,1.122737,-0.000000
624,0.757356,-0.002527,4.594749,1.113793,0.000000
625,0.799764,0.005370,3.143413,1.094879,-0.000000
626,0.780881,0.008168,5.915638,1.082285,-0.000000
627,0.811282,0.004554,3.127570,1.085510,0.000000
628,0.790173,0.003901,5.950137,1.098528,0.000000
629,0.795711,-0.005113,9.340371,1.096191,0.000000
630,0.802556,0.079941,9.958294,1.092250,0.000000
631,0.804730,0.001257,2.958150,1.089373,0.000000
632,0.765548,0.003708,5.661567,1.099818,-0.000000
633,0.800743,0.008426,1.848660,1.108283,0.000000
634,0.803798,0.007044,4.665410,1.105917,-0.000000
635,0.760111,0.444211,6.774761,1.121925,0.000000
636,0.800934,0.039527,3.136070,1.115715,0.000000
637,0.799357,0.006390,3.705875,1.104735,0.000000
638,0.802556,-0.003990,10.717771,1.107103,-0.000000
639,0.791828,0.020084,2.916795,1.101140,-0.000000
640,0.786233,0.015655,2.136580,1.083122,0.000000
641,0.796423,0.004923,7.807484,1.077320,0.000000
642,0.790834,0.010909,3.217240,1.075951,0.000000
643,0.790415,0.009541,5.817008,1.070355,0.000000
644,0.782929,0.028067,3.673480,1.065606,0.000000
645,0.767504,0.029208,2.730490,1.045434,-0.000000
646,0.769046,0.014325,1.176892,1.031045,0.000000
647,0.725396,0.072820,2.236962,1.023661,-0.000000
648,0.743654,0.007797,1.649843,1.003354,0.000000
649,0.776331,-0.000417,2.758720,0.990508,0.000000
650,0.753723,0.009540,1.699497,0.997968,-0.000000
651,0.754260,0.010533,2.135436,0.995462,0.000000
652,0.774696,0.006035,1.714876,0.986934,-0.000000
653,0.766527,-0.005896,5.918194,0.991275,0.000000
654,0.739414,0.028672,4.802124,0.997206,0.000000
655,0.717485,0.028231,3.566178,0.986854,0.000000
656,0.717709,0.002183,6.185506,0.985787,0.000000
657,0.697510,0.008643,5.107229,0.990076,-0.000000
658,0.784418,0.014247,1.787490,0.980970,-0.000000
659,0.774448,-0.002273,3.438243,0.987089,0.000000
660,0.791319,-0.000918,8.319498,1.004487,0.000000
661,0.780767,0.008381,5.321712,0.992426,0.000000
662,0.785687,-0.000606,1.707631,0.971665,0.000000
663,0.805516,-0.003919,8.175602,0.967613,0.000000
664,0.800702,0.004134,7.569595,0.983887,-0.000000
665,0.753095,0.014301,10.039825,0.994419,0.000000
666,0.741735,-0.000435,3.128975,0.984432,0.000000
667,0.739836,0.006278,10.665270,0.983923,0.000000
668,0.770712,0.747057,0.663403,0.980708,0.000000
669,0.784365,0.008662,1.412547,0.958956,0.000000
670,0.776565,0.028410,2.368560,0.952834,-0.000000
671,0.789429,0.014014,1.343208,0.945788,0.000000
672,0.782779,0.013008,1.728753,0.933511,0.000000
673,0.787187,0.002727,2.645429,0.919647,-0.000000
674,0.787705,-0.005775,10.269048,0.909424,0.000000
675,0.795378,0.000671,10.474937,0.934049,-0.000000
676,0.779137,0.081384,2.233662,0.963864,-0.000000
677,0.767823,0.023062,4.732698,0.949298,0.000000
678,0.620392,3.124371,8.990748,0.936793,0.000000
679,0.693912,0.077606,4.616378,0.935330,0.000000
680,0.729562,0.022444,1.724103,0.930181,0.000000
681,0.675518,0.018190,4.205994,0.921484,0.000000
682,0.712704,0.131975,1.680096,0.916369,0.000000
683,0.748096,0.000882,1.730412,0.923238,0.000000
684,0.738696,0.013606,4.503941,0.939622,-0.000000
685,0.719916,0.013211,2.429881,0.934672,0.000000
686,0.681392,0.034331,2.564456,0.927083,0.000000
687,0.696398,0.060813,3.271153,0.911202,-0.000000
688,0.737183,0.017543,0.886681,0.885257,0.000000
689,0.735127,0.000312,1.246552,0.878626,0.000000
690,0.768708,0.015899,2.536460,0.889596,0.000000
691,0.762364,0.013825,1.436024,0.880959,-0.000000
692,0.751853,0.006703,2.319783,0.852742,0.000000
693,0.749334,0.039751,1.444008,0.836029,0.000000
694,0.745382,0.009423,1.053169,0.805940,-0.000000
695,0.707011,0.001313,1.589782,0.791560,0.000000
696,0.747892,0.006009,1.843607,0.783555,-0.000000
697,0.702698,0.006409,1.985241,0.776565,0.000000
698,0.770917,0.002935,0.712473,0.774946,0.000000
699,0.782102,0.014542,1.607445,0.777479,-0.000000
700,0.780098,0.020629,1.483317,0.792230,-0.000000
701,0.777675,-0.003908,3.618093,0.806147,0.000000
702,0.783304,-0.003233,3.838004,0.807124,0.000000
703,0.786065,0.000668,3.128884,0.817417,-0.000000
704,0.767738,0.014076,1.367806,0.819954,0.000000
705,0.769600,0.008691,1.378726,0.801296,0.000000
706,0.777819,-0.001693,2.591956,0.786647,-0.000000
707,0.770203,-0.004175,2.298663,0.780175,-0.000000
708,0.776545,0.039298,1.219529,0.782176,0.000000
709,0.769957,0.012624,1.698301,0.776761,-0.000000
710,0.757085,0.057339,1.341546,0.770674,0.000000
711,0.760227,-0.002779,1.902250,0.768312,-0.000000
712,0.775262,0.000749,0.486934,0.764428,0.000000
713,0.773494,0.000056,1.039881,0.765347,-0.000000
714,0.773652,0.004501,1.754657,0.762411,-0.000000
715,0.782534,-0.001337,5.752111,0.756351,0.000000
716,0.783890,-0.001929,3.160725,0.733022,-0.000000
717,0.798332,0.001679,5.534941,0.718020,0.000000
718,0.802822,0.004774,2.350661,0.724250,-0.000000
719,0.787242,-0.001815,4.041924,0.724809,-0.000000
720,0.745855,0.008373,10.680760,0.732607,0.000000
721,0.793461,-0.006323,5.951630,0.754714,0.000000
722,0.812537,-0.001874,11.844220,0.777637,-0.000000
723,0.789801,-0.002501,9.066069,0.809580,-0.000000
724,0.808225,-0.002467,6.523218,0.824073,0.000000
725,0.803427,-0.000567,16.168084,0.817370,0.000000
726,0.809066,0.003556,7.020927,0.805657,0.000000
727,0.812851,0.001611,9.801170,0.808880,-0.000000
728,0.796657,-0.002538,13.138671,0.829329,0.000000
729,0.795078,0.010945,5.981158,0.840440,-0.000000
730,0.788926,0.009918,3.773351,0.843037,-0.000000
731,0.760510,0.002209,16.330205,0.857265,0.000000
732,0.800053,0.000998,7.050329,0.866638,-0.000000
733,0.752263,0.045696,13.597269,0.862334,-0.000000
734,0.782810,-0.002052,12.165779,0.872517,0.000000
735,0.798774,0.006289,22.057126,0.897257,0.000000
736,0.810058,0.006214,20.127822,0.905130,0.000000
737,0.764580,0.004922,26.678056,0.910555,0.000000
738,0.797585,0.001710,21.976938,0.921469,0.000000
739,0.805186,0.005421,8.106678,0.917983,0.000000
740,0.720085,0.040773,15.622593,0.904037,-0.000000
741,0.708510,0.024866,5.434903,0.899757,-0.000000
742,0.768746,0.044147,2.164663,0.892202,0.000000
743,0.773163,0.005100,3.026549,0.875101,0.000000
744,0.699421,0.049533,5.465986,0.854785,-0.000000
745,0.719958,0.012951,6.654140,0.851849,0.000000
746,0.720466,0.048443,4.050885,0.846710,0.000000
747,0.717478,0.170027,2.814264,0.822000,0.000000
748,0.741316,0.053291,2.176527,0.804185,-0.000000
749,0.735078,0.128105,2.390774,0.801228,-0.000000
750,0.730166,-0.000491,9.364139,0.801569,-0.000000
751,0.760096,0.014216,13.441186,0.792789,-0.000000
752,0.777032,0.010410,2.413948,0.782571,0.000000
753,0.769330,0.008142,5.759865,0.781093,-0.000000
754,0.793776,0.003947,3.100979,0.772014,0.000000
755,0.799646,0.016794,3.554938,0.759174,-0.000000
756,0.795440,0.019846,2.270980,0.740038,0.000000
757,0.801154,0.000097,3.280802,0.740354,0.000000
758,0.799534,0.006981,2.914247,0.749931,-0.000000
759,0.747817,0.002926,13.210522,0.748238,-0.000000
760,0.756177,0.002871,29.822395,0.760562,0.000000
761,0.658528,0.072422,27.538310,0.774451,0.000000
762,0.684262,0.085019,5.814544,0.761658,0.000000
763,0.712671,0.058962,3.855524,0.751005,-0.000000
764,0.622942,0.295968,4.163771,0.759549,-0.000000
765,0.716237,0.019489,8.258497,0.765682,0.000000
766,0.662885,0.012876,5.352044,0.769209,0.000000
767,0.761128,0.006326,1.623171,0.773061,-0.000000
768,0.766795,0.022256,5.180988,0.780387,0.000000
769,0.800283,-0.000886,1.592682,0.775611,-0.000000
770,0.757890,0.006789,3.672241,0.761962,0.000000
771,0.756705,-0.000743,4.527082,0.768298,0.000000
772,0.802802,0.000793,1.519292,0.790606,-0.000000
773,0.747447,0.001118,4.018382,0.790781,0.000000
774,0.790025,0.004794,2.494661,0.784511,-0.000000
775,0.737358,0.023152,4.471452,0.779378,0.000000
776,0.709571,0.003146,16.292960,0.772349,-0.000000
777,0.756730,-0.003710,9.775008,0.779324,-0.000000
778,0.797755,-0.003342,5.316320,0.797183,-0.000000
779,0.762576,0.013854,4.669769,0.804555,-0.000000
780,0.782607,-0.000891,12.777826,0.799974,0.000000
781,0.789547,-0.002145,3.420134,0.804918,-0.000000
782,0.799245,-0.000135,5.589123,0.820012,0.000000
783,0.790487,0.002374,1.319334,0.834011,-0.000000
784,0.793179,0.006049,4.595297,0.840574,-0.000000
785,0.749453,0.008186,6.618806,0.831206,-0.000000
786,0.785977,0.018136,3.529452,0.813774,0.000000
787,0.800615,0.004367,2.628601,0.794733,-0.000000
788,0.725113,0.007352,5.054932,0.799959,0.000000
789,0.781536,0.020318,4.678288,0.805759,-0.000000
790,0.758908,0.000196,3.098281,0.810198,0.000000
791,0.790509,-0.003420,9.624600,0.840649,-0.000000
792,0.784787,0.089775,6.927962,0.857467,0.000000
793,0.804172,0.037353,5.859534,0.878019,-0.000000
794,0.791321,0.006478,9.030162,0.899770,0.000000
795,0.757636,0.074923,2.891639,0.907691,-0.000000
796,0.787791,0.026042,5.009405,0.889232,0.000000
797,0.801941,0.008538,10.881022,0.865420,-0.000000
798,0.795353,-0.003735,19.957488,0.882362,0.000000
799,0.765165,0.000467,20.913197,0.903624,-0.000000
800,0.802185,0.009574,8.830889,0.898627,0.000000
801,0.792484,0.001861,9.864915,0.891412,0.000000
802,0.798278,0.026399,4.699008,0.885298,-0.000000
803,0.813018,0.003493,3.849149,0.871983,0.000000
804,0.809703,0.017893,7.002188,0.871700,-0.000000
805,0.804578,1.316224,5.689267,0.874050,0.000000
806,0.809578,0.005491,11.023885,0.869581,0.000000
807,0.808990,0.007028,4.904439,0.866809,-0.000000
808,0.776647,0.154793,5.079558,0.858765,0.000000
809,0.783913,-0.001365,14.112172,0.864630,0.000000
810,0.775145,0.000377,14.311937,0.881131,-0.000000
811,0.736328,0.012952,6.896738,0.882762,-0.000000
812,0.771326,-0.001038,18.899096,0.898277,-0.000000
813,0.772423,-0.001743,5.212119,0.921507,0.000000
814,0.775444,0.012820,12.832766,0.917409,0.000000
815,0.780918,0.001557,19.720029,0.914514,0.000000
816,0.812042,-0.001468,18.565481,0.935552,-0.000000
817,0.808273,-0.002390,14.884656,0.958889,-0.000000
818,0.818622,-0.000597,8.756283,0.968284,0.000000
819,0.819067,0.069407,16.524640,0.973475,0.000000
820,0.815973,-0.001213,25.832024,0.984016,0.000000
821,0.808177,0.018234,10.278304,0.991808,-0.000000
822,0.807172,0.028398,3.102861,0.996783,0.000000
823,0.810383,0.004408,8.424419,1.005938,-0.000000
824,0.815265,0.009965,9.279688,1.015824,0.000000
825,0.805332,0.003891,7.017470,1.029697,0.000000
826,0.804591,0.005852,6.415065,1.024022,0.000000
827,0.770464,0.015943,20.074936,1.027358,-0.000000
828,0.781432,0.008749,14.374553,1.040333,0.000000
829,0.812016,0.000824,22.722218,1.055124,0.000000
830,0.778220,-0.003695,17.794308,1.085455,0.000000
831,0.787435,0.093792,16.883573,1.099286,0.000000
832,0.811517,0.001550,17.931375,1.111081,0.000000
833,0.814297,-0.001959,19.873246,1.150136,-0.000000
834,0.771515,0.008620,13.509097,1.173160,-0.000000
835,0.810217,0.788948,9.020289,1.166288,0.000000
836,0.780680,-0.003937,14.054901,1.191292,0.000000
837,0.784183,0.016325,14.919272,1.226886,-0.000000
838,0.813527,0.020117,8.239953,1.237488,-0.000000
839,0.783738,0.001259,13.496592,1.233478,0.000000
840,0.783834,0.000392,13.259186,1.227414,-0.000000
841,0.782985,-0.002799,7.989418,1.226720,-0.000000
842,0.765060,0.005351,7.330596,1.223859,-0.000000
843,0.776427,0.000025,6.462120,1.211640,0.000000
844,0.744000,-0.001207,3.533031,1.208057,0.000000
845,0.768670,0.015409,6.087483,1.207523,0.000000
846,0.780039,0.045088,5.088029,1.205113,0.000000
847,0.760304,-0.001262,5.017847,1.206654,0.000000
848,0.812757,0.040484,10.776444,1.212811,0.000000
849,0.772846,0.027652,14.626747,1.217627,0.000000
850,0.793630,0.012239,3.883994,1.199625,-0.000000
851,0.801671,0.030929,2.677729,1.177993,0.000000
852,0.767997,0.014479,3.463649,1.165864,0.000000
853,0.784160,0.048069,6.280962,1.158214,0.000000
854,0.804748,0.007507,4.336449,1.144464,-0.000000
855,0.802947,0.014930,4.448862,1.130314,0.000000
856,0.802062,0.006375,6.656202,1.124943,-0.000000
857,0.791880,0.015106,6.902342,1.124689,-0.000000
858,0.803309,0.024851,3.957790,1.112044,0.000000
859,0.800209,0.013203,5.328985,1.090509,0.000000
860,0.806691,0.005083,5.376341,1.075280,0.000000
861,0.813241,0.003646,8.201679,1.078661,0.000000
862,0.815747,0.041196,7.180195,1.088960,0.000000
863,0.806441,0.305332,6.155128,1.078793,0.000000
864,0.809332,0.001317,12.433703,1.063725,0.000000
865,0.807720,0.000506,10.618364,1.061665,-0.000000
866,0.809357,0.008084,4.251215,1.057638,-0.000000
867,0.801697,0.004526,2.042422,1.036176,-0.000000
868,0.808568,0.024782,3.253836,1.019415,-0.000000
869,0.804723,0.004890,3.313927,1.016604,-0.000000
870,0.799252,0.003465,2.701347,1.018665,0.000000
871,0.800637,0.012792,4.244188,1.025452,0.000000
872,0.792932,-0.000888,5.354110,1.043596,-0.000000
873,0.811229,0.043144,4.389253,1.054338,0.000000
874,0.801203,0.012999,18.277226,1.048019,0.000000
875,0.805615,-0.004472,3.992442,1.054687,0.000000
876,0.761608,-0.000297,13.455009,1.078154,-0.000000
877,0.812277,-0.005014,13.289739,1.075769,0.000000
878,0.812660,0.031835,2.758624,1.055565,0.000000
879,0.805988,0.001304,7.092296,1.045481,0.000000
880,0.808336,0.001672,10.731592,1.062664,-0.000000
881,0.810656,-0.004507,14.851534,1.076885,-0.000000
882,0.815235,-0.004247,14.631938,1.093346,-0.000000
883,0.807806,0.017829,11.079063,1.099982,0.000000
884,0.800339,-0.002382,13.161596,1.114108,-0.000000
885,0.811341,-0.001501,28.544481,1.130516,0.000000
886,0.810371,0.000972,34.279284,1.131893,0.000000
887,0.800433,0.000740,16.759206,1.141655,-0.000000
888,0.805375,0.002503,33.128640,1.148687,0.000000
889,0.809324,0.019451,27.694320,1.147002,-0.000000
890,0.805505,-0.002747,19.045230,1.151201,-0.000000
891,0.743237,0.010978,28.267600,1.165882,0.000000
892,0.779662,0.001621,13.669896,1.169847,-0.000000
893,0.809229,-0.003314,16.708878,1.172524,-0.000000
894,0.806990,0.010675,69.076060,1.188419,-0.000000
895,0.814373,-0.000226,56.660115,1.204542,0.000000
896,0.772398,-0.003478,50.270838,1.220696,0.000000
897,0.778584,0.005486,35.580562,1.230921,-0.000000
898,0.790765,0.318441,36.855352,1.242123,0.000000
899,0.700958,0.013871,17.061867,1.241964,0.000000
900,0.765708,0.009901,27.204294,1.242384,0.000000
901,0.742988,-0.002598,13.159281,1.255529,0.000000
902,0.728348,0.105975,19.279328,1.258522,-0.000000
903,0.780169,0.008951,16.157881,1.263338,0.000000
904,0.755561,0.007853,13.647524,1.259595,0.000000
905,0.747301,0.008223,12.086667,1.234715,0.000000
906,0.668938,0.033335,6.097548,1.218810,0.000000
907,0.787818,0.003057,16.197585,1.189882,-0.000000
908,0.695754,0.005065,3.211795,1.156222,-0.000000
909,0.738728,0.013936,2.814653,1.127749,0.000000
910,0.779796,-0.000356,21.519422,1.110409,0.000000
911,0.777235,-0.006006,20.926649,1.110664,-0.000000
912,0.813742,-0.001577,36.878680,1.127001,-0.000000
913,0.779585,0.002916,27.164603,1.144904,-0.000000
914,0.810323,0.007905,31.407301,1.141566,-0.000000
915,0.814162,0.000801,33.391867,1.143506,0.000000
916,0.784505,0.000481,35.166672,1.146206,0.000000
917,0.785184,0.017015,25.629448,1.136637,-0.000000
918,0.810599,0.022268,29.978704,1.132463,-0.000000
919,0.752613,0.111680,22.422316,1.143531,0.000000
920,0.784505,0.034561,21.383912,1.153966,-0.000000
921,0.737430,0.064840,20.452780,1.163011,-0.000000
922,0.760823,-0.002003,20.560165,1.166988,0.000000
923,0.814184,0.076414,26.530772,1.155153,0.000000
924,0.776635,0.015877,30.260801,1.145820,-0.000000
925,0.802613,0.003875,31.061816,1.137893,-0.000000
926,0.788164,0.006295,28.537803,1.130598,0.000000
927,0.785627,0.029297,20.864616,1.131412,0.000000
928,0.768636,0.114593,16.988147,1.111638,0.000000
929,0.715778,0.030173,26.500611,1.097504,0.000000
930,0.741363,0.049713,16.063716,1.098998,-0.000000
931,0.699214,0.070333,9.677533,1.089173,-0.000000
932,0.693912,0.075765,3.340304,1.068886,-0.000000
933,0.681816,0.080456,7.739996,1.049134,-0.000000
934,0.792024,0.135818,7.086466,1.020885,-0.000000
935,0.623789,0.033325,6.341062,1.001206,-0.000000
936,0.762976,0.022814,3.837645,0.989045,0.000000
937,0.713086,0.060054,6.000391,0.982577,0.000000
938,0.729388,0.011447,7.800011,0.981302,0.000000
939,0.771318,0.025247,5.603331,0.980236,0.000000
940,0.766266,0.015891,3.494561,0.971935,0.000000
941,0.756459,0.287798,8.970166,0.963611,-0.000000
942,0.770947,0.020063,8.451886,0.958432,-0.000000
943,0.780477,0.026700,9.086435,0.958417,0.000000
944,0.822163,0.049827,7.845649,0.946195,-0.000000
945,0.702442,0.085697,7.171950,0.924168,0.000000
946,0.718190,0.026452,3.219350,0.915217,-0.000000
947,0.809348,0.005499,5.118727,0.919477,0.000000
948,0.773604,0.014750,10.776565,0.911433,0.000000
949,0.806857,0.007250,6.366740,0.905647,-0.000000
950,0.811142,-0.001476,9.819224,0.914642,-0.000000
951,0.805676,0.041003,6.242250,0.921479,-0.000000
952,0.764810,0.006655,10.287942,0.920799,-0.000000
953,0.809074,0.000088,11.857080,0.911877,0.000000
954,0.739135,0.000548,14.805157,0.894861,-0.000000
955,0.809184,0.005035,3.529721,0.893878,0.000000
956,0.770021,0.004544,5.700062,0.904348,0.000000
957,0.757325,0.384434,5.144482,0.908855,-0.000000
958,0.767285,0.006673,3.504493,0.909036,0.000000
959,0.670445,0.024018,6.311727,0.901784,-0.000000
960,0.611658,0.004989,4.818166,0.902089,-0.000000
961,0.693297,0.007851,3.931650,0.902960,-0.000000
962,0.785049,0.046426,4.657349,0.894019,-0.000000
963,0.784966,0.004861,4.539541,0.871417,0.000000
964,0.749444,0.081038,2.077633,0.860783,-0.000000
965,0.677737,0.042438,5.864016,0.856511,-0.000000
966,0.763662,0.013222,2.096602,0.852588,0.000000
967,0.738811,0.066516,2.152170,0.856975,-0.000000
968,0.702471,0.038422,2.992498,0.855995,-0.000000
969,0.725783,0.022038,3.549377,0.853907,0.000000
970,0.714282,0.006916,1.657723,0.846700,0.000000
971,0.637345,0.020423,5.246757,0.815775,-0.000000
972,0.782648,-0.000146,12.417476,0.798509,0.000000
973,0.767352,0.005697,16.284008,0.812500,0.000000
974,0.788694,0.003737,2.552271,0.816535,0.000000
975,0.779445,-0.000535,12.264663,0.807821,-0.000000
976,0.773619,0.006860,3.842707,0.795261,0.000000
977,0.736682,0.012383,7.027535,0.784600,-0.000000
978,0.770853,0.003757,10.282589,0.778842,-0.000000
979,0.776403,-0.001399,15.001625,0.764380,0.000000
980,0.809493,-0.000696,17.153447,0.769509,-0.000000
981,0.794510,0.015325,4.120054,0.761210,0.000000
982,0.744951,-0.002810,28.086085,0.750335,0.000000
983,0.799468,0.002579,5.074814,0.752591,-0.000000
984,0.779219,0.002433,26.517736,0.741758,0.000000
985,0.792792,-0.001438,9.362267,0.731493,0.000000
986,0.809615,-0.005835,17.142546,0.731141,0.000000
987,0.774188,-0.002487,10.135458,0.747100,-0.000000
988,0.798382,-0.000905,16.515368,0.770670,0.000000
989,0.737886,0.000212,14.123426,0.791518,0.000000
990,0.804176,-0.002552,19.944978,0.819494,-0.000000
991,0.793984,-0.003427,11.492847,0.850874,0.000000
992,0.802520,0.008229,4.477984,0.872574,0.000000
993,0.805326,0.009255,11.875558,0.887518,0.000000
994,0.800507,0.004034,4.191043,0.893635,-0.000000
995,0.801298,-0.002878,10.074445,0.904016,-0.000000
996,0.791118,0.000319,4.638848,0.927592,0.000000
997,0.803267,-0.002768,5.423728,0.950029,0.000000
998,0.804054,-0.000287,6.878600,0.970329,0.000000
999,0.807550,0.008310,7.604031,0.988104,0.000000
1000,0.803299,-0.001351,5.941590,0.994191,-0.000000
1001,0.802070,-0.002170,22.804589,0.992482,0.000000
1002,0.800565,0.002372,24.579588,1.002763,-0.000000
1003,0.799913,0.001678,15.014775,1.010798,0.000000
1004,0.775695,-0.001788,29.949853,1.005976,-0.000000
1005,0.806135,0.025776,15.898743,1.015506,0.000000
1006,0.798735,0.044129,9.556256,0.998531,-0.000000
1007,0.806921,0.008357,8.345348,0.992650,-0.000000
1008,0.807155,-0.006666,25.757525,1.008791,-0.000000
1009,0.807185,0.604099,10.294222,1.007016,0.000000
1010,0.817181,0.007077,44.364336,1.008215,0.000000
1011,0.815709,-0.000329,26.668478,1.027983,-0.000000
1012,0.815251,-0.003460,14.111599,1.038035,0.000000
1013,0.814135,-0.003889,52.105958,1.022746,0.000000
1014,0.736595,-0.005255,39.605453,1.015529,0.000000
1015,0.810217,0.001285,49.422785,1.034316,0.000000
1016,0.804106,-0.001632,30.929318,1.040850,-0.000000
1017,0.814738,0.011673,33.424489,1.030292,0.000000
1018,0.810484,-0.003129,17.558970,1.036262,-0.000000
1019,0.806823,-0.003877,28.672918,1.061708,0.000000
1020,0.808627,0.029597,45.239706,1.083153,-0.000000
1021,0.781149,0.264420,51.468031,1.098222,0.000000
1022,0.785264,0.001233,30.490309,1.115171,-0.000000
1023,0.740952,0.001912,20.357197,1.126000,-0.000000
1024,0.700062,-0.000515,8.917639,1.134308,-0.000000
1025,0.748618,0.002819,12.127564,1.135803,-0.000000
1026,0.729907,0.034236,4.242739,1.128311,0.000000
1027,0.788125,0.003115,37.313622,1.136324,-0.000000
1028,0.795922,-0.002285,38.784823,1.140369,0.000000
1029,0.809278,0.028031,42.874175,1.127020,-0.000000
1030,0.816207,-0.000833,33.012700,1.137713,0.000000
1031,0.811683,0.004161,30.151752,1.158263,0.000000
1032,0.742199,0.002246,24.358964,1.175629,0.000000
1033,0.732668,0.012265,45.905745,1.187273,0.000000
1034,0.758613,0.016404,34.458770,1.191627,0.000000
1035,0.709012,0.027348,4.115957,1.195799,0.000000
1036,0.786970,0.015906,22.243196,1.186257,-0.000000
1037,0.792386,0.005145,37.482938,1.184935,0.000000
1038,0.792148,-0.001554,33.406488,1.198930,-0.000000
1039,0.810503,0.002795,30.120196,1.208629,0.000000
1040,0.754554,0.004410,50.100528,1.193641,-0.000000
1041,0.788190,0.019522,28.033706,1.185472,0.000000
1042,0.753292,-0.001635,19.143434,1.185081,0.000000
1043,0.776244,0.002041,29.679373,1.185335,0.000000
1044,0.808752,0.016575,31.793003,1.193610,-0.000000
1045,0.777781,-0.001637,29.926824,1.185871,0.000000
1046,0.823602,0.001028,42.648131,1.191382,-0.000000
1047,0.790908,0.009469,33.167388,1.207782,0.000000
1048,0.783932,0.005363,21.657163,1.214742,-0.000000
1049,0.780897,-0.001100,21.864155,1.214063,0.000000
1050,0.806005,0.002941,38.063534,1.216393,0.000000
1051,0.786803,0.004683,30.454500,1.217254,0.000000
1052,0.815975,-0.001766,37.463224,1.223294,-0.000000
1053,0.752150,0.019675,24.231071,1.227963,-0.000000
1054,0.809582,-0.002040,37.633036,1.221549,0.000000
1055,0.770008,0.009544,29.537520,1.226093,0.000000
1056,0.774001,0.004160,17.989077,1.221592,0.000000
1057,0.726162,0.020518,13.961295,1.226664,-0.000000
1058,0.754483,0.015355,9.861871,1.220338,-0.000000
1059,0.766438,0.062795,15.304432,1.202011,-0.000000
1060,0.766580,0.008690,11.698202,1.187196,-0.000000
1061,0.718204,0.007310,10.989602,1.179229,-0.000000
1062,0.746122,0.083118,9.978129,1.149028,-0.000000
1063,0.737716,0.015773,10.288335,1.119236,-0.000000
1064,0.771510,0.135414,20.514373,1.113564,0.000000
1065,0.795082,0.010324,19.303169,1.117774,0.000000
1066,0.768265,0.135748,17.647573,1.112098,0.000000
1067,0.767899,0.034860,10.745947,1.092563,0.000000
1068,0.804964,0.016190,12.403316,1.066514,-0.000000
1069,0.766238,0.065565,8.314619,1.045254,0.000000
1070,0.764403,0.014032,11.813549,1.037362,0.000000
1071,0.780149,0.004907,17.442277,1.035878,0.000000
1072,0.765469,-0.000489,12.855561,1.049013,-0.000000
1073,0.809865,0.043616,17.524990,1.047235,0.000000
1074,0.808925,0.007043,11.292783,1.041987,-0.000000
1075,0.795770,0.019703,5.361247,1.033511,0.000000
1076,0.747431,0.107143,7.501856,1.025583,0.000000
1077,0.758435,0.004154,13.424889,1.037964,0.000000
1078,0.736918,0.022877,6.746132,1.036933,-0.000000
1079,0.798822,0.000880,3.916136,1.029920,-0.000000
1080,0.804558,0.013518,3.255529,1.030578,-0.000000
1081,0.765247,0.001085,8.625083,1.026904,0.000000
1082,0.805782,0.009215,1.926596,1.018059,-0.000000
1083,0.765686,0.024331,6.205178,1.002635,0.000000
1084,0.774489,0.002508,8.188189,1.003873,-0.000000
1085,0.804255,0.020074,11.422416,0.996869,0.000000
1086,0.803936,0.008155,1.708891,0.975157,-0.000000
1087,0.795881,0.001409,2.590811,0.963948,-0.000000
1088,0.798577,0.819169,3.330346,0.947309,-0.000000
1089,0.757038,0.008515,5.768722,0.934949,-0.000000
1090,0.751193,-0.003043,1.739751,0.950907,-0.000000
1091,0.795279,-0.002012,2.759810,0.955198,-0.000000
1092,0.789564,0.011098,1.948403,0.927030,0.000000
1093,0.805610,0.008799,4.495426,0.908825,0.000000
1094,0.801969,-0.000356,9.903297,0.920399,0.000000
1095,0.799139,-0.001981,16.234343,0.934010,-0.000000
1096,0.821218,0.000767,15.462813,0.954940,-0.000000
1097,0.800628,0.006809,8.421065,0.970055,0.000000
1098,0.809616,0.007861,7.848404,0.968274,0.000000
1099,0.809326,-0.000414,9.487344,0.961642,0.000000
1100,0.805876,-0.000863,11.177207,0.954402,0.000000
1101,0.803219,0.027443,4.603737,0.964457,-0.000000
1102,0.803991,-0.000464,7.644852,0.976365,0.000000
1103,0.812376,0.007543,28.071002,0.996149,-0.000000
1104,0.802704,0.003057,13.551385,1.015101,0.000000
1105,0.806236,0.005976,7.951466,1.040076,0.000000
1106,0.805776,0.000046,6.282459,1.058213,0.000000
1107,0.800919,0.012242,4.905997,1.068279,-0.000000
1108,0.798803,0.068876,3.453617,1.056412,0.000000
1109,0.807558,0.001289,10.723005,1.060807,0.000000
1110,0.810992,0.002993,4.339440,1.063610,0.000000
1111,0.800221,0.006353,7.842526,1.050731,0.000000
1112,0.804276,-0.001432,6.930877,1.041501,-0.000000
1113,0.776510,0.011459,8.517337,1.019488,-0.000000
1114,0.793903,-0.001432,5.423406,1.011082,0.000000
1115,0.793651,0.071823,2.432229,1.003809,-0.000000
1116,0.734231,-0.004326,23.061324,1.007176,0.000000
1117,0.698948,-0.005039,27.515690,1.032309,0.000000
1118,0.797627,0.026663,1.229241,1.028640,0.000000
1119,0.776558,0.004451,3.949699,1.007103,-0.000000
1120,0.783589,0.039665,1.292263,0.998159,-0.000000
1121,0.779235,-0.003696,6.456218,0.979970,0.000000
1122,0.718509,0.007188,23.174821,0.978100,-0.000000
1123,0.785245,0.004450,8.890075,0.991839,0.000000
1124,0.770353,0.014330,1.966542,0.987509,-0.000000
1125,0.789000,0.002804,1.403876,0.972033,-0.000000
1126,0.760840,0.005732,2.356379,0.951895,0.000000
1127,0.763102,0.009207,2.142145,0.939797,-0.000000
1128,0.774672,0.001732,2.147310,0.950360,0.000000
1129,0.785429,0.002049,6.290837,0.949989,0.000000
1130,0.779943,0.008956,6.781016,0.939777,-0.000000
1131,0.763157,0.020609,3.094290,0.926758,0.000000
1132,0.775560,0.010165,4.154171,0.908930,-0.000000
1133,0.771639,0.002910,1.793550,0.896851,0.000000
1134,0.770435,0.061157,1.730865,0.888584,0.000000
1135,0.763034,-0.001771,22.075727,0.883494,0.000000
1136,0.771921,0.004371,6.719727,0.898167,0.000000
1137,0.774638,-0.002443,3.487749,0.901162,-0.000000
1138,0.772454,-0.004539,3.534184,0.908878,0.000000
1139,0.747588,-0.000482,10.130215,0.918057,-0.000000
1140,0.772598,-0.003136,0.946176,0.926149,-0.000000
1141,0.792033,-0.005491,1.957898,0.920971,-0.000000
1142,0.712171,0.573968,8.938264,0.912973,0.000000
1143,0.659599,0.010466,8.595572,0.900983,0.000000
1144,0.719019,-0.004126,12.062077,0.889277,0.000000
1145,0.749750,-0.002707,1.860027,0.881836,0.000000
1146,0.730559,0.010196,2.898947,0.859307,-0.000000
1147,0.701751,-0.002989,12.618916,0.847167,-0.000000
1148,0.735056,0.005234,0.911923,0.843224,-0.000000
1149,0.745734,0.019480,1.635269,0.826449,-0.000000
1150,0.740837,0.001387,0.759367,0.827456,-0.000000
1151,0.764445,-0.000492,0.810522,0.851524,-0.000000
1152,0.749160,0.032023,0.686357,0.855440,-0.000000
1153,0.706253,0.000113,2.098550,0.842174,-0.000000
1154,0.755148,0.000762,6.216890,0.847854,0.000000
1155,0.740033,0.004524,2.082283,0.858910,0.000000
1156,0.691373,0.000642,2.181405,0.887825,0.000000
1157,0.715426,0.005157,1.928750,0.923227,-0.000000
1158,0.717235,-0.001949,6.547247,0.957034,0.000000
1159,0.744234,-0.005913,1.627225,0.968700,0.000000
1160,0.724527,-0.002791,5.454496,0.970990,0.000000
1161,0.705181,0.001585,2.404700,0.975482,-0.000000
1162,0.701703,0.011653,2.057199,0.965415,-0.000000
1163,0.740888,-0.001420,2.919343,0.956598,-0.000000
1164,0.688476,-0.002541,11.992303,0.958550,-0.000000
1165,0.673139,-0.002940,6.051525,0.965987,0.000000
1166,0.724190,0.048618,5.962345,0.969810,-0.000000
1167,0.716630,0.010987,1.766709,0.973077,0.000000
1168,0.735970,0.018808,1.517047,0.957395,-0.000000
1169,0.738105,-0.007844,5.637699,0.953448,0.000000
1170,0.767813,-0.006672,4.706035,0.969718,0.000000
1171,0.724671,0.093375,2.724778,0.973270,-0.000000
1172,0.737486,0.003542,33.076045,0.961954,0.000000
1173,0.775978,-0.003225,11.439615,0.963780,0.000000
1174,0.747832,0.003472,3.338131,0.965531,0.000000
1175,0.755878,-0.003158,7.761468,0.972246,0.000000
1176,0.740194,0.007008,2.912828,0.969611,-0.000000
1177,0.766088,0.011472,4.317341,0.965362,0.000000
1178,0.705081,0.000681,1.257462,0.965552,0.000000
1179,0.763032,-0.002607,7.246676,0.971115,-0.000000
1180,0.777301,-0.001190,10.707199,0.970928,0.000000
1181,0.748100,0.001190,7.853689,0.969440,-0.000000
1182,0.766451,0.006961,11.585866,0.978484,0.000000
1183,0.769880,-0.002652,4.389097,0.987261,0.000000
1184,0.804940,-0.002248,10.603072,0.994602,0.000000
1185,0.797223,-0.000775,12.178865,0.998371,0.000000
1186,0.794810,0.007088,4.078688,0.997421,-0.000000
1187,0.795258,-0.000172,12.338894,1.006353,-0.000000
1188,0.778319,0.000103,3.939015,1.002593,0.000000
1189,0.790473,0.118197,8.504402,0.985229,-0.000000
1190,0.784051,0.003028,8.909671,0.972074,0.000000
1191,0.727176,-0.001713,11.026015,0.976666,0.000000
1192,0.747674,-0.001824,2.468891,0.988221,0.000000
1193,0.574697,-0.004605,6.102240,0.991272,0.000000
1194,0.750417,-0.001584,10.476948,1.014780,-0.000000
1195,0.718853,0.011404,6.040761,1.034720,0.000000
1196,0.766576,-0.000455,1.677278,1.035333,-0.000000
1197,0.783512,0.007475,2.553739,1.031462,0.000000
1198,0.771420,0.027048,2.232710,1.035159,-0.000000
1199,0.777773,0.005780,1.413888,1.027562,-0.000000
1200,0.772768,0.009892,2.211791,1.022775,0.000000
1201,0.752324,0.002597,1.915658,1.021981,0.000000
1202,0.760044,0.002865,1.446643,1.024804,0.000000
1203,0.748049,0.013150,1.185138,1.016784,-0.000000
1204,0.728940,-0.000102,2.369372,0.996050,-0.000000
1205,0.772633,0.010867,2.197636,0.970336,0.000000
1206,0.773619,0.001854,2.560829,0.949005,-0.000000
1207,0.760977,0.000459,2.225085,0.942408,0.000000
1208,0.769204,0.001298,3.088756,0.937461,-0.000000
1209,0.746229,-0.006055,2.387779,0.928256,-0.000000
1210,0.764484,0.160975,1.186269,0.913965,0.000000
1211,0.790364,0.005487,6.328785,0.905806,0.000000
1212,0.754963,0.000068,2.613260,0.902756,-0.000000
1213,0.748899,0.007072,1.386378,0.895879,0.000000
1214,0.732826,0.001847,1.176613,0.886330,0.000000
1215,0.701340,-0.001857,2.177533,0.869116,0.000000
1216,0.709092,0.000271,0.820385,0.855284,0.000000
1217,0.761931,0.004294,2.818867,0.848810,0.000000
1218,0.740888,0.139787,3.392452,0.848223,-0.000000
1219,0.759347,0.010758,1.583179,0.855287,0.000000
1220,0.717994,0.046017,1.552488,0.862213,-0.000000
1221,0.716320,-0.004866,0.704708,0.854980,0.000000
1222,0.728870,-0.004366,0.801350,0.840485,0.000000
1223,0.757019,-0.002478,5.284695,0.841028,-0.000000
1224,0.757795,-0.000745,3.791365,0.868542,-0.000000
1225,0.744560,-0.001639,1.640969,0.904625,-0.000000
1226,0.771747,-0.000131,5.505494,0.925025,-0.000000
1227,0.787724,-0.003850,10.882977,0.950318,0.000000
1228,0.746985,-0.001797,8.093984,0.970765,0.000000
1229,0.750380,0.008285,2.674858,0.957910,0.000000
1230,0.717594,-0.001798,1.839033,0.950941,0.000000
1231,0.752119,-0.001859,8.811602,0.961028,0.000000
1232,0.735213,0.001702,10.927061,0.968886,0.000000
1233,0.667105,0.002181,1.293495,0.967253,0.000000
1234,0.745655,-0.000754,12.911568,0.961692,0.000000
1235,0.675923,0.006733,1.497090,0.952405,-0.000000
1236,0.696298,0.002185,4.603353,0.936347,-0.000000
1237,0.690064,0.034084,2.825102,0.944176,0.000000
1238,0.696729,0.004383,4.132204,0.956442,-0.000000
1239,0.710198,0.014525,6.207347,0.952671,0.000000
1240,0.691060,0.007477,11.555450,0.937332,0.000000
1241,0.713762,0.013250,4.919461,0.931347,-0.000000
1242,0.714212,0.011477,1.466500,0.935186,0.000000
1243,0.759756,-0.000852,9.236835,0.946092,-0.000000
1244,0.758585,-0.007408,8.189786,0.970436,0.000000
1245,0.766445,-0.001670,4.315972,0.986604,0.000000
1246,0.743744,0.002937,8.001362,0.989898,-0.000000
1247,0.695347,0.000854,4.339536,1.005964,0.000000
1248,0.755173,0.020261,5.675476,1.026197,0.000000
1249,0.674814,0.008166,5.956524,1.029077,0.000000
1250,0.776540,0.018864,8.652135,1.025861,0.000000
1251,0.721478,0.008546,2.499102,1.034181,-0.000000
1252,0.682216,0.055395,1.258599,1.035324,0.000000
1253,0.697003,0.003966,1.088532,1.017140,0.000000
1254,0.701002,0.003937,2.012501,1.007178,-0.000000
1255,0.711861,0.007047,4.106587,0.998111,0.000000
1256,0.704768,0.043785,4.725779,0.983227,0.000000
1257,0.746774,-0.002564,2.490321,0.973007,0.000000
1258,0.786071,-0.003165,10.092634,0.972838,0.000000
1259,0.731010,0.004497,3.298885,0.985950,0.000000
1260,0.721585,-0.000162,5.943042,0.984995,0.000000
1261,0.688605,0.011798,1.005176,0.968860,-0.000000
1262,0.723593,-0.000777,2.625456,0.948999,0.000000
1263,0.769559,-0.002357,6.269585,0.937910,-0.000000
1264,0.742873,-0.001580,6.139944,0.935031,0.000000
1265,0.743949,0.000069,6.943069,0.943627,-0.000000
1266,0.762784,-0.006646,10.503534,0.959058,0.000000
1267,0.798977,-0.005244,14.671022,0.971902,0.000000
1268,0.793539,-0.005782,8.266006,0.991698,-0.000000
1269,0.766792,0.001975,5.242768,1.009519,0.000000
1270,0.783605,-0.000024,4.449565,1.018259,0.000000
1271,0.795357,-0.003950,9.165276,1.035200,0.000000
1272,0.797378,0.083934,5.929103,1.041951,-0.000000
1273,0.774622,0.018386,3.541819,1.024219,0.000000
1274,0.786052,-0.000406,3.550746,0.986546,0.000000
1275,0.764422,-0.003984,16.861377,0.988349,0.000000
1276,0.770456,-0.003705,10.485646,1.017484,0.000000
1277,0.748257,0.008510,27.087003,1.046440,0.000000
1278,0.742253,0.020668,32.776383,1.058481,0.000000
1279,0.771135,-0.000309,24.235457,1.056646,0.000000
1280,0.765774,-0.000620,15.033802,1.063660,0.000000
1281,0.807655,-0.000530,25.038941,1.074595,0.000000
1282,0.769092,0.000706,13.647269,1.084796,-0.000000
1283,0.803007,-0.004036,19.061162,1.096946,-0.000000
1284,0.771270,-0.006261,11.644412,1.110883,0.000000
1285,0.794813,0.003968,14.098761,1.115917,-0.000000
1286,0.804428,0.010479,5.572676,1.118137,-0.000000
1287,0.793365,0.000110,23.765265,1.137574,0.000000
1288,0.784640,0.002829,8.823030,1.151084,-0.000000
1289,0.796019,-0.002748,18.427505,1.157524,0.000000
1290,0.771667,-0.000446,18.183068,1.161652,0.000000
1291,0.739387,0.015804,27.649172,1.164227,0.000000
1292,0.680856,0.013238,11.706107,1.167802,0.000000
1293,0.737261,0.337334,22.602471,1.183472,-0.000000
1294,0.719360,-0.002027,15.285015,1.180502,0.000000
1295,0.789716,0.024263,10.363013,1.154304,-0.000000
1296,0.788823,0.004976,6.108854,1.141091,0.000000
1297,0.724435,0.017128,7.969875,1.133246,0.000000
1298,0.773835,0.062613,13.688224,1.122379,0.000000
1299,0.751979,-0.003879,12.755082,1.127572,0.000000
1300,0.749038,0.027004,4.843828,1.136596,-0.000000
1301,0.799613,0.023163,26.565185,1.139191,-0.000000
1302,0.765290,0.001238,13.357730,1.128910,0.000000
1303,0.801041,0.000603,28.212239,1.124579,-0.000000
1304,0.776918,-0.005874,17.759214,1.141981,0.000000
1305,0.812751,0.003026,38.618839,1.175102,0.000000
1306,0.796596,0.141028,22.319851,1.204894,0.000000
1307,0.805103,-0.001058,39.669912,1.210458,-0.000000
1308,0.801973,0.001201,33.489393,1.230364,0.000000
1309,0.778552,0.003772,32.688590,1.253342,-0.000000
1310,0.792817,0.002069,33.286307,1.275018,-0.000000
1311,0.752004,-0.003835,38.312226,1.291148,-0.000000
1312,0.773949,0.019261,25.498417,1.290835,0.000000
1313,0.758509,0.004007,32.223805,1.288637,0.000000
1314,0.749196,-0.006186,14.793182,1.291909,0.000000
1315,0.768826,0.012763,14.309934,1.291740,-0.000000
1316,0.735456,0.003217,18.893612,1.279705,-0.000000
1317,0.780715,0.004133,7.187180,1.257115,-0.000000
1318,0.745647,0.002414,15.058863,1.250999,-0.000000
1319,0.802277,0.022647,36.670973,1.249588,-0.000000
1320,0.804034,0.023610,35.380193,1.237030,0.000000
1321,0.782775,0.011553,26.532461,1.238851,-0.000000
1322,0.779208,0.000920,33.663311,1.251382,0.000000
1323,0.808779,0.006443,33.206875,1.263284,-0.000000
1324,0.791221,0.040278,35.477629,1.288270,0.000000
1325,0.800589,0.007611,30.103351,1.300010,0.000000
1326,0.799372,0.005460,49.424016,1.312273,0.000000
1327,0.811455,0.001422,43.603955,1.316509,0.000000
1328,0.812295,0.019857,36.551674,1.305279,0.000000
1329,0.811188,0.002068,39.816798,1.328206,0.000000
1330,0.804288,0.001952,40.945946,1.359884,0.000000
1331,0.809841,-0.000939,38.442444,1.365521,0.000000
1332,0.805916,-0.000756,30.304372,1.369142,-0.000000
1333,0.808526,0.100115,29.487205,1.365018,-0.000000
1334,0.814847,0.129407,36.450739,1.350745,0.000000
1335,0.807790,-0.000020,38.816882,1.362921,0.000000
1336,0.808014,0.012148,34.505534,1.384494,-0.000000
1337,0.813709,0.007287,33.680825,1.402762,-0.000000
1338,0.807053,0.000197,37.612515,1.412868,-0.000000
1339,0.809041,0.010504,34.980473,1.428609,-0.000000
1340,0.771241,0.016740,31.665320,1.447060,-0.000000
1341,0.804846,0.007652,34.955564,1.462434,0.000000
1342,0.809515,0.002819,34.719318,1.469673,0.000000
1343,0.801867,0.139011,33.558191,1.474199,0.000000
1344,0.802764,0.019238,30.885366,1.466883,0.000000
1345,0.806569,0.271402,30.787969,1.466069,-0.000000
1346,0.803473,0.002974,31.066850,1.468724,-0.000000
1347,0.811628,0.016232,26.230602,1.457084,-0.000000
1348,0.770603,0.046207,22.844824,1.458343,0.000000
1349,0.780938,0.004387,37.624635,1.483690,0.000000
1350,0.737357,0.040333,37.070932,1.496988,-0.000000
1351,0.763017,-0.001827,37.322558,1.513345,0.000000
1352,0.799766,0.010008,39.707051,1.530294,-0.000000
1353,0.795179,0.009786,36.077861,1.537840,-0.000000
1354,0.810065,0.019128,38.435995,1.535265,-0.000000
1355,0.810307,0.008246,39.025136,1.521556,0.000000
1356,0.799436,-0.000464,36.336929,1.514913,-0.000000
1357,0.804959,0.114636,36.297584,1.520628,0.000000
1358,0.810436,0.005648,32.403628,1.532766,-0.000000
1359,0.784536,-0.002080,30.705139,1.547320,-0.000000
1360,0.785315,0.008370,21.193977,1.564298,0.000000
1361,0.779127,0.001186,22.316791,1.572584,0.000000
1362,0.807354,0.004014,30.207478,1.582712,0.000000
1363,0.772139,0.029612,23.207304,1.579041,0.000000
1364,0.768502,0.007934,31.688629,1.572474,-0.000000
1365,0.691304,0.020429,20.103559,1.586841,-0.000000
1366,0.768164,0.021294,27.624181,1.585987,0.000000
1367,0.738986,0.004540,23.609282,1.557814,-0.000000
1368,0.801307,0.005918,35.031478,1.562141,0.000000
1369,0.800017,0.005983,26.952818,1.571117,0.000000
1370,0.800211,0.007388,33.915677,1.592497,-0.000000
1371,0.769713,0.059110,27.783143,1.612299,0.000000
1372,0.770070,0.004149,23.771191,1.608916,-0.000000
1373,0.777029,0.012851,23.464652,1.601670,0.000000
1374,0.806828,0.023951,25.998099,1.597180,-0.000000
1375,0.798867,0.045194,24.666216,1.600138,0.000000
1376,0.797230,-0.001606,26.336576,1.608465,-0.000000
1377,0.796732,0.004170,27.316309,1.627170,0.000000
1378,0.801835,0.005194,23.383149,1.640939,0.000000
1379,0.789966,0.073658,19.498742,1.651699,-0.000000
1380,0.771480,0.032614,16.096883,1.667344,-0.000000
1381,0.764648,0.007604,17.060230,1.671158,0.000000
1382,0.774176,0.021434,24.798947,1.660163,-0.000000
1383,0.762621,0.004498,17.269901,1.632405,0.000000
1384,0.758679,0.096888,16.178581,1.614976,-0.000000
1385,0.753876,0.010993,20.110557,1.608709,0.000000
1386,0.798921,-0.002271,29.984362,1.616783,-0.000000
1387,0.796717,0.022535,21.481116,1.625231,-0.000000
1388,0.794087,0.013215,23.748351,1.621419,0.000000
1389,0.801122,0.001964,22.514357,1.632522,0.000000
1390,0.799634,0.240993,32.779116,1.650317,-0.000000
1391,0.748840,0.016503,19.874553,1.651549,-0.000000
1392,0.665044,0.166687,13.676008,1.632847,-0.000000
1393,0.724489,0.121267,12.554658,1.618202,0.000000
1394,0.675621,0.066199,3.692261,1.599840,0.000000
1395,0.695362,0.065026,7.518768,1.574295,0.000000
1396,0.756978,0.016579,15.243743,1.552288,-0.000000
1397,0.755127,-0.000746,16.998761,1.541862,0.000000
1398,0.767386,0.000771,17.149551,1.545298,-0.000000
1399,0.812295,0.002824,28.497396,1.558350,0.000000
1400,0.810117,0.016168,27.070811,1.567992,-0.000000
1401,0.810737,0.019297,27.251621,1.577407,0.000000
1402,0.806888,0.006232,24.350281,1.598589,-0.000000
1403,0.799398,0.011168,22.341721,1.609657,0.000000
1404,0.805009,0.003867,17.213219,1.595587,-0.000000
1405,0.809602,0.070475,15.186035,1.585135,0.000000
1406,0.802059,0.018682,8.638270,1.575523,0.000000
1407,0.770385,0.045461,7.585618,1.558964,-0.000000
1408,0.774918,0.014498,6.315362,1.535119,0.000000
1409,0.771798,0.044138,9.297439,1.505594,0.000000
1410,0.797450,-0.001374,10.131217,1.479842,0.000000
1411,0.805632,0.014671,15.836288,1.481564,0.000000
1412,0.791044,0.003806,15.755852,1.498393,0.000000
1413,0.799545,0.008302,26.676685,1.512538,0.000000
1414,0.795146,0.007009,17.786482,1.511720,0.000000
1415,0.802138,0.010442,23.392399,1.513241,-0.000000
1416,0.803111,0.002477,16.022741,1.511136,-0.000000
1417,0.793889,-0.000614,4.559856,1.515222,0.000000
1418,0.802720,-0.000884,15.135229,1.530073,0.000000
1419,0.802468,0.000703,12.800918,1.553542,-0.000000
1420,0.795446,-0.001851,32.197442,1.567028,0.000000
1421,0.803083,0.005244,18.287193,1.572805,-0.000000
1422,0.800796,0.068092,10.970354,1.579319,0.000000
1423,0.791973,0.018392,4.354080,1.569725,-0.000000
1424,0.781321,0.009117,10.227982,1.545162,0.000000
1425,0.784014,0.016791,19.801540,1.533221,0.000000
1426,0.789989,0.012930,15.611966,1.539418,0.000000
1427,0.793848,0.042774,6.143195,1.553113,0.000000
1428,0.802773,0.005104,11.693570,1.568222,0.000000
1429,0.785272,0.010756,10.758384,1.565059,0.000000
1430,0.795944,0.028871,8.730922,1.562863,0.000000
1431,0.799853,0.051932,4.130606,1.560137,0.000000
1432,0.801656,0.028407,4.638535,1.550562,-0.000000
1433,0.800118,0.068881,5.397822,1.557215,0.000000
1434,0.789465,0.002452,6.561758,1.560177,0.000000
1435,0.790024,0.009664,6.076075,1.539354,-0.000000
1436,0.785363,0.146807,4.444741,1.505134,-0.000000
1437,0.787980,0.040241,5.975495,1.488254,0.000000
1438,0.783933,0.017406,2.761626,1.466414,0.000000
1439,0.780930,0.036244,3.267132,1.458922,-0.000000
1440,0.749150,0.030110,5.212491,1.437299,0.000000
1441,0.791975,0.049340,5.137706,1.414885,-0.000000
1442,0.748672,0.017148,5.951428,1.394524,0.000000
1443,0.742129,0.000194,6.969455,1.384628,0.000000
1444,0.782565,0.000563,12.779684,1.393266,-0.000000
1445,0.780400,0.009892,14.719495,1.393485,-0.000000
1446,0.776412,0.153314,8.168979,1.391870,0.000000
1447,0.783873,0.011343,9.877461,1.392366,-0.000000
1448,0.785618,0.067583,9.648744,1.388995,0.000000
1449,0.768167,0.016700,4.338358,1.394070,-0.000000
1450,0.779757,0.020158,9.468953,1.403710,-0.000000
1451,0.781422,0.004649,9.254560,1.397541,0.000000
1452,0.781384,0.014400,3.593376,1.398961,-0.000000
1453,0.788719,-0.005001,6.717595,1.420348,-0.000000
1454,0.757795,0.036534,7.183598,1.438914,0.000000
1455,0.747433,0.144068,5.330227,1.446055,-0.000000
1456,0.790067,0.020870,10.139640,1.444885,-0.000000
1457,0.788652,0.000126,3.090893,1.445358,-0.000000
1458,0.784694,0.014015,7.961910,1.426631,-0.000000
1459,0.731577,0.031929,4.571583,1.398181,0.000000
1460,0.779885,0.013691,6.984532,1.380241,0.000000
1461,0.789484,0.047461,4.216524,1.375403,0.000000
1462,0.775974,-0.003538,3.132565,1.363069,0.000000
1463,0.782734,0.000702,6.734467,1.347617,-0.000000
1464,0.784787,0.026580,3.287343,1.332239,-0.000000
1465,0.779167,0.006135,5.641758,1.319986,0.000000
1466,0.786445,0.006191,4.065246,1.308365,-0.000000
1467,0.770188,0.087715,2.784692,1.283493,0.000000
1468,0.779550,0.022347,3.613568,1.261091,-0.000000
1469,0.734256,0.013447,5.355616,1.256126,-0.000000
1470,0.783252,0.020119,2.159556,1.251993,-0.000000
1471,0.786283,0.014978,3.929358,1.237833,-0.000000
1472,0.780020,0.108463,7.629616,1.232039,-0.000000
1473,0.784981,0.009744,4.108665,1.221260,-0.000000
1474,0.783861,0.016193,4.881248,1.211635,-0.000000
1475,0.782687,0.166734,2.504492,1.206838,0.000000
1476,0.791217,0.009790,7.850645,1.208767,-0.000000
1477,0.778312,0.031094,8.376521,1.214698,-0.000000
1478,0.791968,0.009120,5.535780,1.200247,-0.000000
1479,0.789372,-0.001962,3.185746,1.206666,0.000000
1480,0.777040,-0.003232,3.911563,1.227789,0.000000
1481,0.791825,-0.003251,3.352774,1.234760,0.000000
1482,0.787872,-0.000545,3.873908,1.247607,-0.000000
1483,0.780777,0.075053,3.435666,1.254941,0.000000
1484,0.784692,0.000061,3.183893,1.255723,0.000000
1485,0.777344,0.001241,2.517685,1.269948,-0.000000
1486,0.797428,0.006426,5.648537,1.277651,-0.000000
1487,0.782125,-0.003157,3.413379,1.272389,0.000000
1488,0.788522,0.025591,5.333653,1.270390,0.000000
1489,0.774332,0.012509,3.829615,1.265411,0.000000
1490,0.792534,-0.001609,10.096363,1.253060,-0.000000
1491,0.789089,0.005419,3.617470,1.258616,0.000000
1492,0.765914,-0.000717,4.883301,1.265820,0.000000
1493,0.792799,0.003017,14.216873,1.274949,0.000000
1494,0.799482,0.023300,19.704349,1.277852,0.000000
1495,0.797067,-0.003236,13.693083,1.303844,-0.000000
1496,0.789468,0.001181,20.261264,1.326427,0.000000
1497,0.737889,0.011199,18.085131,1.327182,-0.000000
1498,0.799336,0.000484,34.950946,1.333025,-0.000000
1499,0.799334,-0.003973,11.478291,1.333057,0.000000
1500,0.798529,0.012921,12.831541,1.344997,-0.000000
1501,0.782575,0.018929,6.220764,1.356326,0.000000
1502,0.789094,0.013457,6.991332,1.339536,-0.000000
1503,0.784803,-0.010726,12.461526,1.335983,0.000000
1504,0.783167,0.008281,4.383935,1.342275,0.000000
1505,0.766271,-0.001683,14.645122,1.350896,0.000000
1506,0.779138,0.010460,3.722755,1.363826,-0.000000
1507,0.775325,0.019546,3.646932,1.363838,-0.000000
1508,0.793575,-0.003329,11.781737,1.355235,0.000000
1509,0.764588,0.009814,9.387384,1.367574,0.000000
1510,0.788266,-0.000791,5.359125,1.387213,-0.000000
1511,0.752133,0.000644,14.778152,1.393787,0.000000
1512,0.772727,0.001874,8.640354,1.399870,0.000000
1513,0.795036,0.050978,13.727594,1.393948,0.000000
1514,0.737624,0.001939,7.443927,1.380340,0.000000
1515,0.757935,0.002533,6.102599,1.374623,0.000000
1516,0.791993,0.011513,5.508039,1.382801,-0.000000
1517,0.781521,0.004290,6.183666,1.373216,-0.000000
1518,0.786909,0.008436,9.070973,1.370561,0.000000
1519,0.763268,0.102334,15.968717,1.368935,0.000000
1520,0.795677,0.003243,16.957248,1.345376,0.000000
1521,0.777932,0.003759,4.928033,1.333126,-0.000000
1522,0.783353,0.003177,5.166811,1.328455,-0.000000
1523,0.792908,0.012829,16.266905,1.322369,0.000000
1524,0.798763,0.003304,6.591439,1.327985,0.000000
1525,0.770224,0.074702,2.557006,1.321338,0.000000
1526,0.769402,0.006409,8.744008,1.295312,0.000000
1527,0.776841,0.006487,2.726271,1.278727,-0.000000
1528,0.765991,0.022880,5.662775,1.264407,0.000000
1529,0.768958,0.030205,2.084951,1.252707,-0.000000
1530,0.780103,-0.002404,3.404885,1.258249,0.000000
1531,0.779931,0.019586,7.401549,1.266832,0.000000
1532,0.772762,0.000105,2.165502,1.268197,-0.000000
1533,0.726112,0.004902,14.303752,1.263830,-0.000000
1534,0.768018,0.035397,3.399405,1.253291,0.000000
1535,0.712540,0.036715,10.459486,1.246629,-0.000000
1536,0.766046,0.022107,4.545993,1.239525,0.000000
1537,0.710631,0.030085,7.182844,1.224518,0.000000
1538,0.707899,0.012062,1.645680,1.226982,0.000000
1539,0.771579,0.003939,3.953496,1.233036,0.000000
1540,0.784714,0.000220,6.298007,1.236054,0.000000
1541,0.771048,0.005279,3.611172,1.242800,-0.000000
1542,0.797979,0.007604,6.694915,1.234715,0.000000
1543,0.804581,-0.001593,16.981059,1.228107,-0.000000
1544,0.786360,0.000900,5.294500,1.235676,0.000000
1545,0.777800,0.029731,3.233496,1.233443,0.000000
1546,0.781868,0.012304,1.967306,1.220651,0.000000
1547,0.780954,-0.000513,4.134384,1.201879,-0.000000
1548,0.798143,0.004048,4.731178,1.189401,0.000000
1549,0.789375,0.005827,5.419395,1.172879,-0.000000
1550,0.763833,0.138308,3.690890,1.143551,-0.000000
1551,0.786533,0.009700,4.397444,1.126593,0.000000
1552,0.738436,0.011722,8.580726,1.145267,0.000000
1553,0.767118,0.009053,7.403125,1.154681,0.000000
1554,0.723265,1.513746,1.676538,1.156233,0.000000
1555,0.724901,0.105400,3.913978,1.157784,0.000000
1556,0.772686,-0.001848,4.206431,1.153491,-0.000000
1557,0.768656,0.001747,6.722268,1.149290,0.000000
1558,0.781722,0.006628,12.995076,1.157511,0.000000
1559,0.770970,-0.002459,11.596665,1.162251,0.000000
1560,0.775110,0.026095,7.064074,1.158377,-0.000000
1561,0.766637,-0.001252,2.517670,1.155143,-0.000000
1562,0.734463,-0.000672,6.044889,1.161173,0.000000
1563,0.753901,0.001134,2.837935,1.161565,-0.000000
1564,0.744824,0.008531,1.258337,1.144669,0.000000
1565,0.758841,0.000494,10.003592,1.148860,-0.000000
1566,0.769512,0.012937,6.610666,1.162024,-0.000000
1567,0.789368,-0.001300,10.842300,1.170817,0.000000
1568,0.769843,-0.002266,2.819071,1.173326,0.000000
1569,0.776141,0.008713,3.077103,1.168251,-0.000000
1570,0.798348,0.000981,12.634465,1.176796,-0.000000
1571,0.763474,0.007524,8.904571,1.191118,-0.000000
1572,0.768148,-0.000712,14.395283,1.189377,0.000000
1573,0.774159,0.025420,9.805229,1.189379,-0.000000
1574,0.760977,0.026977,1.503916,1.188741,-0.000000
1575,0.788263,-0.008459,9.218158,1.196626,0.000000
1576,0.798538,-0.000380,13.418086,1.220175,0.000000
1577,0.757373,-0.001330,11.084407,1.238912,0.000000
1578,0.758119,0.003447,7.304783,1.254963,-0.000000
1579,0.771265,0.003685,11.117946,1.263052,-0.000000
1580,0.783393,0.043996,2.877562,1.260685,0.000000
1581,0.726039,0.006723,4.684870,1.263173,0.000000
1582,0.737633,0.032904,3.445835,1.270125,0.000000
1583,0.754656,0.003598,7.589688,1.271651,-0.000000
1584,0.721796,-0.000719,5.112080,1.278032,0.000000
1585,0.732652,0.007207,4.951405,1.286269,0.000000
1586,0.712839,-0.003454,3.677791,1.303727,-0.000000
1587,0.742468,0.011682,2.804876,1.301578,0.000000
1588,0.786100,0.052095,11.268100,1.285428,0.000000
1589,0.711258,0.018025,2.837167,1.286183,-0.000000
1590,0.732070,0.013247,2.801258,1.289315,-0.000000
1591,0.716266,0.056554,4.524130,1.293244,-0.000000
1592,0.729963,-0.000637,9.405715,1.295290,0.000000
1593,0.742664,0.004844,3.035005,1.297161,-0.000000
1594,0.795269,0.074064,16.213169,1.289766,0.000000
1595,0.776057,0.044814,8.798773,1.277391,0.000000
1596,0.805267,0.011503,12.966103,1.273304,0.000000
1597,0.801446,0.001895,16.619995,1.275956,0.000000
1598,0.767362,0.000341,11.953380,1.286505,0.000000
1599,0.806866,-0.007480,11.498225,1.292151,0.000000
1600,0.805480,-0.000972,29.659346,1.299611,-0.000000
1601,0.812516,0.013733,33.025830,1.313737,-0.000000
1602,0.791729,-0.000815,14.015069,1.329908,0.000000
1603,0.806657,0.003211,29.910345,1.340273,0.000000
1604,0.789512,0.001832,14.678138,1.346292,0.000000
1605,0.785157,0.059294,14.968904,1.337514,0.000000
1606,0.770810,0.025701,11.819699,1.327927,0.000000
1607,0.778450,0.002126,11.600522,1.333325,0.000000
1608,0.800399,0.000679,14.561748,1.334548,0.000000
1609,0.803272,0.008750,10.828892,1.330016,-0.000000
1610,0.749547,0.025948,5.279067,1.318061,0.000000
1611,0.795875,0.002676,10.319293,1.312089,-0.000000
1612,0.786741,0.022790,5.731909,1.303330,0.000000
1613,0.778617,0.003281,9.487698,1.302484,-0.000000
1614,0.793076,0.006770,11.765983,1.314317,0.000000
1615,0.762775,0.012018,17.846942,1.315652,-0.000000
1616,0.763683,-0.002740,29.995611,1.330352,0.000000
1617,0.789059,0.009706,5.877878,1.349996,0.000000
1618,0.780697,-0.004650,4.010258,1.357497,0.000000
1619,0.777667,0.005825,7.602416,1.366733,-0.000000
1620,0.784208,0.003121,3.463513,1.371187,0.000000
1621,0.785815,0.004627,6.992661,1.373409,0.000000
1622,0.773261,0.016824,3.655532,1.378323,0.000000
1623,0.775997,0.061372,31.816505,1.357471,-0.000000
1624,0.774469,0.012495,3.187796,1.332864,-0.000000
1625,0.767900,0.030461,4.499231,1.317711,0.000000
1626,0.738769,0.053662,22.505089,1.311666,-0.000000
1627,0.782930,0.055082,4.542173,1.322491,-0.000000
1628,0.753232,0.004037,21.508599,1.342998,0.000000
1629,0.781849,0.019092,3.679058,1.361161,0.000000
1630,0.784632,0.015663,1.833431,1.351187,0.000000
1631,0.725578,0.005986,2.434421,1.346068,0.000000
1632,0.711128,0.024144,4.344931,1.342493,-0.000000
1633,0.767910,0.011878,5.305783,1.332473,0.000000
1634,0.719112,0.023455,31.685245,1.338719,0.000000
1635,0.783877,0.002845,9.988829,1.339127,0.000000
1636,0.777172,-0.000559,6.501038,1.344368,-0.000000
1637,0.650080,0.123481,13.228526,1.350579,-0.000000
1638,0.701696,0.009598,15.204666,1.343545,-0.000000
1639,0.772610,0.003164,6.444636,1.346259,0.000000
1640,0.763712,0.011429,3.661561,1.354235,0.000000
1641,0.771296,0.005151,6.252654,1.349771,0.000000
1642,0.781843,0.002565,4.421552,1.333564,-0.000000
1643,0.746846,0.006716,2.254579,1.321742,-0.000000
1644,0.745818,0.037937,1.337797,1.305904,0.000000
1645,0.734160,0.012195,1.840914,1.302699,0.000000
1646,0.730109,0.018253,1.325033,1.309662,0.000000
1647,0.766914,0.003023,3.446932,1.324971,0.000000
1648,0.758624,0.004882,1.304633,1.326498,0.000000
1649,0.771811,0.012964,2.070461,1.314085,0.000000
1650,0.717830,0.029062,0.979638,1.286699,-0.000000
1651,0.707907,0.001588,16.042309,1.276391,-0.000000
1652,0.746709,0.001480,7.681716,1.279918,0.000000
1653,0.727773,0.014007,4.697167,1.269811,0.000000
1654,0.783184,-0.004683,21.067400,1.278315,0.000000
1655,0.778525,0.032144,16.927182,1.292464,-0.000000
1656,0.771831,0.003037,6.065933,1.288956,0.000000
1657,0.751668,0.042828,4.002100,1.268201,0.000000
1658,0.755324,-0.000361,11.747374,1.263089,-0.000000
1659,0.782044,0.015583,15.924542,1.271890,0.000000
1660,0.792035,-0.005574,16.581667,1.279970,0.000000
1661,0.795598,0.003059,12.209214,1.281981,0.000000
1662,0.776839,0.019345,6.909702,1.278378,-0.000000
1663,0.789927,0.017092,9.676529,1.293568,0.000000
1664,0.795582,0.008559,11.881766,1.307494,-0.000000
1665,0.780031,0.003005,7.182632,1.299042,-0.000000
1666,0.787897,0.008886,20.354541,1.287733,0.000000
1667,0.790884,0.006305,16.465024,1.306470,0.000000
1668,0.756779,-0.002857,15.763599,1.336687,0.000000
1669,0.795294,0.008845,26.260096,1.364668,0.000000
1670,0.789764,0.018118,13.197697,1.376110,-0.000000
1671,0.794716,-0.000394,27.828656,1.378569,0.000000
1672,0.797775,0.005833,32.515966,1.387122,-0.000000
1673,0.770137,-0.004309,14.181154,1.388248,0.000000
1674,0.793712,0.053273,10.823318,1.396345,-0.000000
1675,0.799624,0.014431,13.719007,1.407343,0.000000
1676,0.789888,0.020476,4.508227,1.399836,0.000000
1677,0.798233,0.013525,8.794338,1.385026,-0.000000
1678,0.786039,0.016690,6.119470,1.360643,-0.000000
1679,0.790806,0.004149,10.508525,1.333956,0.000000
1680,0.766539,-0.001468,30.820951,1.332005,0.000000
1681,0.800441,-0.000257,24.303010,1.333361,0.000000
1682,0.789287,0.004271,20.417446,1.325721,0.000000
1683,0.804972,-0.001077,24.135974,1.335998,-0.000000
1684,0.799590,-0.000606,31.005605,1.355082,-0.000000
1685,0.803356,0.110532,31.191566,1.355771,0.000000
1686,0.801166,0.000029,22.235127,1.343645,-0.000000
1687,0.767393,0.004591,18.772894,1.354634,-0.000000
1688,0.800574,0.006175,13.027244,1.376677,0.000000
1689,0.755163,0.021018,13.789483,1.386102,0.000000
1690,0.734120,0.000421,33.090606,1.396650,-0.000000
1691,0.658577,0.002791,23.688554,1.412595,0.000000
1692,0.724921,0.020415,11.681122,1.413026,-0.000000
1693,0.722535,0.058363,8.535143,1.404220,0.000000
1694,0.677191,0.093342,9.811658,1.396308,-0.000000
1695,0.754213,0.031289,4.727365,1.381141,0.000000
1696,0.753252,0.039750,15.327325,1.361109,0.000000
1697,0.754513,0.012715,6.531182,1.356127,0.000000
1698,0.709113,0.006297,5.104944,1.353079,-0.000000
1699,0.783782,0.062805,2.254001,1.336918,-0.000000
1700,0.786073,0.019418,4.426959,1.335035,0.000000
1701,0.763932,0.001565,8.130642,1.331041,0.000000
1702,0.706994,0.004927,24.593200,1.323272,0.000000
1703,0.765666,0.017866,10.480938,1.327206,-0.000000
1704,0.754896,0.006718,2.024052,1.329117,-0.000000
1705,0.755379,0.030193,6.761661,1.317905,0.000000
1706,0.773989,-0.000865,35.294780,1.316339,0.000000
1707,0.809667,0.031462,31.284396,1.321940,-0.000000
1708,0.798382,0.006224,5.686871,1.321847,0.000000
1709,0.738374,-0.005367,42.923264,1.316994,0.000000
1710,0.738616,0.004764,16.339687,1.309127,-0.000000
1711,0.773256,0.007768,11.727675,1.293249,0.000000
1712,0.759139,0.020209,9.100470,1.274622,0.000000
1713,0.739768,0.033246,7.273756,1.262695,0.000000
1714,0.758604,0.020154,10.421279,1.262933,-0.000000
1715,0.583003,0.020229,34.914975,1.276072,-0.000000
1716,0.625929,0.152804,9.972035,1.289627,-0.000000
1717,0.620881,0.014634,14.270153,1.287935,0.000000
1718,0.691471,0.025054,6.721581,1.272144,-0.000000
1719,0.700728,0.016219,2.756071,1.264380,-0.000000
1720,0.682166,0.027679,18.790929,1.256690,0.000000
1721,0.705371,0.036356,2.420394,1.246581,-0.000000
1722,0.703171,0.082722,3.324076,1.233093,0.000000
1723,0.751750,0.029645,8.863497,1.228227,-0.000000
1724,0.660650,0.013364,18.595830,1.226574,-0.000000
1725,0.710287,0.164739,8.574095,1.229880,0.000000
1726,0.770033,0.707816,14.237926,1.225281,0.000000
1727,0.759452,0.004527,12.819733,1.225979,-0.000000
1728,0.724501,0.040828,15.164779,1.220196,0.000000
1729,0.804485,-0.000742,21.301321,1.221871,0.000000
1730,0.689372,0.013045,26.898128,1.228570,0.000000
1731,0.774216,0.001483,15.750633,1.228759,0.000000
1732,0.801745,0.006202,21.348725,1.247825,0.000000
1733,0.783884,0.033311,19.607825,1.269860,-0.000000
1734,0.806795,-0.002794,13.983963,1.290283,0.000000
1735,0.794653,0.010976,12.352221,1.314586,0.000000
1736,0.796448,0.012377,7.651341,1.320600,-0.000000
1737,0.800358,0.004060,26.319554,1.323219,0.000000
1738,0.738025,0.041733,26.915444,1.337023,0.000000
1739,0.713038,0.009700,21.660635,1.344224,0.000000
1740,0.806692,0.000895,6.747300,1.329630,0.000000
1741,0.803853,0.002217,9.436019,1.305202,0.000000
1742,0.806482,0.012942,3.797064,1.282953,-0.000000
1743,0.791249,0.003710,10.687909,1.264682,0.000000
1744,0.805319,0.024325,5.992866,1.259016,-0.000000
1745,0.789853,0.006857,11.599380,1.255113,-0.000000
1746,0.809963,0.004079,18.225724,1.238572,0.000000
1747,0.780921,0.008423,25.547064,1.230452,0.000000
1748,0.785832,0.002725,43.613822,1.240138,0.000000
1749,0.806134,-0.001374,33.021381,1.279638,0.000000
1750,0.783647,0.024101,36.034169,1.305629,-0.000000
1751,0.812593,-0.004060,31.514576,1.325901,-0.000000
1752,0.792368,0.016695,7.051486,1.339357,-0.000000
1753,0.775314,0.002420,31.913262,1.339026,0.000000
1754,0.784903,0.007139,8.207499,1.345601,-0.000000
1755,0.724631,0.001964,32.374678,1.364881,0.000000
1756,0.777913,0.027208,33.619705,1.395538,0.000000
1757,0.773793,0.011488,9.893912,1.390731,-0.000000
1758,0.766262,0.030907,9.187260,1.369149,-0.000000
1759,0.765184,0.006143,16.801372,1.360518,0.000000
1760,0.706260,0.030654,9.253835,1.359177,0.000000
1761,0.801192,0.005976,35.040944,1.359704,0.000000
1762,0.807807,0.003822,29.676038,1.380537,-0.000000
1763,0.812588,0.014999,55.239980,1.406316,-0.000000
1764,0.777947,0.074480,37.924151,1.409283,0.000000
1765,0.815709,0.006259,19.541608,1.402442,-0.000000
1766,0.782857,0.000718,26.643650,1.392499,-0.000000
1767,0.663178,0.053541,19.475958,1.377018,-0.000000
1768,0.711318,0.013614,18.808085,1.364680,0.000000
1769,0.725418,0.056393,18.638896,1.362667,0.000000
1770,0.738633,0.034879,13.473226,1.366530,0.000000
1771,0.717585,0.014183,12.793939,1.366310,-0.000000
1772,0.783287,0.006163,22.552236,1.368290,0.000000
1773,0.785610,0.003274,32.944101,1.386256,0.000000
1774,0.763318,0.037288,20.087226,1.400403,0.000000
1775,0.791332,0.012165,20.619353,1.394441,-0.000000
1776,0.812567,-0.000055,33.053248,1.381016,0.000000
1777,0.811946,0.032337,37.480829,1.390327,-0.000000
1778,0.814622,0.028793,30.779515,1.412722,0.000000
1779,0.819015,-0.001309,46.112190,1.432718,-0.000000
1780,0.762496,0.006614,41.845406,1.455511,-0.000000
1781,0.739461,0.016856,49.761659,1.459677,0.000000
1782,0.668181,0.043507,20.594159,1.436012,0.000000
1783,0.746804,0.029698,23.967738,1.420607,-0.000000
1784,0.813810,0.032043,28.452515,1.416437,0.000000
1785,0.774558,0.014124,26.661995,1.420488,-0.000000
1786,0.695374,0.007151,32.991927,1.427664,-0.000000
1787,0.672251,0.101308,9.572781,1.421141,-0.000000
1788,0.733926,0.007906,18.661928,1.396729,0.000000
1789,0.745570,0.055537,11.848729,1.359447,0.000000
1790,0.778066,0.008867,20.771905,1.317963,0.000000
1791,0.702658,0.089756,4.112729,1.313576,-0.000000
1792,0.768402,-0.003166,20.133945,1.305410,0.000000
1793,0.784188,-0.001064,18.893551,1.284815,-0.000000
1794,0.739042,-0.004676,31.747986,1.277724,-0.000000
1795,0.810443,0.004567,35.336390,1.269561,-0.000000
1796,0.779628,0.013714,20.259491,1.262246,0.000000
1797,0.779899,0.001909,27.727605,1.268695,0.000000
1798,0.689793,0.004391,36.057958,1.281379,0.000000
1799,0.784858,0.012232,23.070918,1.286248,0.000000
1800,0.737103,0.015117,19.338638,1.282631,0.000000
1801,0.752220,0.036191,21.377925,1.282743,0.000000
1802,0.776884,0.003990,22.646685,1.271781,-0.000000
1803,0.781186,0.000539,28.426581,1.268124,-0.000000
1804,0.809035,-0.002660,35.571318,1.283999,0.000000
1805,0.782904,0.006510,42.450721,1.304408,0.000000
1806,0.746659,-0.000882,16.420583,1.325364,-0.000000
1807,0.789827,0.075035,36.492138,1.329698,0.000000
1808,0.759023,0.001270,12.594145,1.337662,0.000000
1809,0.703756,0.012047,16.539233,1.332509,0.000000
1810,0.721512,0.000943,14.327775,1.327168,0.000000
1811,0.762013,0.004789,26.637414,1.337725,0.000000
1812,0.785679,-0.003203,21.844240,1.339053,-0.000000
1813,0.813430,0.005440,32.820091,1.343968,0.000000
1814,0.798408,0.001125,30.172248,1.353180,-0.000000
1815,0.806566,0.041920,32.329366,1.337508,-0.000000
1816,0.736773,-0.002556,35.523425,1.327022,0.000000
1817,0.774656,0.027448,33.059368,1.336922,0.000000
1818,0.738893,0.012420,15.074408,1.355272,0.000000
1819,0.819052,0.012506,28.377682,1.370187,-0.000000
1820,0.808324,0.007909,12.830066,1.378983,0.000000
1821,0.783282,0.015759,15.164583,1.373736,-0.000000
1822,0.756167,0.122800,3.369007,1.351691,-0.000000
1823,0.787002,0.265130,4.946671,1.325535,-0.000000
1824,0.761885,0.010459,3.848162,1.288138,0.000000
1825,0.774719,0.017093,9.430509,1.270050,-0.000000
1826,0.774027,0.003694,16.597745,1.264148,-0.000000
1827,0.768504,0.025569,9.588186,1.270681,0.000000
1828,0.810591,0.005350,7.296363,1.279208,-0.000000
1829,0.776638,0.000681,16.043004,1.272130,-0.000000
1830,0.803050,0.007025,35.052726,1.280999,-0.000000
1831,0.807648,0.010908,29.475589,1.303320,0.000000
1832,0.813881,-0.000679,21.558459,1.310185,0.000000
1833,0.742895,0.008243,20.583328,1.309296,0.000000
1834,0.775544,0.003204,26.893341,1.315237,0.000000
1835,0.801027,0.003802,27.164994,1.327587,-0.000000
1836,0.807264,0.008018,34.001579,1.343309,-0.000000
1837,0.778312,-0.002811,17.989194,1.340773,-0.000000
1838,0.805567,0.032858,24.892955,1.356546,0.000000
1839,0.798439,0.021038,21.056357,1.365331,-0.000000
1840,0.785222,0.062494,29.715770,1.360475,0.000000
1841,0.774299,0.001045,14.146757,1.373715,-0.000000
1842,0.794185,-0.000328,15.287485,1.396262,-0.000000
1843,0.714029,0.011349,13.178527,1.414425,0.000000
1844,0.664007,0.118702,12.709807,1.422852,0.000000
1845,0.699399,0.084777,6.735398,1.415307,-0.000000
1846,0.753696,0.008659,7.522900,1.401006,-0.000000
1847,0.709776,0.120770,3.802143,1.391885,0.000000
1848,0.762260,0.028535,3.855601,1.368911,-0.000000
1849,0.682014,0.050757,3.681462,1.338793,0.000000
1850,0.795932,0.015584,11.023301,1.331671,-0.000000
1851,0.726734,0.013942,11.219976,1.335721,-0.000000
1852,0.758634,0.020008,6.114101,1.323263,0.000000
1853,0.714917,0.001794,8.086563,1.331192,0.000000
1854,0.746679,0.009693,6.574213,1.341795,-0.000000
1855,0.805550,0.003474,11.887655,1.337903,-0.000000
1856,0.807362,0.010037,15.227545,1.321140,-0.000000
1857,0.804368,0.000109,22.868925,1.316343,-0.000000
1858,0.816429,-0.002876,23.361427,1.324837,0.000000
1859,0.810295,-0.001001,26.590377,1.336951,0.000000
1860,0.803215,0.055429,21.248240,1.339545,0.000000
1861,0.811763,-0.004308,22.291428,1.346927,0.000000
1862,0.803942,-0.002118,16.615100,1.368779,0.000000
1863,0.809467,0.001781,20.601177,1.366803,0.000000
1864,0.805408,0.005323,19.073429,1.373974,0.000000
1865,0.808490,0.019599,12.072023,1.391485,-0.000000
1866,0.799223,-0.000689,23.311092,1.399402,-0.000000
1867,0.808095,-0.001507,17.538161,1.398566,-0.000000
1868,0.792130,0.010272,10.601889,1.391658,-0.000000
1869,0.811776,0.049975,10.222873,1.374356,-0.000000
1870,0.810374,0.094740,7.594423,1.369412,-0.000000
1871,0.803668,0.011176,10.507620,1.384547,-0.000000
1872,0.804898,0.022036,16.435390,1.379986,0.000000
1873,0.777221,-0.002567,15.527340,1.360798,-0.000000
1874,0.799480,0.002701,17.271301,1.360331,0.000000
1875,0.795068,0.020726,13.082354,1.353565,0.000000
1876,0.803085,0.012509,12.617435,1.338173,-0.000000
1877,0.799977,0.015484,12.189220,1.332040,-0.000000
1878,0.801555,0.017887,10.157927,1.329911,0.000000
1879,0.812511,0.000314,15.173842,1.334927,0.000000
1880,0.803155,0.021787,20.572802,1.360690,-0.000000
1881,0.805128,0.019964,21.236223,1.373639,-0.000000
1882,0.807601,-0.001116,26.913867,1.376812,-0.000000
1883,0.799758,0.014076,12.432413,1.390496,-0.000000
1884,0.798890,0.024692,13.242158,1.395216,-0.000000
1885,0.806100,-0.004160,22.667709,1.413415,0.000000
1886,0.804092,0.033652,15.648038,1.447625,-0.000000
1887,0.796492,-0.001009,11.293907,1.454246,-0.000000
1888,0.799862,0.000006,17.819228,1.446810,-0.000000
1889,0.797433,0.002337,10.326992,1.444838,0.000000
1890,0.796975,0.041112,8.010315,1.445406,0.000000
1891,0.798012,0.019878,16.297330,1.435995,-0.000000
1892,0.792177,0.009608,12.529408,1.431815,0.000000
1893,0.794561,0.003873,13.513157,1.430016,0.000000
1894,0.792733,-0.001516,12.339797,1.446928,-0.000000
1895,0.789863,0.015014,16.732152,1.473871,0.000000
1896,0.793757,0.006375,12.827016,1.480152,-0.000000
1897,0.790526,0.015780,13.285634,1.462793,-0.000000
1898,0.786182,0.016355,10.203024,1.445089,0.000000
1899,0.796867,0.109760,7.822171,1.416427,-0.000000
1900,0.792522,0.011935,8.710972,1.392995,-0.000000
1901,0.791470,0.002110,7.037945,1.396416,0.000000
1902,0.789067,0.002114,9.161307,1.394713,0.000000
1903,0.784013,0.026075,5.477123,1.389323,-0.000000
1904,0.792565,0.013346,7.391085,1.393332,-0.000000
1905,0.792524,0.019334,5.696675,1.386320,-0.000000
1906,0.787420,0.002515,8.691233,1.380092,0.000000
1907,0.783104,0.063358,3.870266,1.367760,0.000000
1908,0.782049,0.000842,4.520412,1.358107,-0.000000
1909,0.785425,0.008247,4.557699,1.371076,0.000000
1910,0.786998,0.014100,3.552850,1.358553,-0.000000
1911,0.780046,0.105003,3.948322,1.341914,-0.000000
1912,0.784242,-0.000882,7.219302,1.345647,0.000000
1913,0.779385,-0.004559,5.324667,1.360649,-0.000000
1914,0.779911,0.007137,3.393407,1.371983,-0.000000
1915,0.785370,0.014411,4.525022,1.364414,-0.000000
1916,0.779242,0.002957,3.057612,1.344245,0.000000
1917,0.775775,0.000543,5.071869,1.336525,0.000000
1918,0.777360,-0.001316,7.188627,1.339172,-0.000000
1919,0.781376,-0.000504,3.229766,1.338722,0.000000
1920,0.782240,0.018250,2.679309,1.339401,0.000000
1921,0.785796,0.045379,3.980650,1.337691,0.000000
1922,0.765954,0.178822,4.489932,1.320790,0.000000
1923,0.777115,-0.000165,5.325793,1.304586,-0.000000
1924,0.780770,0.002225,4.368341,1.309990,0.000000
1925,0.773367,0.040932,4.787753,1.303342,0.000000
1926,0.769881,0.003785,5.901335,1.271197,0.000000
1927,0.781005,-0.001246,5.864223,1.253002,0.000000
1928,0.780080,-0.000743,3.497379,1.260298,-0.000000
1929,0.780200,0.024272,6.041101,1.251274,0.000000
1930,0.745353,0.006289,3.989245,1.251440,-0.000000
1931,0.772043,0.013231,5.380973,1.265005,-0.000000
1932,0.784438,0.025358,5.436732,1.253313,0.000000
1933,0.631594,0.020234,5.489551,1.246276,-0.000000
1934,0.744762,0.022806,4.022970,1.246108,-0.000000
1935,0.730361,0.242117,4.172990,1.222285,0.000000
1936,0.672224,0.104108,3.165575,1.203096,-0.000000
1937,0.660001,0.007098,3.072508,1.206571,0.000000
1938,0.706993,0.013568,2.411783,1.211228,-0.000000
1939,0.751802,0.012723,4.174991,1.200198,-0.000000
1940,0.737738,0.029348,4.418115,1.186641,0.000000
1941,0.777926,0.033917,6.915851,1.163827,0.000000
1942,0.775596,0.011011,2.254480,1.134548,0.000000
1943,0.778994,-0.001372,5.969677,1.126982,0.000000
1944,0.781369,0.011421,4.820981,1.154541,-0.000000
1945,0.786468,-0.000786,8.571205,1.170742,-0.000000
1946,0.785037,-0.000969,8.327569,1.176468,0.000000
1947,0.782630,0.001866,3.110592,1.181583,-0.000000
1948,0.786566,-0.001141,5.682670,1.186711,0.000000
1949,0.777520,0.013968,3.694695,1.183276,0.000000
1950,0.771233,0.021273,3.993297,1.177059,0.000000
1951,0.767953,0.026185,4.043278,1.167337,0.000000
1952,0.764632,0.060451,6.046129,1.142737,0.000000
1953,0.779469,0.022811,2.913013,1.128517,0.000000
1954,0.776362,0.011320,2.847180,1.124252,0.000000
1955,0.774381,0.003179,4.296450,1.107081,0.000000
1956,0.782503,0.000457,3.166544,1.092208,-0.000000
1957,0.785701,-0.000375,4.146860,1.084893,0.000000
1958,0.779654,0.007618,3.225335,1.090437,0.000000
1959,0.775318,0.002288,5.003128,1.092681,-0.000000
1960,0.789640,0.006175,2.355526,1.091240,-0.000000
1961,0.779533,0.002802,2.511162,1.093477,0.000000
1962,0.767652,0.012154,2.347034,1.093979,0.000000
1963,0.774797,0.017681,3.596999,1.096858,0.000000
1964,0.773586,0.012933,1.172304,1.087998,0.000000
1965,0.768391,0.043714,2.712493,1.085371,-0.000000
1966,0.764202,0.004659,2.085085,1.088228,-0.000000
1967,0.748315,0.043850,1.773569,1.076720,0.000000
1968,0.774831,-0.001024,3.993239,1.066998,-0.000000
1969,0.763291,0.082430,3.681852,1.066710,-0.000000
1970,0.766722,0.003894,1.710486,1.057247,0.000000
1971,0.757859,0.005296,3.395548,1.039902,0.000000
1972,0.769944,-0.000791,2.916341,1.038914,-0.000000
1973,0.766656,-0.004046,2.767731,1.052344,0.000000
1974,0.773812,-0.001007,1.097367,1.060457,-0.000000
1975,0.786313,-0.001544,2.400678,1.066839,-0.000000
1976,0.773950,0.005858,0.653806,1.068445,0.000000
1977,0.782464,-0.003736,6.277119,1.061889,0.000000
1978,0.787680,0.000072,6.077960,1.077396,-0.000000
1979,0.770383,0.010286,2.738112,1.090835,-0.000000
1980,0.781834,-0.001036,3.759977,1.082617,0.000000
1981,0.781812,-0.003595,1.975229,1.059663,-0.000000
1982,0.775587,0.001269,1.033225,1.046562,-0.000000
1983,0.771496,0.004651,1.190538,1.040937,0.000000
1984,0.772541,0.002818,1.426905,1.032266,-0.000000
1985,0.784189,0.000911,5.434959,1.031410,-0.000000
1986,0.773245,0.011702,2.163710,1.039016,-0.000000
1987,0.775657,0.002668,5.179584,1.040825,-0.000000
1988,0.777020,-0.000920,2.469933,1.035707,0.000000
1989,0.783674,0.001706,2.352276,1.024628,0.000000
1990,0.773063,0.005184,1.670891,1.014999,0.000000
1991,0.781660,0.017343,2.334131,1.030406,0.000000
1992,0.779983,-0.003796,7.254783,1.057022,-0.000000
1993,0.777218,0.011587,4.697228,1.065104,0.000000
1994,0.780808,0.000621,2.503414,1.055993,-0.000000
1995,0.781036,-0.007318,5.519793,1.055126,0.000000
1996,0.781804,0.003037,4.852236,1.067254,-0.000000
1997,0.775868,0.000593,1.267865,1.072701,-0.000000
1998,0.784501,0.003747,2.333242,1.071674,0.000000
1999,0.779414,-0.004169,3.774359,1.076557,0.000000
2000,0.794446,-0.005025,5.759813,1.093544,-0.000000
