batch,meanReward,policyLoss,valueLoss,entropy,meanAdvantage
1,0.407485,0.647947,7.625073,2.878744,0.000000
2,0.463745,0.169826,7.854413,2.841685,0.000000
3,0.393906,0.178959,8.171481,2.802974,0.000000
4,0.438891,0.168582,5.994206,2.740912,-0.000000
5,0.403000,0.150835,6.830986,2.676582,0.000000
6,0.394763,0.173035,5.818699,2.616863,0.000000
7,0.377499,0.298459,6.582011,2.547952,-0.000000
8,0.385719,0.053053,4.269191,2.497573,0.000000
9,0.395208,0.132036,3.766812,2.453989,-0.000000
10,0.391344,0.061103,5.006239,2.401001,-0.000000
11,0.445562,0.098565,5.895402,2.360687,0.000000
12,0.445881,0.142714,3.450128,2.335576,-0.000000
13,0.509163,0.020248,7.449034,2.315829,0.000000
14,0.501511,0.085215,6.763616,2.298935,0.000000
15,0.500383,0.137209,4.383703,2.266486,-0.000000
16,0.481474,0.057764,8.853228,2.236457,0.000000
17,0.489913,0.140134,7.555129,2.209493,-0.000000
18,0.482767,0.234173,10.155639,2.157748,0.000000
19,0.476008,0.077439,9.848334,2.112524,0.000000
20,0.536757,0.036017,12.414432,2.090086,-0.000000
21,0.557586,0.528401,5.780975,2.065866,0.000000
22,0.536964,0.034293,3.790961,2.041882,-0.000000
23,0.489802,0.461710,2.002508,2.013579,0.000000
24,0.513284,0.376080,14.402067,1.995670,-0.000000
25,0.554226,0.047817,1.526257,1.976032,0.000000
26,0.554367,0.334545,6.737209,1.964934,-0.000000
27,0.544464,0.027752,5.784585,1.971179,0.000000
28,0.536828,0.003794,3.727988,1.965729,0.000000
29,0.577784,1.764503,4.222016,1.946658,0.000000
30,0.531602,0.002151,17.928335,1.935506,0.000000
31,0.565430,0.037373,1.130108,1.935059,0.000000
32,0.536320,-0.000488,3.515758,1.910717,-0.000000
33,0.585051,0.025379,2.308713,1.878609,0.000000
34,0.586579,0.019359,4.589317,1.863323,-0.000000
35,0.601958,0.026729,10.554328,1.851244,-0.000000
36,0.596998,0.013257,9.844951,1.844388,0.000000
37,0.573586,0.030007,6.721272,1.835354,-0.000000
38,0.585326,0.024553,3.394006,1.819332,0.000000
39,0.589893,0.030462,2.545063,1.793780,0.000000
40,0.606215,0.009004,8.131005,1.772132,-0.000000
41,0.604736,0.045490,13.562525,1.784394,0.000000
42,0.600279,0.103338,1.605761,1.780035,-0.000000
43,0.606337,0.002671,23.213258,1.762479,-0.000000
44,0.596241,0.012079,18.034940,1.758543,-0.000000
45,0.623791,0.018170,19.148882,1.755077,-0.000000
46,0.588387,0.499328,21.447261,1.759722,-0.000000
47,0.599107,0.005252,17.013401,1.774995,0.000000
48,0.630089,0.012292,14.312443,1.777527,0.000000
49,0.650771,0.007071,16.471447,1.772168,-0.000000
50,0.614301,0.056154,12.512289,1.757765,0.000000
51,0.681352,0.100041,6.839685,1.739321,-0.000000
52,0.583644,0.027610,8.811021,1.737190,-0.000000
53,0.599769,0.042368,4.054895,1.731237,0.000000
54,0.638759,0.033859,11.275765,1.709774,-0.000000
55,0.529900,0.037869,11.783577,1.708398,0.000000
56,0.606592,0.036963,4.349931,1.721662,0.000000
57,0.648191,0.018125,5.960353,1.722997,0.000000
58,0.624102,0.002073,10.076043,1.733115,0.000000
59,0.673044,0.003976,15.206179,1.736393,0.000000
60,0.661323,-0.002359,17.449281,1.731170,0.000000
61,0.651810,0.013504,11.034590,1.713427,-0.000000
62,0.688904,0.030471,10.185733,1.677177,-0.000000
63,0.698787,0.001267,8.711606,1.665293,-0.000000
64,0.674426,0.019906,12.088462,1.675763,0.000000
65,0.676134,0.059024,8.415383,1.694928,-0.000000
66,0.721142,0.006814,10.225945,1.702464,-0.000000
67,0.724166,0.021636,9.132209,1.715488,-0.000000
68,0.712928,0.011312,11.419034,1.723721,0.000000
69,0.748003,0.009373,9.756498,1.728720,-0.000000
70,0.746900,0.004878,17.044289,1.746923,-0.000000
71,0.730605,0.026655,12.139724,1.764378,0.000000
72,0.718916,0.074645,12.382543,1.756140,0.000000
73,0.724447,0.016573,9.076091,1.755532,0.000000
74,0.737719,0.344461,8.780571,1.757423,0.000000
75,0.722633,-0.004006,11.417234,1.759374,-0.000000
76,0.691374,0.079886,6.575108,1.750889,0.000000
77,0.760675,0.051172,18.267348,1.733659,-0.000000
78,0.713405,0.483842,11.728123,1.734793,0.000000
79,0.693626,0.007445,5.782132,1.734998,0.000000
80,0.720305,0.047735,11.193860,1.726790,0.000000
81,0.694218,0.009718,6.119024,1.718121,-0.000000
82,0.729010,0.047418,7.123816,1.698330,0.000000
83,0.700754,0.113426,4.116703,1.663962,0.000000
84,0.706738,0.463683,8.678870,1.652409,-0.000000
85,0.743318,0.013825,16.615785,1.651973,-0.000000
86,0.713505,0.001192,10.352753,1.649327,0.000000
87,0.743084,0.003447,11.983774,1.665318,-0.000000
88,0.701671,0.039295,7.248486,1.681624,0.000000
89,0.739807,0.046401,10.028581,1.683816,0.000000
90,0.728405,0.002867,4.691763,1.665575,-0.000000
91,0.769297,-0.000100,12.709265,1.665111,-0.000000
92,0.756285,0.006370,10.081289,1.676871,-0.000000
93,0.763137,0.009922,6.115903,1.669705,-0.000000
94,0.756620,0.031892,6.595106,1.652856,0.000000
95,0.769829,-0.000331,12.035563,1.651453,-0.000000
96,0.740528,0.021677,3.572667,1.657658,0.000000
97,0.743728,0.012494,2.909310,1.653166,-0.000000
98,0.744609,0.005095,4.144665,1.651545,-0.000000
99,0.759317,0.061358,7.669614,1.656667,-0.000000
100,0.734322,0.050001,6.378727,1.648328,-0.000000
101,0.704414,0.017695,7.979716,1.646758,0.000000
102,0.659454,0.005366,6.206976,1.634682,0.000000
103,0.674183,0.015335,12.055009,1.617897,0.000000
104,0.722791,0.010097,9.214504,1.602174,0.000000
105,0.615488,0.072440,11.593240,1.585626,0.000000
106,0.616112,0.014002,12.314767,1.567658,-0.000000
107,0.601282,0.089255,10.408334,1.550381,0.000000
108,0.620017,0.007428,4.097506,1.534468,0.000000
109,0.680243,0.028362,10.840113,1.536860,-0.000000
110,0.717001,0.010983,7.631859,1.540109,-0.000000
111,0.705538,0.035104,3.515090,1.520893,0.000000
112,0.766687,0.023107,19.606016,1.512783,0.000000
113,0.772427,0.008202,19.992561,1.518258,0.000000
114,0.768583,-0.001658,10.849375,1.521584,0.000000
115,0.767910,0.007760,7.743564,1.518724,-0.000000
116,0.760937,0.067824,7.740031,1.508595,-0.000000
117,0.752467,0.031386,3.178652,1.512872,-0.000000
118,0.768305,0.034367,11.221155,1.515087,0.000000
119,0.744055,0.048622,7.551204,1.511136,0.000000
120,0.758073,0.002279,7.354804,1.513374,0.000000
121,0.780996,0.009283,12.761528,1.505368,-0.000000
122,0.781938,0.002689,12.490631,1.513442,0.000000
123,0.791420,0.009533,13.194169,1.527321,-0.000000
124,0.779699,0.005113,16.010778,1.534711,0.000000
125,0.782678,0.002723,15.400621,1.546623,0.000000
126,0.776894,0.056528,8.798526,1.545766,0.000000
127,0.761056,0.013035,4.112435,1.531240,-0.000000
128,0.764880,0.009013,4.527667,1.512509,-0.000000
129,0.763547,0.218392,5.513288,1.500705,0.000000
130,0.736006,0.009149,13.621188,1.492617,-0.000000
131,0.732911,0.002582,11.812931,1.491655,0.000000
132,0.743642,0.019889,12.741879,1.481726,-0.000000
133,0.715735,0.029460,7.784458,1.468713,-0.000000
134,0.624773,0.031467,30.819248,1.466059,-0.000000
135,0.654100,0.051972,3.114730,1.455753,0.000000
136,0.685081,0.063991,4.664681,1.439795,-0.000000
137,0.532291,0.018038,22.676708,1.422938,-0.000000
138,0.482589,0.070802,16.595101,1.413263,-0.000000
139,0.481597,0.112286,9.968418,1.399605,-0.000000
140,0.462852,0.038502,2.650680,1.374142,0.000000
141,0.494294,0.024815,3.559173,1.333437,-0.000000
142,0.434922,0.015946,2.162204,1.292914,-0.000000
143,0.527082,0.002837,2.896029,1.254720,-0.000000
144,0.500466,0.011657,4.268161,1.229549,0.000000
145,0.536612,0.003638,8.454456,1.219492,0.000000
146,0.604390,0.020057,5.758892,1.210171,0.000000
147,0.586392,0.010786,5.516064,1.189474,0.000000
148,0.638506,0.006170,4.729324,1.187926,0.000000
149,0.622091,0.011673,5.714287,1.182516,0.000000
150,0.643482,0.010057,1.472493,1.157880,-0.000000
151,0.621686,0.014144,2.314039,1.144772,-0.000000
152,0.639774,0.038608,2.262829,1.154919,-0.000000
153,0.575325,0.017582,4.968203,1.165603,0.000000
154,0.551539,0.028031,2.069364,1.165770,0.000000
155,0.602522,0.057235,5.748901,1.153456,-0.000000
156,0.563757,0.024172,1.526307,1.120427,0.000000
157,0.564576,0.002637,1.639068,1.103769,-0.000000
158,0.579360,0.010025,0.932578,1.111826,-0.000000
159,0.622233,0.000044,2.817114,1.119911,0.000000
160,0.679869,-0.000052,0.796080,1.124776,-0.000000
161,0.657575,0.040017,4.646157,1.118319,-0.000000
162,0.594564,0.005751,0.979901,1.104442,-0.000000
163,0.690636,-0.000282,13.170579,1.113138,-0.000000
164,0.677052,-0.000708,6.645055,1.135874,-0.000000
165,0.733929,-0.003437,5.773320,1.136729,-0.000000
166,0.695234,-0.000170,5.005167,1.155311,0.000000
167,0.719133,-0.000845,3.732521,1.184748,-0.000000
168,0.745135,0.008420,2.333736,1.204418,-0.000000
169,0.755074,0.070201,9.274464,1.237924,0.000000
170,0.757597,-0.000249,4.973721,1.268580,0.000000
171,0.738816,0.024183,2.279916,1.281241,-0.000000
172,0.753163,0.003419,3.660948,1.285260,0.000000
173,0.722786,0.047388,2.923856,1.277084,0.000000
174,0.760235,0.003037,5.832595,1.269731,0.000000
175,0.769267,0.005786,6.308729,1.285759,-0.000000
176,0.781375,0.004774,8.550005,1.299523,0.000000
177,0.738992,0.002690,3.228991,1.295376,-0.000000
178,0.725951,-0.002404,23.029524,1.299867,-0.000000
179,0.766845,0.006046,8.046471,1.309599,-0.000000
180,0.704342,0.035939,16.603616,1.311394,-0.000000
181,0.760425,0.037028,6.224671,1.314021,0.000000
182,0.743990,0.004058,4.421842,1.323430,-0.000000
183,0.774963,0.016356,7.108879,1.334101,0.000000
184,0.758009,0.000979,4.521606,1.337750,0.000000
185,0.763544,0.002190,7.311966,1.341691,0.000000
186,0.745545,0.028061,2.067083,1.341013,0.000000
187,0.752039,0.001241,6.166436,1.341746,0.000000
188,0.788683,0.002856,14.837457,1.345599,0.000000
189,0.762776,0.005343,7.958744,1.337478,-0.000000
190,0.754082,0.004945,7.560157,1.324169,0.000000
191,0.769719,0.001040,7.726261,1.310968,-0.000000
192,0.773215,0.023883,6.546764,1.303721,0.000000
193,0.700544,0.071300,3.239230,1.301758,0.000000
194,0.768806,-0.001790,10.203368,1.312998,0.000000
195,0.740692,-0.003291,10.427024,1.328290,0.000000
196,0.738961,0.082950,6.749129,1.341571,0.000000
197,0.769136,0.011578,7.218883,1.343705,0.000000
198,0.771553,0.000535,6.251637,1.341760,0.000000
199,0.770931,0.008523,19.088567,1.334265,-0.000000
200,0.797497,-0.004013,17.550874,1.328989,0.000000
201,0.780679,0.008231,13.480519,1.330822,-0.000000
202,0.770937,-0.000331,10.833847,1.332538,-0.000000
203,0.769621,0.005842,6.490202,1.349605,-0.000000
204,0.770355,0.006300,7.657833,1.367401,-0.000000
205,0.787490,0.001126,14.670493,1.391009,0.000000
206,0.771768,-0.001003,9.708658,1.394647,-0.000000
207,0.775443,0.002738,9.736239,1.381856,0.000000
208,0.769980,0.002924,8.602576,1.377663,0.000000
209,0.784036,-0.004121,10.449636,1.396363,0.000000
210,0.788642,0.002550,12.362147,1.410219,-0.000000
211,0.788628,0.000339,12.707229,1.408848,-0.000000
212,0.768855,0.049154,8.277923,1.422680,0.000000
213,0.729757,-0.002106,4.341164,1.430905,-0.000000
214,0.762911,0.044695,3.007332,1.422130,-0.000000
215,0.755822,0.033978,7.437619,1.414582,-0.000000
216,0.770116,-0.003430,14.593642,1.420613,0.000000
217,0.787288,0.019335,13.908090,1.440987,-0.000000
218,0.801171,0.040700,19.492755,1.453981,-0.000000
219,0.791016,0.011930,13.099604,1.456486,0.000000
220,0.791025,0.025946,8.253806,1.451450,0.000000
221,0.778272,0.332233,4.662225,1.433715,0.000000
222,0.781975,0.032047,5.311410,1.440366,-0.000000
223,0.788598,0.026889,5.662995,1.440225,-0.000000
224,0.739761,0.009669,2.563505,1.433328,0.000000
225,0.746256,0.059973,3.128451,1.428919,-0.000000
226,0.767770,0.004097,10.243961,1.426517,0.000000
227,0.778755,0.011182,3.594754,1.428664,0.000000
228,0.767885,0.009894,2.092673,1.416237,0.000000
229,0.778647,0.054829,2.552947,1.392872,0.000000
230,0.784730,0.008653,10.794151,1.387075,0.000000
231,0.784886,0.014144,12.790081,1.395581,-0.000000
232,0.782721,0.004694,15.677245,1.412368,0.000000
233,0.697407,0.028317,40.721156,1.419645,-0.000000
234,0.619884,0.094972,28.272023,1.421293,0.000000
235,0.665605,0.087176,22.257095,1.415490,0.000000
236,0.584094,0.010386,18.449088,1.414509,-0.000000
237,0.573331,0.047584,17.467988,1.406725,-0.000000
238,0.691281,0.001751,11.865889,1.387113,0.000000
239,0.680215,0.030730,18.313669,1.371309,0.000000
240,0.648903,0.020206,11.405079,1.354821,0.000000
241,0.718947,0.135540,4.626229,1.344798,0.000000
242,0.760684,0.072674,5.014307,1.331179,0.000000
243,0.731487,0.028875,1.625949,1.317237,0.000000
244,0.743285,0.113151,1.690038,1.294247,-0.000000
245,0.757289,0.012351,1.949880,1.256695,0.000000
246,0.719627,0.010034,2.119992,1.223690,0.000000
247,0.711912,0.054597,1.393753,1.205832,0.000000
248,0.722468,0.046386,1.871337,1.174545,0.000000
249,0.724252,0.008132,0.809029,1.149055,-0.000000
250,0.717732,0.000413,1.267192,1.141499,0.000000
251,0.737287,0.005827,1.161195,1.141628,-0.000000
252,0.718684,0.005872,1.004754,1.129822,-0.000000
253,0.732372,0.004808,1.202189,1.121181,0.000000
254,0.729593,0.015391,1.364091,1.115909,0.000000
255,0.729659,0.015684,0.412857,1.110004,-0.000000
256,0.730074,0.007855,3.478205,1.114925,-0.000000
257,0.762709,-0.002545,5.741731,1.135787,0.000000
258,0.750955,-0.005987,8.536436,1.160172,-0.000000
259,0.728454,0.697893,3.896932,1.179056,-0.000000
260,0.712187,0.008158,8.955912,1.198619,0.000000
261,0.668485,0.000467,3.429557,1.226966,0.000000
262,0.665403,0.010047,3.128154,1.241681,-0.000000
263,0.672531,-0.005278,0.960085,1.249317,0.000000
264,0.651240,0.460815,4.663611,1.255023,0.000000
265,0.721477,-0.003416,5.559392,1.268194,0.000000
266,0.610268,-0.003765,4.415824,1.283027,-0.000000
267,0.646828,0.005314,4.295693,1.296715,0.000000
268,0.676686,0.386799,2.076770,1.307973,0.000000
269,0.686810,0.000676,2.449948,1.331771,-0.000000
270,0.706102,0.015885,0.708627,1.338441,-0.000000
271,0.736897,0.034383,1.376266,1.326906,-0.000000
272,0.688358,0.001486,0.857344,1.317959,-0.000000
273,0.719315,0.034287,4.456615,1.310060,0.000000
274,0.710877,-0.004253,10.666652,1.330405,-0.000000
275,0.783585,0.031764,12.911491,1.343632,0.000000
276,0.708981,0.009008,0.895324,1.333678,-0.000000
277,0.751973,0.001528,5.734710,1.339015,-0.000000
278,0.764147,0.015206,5.768779,1.356040,0.000000
279,0.728947,-0.001720,5.838129,1.356786,0.000000
280,0.739958,-0.004979,4.133456,1.353082,-0.000000
281,0.741816,0.006566,10.777484,1.350355,-0.000000
282,0.786157,-0.000156,9.658447,1.362394,-0.000000
283,0.765778,0.015310,3.430782,1.359542,-0.000000
284,0.768295,-0.001843,2.636509,1.337982,0.000000
285,0.788452,0.045203,9.964913,1.353699,-0.000000
286,0.801940,-0.005669,9.896537,1.376341,-0.000000
287,0.787806,0.007616,7.936517,1.377294,-0.000000
288,0.785033,-0.003169,6.421822,1.380941,0.000000
289,0.776250,0.009555,3.579842,1.386664,-0.000000
290,0.772901,0.137470,4.366268,1.369716,-0.000000
291,0.778453,0.002628,5.971787,1.355138,-0.000000
292,0.770787,0.013109,13.616577,1.367234,-0.000000
293,0.764460,-0.003893,17.578160,1.392524,-0.000000
294,0.785908,0.020932,13.859917,1.418072,0.000000
295,0.789138,-0.000472,8.928887,1.429544,-0.000000
296,0.800670,0.006143,8.683041,1.424585,0.000000
297,0.748451,0.001196,6.224628,1.441029,0.000000
298,0.769322,0.001520,5.329013,1.440538,0.000000
299,0.798076,0.035306,4.001478,1.403122,-0.000000
300,0.762342,-0.001699,6.017513,1.395507,0.000000
301,0.793143,0.000321,7.782328,1.419078,0.000000
302,0.766371,0.005097,12.074008,1.426812,0.000000
303,0.733953,0.003416,11.748036,1.435561,-0.000000
304,0.752613,0.091957,16.479969,1.456632,0.000000
305,0.758605,0.016817,3.280210,1.453442,-0.000000
306,0.757885,0.027217,11.317080,1.450128,0.000000
307,0.772363,0.040958,5.974245,1.441477,0.000000
308,0.785057,0.001488,21.547767,1.414005,-0.000000
309,0.738994,0.070080,5.344848,1.430577,-0.000000
310,0.668510,0.036742,7.509669,1.443599,-0.000000
311,0.718306,0.016304,6.333434,1.431314,0.000000
312,0.702430,0.032822,2.554843,1.416213,0.000000
313,0.700407,0.074645,2.597527,1.410354,-0.000000
314,0.672301,0.041138,1.474932,1.423105,-0.000000
315,0.731827,0.001256,7.077062,1.428447,0.000000
316,0.752427,0.084503,3.609469,1.414155,0.000000
317,0.764036,0.025937,4.575469,1.407258,0.000000
318,0.770430,0.015526,2.592699,1.399868,0.000000
319,0.775395,0.060014,8.043424,1.391724,0.000000
320,0.743040,0.005033,10.117083,1.399227,0.000000
321,0.777605,-0.001631,3.884796,1.413143,-0.000000
322,0.722752,0.142145,5.620398,1.440588,0.000000
323,0.751611,0.034905,7.126958,1.460255,-0.000000
324,0.691664,0.011935,9.220430,1.454416,-0.000000
325,0.709026,0.026036,8.430239,1.435363,-0.000000
326,0.690690,0.064560,6.726594,1.406616,-0.000000
327,0.634372,0.016630,8.698113,1.392688,0.000000
328,0.719075,0.037480,3.872747,1.371988,0.000000
329,0.622194,0.013003,6.156359,1.339812,0.000000
330,0.639633,0.062546,2.142484,1.304934,0.000000
331,0.683625,0.004370,2.691525,1.280291,-0.000000
332,0.725534,-0.000421,2.144916,1.279096,0.000000
333,0.676727,0.019848,1.796715,1.265300,0.000000
334,0.704284,0.019801,0.990295,1.234757,-0.000000
335,0.713669,0.070288,0.928559,1.206715,-0.000000
336,0.726607,-0.003422,7.165802,1.200971,-0.000000
337,0.729878,-0.000842,4.606426,1.223877,0.000000
338,0.754326,0.011800,6.038064,1.250600,0.000000
339,0.774020,0.000145,8.354389,1.252687,0.000000
340,0.769021,-0.002327,3.024633,1.270136,0.000000
341,0.787555,-0.004049,13.508347,1.307130,-0.000000
342,0.752778,0.000118,6.511533,1.326309,0.000000
343,0.771050,0.006509,6.483148,1.322710,0.000000
344,0.772156,0.000728,8.512611,1.320690,-0.000000
345,0.775234,0.004974,6.507137,1.346519,0.000000
346,0.789602,0.035564,7.353525,1.361052,-0.000000
347,0.774828,0.003772,2.869449,1.377753,0.000000
348,0.764967,0.003126,5.980355,1.398365,-0.000000
349,0.744474,0.112373,3.488215,1.387732,0.000000
350,0.748873,-0.001059,6.191469,1.364117,0.000000
351,0.712074,0.039510,1.419694,1.355578,-0.000000
352,0.772749,0.009398,2.743582,1.337830,0.000000
353,0.780101,0.003597,5.305145,1.330465,-0.000000
354,0.777708,0.002625,5.259430,1.334122,0.000000
355,0.763342,0.072415,3.033610,1.326378,-0.000000
356,0.781968,0.026667,5.273289,1.316894,-0.000000
357,0.778732,0.024332,12.659146,1.328677,-0.000000
358,0.773800,0.017720,3.395177,1.331472,-0.000000
359,0.778683,0.062859,7.848673,1.336249,0.000000
360,0.784837,0.001808,3.081484,1.350364,0.000000
361,0.780596,0.069225,7.954267,1.360347,-0.000000
362,0.749357,0.008723,13.831187,1.378497,0.000000
363,0.759881,0.210642,15.646113,1.382062,0.000000
364,0.760557,0.004547,19.439418,1.384464,-0.000000
365,0.743751,0.023598,8.537528,1.391967,-0.000000
366,0.743756,0.409009,5.112559,1.394228,0.000000
367,0.728860,0.016887,5.538879,1.392361,0.000000
368,0.783954,0.004991,1.775134,1.383031,0.000000
369,0.785154,0.028920,4.849681,1.378284,-0.000000
370,0.792828,-0.002815,12.983099,1.384556,0.000000
371,0.794965,-0.003843,18.668304,1.408215,-0.000000
372,0.792770,0.021450,18.536582,1.420602,0.000000
373,0.790344,0.010806,21.532674,1.431432,0.000000
374,0.796509,-0.001235,13.016099,1.463411,0.000000
375,0.790167,0.013747,13.236135,1.474851,0.000000
376,0.805298,-0.004192,29.930406,1.480403,-0.000000
377,0.804689,-0.003503,22.115761,1.498522,0.000000
378,0.805381,0.000314,30.339530,1.516313,-0.000000
379,0.805328,0.002449,25.120039,1.538736,0.000000
380,0.799891,0.008239,20.868966,1.547554,0.000000
381,0.774319,-0.004460,23.781112,1.577593,0.000000
382,0.797844,-0.002589,32.221531,1.596859,-0.000000
383,0.715634,0.058872,19.622746,1.600052,0.000000
384,0.776875,0.007690,21.309559,1.603428,-0.000000
385,0.734624,0.010117,27.185883,1.602020,-0.000000
386,0.733409,0.009551,31.086465,1.601878,0.000000
387,0.797716,0.013889,20.044201,1.591027,-0.000000
388,0.768535,0.042978,10.473856,1.570424,0.000000
389,0.794581,0.016246,5.929443,1.554556,0.000000
390,0.791498,0.051732,4.229274,1.544640,-0.000000
391,0.805030,0.046526,5.601825,1.522518,-0.000000
392,0.722631,0.002810,17.149075,1.515453,0.000000
393,0.796423,0.015345,19.194290,1.522941,0.000000
394,0.732054,0.000770,28.505591,1.531053,-0.000000
395,0.748583,0.020801,11.331312,1.525641,-0.000000
396,0.742824,0.003223,31.274429,1.523153,0.000000
397,0.729700,0.033268,10.349365,1.530728,-0.000000
398,0.711539,0.089204,3.565832,1.512357,-0.000000
399,0.775194,0.022396,18.389975,1.477777,-0.000000
400,0.757419,0.017371,16.112524,1.469375,-0.000000
401,0.765995,0.070884,23.707205,1.467494,-0.000000
402,0.791753,0.001727,18.189648,1.453287,0.000000
403,0.799382,-0.005022,10.113349,1.432598,0.000000
404,0.704743,0.025781,3.207037,1.414694,-0.000000
405,0.614761,0.036287,1.593832,1.395655,0.000000
406,0.646972,0.036418,4.717719,1.377946,0.000000
407,0.733745,0.205017,3.548939,1.375461,0.000000
408,0.686669,0.020647,3.537106,1.380113,-0.000000
409,0.703897,0.035310,1.380615,1.369765,-0.000000
410,0.628672,0.036511,10.706522,1.352270,0.000000
411,0.660650,0.040981,6.772706,1.342266,0.000000
412,0.639395,0.039155,9.282301,1.338978,0.000000
413,0.747283,0.026973,4.446001,1.331912,-0.000000
414,0.733464,0.020489,3.457595,1.324220,-0.000000
415,0.788878,0.002625,6.038003,1.306362,-0.000000
416,0.760792,0.047007,5.149817,1.301033,-0.000000
417,0.757889,0.006950,7.293129,1.312610,0.000000
418,0.761343,-0.003612,12.735003,1.332923,-0.000000
419,0.797706,0.095127,35.296993,1.332927,0.000000
420,0.797222,-0.003554,35.951601,1.320590,0.000000
421,0.807280,-0.000830,20.041441,1.331445,0.000000
422,0.808496,-0.000768,17.653142,1.335194,-0.000000
423,0.800889,0.001583,12.804067,1.356175,-0.000000
424,0.796643,0.045434,7.416202,1.376220,-0.000000
425,0.790905,0.006815,15.114090,1.367929,0.000000
426,0.806743,0.075159,13.823602,1.367952,-0.000000
427,0.748761,-0.000329,9.914923,1.375208,-0.000000
428,0.801509,0.079832,21.336391,1.379288,0.000000
429,0.803262,0.001931,11.605726,1.381431,-0.000000
430,0.795909,0.010566,18.709293,1.376952,0.000000
431,0.807276,0.007410,26.735965,1.383089,-0.000000
432,0.775768,0.004756,27.378693,1.389341,-0.000000
433,0.805414,0.003157,23.134456,1.403927,0.000000
434,0.801421,0.008461,26.316282,1.431324,0.000000
435,0.802643,0.012936,14.773481,1.450809,-0.000000
436,0.804231,0.064468,17.041260,1.452433,0.000000
437,0.756902,0.000758,25.096348,1.457245,0.000000
438,0.746396,0.103728,12.604166,1.467569,-0.000000
439,0.760971,0.005756,3.588523,1.483261,0.000000
440,0.579580,0.213304,13.379685,1.478881,-0.000000
441,0.588573,0.205036,8.243448,1.456288,0.000000
442,0.606594,0.055445,6.389275,1.448415,0.000000
443,0.553709,0.035149,5.938659,1.436389,0.000000
444,0.584985,0.025202,3.438253,1.418963,-0.000000
445,0.598983,0.044522,1.849395,1.399671,0.000000
446,0.601098,0.035370,1.146912,1.380202,-0.000000
447,0.698469,0.032635,2.860353,1.360062,-0.000000
448,0.612378,0.039371,1.535565,1.333855,0.000000
449,0.673565,0.012338,1.619472,1.305403,0.000000
450,0.664795,0.031618,2.246755,1.301033,0.000000
451,0.696362,0.029010,3.422428,1.277073,0.000000
452,0.757041,0.240053,5.431135,1.246329,-0.000000
453,0.762039,0.017922,7.493283,1.231562,-0.000000
454,0.754688,0.017018,11.741147,1.225271,-0.000000
455,0.764222,0.029536,9.697009,1.216467,0.000000
456,0.761898,0.001077,12.237331,1.201701,-0.000000
457,0.785770,0.000221,6.914852,1.192465,0.000000
458,0.745965,0.012091,4.733277,1.182101,0.000000
459,0.797329,0.002407,11.590784,1.180196,-0.000000
460,0.805711,0.006949,8.699813,1.182523,0.000000
461,0.804297,0.000212,8.787909,1.204506,0.000000
462,0.795301,0.001367,15.341450,1.227502,-0.000000
463,0.811469,0.057255,7.225994,1.246864,-0.000000
464,0.807088,0.010082,10.734995,1.240906,-0.000000
465,0.799857,0.004517,6.413300,1.225675,0.000000
466,0.805045,0.015624,6.979113,1.217300,-0.000000
467,0.802423,0.031219,8.160188,1.209396,0.000000
468,0.801365,0.032980,6.868212,1.191843,-0.000000
469,0.798954,0.009676,7.447218,1.184640,-0.000000
470,0.799918,0.047128,5.080829,1.191936,0.000000
471,0.806151,0.022444,3.797588,1.182780,-0.000000
472,0.792124,0.009143,4.147776,1.160852,-0.000000
473,0.800180,0.077635,3.277824,1.162179,-0.000000
474,0.789937,0.105066,1.788759,1.157238,0.000000
475,0.806255,0.007001,2.395792,1.147084,0.000000
476,0.795564,0.003452,6.415718,1.152167,0.000000
477,0.739021,0.008960,3.916284,1.159111,-0.000000
478,0.801445,0.010404,2.800652,1.154107,0.000000
479,0.796032,-0.000099,2.807078,1.147040,0.000000
480,0.745434,0.036391,4.747829,1.151013,0.000000
481,0.745428,0.020210,2.273544,1.150438,-0.000000
482,0.808254,-0.003927,5.016267,1.147343,0.000000
483,0.801207,0.009490,2.516074,1.150000,0.000000
484,0.788069,0.064824,4.629881,1.164840,0.000000
485,0.796366,0.031816,5.466507,1.186909,-0.000000
486,0.790049,0.008103,7.678417,1.194430,0.000000
487,0.795819,0.003176,13.822369,1.207717,0.000000
488,0.804674,-0.004738,5.747209,1.226809,-0.000000
489,0.800937,0.005238,1.222862,1.224499,0.000000
490,0.805592,0.007928,9.205273,1.213195,0.000000
491,0.810620,0.010086,20.413439,1.212812,0.000000
492,0.807923,-0.002189,7.277105,1.227954,-0.000000
493,0.809552,-0.000431,2.062377,1.250924,0.000000
494,0.801395,0.002954,3.279963,1.256280,0.000000
495,0.799639,0.007195,1.280393,1.244366,-0.000000
496,0.771477,0.022602,1.782223,1.226267,-0.000000
497,0.787913,0.001164,15.019501,1.221653,-0.000000
498,0.793401,-0.000993,3.026763,1.227383,-0.000000
499,0.755782,-0.004497,7.003593,1.214379,-0.000000
500,0.741310,0.000642,10.062075,1.216543,0.000000
501,0.792650,0.008607,2.527363,1.215933,0.000000
502,0.809385,0.019815,1.466521,1.192475,-0.000000
503,0.794126,0.002074,2.605517,1.185011,0.000000
504,0.796789,0.011913,8.547660,1.198683,-0.000000
505,0.799780,-0.006531,6.000393,1.226854,0.000000
506,0.807620,0.009837,5.546617,1.241791,0.000000
507,0.795698,0.030587,6.277569,1.237739,-0.000000
508,0.730682,0.013130,60.833998,1.237367,-0.000000
509,0.763405,0.003104,35.947140,1.233633,0.000000
510,0.731574,-0.000727,34.846736,1.229891,0.000000
511,0.729494,0.011025,14.619483,1.243572,-0.000000
512,0.738006,-0.007231,18.427651,1.254271,-0.000000
513,0.717573,0.026482,10.580197,1.255004,-0.000000
514,0.714520,0.058727,12.903880,1.245326,0.000000
515,0.684261,0.023683,1.754239,1.215046,-0.000000
516,0.728759,0.034247,1.333044,1.186301,-0.000000
517,0.789548,0.098845,5.163131,1.147969,-0.000000
518,0.658779,0.015784,3.839184,1.138579,0.000000
519,0.744679,0.024934,6.634979,1.138395,-0.000000
520,0.756208,0.018655,2.462704,1.123320,0.000000
521,0.766613,0.018052,1.779236,1.112776,0.000000
522,0.757879,0.011609,8.784077,1.108201,0.000000
523,0.750475,0.011129,8.476335,1.104198,-0.000000
524,0.788804,0.014740,12.013921,1.097347,0.000000
525,0.765104,0.011764,12.932473,1.091401,-0.000000
526,0.667813,0.014163,6.917395,1.092498,0.000000
527,0.654906,0.082370,15.139700,1.106738,0.000000
528,0.685697,0.012032,3.955247,1.112682,-0.000000
529,0.756945,0.004713,6.348214,1.116580,0.000000
530,0.794867,0.002745,2.955629,1.115718,0.000000
531,0.763420,0.000221,9.876499,1.086890,0.000000
532,0.805345,0.014174,20.156741,1.070446,0.000000
533,0.806545,0.023538,15.197340,1.072614,-0.000000
534,0.813011,0.018216,39.878130,1.094462,0.000000
535,0.819359,0.000100,52.359564,1.135871,-0.000000
536,0.781255,-0.000992,29.972176,1.157970,-0.000000
537,0.810159,-0.004450,54.171954,1.161529,0.000000
538,0.784677,0.002643,38.683187,1.171227,0.000000
539,0.779123,0.041952,43.933990,1.189633,0.000000
540,0.729126,-0.003576,7.877446,1.206956,-0.000000
541,0.769054,0.017174,15.494183,1.217172,-0.000000
542,0.764057,0.016679,20.956422,1.224189,0.000000
543,0.776365,0.022471,17.493727,1.233068,-0.000000
544,0.790401,0.030256,16.412204,1.235407,0.000000
545,0.718529,0.013372,19.255834,1.246064,0.000000
546,0.751137,0.018495,7.481714,1.251571,-0.000000
547,0.761126,0.006517,15.443771,1.255748,-0.000000
548,0.779985,0.020353,13.113917,1.260596,0.000000
549,0.772011,0.017993,8.966623,1.260162,0.000000
550,0.803178,0.018258,4.850735,1.258032,0.000000
551,0.745450,1.726171,7.964478,1.246213,-0.000000
552,0.791836,0.012132,3.226066,1.228416,-0.000000
553,0.812815,0.002835,12.792713,1.222570,0.000000
554,0.809029,0.010531,3.957634,1.228725,-0.000000
555,0.742895,0.000651,25.516721,1.233560,-0.000000
556,0.814312,0.005243,8.244275,1.233487,0.000000
557,0.812487,0.011738,16.171688,1.245414,0.000000
558,0.804914,0.002076,21.226417,1.253453,-0.000000
559,0.816369,-0.001617,30.456227,1.269665,-0.000000
560,0.812869,0.002179,13.512711,1.274088,0.000000
561,0.815266,0.015350,18.882006,1.262142,-0.000000
562,0.805853,0.035238,38.945217,1.253406,0.000000
563,0.811729,1.988164,28.274545,1.261223,-0.000000
564,0.811118,-0.002892,65.832680,1.284760,0.000000
565,0.819353,-0.001065,62.920792,1.318508,-0.000000
566,0.812109,0.001009,56.728768,1.340681,0.000000
567,0.747154,0.144695,38.949059,1.344042,0.000000
568,0.737081,0.073172,41.083772,1.327524,-0.000000
569,0.772836,0.017092,36.710996,1.325745,-0.000000
570,0.743801,0.006147,30.759549,1.338349,-0.000000
571,0.761780,0.010260,28.104471,1.352065,-0.000000
572,0.741709,0.006103,35.465868,1.364885,-0.000000
573,0.653049,0.215184,22.986896,1.361762,-0.000000
574,0.706681,0.041304,18.321458,1.355002,0.000000
575,0.708789,0.025985,11.600814,1.335619,-0.000000
576,0.788730,0.016071,18.574724,1.323986,0.000000
577,0.818563,0.016854,32.725094,1.324069,0.000000
578,0.788943,0.026387,21.344683,1.302942,0.000000
579,0.791725,0.022059,23.568759,1.290307,0.000000
580,0.785293,0.013015,27.039182,1.289499,-0.000000
581,0.780131,0.054036,23.566371,1.278185,0.000000
582,0.813318,0.025425,33.193937,1.260711,0.000000
583,0.806859,0.011542,27.651120,1.259083,0.000000
584,0.808413,0.001777,26.160620,1.269290,-0.000000
585,0.796372,0.023484,23.323207,1.273115,0.000000
586,0.798708,0.033668,12.280125,1.268695,0.000000
587,0.785851,0.001238,19.488178,1.273295,-0.000000
588,0.806084,0.022884,24.367333,1.311068,-0.000000
589,0.818631,0.001217,27.735735,1.332310,-0.000000
590,0.813681,0.006598,26.873852,1.344253,0.000000
591,0.808579,0.006151,26.944043,1.350089,0.000000
592,0.808381,0.046704,19.813164,1.342632,0.000000
593,0.811735,0.048706,28.098073,1.323651,0.000000
594,0.808264,0.029747,11.684914,1.314425,0.000000
595,0.813813,-0.001190,20.574766,1.311194,-0.000000
596,0.806825,0.003143,9.689940,1.317273,-0.000000
597,0.813293,-0.001106,12.389141,1.318987,0.000000
598,0.802596,-0.000833,16.437190,1.326815,0.000000
599,0.814744,0.002483,22.589144,1.339644,-0.000000
600,0.815936,0.011818,11.213144,1.369328,0.000000
601,0.803330,0.003185,11.590988,1.390864,0.000000
602,0.810899,0.002341,15.852546,1.405684,-0.000000
603,0.802971,-0.000114,11.680331,1.416455,0.000000
604,0.801343,0.015410,30.892673,1.411287,0.000000
605,0.801570,0.090632,47.833779,1.417979,0.000000
606,0.807936,-0.000543,49.064861,1.424437,-0.000000
607,0.788013,0.000175,37.978970,1.440254,-0.000000
608,0.803673,0.021743,33.590981,1.445272,-0.000000
609,0.734230,0.038283,50.301500,1.445640,-0.000000
610,0.670646,0.015903,45.862927,1.456877,-0.000000
611,0.620715,0.005144,29.369849,1.452032,-0.000000
612,0.540019,0.026759,4.205344,1.436535,0.000000
613,0.525866,0.044472,2.672620,1.411208,-0.000000
614,0.670019,0.006082,10.490762,1.408497,0.000000
615,0.667136,0.004026,26.399354,1.414912,-0.000000
616,0.693297,0.019472,19.579400,1.408727,-0.000000
617,0.736277,0.015101,22.052275,1.397697,0.000000
618,0.741316,0.024004,19.485067,1.388827,-0.000000
619,0.777265,0.017668,22.199979,1.374866,-0.000000
620,0.803226,0.007894,26.533931,1.356002,0.000000
621,0.770435,0.012531,23.641499,1.342079,-0.000000
622,0.798188,0.022388,19.478915,1.329409,0.000000
623,0.810427,-0.004885,36.635892,1.336009,0.000000
624,0.807221,0.004069,20.643589,1.343907,-0.000000
625,0.809408,0.472947,18.830983,1.346779,-0.000000
626,0.804626,0.004016,28.782651,1.379592,0.000000
627,0.761719,0.069506,10.537409,1.401595,0.000000
628,0.672637,0.225686,14.002174,1.383802,0.000000
629,0.704361,0.011280,12.360072,1.367125,-0.000000
630,0.717151,0.031453,10.134498,1.367672,0.000000
631,0.765805,0.033677,12.306893,1.365778,0.000000
632,0.759984,0.690076,12.118268,1.351580,-0.000000
633,0.777380,0.010790,30.026608,1.357979,0.000000
634,0.688483,0.004281,17.114925,1.370940,-0.000000
635,0.688177,-0.000144,10.756784,1.374056,-0.000000
636,0.770611,-0.001986,13.645093,1.360541,0.000000
637,0.801549,0.154876,6.955388,1.326431,-0.000000
638,0.804909,0.006162,9.390810,1.300017,-0.000000
639,0.769847,0.003356,16.989648,1.299589,0.000000
640,0.805636,0.003780,14.689011,1.299947,0.000000
641,0.765653,0.013346,13.618008,1.299949,0.000000
642,0.764689,0.009228,17.827837,1.308322,-0.000000
643,0.803754,0.003757,29.963141,1.308080,-0.000000
644,0.785334,0.007121,16.045189,1.291574,0.000000
645,0.803922,0.005677,25.687805,1.296468,0.000000
646,0.774396,0.014854,16.842988,1.297078,0.000000
647,0.809125,0.005211,22.215071,1.280936,-0.000000
648,0.811124,-0.006629,28.296380,1.263257,-0.000000
649,0.756370,-0.002792,24.970542,1.258707,0.000000
650,0.784017,-0.003235,28.714736,1.255496,0.000000
651,0.762551,0.033294,17.636392,1.250664,-0.000000
652,0.803497,0.013080,22.040766,1.227055,-0.000000
653,0.783926,0.007623,28.167140,1.221023,0.000000
654,0.766301,0.009849,30.825478,1.221178,-0.000000
655,0.758409,0.007637,13.033768,1.217422,0.000000
656,0.776441,0.015626,20.177310,1.219745,0.000000
657,0.783711,0.001425,31.249059,1.242064,-0.000000
658,0.788804,0.024945,18.137632,1.263795,0.000000
659,0.790941,-0.002540,16.830014,1.262805,0.000000
660,0.776150,0.105203,24.912468,1.248582,-0.000000
661,0.810293,0.003402,18.910422,1.232835,0.000000
662,0.770283,0.003330,18.305189,1.215398,0.000000
663,0.812544,-0.001934,34.918716,1.216599,-0.000000
664,0.805405,0.011262,23.040256,1.233696,-0.000000
665,0.814477,0.014033,16.249161,1.251455,0.000000
666,0.811553,0.002641,22.757092,1.264854,-0.000000
667,0.814414,-0.000445,9.146405,1.276969,0.000000
668,0.803471,0.014611,10.900328,1.282045,-0.000000
669,0.710184,0.101224,4.569402,1.278176,0.000000
670,0.717213,0.004608,5.358022,1.267428,-0.000000
671,0.681738,0.050948,2.614842,1.252611,0.000000
672,0.669186,0.072297,1.881536,1.244310,0.000000
673,0.725661,0.007106,12.269772,1.231160,0.000000
674,0.811699,0.014527,24.541718,1.211838,-0.000000
675,0.808832,0.003269,29.986648,1.194508,-0.000000
676,0.809721,0.009948,22.941889,1.197264,-0.000000
677,0.809892,0.029540,23.223418,1.208453,-0.000000
678,0.768284,0.001762,19.647929,1.212984,0.000000
679,0.814552,-0.000649,16.317558,1.221221,-0.000000
680,0.819740,-0.000993,23.809146,1.243188,0.000000
681,0.808833,0.015788,15.273689,1.266082,-0.000000
682,0.809640,0.007655,18.747197,1.278544,0.000000
683,0.808586,0.159437,22.827085,1.284252,0.000000
684,0.805390,0.002694,19.028060,1.303300,0.000000
685,0.809535,0.005398,22.417227,1.322085,-0.000000
686,0.726270,0.042174,13.025752,1.324014,0.000000
687,0.709288,0.019857,7.196002,1.319897,-0.000000
688,0.673434,0.084054,3.642391,1.303733,-0.000000
689,0.770172,0.034704,8.554573,1.294053,0.000000
690,0.783018,0.035542,6.161139,1.297471,0.000000
691,0.735521,0.033392,13.333150,1.301500,0.000000
692,0.793959,0.001217,8.502270,1.305091,-0.000000
693,0.757403,0.004402,8.823361,1.301541,0.000000
694,0.718799,0.064011,13.204970,1.301353,0.000000
695,0.736410,0.024040,7.026667,1.288152,-0.000000
696,0.765652,0.011819,11.794738,1.280301,0.000000
697,0.811779,0.003513,6.043717,1.280052,-0.000000
698,0.811494,0.006326,9.130713,1.281841,-0.000000
699,0.798217,0.008127,8.039205,1.279497,0.000000
700,0.811286,0.007631,7.379241,1.279154,0.000000
701,0.812612,0.026579,6.347999,1.271157,0.000000
702,0.809179,0.019951,4.907482,1.253461,0.000000
703,0.769293,0.000616,9.871926,1.243889,-0.000000
704,0.801096,0.038215,6.233708,1.234877,0.000000
705,0.803735,0.004073,11.062187,1.244148,0.000000
706,0.753704,0.004743,6.399267,1.253198,-0.000000
707,0.769032,0.006800,12.244351,1.243813,0.000000
708,0.803456,0.006843,14.858935,1.234217,0.000000
709,0.801254,0.005946,26.476569,1.227217,0.000000
710,0.766247,0.002490,20.489677,1.225218,0.000000
711,0.775232,-0.000446,22.579069,1.242918,0.000000
712,0.752893,0.009289,10.948434,1.243987,0.000000
713,0.718574,0.002109,8.624967,1.236302,0.000000
714,0.747731,0.036922,8.373820,1.235648,-0.000000
715,0.778560,0.016633,10.819305,1.242682,-0.000000
716,0.770309,0.005288,12.757708,1.240008,-0.000000
717,0.772451,0.011342,18.740765,1.237645,0.000000
718,0.733692,-0.000129,9.054445,1.232148,-0.000000
719,0.804271,0.007890,10.338325,1.225536,0.000000
720,0.757714,-0.001188,10.225012,1.234133,0.000000
721,0.804158,-0.003427,8.847555,1.243101,0.000000
722,0.807783,0.007326,8.210606,1.246654,-0.000000
723,0.798731,0.023222,3.079882,1.248032,-0.000000
724,0.798134,0.028585,2.327880,1.230278,-0.000000
725,0.772824,-0.003004,5.838338,1.206615,0.000000
726,0.806191,0.000151,7.933322,1.203618,-0.000000
727,0.807877,-0.004174,8.977241,1.215073,-0.000000
728,0.800774,0.014326,4.459461,1.222004,0.000000
729,0.791736,0.037389,2.540297,1.211829,-0.000000
730,0.797118,0.006621,2.292582,1.208035,-0.000000
731,0.794045,0.003740,1.255071,1.196688,-0.000000
732,0.789949,0.009706,3.870340,1.172858,0.000000
733,0.790713,0.016548,1.365506,1.160729,-0.000000
734,0.785363,0.004723,1.162001,1.142708,0.000000
735,0.790217,0.010724,1.186410,1.132545,0.000000
736,0.791721,0.002404,1.751144,1.114198,-0.000000
737,0.781409,0.014770,1.315352,1.084436,0.000000
738,0.779952,0.011772,1.256213,1.077225,0.000000
739,0.782033,0.043062,0.880428,1.080723,-0.000000
740,0.774503,0.002843,1.729036,1.079847,0.000000
741,0.783407,0.067879,1.911799,1.084177,0.000000
742,0.780448,-0.000596,1.101997,1.072227,0.000000
743,0.777585,0.004337,3.699671,1.067101,0.000000
744,0.783918,0.005586,1.701060,1.054002,-0.000000
745,0.780931,-0.001321,1.622737,1.037710,-0.000000
746,0.781764,0.015351,1.283329,1.024861,0.000000
747,0.784005,0.021869,0.923484,1.007838,-0.000000
748,0.778619,0.037168,1.310018,1.003631,0.000000
749,0.768085,0.012258,0.990754,0.986420,0.000000
750,0.775150,0.008870,0.584236,0.952970,-0.000000
751,0.767501,0.018100,4.430595,0.934299,-0.000000
752,0.764674,0.056089,1.372996,0.921719,0.000000
753,0.765669,0.014194,1.222637,0.911800,0.000000
754,0.768801,0.018424,0.340729,0.902946,0.000000
755,0.771681,0.001994,0.709729,0.889120,0.000000
756,0.761339,0.092954,1.837367,0.885679,0.000000
757,0.758512,0.003941,0.642234,0.880881,0.000000
758,0.765305,0.030520,0.726071,0.881697,-0.000000
759,0.741485,0.008472,0.702915,0.870306,0.000000
760,0.752311,0.000198,0.607570,0.857724,-0.000000
761,0.748988,0.006180,0.682348,0.842773,0.000000
762,0.733211,0.000508,1.127882,0.831337,-0.000000
763,0.747152,0.000208,0.623022,0.830800,0.000000
764,0.728777,0.003073,1.416301,0.833938,0.000000
765,0.725544,0.013998,5.046492,0.826744,-0.000000
766,0.749646,0.007535,1.321197,0.816558,0.000000
767,0.714293,-0.001723,2.505812,0.823223,-0.000000
768,0.737745,0.000709,0.672429,0.842571,0.000000
769,0.743163,-0.001718,1.381339,0.848506,0.000000
770,0.742066,0.001916,1.017267,0.848362,-0.000000
771,0.728399,0.006744,0.712449,0.836683,0.000000
772,0.748561,0.004197,0.536224,0.819754,-0.000000
773,0.698749,0.022837,2.868345,0.823250,-0.000000
774,0.740817,0.004775,0.988738,0.825994,0.000000
775,0.745313,0.014710,1.230650,0.829540,0.000000
776,0.738669,0.007295,0.523698,0.838819,-0.000000
777,0.739160,0.013963,0.816898,0.835918,-0.000000
778,0.744447,0.003689,0.957139,0.819644,-0.000000
779,0.735903,0.012091,1.399482,0.803998,-0.000000
780,0.744066,-0.000744,1.420331,0.797651,-0.000000
781,0.755485,-0.004891,1.242399,0.807086,-0.000000
782,0.758965,-0.003989,1.386610,0.842070,-0.000000
783,0.747138,0.003574,2.794822,0.864915,-0.000000
784,0.763553,0.003205,1.824962,0.884488,-0.000000
785,0.738919,0.021571,0.783208,0.886288,0.000000
786,0.737344,0.013122,0.981051,0.866825,0.000000
787,0.739633,-0.006268,0.725460,0.860637,-0.000000
788,0.738333,0.004342,1.440361,0.894374,0.000000
789,0.723257,-0.004167,0.665293,0.921809,0.000000
790,0.712264,0.001805,11.022530,0.937499,0.000000
791,0.715216,0.000175,1.148050,0.941865,-0.000000
792,0.684584,0.013720,3.627438,0.926721,0.000000
793,0.704160,0.036382,8.163299,0.914345,0.000000
794,0.674337,0.006067,2.257556,0.893012,-0.000000
795,0.711101,0.007589,1.283078,0.871377,0.000000
796,0.690228,-0.001547,0.941608,0.852811,-0.000000
797,0.720588,0.035386,0.571559,0.830585,-0.000000
798,0.693209,0.006320,1.536171,0.806273,0.000000
799,0.631477,-0.000168,32.488492,0.816046,0.000000
800,0.558677,0.002866,16.196160,0.842695,0.000000
801,0.582400,0.000749,17.505098,0.861321,0.000000
802,0.612317,0.012289,14.694797,0.856488,0.000000
803,0.674831,0.014875,10.812613,0.853670,0.000000
804,0.492012,0.010771,4.076709,0.862179,-0.000000
805,0.560164,0.000203,5.841487,0.865637,-0.000000
806,0.695232,0.024340,3.479759,0.870453,-0.000000
807,0.667066,0.004154,4.497726,0.876482,-0.000000
808,0.731169,-0.001452,1.415050,0.866240,0.000000
809,0.722134,0.013586,0.929407,0.850860,-0.000000
810,0.731275,-0.005827,0.894130,0.837008,-0.000000
811,0.722654,0.001503,1.070394,0.827268,0.000000
812,0.720654,0.007203,0.608223,0.831325,-0.000000
813,0.747183,-0.001565,0.674327,0.825282,-0.000000
814,0.740540,-0.004371,0.558395,0.810227,0.000000
815,0.754258,-0.000002,0.982130,0.809223,-0.000000
816,0.770152,0.001178,2.275299,0.812057,0.000000
817,0.746715,-0.003434,0.568707,0.799122,0.000000
818,0.744840,-0.003114,0.649220,0.785224,0.000000
819,0.740423,0.003295,1.146988,0.772056,0.000000
820,0.764996,0.022630,0.908558,0.747391,-0.000000
821,0.751218,0.006530,1.083346,0.730911,-0.000000
822,0.763458,-0.001890,1.239473,0.737889,0.000000
823,0.762870,-0.000861,4.033571,0.750250,0.000000
824,0.775800,0.000470,2.920278,0.764419,0.000000
825,0.761214,0.005028,2.497581,0.781527,-0.000000
826,0.695258,0.005585,2.346833,0.794341,-0.000000
827,0.772758,0.000165,4.845662,0.809907,0.000000
828,0.803074,0.003727,17.559094,0.813637,0.000000
829,0.804212,-0.001950,10.668946,0.826933,0.000000
830,0.760836,0.002885,7.918144,0.847150,-0.000000
831,0.802954,-0.000767,5.779424,0.866391,0.000000
832,0.800005,-0.000525,13.414056,0.872654,0.000000
833,0.777661,0.005308,2.939316,0.881508,0.000000
834,0.790002,0.000394,10.339486,0.894649,0.000000
835,0.788992,0.000716,10.242442,0.901488,0.000000
836,0.813882,-0.003161,37.417813,0.920931,-0.000000
837,0.789506,0.001898,18.115954,0.946584,-0.000000
838,0.801118,-0.000207,35.464144,0.953414,-0.000000
839,0.806350,0.032939,23.848166,0.956709,0.000000
840,0.779128,0.002286,48.426372,0.970110,0.000000
841,0.794103,-0.005119,2.834784,1.002703,0.000000
842,0.804209,-0.000198,26.917022,1.023641,-0.000000
843,0.811665,-0.005402,32.391518,1.031612,-0.000000
844,0.788877,0.003281,49.525383,1.030034,-0.000000
845,0.755481,-0.004782,41.360293,1.052912,0.000000
846,0.811420,0.000196,34.595841,1.073059,0.000000
847,0.793242,0.098132,17.064560,1.088534,0.000000
848,0.799663,0.005286,14.899404,1.103785,0.000000
849,0.775604,-0.001548,17.225925,1.097857,0.000000
850,0.802897,0.004341,21.662084,1.105608,0.000000
851,0.807227,0.086510,17.581303,1.119555,-0.000000
852,0.814793,0.001796,29.041662,1.126524,0.000000
853,0.800560,0.008109,10.649998,1.119661,-0.000000
854,0.809669,0.044692,20.425996,1.122030,0.000000
855,0.796829,0.012449,9.163113,1.124889,0.000000
856,0.816656,-0.001245,48.048346,1.135391,0.000000
857,0.813329,0.001049,52.987687,1.168323,-0.000000
858,0.815194,-0.000524,34.194240,1.197365,-0.000000
859,0.807653,0.000191,44.559532,1.222075,-0.000000
860,0.807624,0.005857,36.920680,1.239914,0.000000
861,0.805155,0.000161,40.276388,1.266613,0.000000
862,0.805571,-0.001468,36.352727,1.296026,0.000000
863,0.805518,-0.000280,48.267447,1.325044,0.000000
864,0.819588,0.061656,44.763150,1.353409,0.000000
865,0.806994,0.072298,34.103946,1.369037,0.000000
866,0.805836,0.015618,30.440264,1.386739,0.000000
867,0.804572,-0.000397,44.583647,1.405494,-0.000000
868,0.800632,0.010716,32.029312,1.414197,0.000000
869,0.810502,0.000196,41.985806,1.422647,0.000000
870,0.805367,0.014749,32.674951,1.418676,0.000000
871,0.781650,0.020293,28.012839,1.409912,0.000000
872,0.785805,0.008522,26.291079,1.398704,-0.000000
873,0.809647,-0.002541,26.926326,1.395662,0.000000
874,0.774122,0.024936,16.208570,1.425040,-0.000000
875,0.769463,0.005036,12.885915,1.439077,-0.000000
876,0.805135,0.000233,15.531084,1.428337,-0.000000
877,0.765649,0.000668,19.101031,1.418254,0.000000
878,0.708704,0.010080,18.356924,1.421142,0.000000
879,0.776184,0.001051,9.168385,1.425312,-0.000000
880,0.757944,0.137527,14.998156,1.424464,0.000000
881,0.799684,0.014104,9.995591,1.416955,0.000000
882,0.803590,0.000193,13.141127,1.417417,-0.000000
883,0.778013,0.025489,13.350175,1.429786,-0.000000
884,0.803993,0.007630,20.854591,1.431124,0.000000
885,0.661901,0.018136,19.848779,1.430140,-0.000000
886,0.736978,0.015801,14.688263,1.412530,0.000000
887,0.665466,-0.001305,22.848752,1.403510,-0.000000
888,0.665883,0.127309,12.233932,1.409592,-0.000000
889,0.519148,0.029015,5.603150,1.405295,-0.000000
890,0.587111,0.047856,4.183132,1.394394,0.000000
891,0.644920,0.010957,16.460581,1.378430,0.000000
892,0.649937,0.039995,8.144072,1.352875,0.000000
893,0.755489,0.032418,7.940920,1.337574,-0.000000
894,0.775681,0.001011,3.004071,1.323587,-0.000000
895,0.710379,0.016048,9.609547,1.297813,-0.000000
896,0.726544,0.010079,8.814027,1.276353,0.000000
897,0.715992,0.003976,9.922784,1.268861,0.000000
898,0.767503,0.142155,4.933435,1.250798,-0.000000
899,0.795929,-0.001304,6.590328,1.228769,0.000000
900,0.804696,-0.000799,4.809994,1.226252,0.000000
901,0.793494,-0.003812,5.708034,1.235729,-0.000000
902,0.801458,0.009203,6.430248,1.244349,0.000000
903,0.805753,0.009427,4.188864,1.244942,0.000000
904,0.797493,0.008319,8.206917,1.243086,-0.000000
905,0.799178,0.015933,14.023476,1.237921,-0.000000
906,0.790128,-0.000024,12.057354,1.225435,0.000000
907,0.805502,-0.004464,8.042884,1.218143,0.000000
908,0.802639,-0.003418,23.890647,1.224818,0.000000
909,0.802249,-0.000829,34.400767,1.232452,0.000000
910,0.813065,-0.003211,38.384826,1.229809,-0.000000
911,0.816312,-0.000738,37.786684,1.238270,0.000000
912,0.803065,0.005827,39.636317,1.254385,-0.000000
913,0.810402,-0.004386,29.097571,1.278886,0.000000
914,0.800282,-0.003943,26.949394,1.303707,0.000000
915,0.802459,0.006029,24.257755,1.309482,-0.000000
916,0.803170,0.008086,30.758434,1.303273,-0.000000
917,0.807714,0.002292,27.695647,1.308422,0.000000
918,0.803911,0.012381,37.095026,1.316317,0.000000
919,0.747265,0.002736,30.908249,1.319884,-0.000000
920,0.739301,-0.000382,34.384380,1.327365,0.000000
921,0.777594,0.047624,19.139270,1.317587,-0.000000
922,0.763811,-0.002965,49.506962,1.323248,0.000000
923,0.782375,0.006061,36.482355,1.335430,-0.000000
924,0.733882,0.012436,29.332714,1.339132,-0.000000
925,0.709792,0.013649,30.169964,1.358992,0.000000
926,0.723327,0.020220,28.677108,1.358328,0.000000
927,0.685476,0.020707,13.612362,1.341725,-0.000000
928,0.750602,0.010380,25.300699,1.342999,0.000000
929,0.741805,-0.003378,22.747290,1.355995,0.000000
930,0.776513,0.000420,28.200531,1.362955,-0.000000
931,0.807519,0.003920,26.397296,1.370338,-0.000000
932,0.782844,0.003948,23.200861,1.380320,-0.000000
933,0.802793,0.002686,31.772631,1.388913,0.000000
934,0.800462,0.017722,29.464264,1.382391,0.000000
935,0.785473,0.010287,25.915129,1.388398,-0.000000
936,0.728863,0.003275,18.246309,1.401281,-0.000000
937,0.778109,-0.003268,21.992302,1.394814,0.000000
938,0.749670,-0.000222,25.946595,1.407567,-0.000000
939,0.721444,0.027088,6.501607,1.413829,0.000000
940,0.773751,0.073790,4.978086,1.406123,0.000000
941,0.740871,0.079686,9.806189,1.399984,-0.000000
942,0.766432,0.028652,5.000769,1.386068,0.000000
943,0.779520,0.013338,9.773171,1.371076,0.000000
944,0.745141,0.021517,4.608402,1.370846,0.000000
945,0.764676,0.014473,11.753045,1.370883,-0.000000
946,0.764338,0.027203,12.175708,1.366014,0.000000
947,0.740806,0.024926,21.312802,1.354254,0.000000
948,0.805960,0.000087,27.777654,1.356276,0.000000
949,0.799641,0.005743,18.976731,1.364601,-0.000000
950,0.800141,0.442694,16.077287,1.382607,-0.000000
951,0.793223,0.027867,16.053980,1.391041,0.000000
952,0.779818,0.001788,15.982768,1.378117,0.000000
953,0.773799,0.014613,11.905519,1.363161,-0.000000
954,0.809720,0.001707,13.406666,1.353541,0.000000
955,0.773725,0.018176,14.611730,1.336458,0.000000
956,0.778223,0.018168,10.527518,1.323898,-0.000000
957,0.783763,0.004577,6.649707,1.320356,0.000000
958,0.785220,0.026881,11.328284,1.305018,-0.000000
959,0.757090,0.030913,8.270696,1.290303,-0.000000
960,0.795622,0.055478,11.354523,1.281172,0.000000
961,0.759751,0.026151,15.348304,1.269982,0.000000
962,0.775271,0.013431,13.651248,1.266728,-0.000000
963,0.760598,0.018735,13.083300,1.282609,-0.000000
964,0.728705,0.032005,9.325457,1.290399,-0.000000
965,0.811274,0.006326,19.643420,1.287764,0.000000
966,0.813117,-0.002024,21.091794,1.298570,0.000000
967,0.804852,0.025128,23.432497,1.330188,-0.000000
968,0.803673,0.002691,12.637490,1.356609,-0.000000
969,0.808463,-0.003818,15.706252,1.366883,-0.000000
970,0.801890,0.157856,9.011891,1.369471,0.000000
971,0.814756,0.010483,7.352852,1.346554,0.000000
972,0.799550,0.014756,11.970875,1.336261,-0.000000
973,0.780649,0.000937,9.677075,1.343886,-0.000000
974,0.805825,0.016966,14.965177,1.344419,0.000000
975,0.765823,0.008245,15.407719,1.328541,-0.000000
976,0.789070,0.002380,10.448675,1.332454,0.000000
977,0.768607,0.014324,7.181853,1.333961,0.000000
978,0.793896,0.028056,7.665404,1.316136,0.000000
979,0.809287,0.001154,22.364951,1.325759,-0.000000
980,0.763691,0.009638,8.063113,1.345612,-0.000000
981,0.804554,-0.000633,16.181920,1.361798,0.000000
982,0.800205,0.000798,18.333215,1.394349,0.000000
983,0.785124,0.023831,12.085718,1.395321,0.000000
984,0.713001,0.039559,11.552220,1.375140,-0.000000
985,0.751656,0.039849,20.828900,1.370676,0.000000
986,0.679474,0.037461,4.348479,1.366518,0.000000
987,0.767323,-0.002910,18.033985,1.364417,0.000000
988,0.705156,0.124968,9.525534,1.371065,0.000000
989,0.725815,0.063728,16.488384,1.360825,0.000000
990,0.767507,0.021936,7.667533,1.341550,0.000000
991,0.800790,0.009009,13.712558,1.357879,0.000000
992,0.767932,0.015681,13.308342,1.374646,-0.000000
993,0.798011,0.016516,12.127959,1.370777,0.000000
994,0.759173,0.224354,7.283988,1.360377,-0.000000
995,0.792398,0.013657,8.605512,1.347316,-0.000000
996,0.757241,0.014194,5.827848,1.339849,0.000000
997,0.799064,0.438845,12.371003,1.327579,-0.000000
998,0.800341,0.026816,10.095200,1.325045,-0.000000
999,0.795623,0.038664,3.839431,1.327891,-0.000000
1000,0.802791,0.036829,6.933196,1.326602,0.000000
1001,0.801600,-0.000529,8.291715,1.319836,0.000000
1002,0.795572,0.013258,2.668734,1.313442,-0.000000
1003,0.801608,0.010606,6.901248,1.295543,-0.000000
1004,0.797314,0.006599,3.791464,1.282592,-0.000000
1005,0.800507,0.001014,3.729950,1.270165,0.000000
1006,0.800334,0.007837,11.260940,1.262110,0.000000
1007,0.799751,0.026327,10.304707,1.266102,0.000000
1008,0.794539,-0.002493,4.876165,1.267361,-0.000000
1009,0.807179,0.000057,18.594902,1.268111,-0.000000
1010,0.794716,-0.001392,3.603772,1.271635,-0.000000
1011,0.807534,-0.003139,22.508733,1.274446,0.000000
1012,0.809386,-0.001481,20.578320,1.300638,0.000000
1013,0.799420,0.000774,3.539586,1.318878,0.000000
1014,0.771493,0.003889,8.854701,1.314641,-0.000000
1015,0.795737,0.001819,20.020012,1.313889,0.000000
1016,0.802496,0.007240,5.655021,1.311038,-0.000000
1017,0.804086,0.014047,6.378912,1.289786,-0.000000
1018,0.800963,0.010026,8.954293,1.271375,-0.000000
1019,0.805103,-0.004312,20.558456,1.279085,-0.000000
1020,0.808621,-0.000114,9.315808,1.279479,0.000000
1021,0.809463,0.008524,11.664498,1.269406,-0.000000
1022,0.803556,0.008956,15.885392,1.267674,0.000000
1023,0.805996,0.013694,6.675771,1.266076,-0.000000
1024,0.802927,0.017384,8.086716,1.255873,0.000000
1025,0.803314,0.134713,5.109003,1.237447,-0.000000
1026,0.806634,0.012567,5.312797,1.217362,-0.000000
1027,0.794899,0.019240,2.755985,1.210808,-0.000000
1028,0.798212,0.002735,5.225223,1.205294,-0.000000
1029,0.799340,0.006438,5.422529,1.201467,0.000000
1030,0.799208,0.001710,6.283114,1.192323,0.000000
1031,0.794037,0.003484,6.271771,1.200457,-0.000000
1032,0.792959,0.021775,10.685666,1.205659,0.000000
1033,0.799797,0.003046,3.687908,1.189618,-0.000000
1034,0.798316,0.002818,8.475825,1.175781,0.000000
1035,0.788274,0.031784,8.709332,1.157562,0.000000
1036,0.797362,-0.001840,15.090579,1.139376,0.000000
1037,0.797344,-0.001581,10.599153,1.156926,-0.000000
1038,0.720995,0.005571,21.727919,1.166605,0.000000
1039,0.802042,-0.002874,17.196710,1.176269,0.000000
1040,0.802834,-0.001641,16.721636,1.198994,-0.000000
1041,0.799227,-0.005676,14.848764,1.221839,0.000000
1042,0.806138,0.000385,7.046633,1.230332,0.000000
1043,0.800467,0.007495,2.921349,1.229783,-0.000000
1044,0.782505,0.004598,23.111982,1.227046,-0.000000
1045,0.811126,-0.005100,29.326054,1.237087,0.000000
1046,0.774652,0.001001,6.475748,1.238322,0.000000
1047,0.803747,0.017624,3.505101,1.225720,0.000000
1048,0.763546,0.020056,5.180088,1.198565,0.000000
1049,0.806226,-0.001951,18.578167,1.178348,0.000000
1050,0.813392,-0.004456,30.482818,1.170177,-0.000000
1051,0.812584,-0.005648,22.634203,1.182549,-0.000000
1052,0.804206,0.046236,25.063173,1.192402,-0.000000
1053,0.798044,0.027186,37.460774,1.187837,-0.000000
1054,0.807431,0.009076,27.381336,1.197601,-0.000000
1055,0.807195,0.008741,14.975626,1.201942,0.000000
1056,0.809342,0.026781,10.690631,1.195140,0.000000
1057,0.812245,0.023337,11.472251,1.181322,0.000000
1058,0.804552,0.028563,11.509722,1.156279,0.000000
1059,0.805584,0.004182,19.696220,1.142584,-0.000000
1060,0.778580,-0.000777,13.642126,1.166218,-0.000000
1061,0.812532,-0.001790,13.241802,1.187082,0.000000
1062,0.781517,0.029596,14.580120,1.199915,0.000000
1063,0.734271,0.068348,20.200089,1.213610,-0.000000
1064,0.797743,0.002074,26.184160,1.231915,-0.000000
1065,0.806341,0.169195,13.380035,1.238398,0.000000
1066,0.805245,0.000410,10.368241,1.228911,-0.000000
1067,0.810164,-0.001411,9.243141,1.217562,0.000000
1068,0.775514,0.004924,6.689778,1.217760,0.000000
1069,0.801192,0.004031,13.881658,1.217713,-0.000000
1070,0.812936,-0.000462,17.760508,1.223258,-0.000000
1071,0.794775,0.003229,17.188061,1.219794,-0.000000
1072,0.801398,0.002646,19.926517,1.220577,-0.000000
1073,0.799444,0.000018,22.079798,1.250539,0.000000
1074,0.802808,-0.006416,8.334723,1.286925,0.000000
1075,0.738457,-0.004670,19.938967,1.304630,-0.000000
1076,0.803297,0.000124,11.817811,1.310656,0.000000
1077,0.770259,-0.006716,4.872168,1.322520,0.000000
1078,0.797202,0.050623,17.394517,1.319110,0.000000
1079,0.797422,-0.000090,26.983042,1.315447,-0.000000
1080,0.799231,-0.000874,17.163030,1.329956,0.000000
1081,0.800796,0.002523,8.872142,1.331848,-0.000000
1082,0.808130,0.017191,25.945820,1.328644,0.000000
1083,0.773655,0.001223,26.551895,1.330782,0.000000
1084,0.794701,0.007872,20.069202,1.345950,0.000000
1085,0.724811,-0.001436,23.619544,1.357717,-0.000000
1086,0.811776,0.003606,18.352703,1.359626,-0.000000
1087,0.800485,0.004412,22.803497,1.377299,-0.000000
1088,0.767892,0.003168,13.591020,1.386161,0.000000
1089,0.801162,0.002636,28.735295,1.370959,-0.000000
1090,0.812543,-0.002142,35.486236,1.369316,0.000000
1091,0.795328,0.008859,10.075029,1.387498,0.000000
1092,0.801070,0.008311,19.334958,1.384410,0.000000
1093,0.805203,0.038020,17.411244,1.367023,-0.000000
1094,0.802521,-0.000516,6.863378,1.342638,0.000000
1095,0.818705,-0.003923,16.374114,1.337445,-0.000000
1096,0.812930,-0.000415,30.995928,1.363995,-0.000000
1097,0.802150,0.015980,33.270907,1.389736,0.000000
1098,0.808576,0.010265,12.354600,1.399934,0.000000
1099,0.808300,0.001469,28.428550,1.388802,0.000000
1100,0.808391,0.007143,40.810737,1.391573,0.000000
1101,0.806432,0.004774,29.624523,1.420224,0.000000
1102,0.804481,0.000921,18.324305,1.444817,0.000000
1103,0.812174,0.045558,36.008107,1.456798,0.000000
1104,0.771679,-0.001371,23.222326,1.470004,0.000000
1105,0.751778,-0.001409,46.374582,1.486532,-0.000000
1106,0.779554,0.003946,46.164517,1.486883,-0.000000
1107,0.777752,-0.000674,38.980252,1.477398,-0.000000
1108,0.803073,0.210616,42.343922,1.480685,-0.000000
1109,0.802809,0.027042,41.498034,1.482621,-0.000000
1110,0.810025,-0.003555,44.697418,1.484430,0.000000
1111,0.806130,0.004826,45.074959,1.483069,-0.000000
1112,0.801822,0.036754,38.537908,1.475451,-0.000000
1113,0.814896,0.039258,38.443390,1.468301,-0.000000
1114,0.805639,0.016657,38.333210,1.481292,-0.000000
1115,0.798514,0.002403,37.252631,1.510670,-0.000000
1116,0.790572,-0.001553,36.869886,1.531838,0.000000
1117,0.813231,0.007862,38.263710,1.532572,-0.000000
1118,0.775276,0.002678,29.384711,1.540376,0.000000
1119,0.722820,0.002064,35.315061,1.561817,-0.000000
1120,0.728349,0.055785,23.350360,1.578474,0.000000
1121,0.802305,0.013402,33.550730,1.582779,0.000000
1122,0.635753,0.028399,18.551784,1.585394,0.000000
1123,0.705924,0.061912,20.167264,1.570544,-0.000000
1124,0.664951,0.758242,17.880437,1.533525,-0.000000
1125,0.736826,0.011448,16.730808,1.513661,0.000000
1126,0.733824,0.007471,25.435727,1.501087,0.000000
1127,0.744518,0.010451,21.196562,1.495315,-0.000000
1128,0.767870,0.019118,23.502214,1.488163,0.000000
1129,0.709671,0.004782,20.848968,1.482354,0.000000
1130,0.763978,0.027304,18.660239,1.495681,0.000000
1131,0.812629,-0.000525,39.144324,1.495953,0.000000
1132,0.765875,0.010615,33.588367,1.500885,-0.000000
1133,0.809206,-0.001585,37.467145,1.509848,-0.000000
1134,0.772987,0.038509,32.294743,1.511545,0.000000
1135,0.785547,0.032367,25.802776,1.524232,0.000000
1136,0.755933,0.023416,27.616461,1.539134,0.000000
1137,0.812797,0.010581,34.535648,1.542983,-0.000000
1138,0.754234,0.004755,30.738556,1.545934,0.000000
1139,0.761509,0.004301,18.936926,1.548377,0.000000
1140,0.675873,0.118130,7.160224,1.540246,-0.000000
1141,0.784714,-0.001471,18.920184,1.527723,-0.000000
1142,0.808959,0.004034,31.354333,1.519114,0.000000
1143,0.772200,0.028279,19.130058,1.500238,-0.000000
1144,0.781486,0.007176,24.184039,1.480966,-0.000000
1145,0.779857,0.043352,15.435027,1.468328,-0.000000
1146,0.717819,0.003828,11.274704,1.466080,0.000000
1147,0.790157,0.047948,22.311265,1.465704,-0.000000
1148,0.774131,0.020223,19.220636,1.441869,-0.000000
1149,0.805707,0.020726,30.687162,1.437123,-0.000000
1150,0.802144,0.074281,39.203069,1.452449,0.000000
1151,0.766074,0.006734,32.948434,1.471556,0.000000
1152,0.805771,0.010857,29.628185,1.485323,-0.000000
1153,0.796117,0.011463,31.763922,1.479017,-0.000000
1154,0.805660,0.018873,34.896257,1.478465,0.000000
1155,0.800627,-0.000167,29.098972,1.483846,-0.000000
1156,0.794483,0.012408,19.435997,1.474110,0.000000
1157,0.793058,-0.001498,26.785827,1.468429,0.000000
1158,0.802632,0.031741,25.067895,1.474423,-0.000000
1159,0.802975,0.005190,30.760008,1.475962,0.000000
1160,0.755071,0.002773,12.704161,1.479367,-0.000000
1161,0.803289,0.014681,27.476241,1.461581,-0.000000
1162,0.798356,0.010591,12.503912,1.452579,0.000000
1163,0.807668,0.614600,19.117058,1.464089,0.000000
1164,0.803297,0.006870,23.357068,1.475622,-0.000000
1165,0.792639,0.015061,9.245897,1.469533,-0.000000
1166,0.735958,0.048260,8.618175,1.443389,0.000000
1167,0.807655,0.009202,10.940584,1.438774,-0.000000
1168,0.771297,0.009369,3.720184,1.448097,0.000000
1169,0.732808,0.026113,12.145898,1.446354,0.000000
1170,0.795924,-0.001605,12.293983,1.433742,0.000000
1171,0.808760,0.037497,17.542486,1.437480,-0.000000
1172,0.770233,0.007606,17.885752,1.452225,0.000000
1173,0.801809,0.010969,16.422962,1.452479,-0.000000
1174,0.804720,0.008482,11.333527,1.446102,-0.000000
1175,0.800312,0.004341,7.861394,1.458823,-0.000000
1176,0.799761,0.265141,6.617441,1.451259,0.000000
1177,0.806522,0.082066,8.564383,1.423303,-0.000000
1178,0.802884,0.009067,9.884275,1.417648,0.000000
1179,0.802398,0.007918,22.514908,1.434587,0.000000
1180,0.801131,0.106371,12.160774,1.425588,0.000000
1181,0.807569,0.010249,24.023388,1.416045,0.000000
1182,0.800159,0.007101,20.124854,1.414854,0.000000
1183,0.804220,0.008079,29.138832,1.406554,-0.000000
1184,0.804102,0.006470,39.451335,1.395884,0.000000
1185,0.797054,0.132944,34.377584,1.394775,-0.000000
1186,0.799441,0.008243,34.059106,1.407518,-0.000000
1187,0.795789,0.002655,30.589147,1.415826,0.000000
1188,0.800721,-0.005095,28.205061,1.422323,0.000000
1189,0.769483,0.020288,22.970340,1.444732,0.000000
1190,0.774438,0.016421,20.079047,1.458167,0.000000
1191,0.792555,-0.001061,28.599647,1.460578,0.000000
1192,0.767913,0.020942,22.208292,1.472334,-0.000000
1193,0.759466,0.002450,33.339643,1.494556,0.000000
1194,0.759784,0.007586,18.993869,1.500573,-0.000000
1195,0.790364,0.001023,33.970545,1.510572,-0.000000
1196,0.807027,0.003303,34.730695,1.537923,0.000000
1197,0.660411,0.029711,21.493219,1.554766,-0.000000
1198,0.723674,0.246223,16.058833,1.543824,0.000000
1199,0.762761,0.009326,19.630961,1.533603,0.000000
1200,0.753295,-0.004556,27.529818,1.543995,-0.000000
1201,0.793394,0.011147,22.086540,1.538374,0.000000
1202,0.808555,-0.001687,16.471418,1.524917,-0.000000
1203,0.800119,0.002396,21.744098,1.525404,0.000000
1204,0.800023,0.040397,15.837193,1.507451,0.000000
1205,0.808389,0.004207,35.986617,1.499767,-0.000000
1206,0.815087,0.002982,36.800201,1.507625,0.000000
1207,0.811242,0.020787,33.851737,1.500401,-0.000000
1208,0.808391,0.020622,34.032467,1.505745,-0.000000
1209,0.807042,0.003427,26.532401,1.530957,-0.000000
1210,0.810718,0.006537,28.296855,1.546033,0.000000
1211,0.801647,0.013501,40.201794,1.539949,-0.000000
1212,0.808425,0.012802,34.632204,1.540653,0.000000
1213,0.809925,0.033545,39.981825,1.547991,-0.000000
1214,0.807863,0.003863,36.542588,1.542139,-0.000000
1215,0.793133,0.004880,36.327752,1.550602,-0.000000
1216,0.800340,0.007360,32.193066,1.555756,0.000000
1217,0.804299,0.050467,39.211529,1.554783,-0.000000
1218,0.736797,0.316722,29.356899,1.565735,0.000000
1219,0.726402,0.015903,36.170652,1.573089,0.000000
1220,0.798670,0.004420,36.362271,1.569639,-0.000000
1221,0.659030,0.002204,31.131836,1.574210,-0.000000
1222,0.793378,0.007684,29.774291,1.578471,-0.000000
1223,0.748672,0.015196,24.095988,1.557871,-0.000000
1224,0.730425,0.109006,30.086860,1.554157,0.000000
1225,0.757780,0.017768,30.854431,1.559164,-0.000000
1226,0.717525,0.055323,26.633371,1.552666,-0.000000
1227,0.693918,0.023516,11.162691,1.550431,0.000000
1228,0.731316,0.010400,25.561973,1.558051,-0.000000
1229,0.802454,0.010172,34.877257,1.566193,-0.000000
1230,0.797757,0.006248,33.583408,1.563908,0.000000
1231,0.807534,0.011992,33.216487,1.559650,0.000000
1232,0.812762,4.560058,34.034344,1.548343,-0.000000
1233,0.728645,0.006718,31.914475,1.536348,0.000000
1234,0.806927,0.044922,28.249994,1.537541,-0.000000
1235,0.752927,0.015343,22.858679,1.546963,0.000000
1236,0.810908,0.009235,34.707945,1.556006,-0.000000
1237,0.806984,0.017365,34.839136,1.561097,-0.000000
1238,0.768882,0.091533,30.597985,1.559911,-0.000000
1239,0.796013,0.013788,33.585503,1.574480,0.000000
1240,0.750540,0.027918,30.118123,1.581636,0.000000
1241,0.739097,0.024146,21.525031,1.569903,0.000000
1242,0.695041,0.085079,16.170763,1.574245,-0.000000
1243,0.643424,1.574763,4.260702,1.550799,-0.000000
1244,0.739825,0.011565,17.688523,1.519225,-0.000000
1245,0.810630,0.012893,31.943465,1.513830,-0.000000
1246,0.803845,0.033994,32.865798,1.517872,0.000000
1247,0.765953,0.014160,13.389606,1.532968,-0.000000
1248,0.809885,0.166252,31.174969,1.538696,0.000000
1249,0.773405,0.003534,22.732749,1.529077,0.000000
1250,0.802453,0.011327,24.466558,1.520226,-0.000000
1251,0.801389,0.017890,18.785759,1.530763,-0.000000
1252,0.782893,0.036208,19.783562,1.540646,0.000000
1253,0.768092,0.005362,16.176950,1.540591,0.000000
1254,0.751182,0.016623,16.263785,1.540473,-0.000000
1255,0.769040,0.007474,17.797246,1.537071,-0.000000
1256,0.803508,0.004786,20.798721,1.544417,-0.000000
1257,0.788786,-0.000793,22.797279,1.566069,-0.000000
1258,0.794307,0.003134,16.117704,1.573073,-0.000000
1259,0.795653,0.201105,15.288680,1.569053,0.000000
1260,0.787023,0.016466,10.708645,1.558864,0.000000
1261,0.785333,0.008677,13.755650,1.550331,-0.000000
1262,0.770758,0.003032,12.652013,1.550941,0.000000
1263,0.794337,-0.005065,23.037239,1.575936,-0.000000
1264,0.789025,0.006588,14.839439,1.601392,0.000000
1265,0.783362,0.015742,8.465056,1.601041,0.000000
1266,0.753587,0.012211,7.976664,1.605290,0.000000
1267,0.751394,-0.002329,7.506981,1.617539,0.000000
1268,0.772833,0.303356,8.935366,1.626481,-0.000000
1269,0.754090,0.003021,5.404223,1.617621,0.000000
1270,0.758547,0.073345,6.020097,1.584966,0.000000
1271,0.745422,0.233528,6.479146,1.559830,0.000000
1272,0.758793,0.010193,9.741101,1.559090,0.000000
1273,0.784689,-0.005685,10.350988,1.568976,0.000000
1274,0.778649,0.014276,14.451842,1.586126,-0.000000
1275,0.780460,0.012112,14.668932,1.601493,0.000000
1276,0.773494,0.068783,20.255315,1.605495,0.000000
1277,0.772664,0.028322,3.895885,1.606625,0.000000
1278,0.761185,0.090033,2.838800,1.602064,0.000000
1279,0.768841,-0.002671,6.253944,1.583550,-0.000000
1280,0.767450,0.056472,6.489842,1.574879,0.000000
1281,0.771844,0.012756,3.695204,1.569334,-0.000000
1282,0.777668,-0.002091,12.714271,1.579921,0.000000
1283,0.777072,0.015484,9.346080,1.590582,-0.000000
1284,0.780559,0.013636,7.445861,1.575627,0.000000
1285,0.775762,0.013628,5.377549,1.558564,-0.000000
1286,0.744992,0.051956,3.664240,1.532632,-0.000000
1287,0.784768,0.007579,4.892573,1.518558,0.000000
1288,0.789670,0.012629,5.146882,1.522515,-0.000000
1289,0.788920,0.044406,7.765308,1.518273,-0.000000
1290,0.783559,0.030659,10.824248,1.495512,0.000000
1291,0.787086,0.158499,16.285015,1.465062,-0.000000
1292,0.725510,0.066751,12.359961,1.442979,-0.000000
1293,0.750391,0.071738,17.895394,1.438878,-0.000000
1294,0.778680,2.911308,20.453563,1.452213,0.000000
1295,0.784885,0.033175,15.742435,1.460271,-0.000000
1296,0.752054,0.891827,11.343462,1.454247,0.000000
1297,0.784364,-0.001640,7.886162,1.454883,0.000000
1298,0.785544,0.023074,8.525991,1.459437,-0.000000
1299,0.786285,0.004443,7.921857,1.448755,0.000000
1300,0.796819,0.018792,16.854662,1.457052,0.000000
1301,0.784897,0.001275,9.995511,1.467213,-0.000000
1302,0.767304,0.014374,13.092917,1.476952,0.000000
1303,0.797866,0.022698,12.216648,1.479840,0.000000
1304,0.794953,0.009185,14.753933,1.473626,-0.000000
1305,0.786552,0.017545,10.649427,1.487818,0.000000
1306,0.796937,0.000833,10.633116,1.490958,0.000000
1307,0.786630,0.007275,15.054351,1.487395,0.000000
1308,0.789082,0.016324,7.301594,1.478105,-0.000000
1309,0.790127,0.016814,10.900807,1.467381,0.000000
1310,0.785892,0.512457,8.477416,1.464376,0.000000
1311,0.791478,0.004195,10.980563,1.472014,0.000000
1312,0.782845,0.007546,9.300901,1.473490,0.000000
1313,0.784630,0.021386,13.771162,1.456685,0.000000
1314,0.789618,0.023138,8.470204,1.437675,-0.000000
1315,0.780336,0.000986,13.975009,1.425240,-0.000000
1316,0.794396,0.010458,19.846672,1.424961,0.000000
1317,0.792438,-0.000657,13.809063,1.436973,-0.000000
1318,0.786300,0.011021,12.913300,1.439200,0.000000
1319,0.782923,0.006949,15.191826,1.446084,-0.000000
1320,0.785834,0.025500,10.770664,1.456399,-0.000000
1321,0.788468,0.044542,24.612218,1.446043,0.000000
1322,0.780675,0.236963,24.720813,1.448869,-0.000000
1323,0.785058,0.044915,24.305634,1.442572,0.000000
1324,0.785677,0.001154,30.420105,1.426903,0.000000
1325,0.800854,-0.003395,29.810673,1.429165,0.000000
1326,0.794489,-0.001515,27.188035,1.457480,0.000000
1327,0.798203,-0.001628,18.751583,1.473839,-0.000000
1328,0.793626,0.000522,17.595295,1.482571,-0.000000
1329,0.773854,0.049070,19.520149,1.483583,0.000000
1330,0.786302,0.042968,12.484700,1.486906,-0.000000
1331,0.787346,0.004566,9.377012,1.500921,0.000000
1332,0.792019,0.164389,11.543674,1.507600,0.000000
1333,0.798427,0.000904,12.585675,1.514780,0.000000
1334,0.781294,0.014248,8.356273,1.503066,0.000000
1335,0.784255,0.024204,8.744016,1.487316,0.000000
1336,0.791885,0.006669,7.618988,1.482994,-0.000000
1337,0.629585,0.107467,4.536144,1.466854,0.000000
1338,0.708336,0.028950,5.613340,1.444044,0.000000
1339,0.762949,-0.002615,15.389560,1.441471,0.000000
1340,0.726210,0.039566,6.021666,1.441606,0.000000
1341,0.739479,-0.005199,6.531905,1.440178,0.000000
1342,0.717828,0.006769,9.810177,1.450487,0.000000
1343,0.751664,-0.004825,6.680620,1.446280,-0.000000
1344,0.765672,0.010604,13.473105,1.458014,-0.000000
1345,0.807499,0.028322,10.786338,1.472966,-0.000000
1346,0.760573,0.005457,8.396716,1.470206,0.000000
1347,0.795750,0.009035,4.325336,1.448312,0.000000
1348,0.792350,0.010525,6.626229,1.432234,0.000000
1349,0.791501,0.033340,6.185467,1.409989,0.000000
1350,0.787032,0.009619,6.335109,1.387919,0.000000
1351,0.790092,-0.001128,5.108259,1.379206,0.000000
1352,0.792463,-0.000504,6.859426,1.371948,-0.000000
1353,0.786903,0.013058,6.988468,1.372120,0.000000
1354,0.789171,0.023954,5.112377,1.360519,0.000000
1355,0.783830,0.000810,12.115412,1.356625,0.000000
1356,0.781596,0.003760,8.681023,1.367058,-0.000000
1357,0.785660,0.016932,6.769330,1.368921,0.000000
1358,0.790140,0.545650,5.142781,1.365141,0.000000
1359,0.785520,0.000193,5.339227,1.364927,0.000000
1360,0.778946,0.008624,5.881061,1.355981,0.000000
1361,0.780677,0.011946,8.947846,1.344358,0.000000
1362,0.788530,-0.003701,6.727542,1.339273,0.000000
1363,0.770047,0.023506,5.796936,1.323623,0.000000
1364,0.784632,0.005435,7.263709,1.304800,0.000000
1365,0.780083,0.001704,8.319966,1.290437,-0.000000
1366,0.774289,0.005034,5.274711,1.274697,0.000000
1367,0.774750,0.002140,8.926672,1.254638,-0.000000
1368,0.779659,0.008862,7.634950,1.247708,-0.000000
1369,0.773741,0.011465,5.145748,1.251583,0.000000
1370,0.784100,-0.005270,11.834927,1.254383,0.000000
1371,0.783952,-0.002416,9.160644,1.259782,-0.000000
1372,0.771267,0.000412,7.709381,1.262841,-0.000000
1373,0.772047,-0.006288,6.346557,1.271514,0.000000
1374,0.766216,0.019282,3.369781,1.269089,-0.000000
1375,0.757942,0.006775,3.782184,1.247277,-0.000000
1376,0.757296,0.011645,4.816835,1.237897,-0.000000
1377,0.740822,0.014256,3.635319,1.235325,0.000000
1378,0.752974,0.001107,2.376078,1.221752,-0.000000
1379,0.732303,0.020514,3.445843,1.208469,-0.000000
1380,0.738924,-0.003353,2.559050,1.191236,-0.000000
1381,0.743733,0.022826,3.217554,1.181686,0.000000
1382,0.757282,0.000348,2.462701,1.173199,0.000000
1383,0.752895,0.022863,1.794468,1.164072,-0.000000
1384,0.749398,0.000619,1.721125,1.157951,0.000000
1385,0.744243,0.000574,2.189950,1.151007,-0.000000
1386,0.747125,0.015306,1.971234,1.141929,-0.000000
1387,0.773615,-0.001265,2.603013,1.154407,-0.000000
1388,0.766800,0.009051,2.188655,1.167155,0.000000
1389,0.766332,0.005678,1.894115,1.156893,0.000000
1390,0.773124,0.000450,1.372338,1.145402,-0.000000
1391,0.764877,0.018538,1.874386,1.141750,0.000000
1392,0.767857,0.005383,2.343600,1.154512,-0.000000
1393,0.774778,-0.004142,6.182479,1.146615,0.000000
1394,0.785812,0.002314,5.953605,1.148693,0.000000
1395,0.780802,-0.003661,9.570671,1.162876,0.000000
1396,0.780229,0.027266,9.209320,1.162412,0.000000
1397,0.778459,-0.003053,10.926901,1.164510,-0.000000
1398,0.784165,0.011520,6.650172,1.190730,-0.000000
1399,0.781748,0.007540,13.697612,1.201724,0.000000
1400,0.771186,0.005103,7.482433,1.211788,0.000000
1401,0.773856,0.019452,4.355690,1.225313,0.000000
1402,0.774725,0.013953,9.476951,1.229389,-0.000000
1403,0.777132,-0.003168,7.049104,1.240723,0.000000
1404,0.770930,0.012908,7.202522,1.260474,0.000000
1405,0.767409,0.013542,5.315115,1.274995,0.000000
1406,0.759742,0.008285,5.163221,1.266809,-0.000000
1407,0.770820,-0.001259,6.314329,1.262614,0.000000
1408,0.768331,0.004998,4.755149,1.276745,-0.000000
1409,0.763227,-0.000582,3.025611,1.271085,0.000000
1410,0.768675,0.004520,5.280199,1.247495,-0.000000
1411,0.767470,0.109809,3.426547,1.220283,-0.000000
1412,0.761940,0.000699,6.509779,1.217675,-0.000000
1413,0.765590,0.005066,6.279226,1.233778,0.000000
1414,0.765209,0.006992,5.989092,1.237682,-0.000000
1415,0.762352,0.001009,3.662825,1.232418,0.000000
1416,0.768875,-0.001646,4.460615,1.236922,0.000000
1417,0.773538,-0.000173,7.681394,1.250557,-0.000000
1418,0.765251,0.005753,4.126589,1.257694,0.000000
1419,0.772999,0.010911,5.024559,1.259953,-0.000000
1420,0.774731,0.070101,7.023113,1.266264,-0.000000
1421,0.767221,0.022932,4.143368,1.273533,0.000000
1422,0.765837,-0.000292,5.755982,1.297830,0.000000
1423,0.765245,2.702693,2.736628,1.311548,-0.000000
1424,0.767772,0.002521,2.532656,1.310540,0.000000
1425,0.770337,0.001652,4.445102,1.303290,0.000000
1426,0.770417,0.002209,6.434911,1.310565,-0.000000
1427,0.772288,-0.003789,6.776823,1.333562,0.000000
1428,0.771992,0.003889,6.505809,1.373514,-0.000000
1429,0.772377,0.000356,10.697454,1.400820,-0.000000
1430,0.763426,0.074628,2.950526,1.399006,-0.000000
1431,0.772724,-0.001275,3.738848,1.410366,0.000000
1432,0.777381,0.007027,8.892875,1.424013,-0.000000
1433,0.770966,0.033913,3.835299,1.408849,0.000000
1434,0.777048,0.005759,3.358404,1.395158,0.000000
1435,0.774682,0.005860,3.983380,1.372372,0.000000
1436,0.768346,0.008652,6.340989,1.351767,-0.000000
1437,0.766018,0.037868,3.138969,1.346173,0.000000
1438,0.768928,0.006370,2.239347,1.335430,-0.000000
1439,0.767946,0.004709,3.773241,1.308770,0.000000
1440,0.763740,0.112480,4.304308,1.276755,-0.000000
1441,0.754292,0.008618,2.446078,1.265913,-0.000000
1442,0.766446,0.136155,9.705094,1.270662,-0.000000
1443,0.764626,0.028308,1.952939,1.262942,0.000000
1444,0.725246,0.014015,7.968567,1.260081,-0.000000
1445,0.774617,0.043305,6.119667,1.265664,0.000000
1446,0.769915,-0.002215,2.492256,1.257826,0.000000
1447,0.769989,0.003988,4.740614,1.253375,0.000000
1448,0.768529,0.001880,2.386641,1.260335,0.000000
1449,0.764809,0.011743,1.668127,1.248043,-0.000000
1450,0.764011,0.159010,1.706318,1.214261,-0.000000
1451,0.760619,0.008659,1.602163,1.182696,-0.000000
1452,0.763918,-0.003077,2.690341,1.185517,-0.000000
1453,0.766320,0.067422,3.033628,1.199675,0.000000
1454,0.764258,0.003508,3.258688,1.207321,-0.000000
1455,0.770108,0.002039,2.390924,1.201344,0.000000
1456,0.766995,0.012596,1.344112,1.187028,-0.000000
1457,0.760213,-0.000574,1.117281,1.168110,-0.000000
1458,0.766125,0.003653,1.579543,1.157437,0.000000
1459,0.759465,0.131458,1.744657,1.150450,0.000000
1460,0.767152,0.007459,3.186492,1.150203,0.000000
1461,0.760107,0.012892,5.768167,1.152160,-0.000000
1462,0.777099,-0.000611,6.110640,1.167877,-0.000000
1463,0.776225,-0.001269,3.819892,1.180111,-0.000000
1464,0.771818,-0.003143,2.319996,1.177923,0.000000
1465,0.767934,0.012539,1.089991,1.162303,-0.000000
1466,0.763064,0.020528,2.250185,1.155464,0.000000
1467,0.756320,0.005256,0.671206,1.152576,-0.000000
1468,0.753075,0.015273,1.563530,1.131370,-0.000000
1469,0.753897,0.020365,1.140432,1.116574,0.000000
1470,0.748852,0.011262,4.434599,1.102481,-0.000000
1471,0.753641,-0.001252,2.193271,1.091209,0.000000
1472,0.761349,-0.001810,1.593382,1.068181,-0.000000
1473,0.707735,0.060413,1.971995,1.038498,0.000000
1474,0.677188,0.028697,2.197480,1.028575,-0.000000
1475,0.658042,0.032385,4.231109,1.031319,0.000000
1476,0.691892,0.000200,4.197861,1.044154,0.000000
1477,0.687591,0.026520,3.116183,1.048674,0.000000
1478,0.685617,0.006364,5.680051,1.038938,-0.000000
1479,0.749616,0.019355,0.929302,1.013810,0.000000
1480,0.669847,0.006900,2.659898,0.984370,0.000000
1481,0.724124,0.042725,3.722094,0.981785,0.000000
1482,0.703307,0.003016,1.804165,0.988664,0.000000
1483,0.686935,0.002610,3.662326,0.996562,0.000000
1484,0.752840,0.008236,1.576181,1.000762,0.000000
1485,0.745634,-0.001370,4.599861,1.017512,0.000000
1486,0.740974,0.003346,2.673635,1.026010,-0.000000
1487,0.768679,0.000500,7.175664,1.011635,0.000000
1488,0.762353,0.002879,1.551872,1.012106,0.000000
1489,0.755045,0.005271,2.983732,1.012557,0.000000
1490,0.742632,0.004127,1.920758,1.013668,-0.000000
1491,0.740739,-0.000577,2.137194,1.014506,-0.000000
1492,0.740016,0.001716,1.582720,1.017006,0.000000
1493,0.750026,-0.001928,2.497505,1.029747,0.000000
1494,0.751497,-0.001182,1.310761,1.057331,0.000000
1495,0.753289,0.019894,2.287693,1.066413,-0.000000
1496,0.756765,0.005537,1.831104,1.056705,0.000000
1497,0.743775,0.008076,0.794142,1.041526,0.000000
1498,0.745549,0.011940,1.791788,1.032508,-0.000000
1499,0.743469,0.002876,1.290476,1.034917,-0.000000
1500,0.751669,-0.003914,1.078247,1.050252,-0.000000
1501,0.744405,0.014827,0.545800,1.050039,-0.000000
1502,0.734538,0.024315,0.843318,1.025833,-0.000000
1503,0.714956,0.003669,1.703250,0.991756,-0.000000
1504,0.712471,0.006502,1.592449,0.971583,0.000000
1505,0.723778,0.002394,2.245397,0.962300,-0.000000
1506,0.744822,-0.000185,2.843521,0.972263,0.000000
1507,0.742942,0.042461,5.394395,0.990698,0.000000
1508,0.748677,0.025961,2.009014,1.007865,0.000000
1509,0.748610,0.004514,4.131130,1.010436,0.000000
1510,0.749256,0.011504,2.841484,1.020063,0.000000
1511,0.757138,0.000796,5.074659,1.049458,-0.000000
1512,0.766081,-0.001931,5.653989,1.065866,0.000000
1513,0.774811,0.005356,7.228332,1.061854,-0.000000
1514,0.770053,-0.005598,6.634324,1.061670,0.000000
1515,0.772023,-0.002023,6.914808,1.061347,0.000000
1516,0.784207,-0.005493,10.469007,1.064317,-0.000000
1517,0.782142,0.255914,4.721599,1.070612,-0.000000
1518,0.787152,-0.003011,6.307926,1.076384,0.000000
1519,0.783725,0.002556,5.604693,1.085463,-0.000000
1520,0.781928,0.001385,4.521016,1.083266,0.000000
1521,0.781643,0.007484,2.079535,1.085745,0.000000
1522,0.780339,0.084137,5.540732,1.096327,0.000000
1523,0.789056,-0.007201,10.923322,1.104960,-0.000000
1524,0.789373,0.001230,11.265450,1.119729,-0.000000
1525,0.789604,0.020504,8.105157,1.136339,-0.000000
1526,0.786586,-0.002594,13.553698,1.161401,-0.000000
1527,0.784615,0.000453,11.573151,1.189282,-0.000000
1528,0.788093,-0.001095,18.002027,1.203658,0.000000
1529,0.796680,0.011326,18.951587,1.220538,0.000000
1530,0.791915,0.006612,10.949368,1.242223,-0.000000
1531,0.796676,0.027100,19.204063,1.261382,0.000000
1532,0.796667,-0.002738,21.913475,1.274445,0.000000
1533,0.800279,0.072613,16.179424,1.289031,-0.000000
1534,0.793386,0.001692,7.208370,1.300342,0.000000
1535,0.793457,-0.006086,7.194989,1.306839,0.000000
1536,0.806023,0.000696,27.943238,1.321310,-0.000000
1537,0.798151,0.000361,6.774613,1.318433,0.000000
1538,0.802536,0.003686,22.152335,1.312270,0.000000
1539,0.804420,-0.006885,30.571354,1.305813,-0.000000
1540,0.804011,0.000725,18.742142,1.301910,0.000000
1541,0.803111,-0.001147,21.971686,1.296939,-0.000000
1542,0.803193,-0.003559,24.153895,1.305379,0.000000
1543,0.810697,0.000136,38.790136,1.329453,-0.000000
1544,0.804735,0.071294,21.634373,1.348927,-0.000000
1545,0.810889,-0.010524,23.758444,1.365333,-0.000000
1546,0.802314,0.173540,35.697227,1.373917,-0.000000
1547,0.803007,-0.003544,25.520803,1.385767,0.000000
1548,0.783227,0.018792,44.962835,1.401444,0.000000
1549,0.776994,0.003750,19.785455,1.403680,0.000000
1550,0.766299,0.060106,31.448121,1.405593,0.000000
1551,0.798858,-0.000758,28.275416,1.406559,-0.000000
1552,0.641503,0.087822,32.775606,1.397481,0.000000
1553,0.696887,0.012076,27.548334,1.384227,0.000000
1554,0.711940,0.006313,18.037055,1.381336,-0.000000
1555,0.717823,0.090287,18.959059,1.380940,0.000000
1556,0.703959,0.047094,8.413768,1.378726,-0.000000
1557,0.651241,0.091473,25.910787,1.387434,0.000000
1558,0.720898,0.017204,25.159127,1.381967,-0.000000
1559,0.719117,0.021144,11.746715,1.353090,0.000000
1560,0.751241,0.036498,21.868488,1.325048,0.000000
1561,0.758974,0.008232,36.211480,1.332973,0.000000
1562,0.649037,0.026038,17.768456,1.346618,0.000000
1563,0.665759,0.056274,15.498451,1.312474,-0.000000
1564,0.771208,0.021955,23.354216,1.284264,-0.000000
1565,0.677324,0.012421,18.907906,1.271015,-0.000000
1566,0.670855,0.046101,9.400887,1.256670,0.000000
1567,0.781862,0.010659,27.980275,1.247098,0.000000
1568,0.743235,0.016230,26.143748,1.238220,-0.000000
1569,0.705086,0.061463,14.896903,1.232582,0.000000
1570,0.705531,0.005846,13.692817,1.232294,-0.000000
1571,0.746492,0.081609,22.595028,1.236939,0.000000
1572,0.773990,0.000140,31.819866,1.253477,0.000000
1573,0.754165,0.142201,29.049961,1.275158,0.000000
1574,0.810350,0.027648,35.690165,1.292639,0.000000
1575,0.757661,0.018455,21.712077,1.302956,0.000000
1576,0.749917,0.001156,28.863156,1.309190,0.000000
1577,0.718913,0.014095,21.067966,1.315670,-0.000000
1578,0.773934,0.005389,22.661762,1.320959,-0.000000
1579,0.690627,0.048105,17.952821,1.309918,-0.000000
1580,0.782527,0.015536,24.707561,1.286566,-0.000000
1581,0.698373,0.074960,12.474596,1.265252,0.000000
1582,0.774703,-0.000249,21.830854,1.271333,-0.000000
1583,0.802671,0.026910,21.267127,1.283251,-0.000000
1584,0.808828,-0.002194,24.584942,1.286025,-0.000000
1585,0.773442,-0.006264,19.794669,1.303503,-0.000000
1586,0.796536,0.075859,19.843790,1.315480,0.000000
1587,0.751213,0.028186,18.241805,1.305764,0.000000
1588,0.716534,0.021856,15.330573,1.290017,-0.000000
1589,0.729203,0.009204,16.903687,1.288839,0.000000
1590,0.764964,-0.001162,9.528507,1.283920,0.000000
1591,0.771712,0.005269,18.204828,1.271682,-0.000000
1592,0.744603,0.022854,14.855644,1.275833,-0.000000
1593,0.746343,0.007422,11.554297,1.268921,-0.000000
1594,0.763370,-0.000096,13.817680,1.287204,-0.000000
1595,0.793381,0.007047,10.798461,1.293268,-0.000000
1596,0.788621,0.013356,10.854559,1.271365,0.000000
1597,0.798910,0.008129,15.842860,1.258438,0.000000
1598,0.754699,0.005439,19.205125,1.249510,0.000000
1599,0.808273,-0.001753,18.417160,1.259401,0.000000
1600,0.764179,0.001473,11.737774,1.274886,-0.000000
1601,0.805661,-0.000376,44.293320,1.302781,-0.000000
1602,0.805562,-0.000909,32.490192,1.325538,-0.000000
1603,0.800009,-0.001774,38.734715,1.321711,0.000000
1604,0.726591,0.004381,18.386684,1.310330,-0.000000
1605,0.775817,-0.002505,31.038352,1.289500,-0.000000
1606,0.799169,0.002161,32.685478,1.289216,-0.000000
1607,0.759964,0.014213,19.951428,1.294053,0.000000
1608,0.802022,-0.002345,34.066860,1.293564,-0.000000
1609,0.802091,0.018014,31.155253,1.306553,-0.000000
1610,0.776165,0.101285,23.461893,1.305222,-0.000000
1611,0.767403,0.010156,21.578530,1.305435,0.000000
1612,0.727368,0.047805,24.308205,1.312195,-0.000000
1613,0.729047,0.003081,26.933759,1.321411,-0.000000
1614,0.708640,0.083398,16.366960,1.325757,-0.000000
1615,0.741783,0.018179,29.771752,1.310991,-0.000000
1616,0.809927,0.002173,33.847591,1.309135,0.000000
1617,0.805590,0.005523,33.492451,1.315801,-0.000000
1618,0.783037,0.001189,31.867795,1.325387,-0.000000
1619,0.705853,0.190375,24.541700,1.332120,-0.000000
1620,0.779324,0.005253,29.627124,1.315018,-0.000000
1621,0.745627,-0.000926,29.675260,1.322602,0.000000
1622,0.770952,0.027998,28.457060,1.335955,0.000000
1623,0.743409,0.083093,25.886305,1.330355,0.000000
1624,0.781070,-0.002481,26.918284,1.324089,-0.000000
1625,0.777350,-0.000857,24.387046,1.339789,0.000000
1626,0.802309,0.002456,29.032002,1.349758,0.000000
1627,0.798828,0.004189,31.214325,1.361467,-0.000000
1628,0.796587,0.013538,23.956923,1.391954,0.000000
1629,0.805159,0.009248,28.595940,1.406002,0.000000
1630,0.807848,0.030613,26.446765,1.412213,-0.000000
1631,0.798902,0.015533,35.142518,1.404357,-0.000000
1632,0.803721,-0.001243,36.546483,1.420804,-0.000000
1633,0.800110,0.000532,33.733854,1.445880,0.000000
1634,0.796213,-0.001793,34.104462,1.449842,0.000000
1635,0.771327,0.173939,35.047489,1.455898,-0.000000
1636,0.794065,0.016307,31.893370,1.456726,-0.000000
1637,0.796124,0.003955,29.552745,1.470458,0.000000
1638,0.768860,-0.000525,32.114972,1.485277,-0.000000
1639,0.761136,0.006199,34.887390,1.473253,-0.000000
1640,0.693945,-0.000735,33.288291,1.463084,-0.000000
1641,0.733075,0.024550,22.185274,1.466667,0.000000
1642,0.760074,0.027104,20.841007,1.453010,0.000000
1643,0.726142,-0.001738,23.253170,1.427313,0.000000
1644,0.763116,0.002237,26.170344,1.415939,-0.000000
1645,0.770114,0.015269,26.446817,1.417690,0.000000
1646,0.749226,0.000850,30.364529,1.416506,0.000000
1647,0.750977,0.002330,29.023615,1.432653,0.000000
1648,0.777668,0.118116,24.490545,1.447293,0.000000
1649,0.807898,0.009782,29.524164,1.453562,-0.000000
1650,0.794637,0.034927,24.984800,1.449654,0.000000
1651,0.765890,0.071860,19.774085,1.459563,-0.000000
1652,0.792473,0.009149,19.976753,1.456775,0.000000
1653,0.795169,0.003429,15.800430,1.471269,-0.000000
1654,0.766798,0.090385,13.235024,1.494805,0.000000
1655,0.768932,0.005706,16.422572,1.497392,-0.000000
1656,0.779425,0.011402,15.413347,1.489537,0.000000
1657,0.784561,0.015119,12.320795,1.491476,0.000000
1658,0.766983,0.032491,10.448919,1.490694,-0.000000
1659,0.741368,0.194947,12.239329,1.479839,0.000000
1660,0.795381,0.009471,12.113721,1.445124,-0.000000
1661,0.796036,0.009415,8.658414,1.413713,0.000000
1662,0.799166,0.005899,13.908735,1.399666,-0.000000
1663,0.740011,0.077913,13.538379,1.398314,0.000000
1664,0.775798,0.022735,9.086966,1.386801,-0.000000
1665,0.779518,0.006784,6.671756,1.380022,0.000000
1666,0.799693,0.094406,6.860419,1.391995,0.000000
1667,0.805512,0.004639,10.070802,1.395187,-0.000000
1668,0.778576,0.020137,7.567283,1.373262,0.000000
1669,0.777510,0.003648,5.329936,1.351964,-0.000000
1670,0.792338,0.007582,6.973162,1.342237,0.000000
1671,0.800000,0.146848,3.841496,1.323077,-0.000000
1672,0.800194,0.001692,4.909270,1.321173,0.000000
1673,0.791565,0.007000,4.620597,1.326128,-0.000000
1674,0.790098,0.064048,4.049350,1.309111,0.000000
1675,0.791643,0.009604,4.638303,1.304053,-0.000000
1676,0.800816,0.003135,6.421802,1.317211,0.000000
1677,0.803410,0.003819,4.885704,1.320365,0.000000
1678,0.791068,0.018468,5.661681,1.318734,-0.000000
1679,0.797261,0.000962,9.205881,1.318984,-0.000000
1680,0.799795,0.000162,6.625828,1.339598,0.000000
1681,0.789083,0.001402,3.626667,1.352559,-0.000000
1682,0.789473,-0.002426,8.037554,1.362941,-0.000000
1683,0.799687,0.008859,6.525560,1.380455,-0.000000
1684,0.792097,0.001752,6.376195,1.387253,-0.000000
1685,0.799133,0.001396,5.104710,1.382475,0.000000
1686,0.806793,-0.001143,2.917962,1.377562,-0.000000
1687,0.784197,0.025479,3.086176,1.366273,0.000000
1688,0.806012,0.002180,3.891677,1.361071,-0.000000
1689,0.801956,0.035571,4.727369,1.346089,-0.000000
1690,0.814566,0.004714,10.495808,1.334505,0.000000
1691,0.796824,0.003885,4.150556,1.334425,-0.000000
1692,0.802434,0.043332,6.785172,1.337952,-0.000000
1693,0.798692,0.014233,12.156878,1.349739,0.000000
1694,0.798652,0.049419,13.949418,1.353512,0.000000
1695,0.734947,-0.001533,32.162105,1.366057,-0.000000
1696,0.768669,0.008700,13.231741,1.376229,0.000000
1697,0.720426,0.054197,32.955737,1.366274,-0.000000
1698,0.774110,0.401084,24.271837,1.356468,0.000000
1699,0.764039,0.006566,21.302257,1.361784,0.000000
1700,0.696416,0.035653,23.948597,1.366062,-0.000000
1701,0.794985,0.003366,15.183802,1.356944,0.000000
1702,0.797378,0.005698,15.081460,1.360120,0.000000
1703,0.808495,0.008978,13.801560,1.354925,-0.000000
1704,0.808889,0.041643,10.911237,1.337942,0.000000
1705,0.804890,-0.000591,19.376265,1.328106,0.000000
1706,0.800804,0.016973,13.765043,1.335710,0.000000
1707,0.768100,-0.003251,11.780877,1.353276,-0.000000
1708,0.802710,0.004237,9.328838,1.360231,0.000000
1709,0.790734,0.000779,12.056787,1.358018,0.000000
1710,0.753855,0.007563,9.576186,1.348337,-0.000000
1711,0.806178,0.004603,13.119773,1.345636,-0.000000
1712,0.804062,0.005367,9.420398,1.352905,0.000000
1713,0.760982,0.005886,11.868302,1.363563,-0.000000
1714,0.750506,0.005440,19.678311,1.371023,0.000000
1715,0.792573,0.009007,14.779460,1.371157,-0.000000
1716,0.796938,-0.004020,17.757390,1.373466,0.000000
1717,0.763020,0.025833,13.368369,1.381201,0.000000
1718,0.789989,0.009230,10.292576,1.380348,-0.000000
1719,0.799972,0.030163,9.309438,1.371608,0.000000
1720,0.798933,-0.002699,14.462010,1.371214,-0.000000
1721,0.801419,0.020060,10.759329,1.387469,0.000000
1722,0.804648,0.002241,6.819571,1.393632,0.000000
1723,0.789953,0.004731,9.916037,1.377220,0.000000
1724,0.800605,0.005539,7.895157,1.364479,-0.000000
1725,0.782604,0.029194,7.689596,1.368772,0.000000
1726,0.753891,0.013568,13.457809,1.361589,0.000000
1727,0.703742,0.036071,7.419527,1.357030,0.000000
1728,0.768880,-0.001395,16.317921,1.379808,-0.000000
1729,0.684397,0.007242,16.132158,1.398587,0.000000
1730,0.804746,0.002273,14.722086,1.388578,0.000000
1731,0.722639,0.015017,10.152044,1.366297,0.000000
1732,0.786561,0.007272,18.961918,1.343282,-0.000000
1733,0.751967,0.003462,6.704492,1.328692,0.000000
1734,0.792181,0.008760,14.137757,1.317607,0.000000
1735,0.785517,0.012717,11.519352,1.306415,-0.000000
1736,0.788544,0.022460,6.518230,1.302833,0.000000
1737,0.795355,-0.003954,8.636707,1.301760,-0.000000
1738,0.794064,0.000210,15.796685,1.294255,-0.000000
1739,0.711277,0.008342,30.638969,1.295397,0.000000
1740,0.779457,0.104926,9.928427,1.304967,0.000000
1741,0.766493,0.000194,5.401967,1.298638,-0.000000
1742,0.665568,0.010058,6.457848,1.284031,-0.000000
1743,0.680932,0.031969,5.738054,1.271943,-0.000000
1744,0.792104,0.003023,14.958704,1.241765,0.000000
1745,0.765957,0.009850,13.435618,1.214338,0.000000
1746,0.745787,-0.003629,18.123039,1.209162,0.000000
1747,0.724870,0.014053,18.811462,1.216850,-0.000000
1748,0.790463,0.011041,24.725683,1.229891,0.000000
1749,0.729323,0.002085,28.917796,1.249319,0.000000
1750,0.772633,0.011495,6.085189,1.267918,-0.000000
1751,0.739918,0.013094,21.462914,1.264415,0.000000
1752,0.761923,0.005008,18.404355,1.261119,0.000000
1753,0.807941,0.001658,7.911432,1.256527,0.000000
1754,0.777775,0.031959,19.967598,1.246327,-0.000000
1755,0.805845,0.005663,26.106232,1.238167,0.000000
1756,0.731020,0.005029,43.978001,1.238472,-0.000000
1757,0.736655,0.005398,46.911060,1.258745,-0.000000
1758,0.726476,-0.001419,34.866929,1.285407,-0.000000
1759,0.739583,0.005963,44.676077,1.289958,-0.000000
1760,0.799619,0.000297,36.709257,1.286899,-0.000000
1761,0.802344,0.005458,27.583935,1.291197,-0.000000
1762,0.766183,0.001279,30.128246,1.295285,-0.000000
1763,0.733181,0.004920,32.256556,1.310136,0.000000
1764,0.764024,0.032179,10.832496,1.316048,-0.000000
1765,0.761372,0.009369,10.476149,1.294639,0.000000
1766,0.709202,0.042195,4.631590,1.260262,-0.000000
1767,0.752508,-0.003459,10.753506,1.238441,0.000000
1768,0.800346,0.004349,10.289991,1.236067,0.000000
1769,0.756470,0.007785,15.563170,1.239860,0.000000
1770,0.744815,0.171572,10.301477,1.236006,-0.000000
1771,0.698780,0.005043,8.297536,1.221762,0.000000
1772,0.748024,0.004802,12.131439,1.225829,-0.000000
1773,0.734889,0.034761,10.992497,1.239944,-0.000000
1774,0.713645,0.005785,7.923634,1.242416,0.000000
1775,0.732282,0.004475,9.563207,1.231497,-0.000000
1776,0.778995,0.000014,15.827275,1.218179,0.000000
1777,0.708512,0.006728,4.498195,1.211668,0.000000
1778,0.668003,-0.000454,3.388107,1.189377,0.000000
1779,0.719858,-0.002792,3.701837,1.173266,-0.000000
1780,0.678241,0.176179,3.085636,1.159575,-0.000000
1781,0.758871,0.027630,7.533249,1.155247,0.000000
1782,0.732109,-0.000568,10.240370,1.162248,0.000000
1783,0.738022,0.006069,10.272309,1.160739,0.000000
1784,0.684041,0.056739,3.424728,1.155861,-0.000000
1785,0.701346,0.024101,4.121835,1.150095,0.000000
1786,0.743586,0.005395,3.978002,1.144734,0.000000
1787,0.724154,-0.003469,6.970490,1.147929,-0.000000
1788,0.737353,0.003844,8.057493,1.148307,-0.000000
1789,0.789683,0.024528,12.497584,1.133627,0.000000
1790,0.785064,-0.000402,12.042919,1.146514,-0.000000
1791,0.790803,0.003332,11.130887,1.151774,0.000000
1792,0.790392,0.001030,11.058947,1.149470,0.000000
1793,0.796331,0.000231,12.129695,1.169655,-0.000000
1794,0.781981,-0.001747,10.879337,1.172665,-0.000000
1795,0.783242,0.078230,9.490257,1.181086,-0.000000
1796,0.803885,-0.005119,12.712738,1.199681,0.000000
1797,0.798461,0.006735,9.897892,1.204341,0.000000
1798,0.805443,0.009868,9.032539,1.199968,0.000000
1799,0.768056,-0.000073,18.382229,1.196413,0.000000
1800,0.764415,0.012303,6.456340,1.201889,-0.000000
1801,0.764384,-0.001048,9.076989,1.214310,0.000000
1802,0.691491,0.009243,3.008003,1.200863,-0.000000
1803,0.772789,0.003973,9.492036,1.189570,-0.000000
1804,0.758497,-0.000186,9.334696,1.194641,0.000000
1805,0.778441,0.000450,9.885050,1.192480,0.000000
1806,0.760534,-0.001088,7.493221,1.181873,0.000000
1807,0.741930,0.006404,7.679754,1.192576,0.000000
1808,0.770238,0.012150,7.358223,1.193395,0.000000
1809,0.773899,0.007011,6.502475,1.179327,0.000000
1810,0.761991,-0.001681,9.832899,1.177704,-0.000000
1811,0.769917,0.005659,6.134999,1.167615,-0.000000
1812,0.751795,0.022969,3.704464,1.158819,-0.000000
1813,0.765559,0.012261,4.687353,1.147867,-0.000000
1814,0.739519,-0.004612,10.006755,1.161795,-0.000000
1815,0.762024,0.013834,3.463397,1.173365,0.000000
1816,0.753368,0.007915,2.739705,1.151655,-0.000000
1817,0.711650,-0.006159,5.850560,1.146542,-0.000000
1818,0.746752,-0.007244,2.452369,1.151618,-0.000000
1819,0.760719,0.001649,1.789206,1.152251,0.000000
1820,0.764820,0.004460,4.349430,1.140340,-0.000000
1821,0.760017,-0.000234,2.180590,1.126179,-0.000000
1822,0.767559,0.008904,3.078850,1.130278,-0.000000
1823,0.762855,-0.003949,4.024856,1.132974,0.000000
1824,0.773557,-0.002666,4.017373,1.128021,0.000000
1825,0.766526,0.048217,2.595858,1.115643,0.000000
1826,0.755370,0.002591,3.950785,1.112292,-0.000000
1827,0.758675,0.015482,2.495787,1.114315,0.000000
1828,0.756998,0.001017,3.114567,1.120040,-0.000000
1829,0.749605,0.006139,3.515307,1.111588,-0.000000
1830,0.754994,0.046921,5.508381,1.088343,0.000000
1831,0.753060,0.002539,3.707585,1.070726,-0.000000
1832,0.761640,-0.006390,4.186181,1.066840,0.000000
1833,0.767127,-0.000005,9.153943,1.077879,0.000000
1834,0.769109,-0.002196,4.807580,1.090246,0.000000
1835,0.762770,0.005128,4.805520,1.092621,-0.000000
1836,0.774212,0.000029,5.523841,1.095990,-0.000000
1837,0.776385,0.009011,5.821219,1.105508,-0.000000
1838,0.776625,-0.000692,7.401954,1.122895,-0.000000
1839,0.766394,-0.002638,4.280976,1.125008,-0.000000
1840,0.776969,-0.000919,8.390906,1.134069,0.000000
1841,0.777531,0.009504,8.962053,1.159533,-0.000000
1842,0.768461,0.001948,15.578877,1.170095,0.000000
1843,0.792610,0.015152,15.270678,1.165912,0.000000
1844,0.793136,0.000420,16.759530,1.173960,0.000000
1845,0.800395,0.006814,14.504998,1.178307,0.000000
1846,0.770099,0.003645,8.189928,1.171791,0.000000
1847,0.745375,0.012757,9.677280,1.156087,0.000000
1848,0.795010,0.000032,13.144062,1.149302,-0.000000
1849,0.768670,-0.002598,9.743657,1.160153,-0.000000
1850,0.766050,0.000207,14.343348,1.161436,-0.000000
1851,0.769744,0.003118,8.031439,1.164527,-0.000000
1852,0.772310,0.148540,6.017531,1.163935,0.000000
1853,0.779354,0.000096,8.547664,1.171990,0.000000
1854,0.761739,0.009715,8.040034,1.200830,-0.000000
1855,0.781684,-0.002621,8.769352,1.229464,0.000000
1856,0.753989,0.001396,2.230050,1.250827,-0.000000
1857,0.759037,-0.001968,5.101313,1.253117,-0.000000
1858,0.765015,-0.002575,4.599156,1.244625,0.000000
1859,0.757153,0.008437,2.751690,1.237018,-0.000000
1860,0.742133,0.012764,1.176663,1.211023,-0.000000
1861,0.749241,0.014965,2.134798,1.175192,0.000000
1862,0.726871,0.073254,2.094325,1.162611,-0.000000
1863,0.749923,0.014992,2.708305,1.149375,-0.000000
1864,0.742365,-0.000542,2.259545,1.129530,0.000000
1865,0.741564,0.006614,3.019825,1.113069,-0.000000
1866,0.736530,0.035004,2.944590,1.105915,-0.000000
1867,0.734295,0.072648,1.143485,1.098246,0.000000
1868,0.740604,0.008108,1.699169,1.098248,-0.000000
1869,0.741115,0.112413,1.484180,1.107454,0.000000
1870,0.740784,0.011791,1.705061,1.109248,-0.000000
1871,0.757796,0.002719,1.617771,1.106356,-0.000000
1872,0.752409,-0.000361,1.893418,1.108010,-0.000000
1873,0.766400,0.001597,2.099863,1.108525,0.000000
1874,0.764219,0.013147,1.264265,1.098814,0.000000
1875,0.761778,0.007956,1.255913,1.091929,0.000000
1876,0.771047,-0.004087,5.001769,1.106559,-0.000000
1877,0.768347,0.001911,3.080253,1.115564,0.000000
1878,0.775595,0.005180,6.209234,1.121038,-0.000000
1879,0.775115,0.000626,2.325975,1.119480,-0.000000
1880,0.771659,-0.002907,2.391089,1.121629,0.000000
1881,0.771486,0.003064,7.477279,1.127434,-0.000000
1882,0.768925,-0.002099,4.758689,1.119192,-0.000000
1883,0.768315,0.001436,2.551382,1.102385,0.000000
1884,0.770450,0.006526,4.267950,1.089391,0.000000
1885,0.744096,-0.002777,4.280325,1.097900,0.000000
1886,0.772978,-0.001825,3.993942,1.105814,0.000000
1887,0.770237,0.001268,4.920154,1.103459,0.000000
1888,0.779155,-0.001165,4.619916,1.106724,-0.000000
1889,0.784397,0.009693,3.637087,1.105464,-0.000000
1890,0.790032,0.000359,7.479128,1.108201,-0.000000
1891,0.794285,-0.004536,3.449697,1.110843,0.000000
1892,0.792727,0.005752,5.025977,1.114308,-0.000000
1893,0.787107,0.003557,3.847499,1.124979,-0.000000
1894,0.792151,0.001186,8.010119,1.117552,0.000000
1895,0.799623,0.003723,6.147244,1.108365,0.000000
1896,0.794022,0.013624,3.226774,1.097548,0.000000
1897,0.798787,0.053284,5.500418,1.094581,-0.000000
1898,0.794492,0.000855,5.065288,1.096640,0.000000
1899,0.796495,-0.000900,5.531294,1.085989,0.000000
1900,0.800741,-0.000671,4.537309,1.068739,0.000000
1901,0.796465,0.000005,9.285964,1.070935,0.000000
1902,0.801436,-0.000299,9.671006,1.086171,-0.000000
1903,0.786721,0.007124,3.472044,1.086038,-0.000000
1904,0.798440,-0.002306,8.859681,1.079942,0.000000
1905,0.803455,0.018494,11.527619,1.082891,-0.000000
1906,0.801435,0.239576,8.748457,1.076242,0.000000
1907,0.758793,0.008283,5.741343,1.061924,0.000000
1908,0.797482,0.005300,7.643232,1.056470,0.000000
1909,0.791333,-0.000671,5.366990,1.066674,0.000000
1910,0.787085,0.005727,5.219665,1.070281,0.000000
1911,0.793372,0.025987,8.551699,1.065720,0.000000
1912,0.797324,-0.000168,11.204067,1.075360,0.000000
1913,0.759949,-0.000935,6.596456,1.087116,0.000000
1914,0.778721,0.000049,8.773656,1.086741,0.000000
1915,0.757151,0.001054,5.897700,1.086543,-0.000000
1916,0.728771,-0.002296,3.421316,1.091927,-0.000000
1917,0.755747,-0.000323,4.293942,1.100433,0.000000
1918,0.765076,-0.006242,3.875267,1.098181,0.000000
1919,0.759476,-0.003553,8.042539,1.108173,-0.000000
1920,0.756505,0.005452,4.399436,1.107677,0.000000
1921,0.772965,0.000483,5.847404,1.107643,0.000000
1922,0.766502,0.023804,5.396311,1.117304,0.000000
1923,0.787606,0.110820,7.356276,1.118306,0.000000
1924,0.776639,0.001424,2.925805,1.123867,0.000000
1925,0.789227,-0.003391,8.222542,1.135755,-0.000000
1926,0.787802,0.031875,10.640077,1.157021,-0.000000
1927,0.789131,-0.002857,7.425081,1.187852,0.000000
1928,0.787656,0.004041,12.449854,1.205347,0.000000
1929,0.789043,-0.001668,18.044445,1.226894,0.000000
1930,0.797208,-0.000333,11.255775,1.256684,-0.000000
1931,0.787808,0.005042,10.797108,1.282190,-0.000000
1932,0.796039,-0.000157,11.900591,1.314250,0.000000
1933,0.779825,-0.001374,10.140344,1.329314,0.000000
1934,0.790174,0.020972,13.983139,1.333745,-0.000000
1935,0.784696,0.010600,17.335454,1.361439,-0.000000
1936,0.774426,0.025436,12.053581,1.382283,0.000000
1937,0.776853,0.046446,11.894217,1.382680,-0.000000
1938,0.785962,-0.002467,10.766978,1.381216,-0.000000
1939,0.773077,0.000972,7.203466,1.390752,0.000000
1940,0.768909,0.008415,9.844484,1.391907,0.000000
1941,0.775167,0.000682,4.397268,1.387104,-0.000000
1942,0.701528,0.030048,6.979041,1.393696,-0.000000
1943,0.767078,0.036815,6.472763,1.402299,0.000000
1944,0.730716,0.221100,2.579769,1.392126,-0.000000
1945,0.727796,0.089253,1.625841,1.384338,-0.000000
1946,0.764380,0.179463,11.784715,1.404563,-0.000000
1947,0.756118,-0.002772,20.759735,1.432375,-0.000000
1948,0.771924,0.014010,1.493940,1.439814,-0.000000
1949,0.797172,0.008562,9.469581,1.430581,0.000000
1950,0.745874,0.016748,4.390191,1.413365,-0.000000
1951,0.767441,0.136425,5.011957,1.392437,-0.000000
1952,0.731881,0.011548,1.815931,1.364035,0.000000
1953,0.769637,0.002076,6.552186,1.342001,-0.000000
1954,0.687862,0.014521,3.026441,1.315917,-0.000000
1955,0.737500,0.031450,4.182585,1.282316,0.000000
1956,0.789019,0.025394,7.055480,1.276362,-0.000000
1957,0.795643,0.003378,6.925623,1.283074,-0.000000
1958,0.768059,0.043946,3.267732,1.275186,0.000000
1959,0.767530,0.007748,2.979680,1.254212,0.000000
1960,0.779260,0.011300,4.747614,1.233250,0.000000
1961,0.780436,-0.001870,7.438040,1.228913,-0.000000
1962,0.715400,0.014438,10.737865,1.226594,-0.000000
1963,0.775892,0.023048,3.048427,1.226508,-0.000000
1964,0.772216,0.008914,10.262096,1.236216,-0.000000
1965,0.797986,0.017623,29.459961,1.255135,-0.000000
1966,0.746146,0.006607,12.809180,1.264416,-0.000000
1967,0.758128,0.017717,13.441748,1.247171,0.000000
1968,0.718008,0.010690,17.806267,1.258251,0.000000
1969,0.707491,0.006035,27.504781,1.289454,-0.000000
1970,0.800098,-0.002065,21.696507,1.318816,0.000000
1971,0.786132,0.021533,11.797596,1.332272,-0.000000
1972,0.756494,-0.001266,5.804419,1.333517,0.000000
1973,0.760975,0.015850,25.637608,1.338817,0.000000
1974,0.739188,0.003015,6.870143,1.330977,0.000000
1975,0.770049,0.000029,10.703658,1.340525,0.000000
1976,0.782996,0.031685,4.077544,1.335052,-0.000000
1977,0.791484,0.000273,3.532103,1.309143,0.000000
1978,0.787214,0.015866,6.215512,1.292406,-0.000000
1979,0.797452,0.038773,8.950292,1.273494,-0.000000
1980,0.795478,0.004696,19.302926,1.282062,0.000000
1981,0.801647,-0.003246,4.503604,1.295871,0.000000
1982,0.800456,0.045677,3.463214,1.296091,0.000000
1983,0.773333,0.014581,1.488916,1.293946,-0.000000
1984,0.782962,0.006875,2.591524,1.289457,-0.000000
1985,0.776135,0.012243,2.571405,1.284642,0.000000
1986,0.794695,-0.000645,7.306390,1.284082,-0.000000
1987,0.760997,0.003707,1.323194,1.286953,-0.000000
1988,0.792275,0.004129,12.199461,1.291937,-0.000000
1989,0.806234,0.012997,14.568149,1.304393,0.000000
1990,0.751420,-0.004215,13.264839,1.326131,0.000000
1991,0.791132,-0.000994,9.237711,1.347953,0.000000
1992,0.794883,0.028522,4.883404,1.352227,0.000000
1993,0.734361,0.002720,42.004764,1.344825,-0.000000
1994,0.646856,0.000553,24.447995,1.344673,0.000000
1995,0.726856,0.003430,16.022316,1.344249,0.000000
1996,0.738422,0.012038,11.097391,1.354718,0.000000
1997,0.810001,0.004963,8.149036,1.335476,0.000000
1998,0.791491,0.026212,4.774708,1.299761,0.000000
1999,0.778716,0.001391,7.650604,1.289111,-0.000000
2000,0.793038,-0.001719,4.239883,1.291781,-0.000000
