batch,meanReward,policyLoss,valueLoss,entropy,meanAdvantage
1,0.516067,0.217689,19.769963,2.858530,0.000000
2,0.494528,0.408995,14.045661,2.780718,0.000000
3,0.550832,0.306276,16.961559,2.728749,-0.000000
4,0.525211,0.960543,14.288150,2.682539,0.000000
5,0.514358,0.052915,13.973616,2.638150,0.000000
6,0.573385,0.284828,17.023340,2.606398,-0.000000
7,0.585341,0.045511,18.900187,2.579847,0.000000
8,0.599784,0.711258,22.021963,2.563684,-0.000000
9,0.605776,0.189641,23.222639,2.529955,0.000000
10,0.587556,0.215466,22.503387,2.509074,0.000000
11,0.629499,0.158869,26.378750,2.495789,-0.000000
12,0.674515,0.089705,26.657932,2.471686,0.000000
13,0.704306,0.069447,27.675156,2.442140,0.000000
14,0.723647,0.134873,24.453171,2.407472,-0.000000
15,0.719749,0.143892,24.178823,2.376149,0.000000
16,0.696117,0.046819,24.836970,2.343435,0.000000
17,0.708751,0.345927,25.554885,2.305151,-0.000000
18,0.728779,0.093170,28.735201,2.262402,-0.000000
19,0.740049,0.043566,30.495086,2.230870,0.000000
20,0.791847,0.039626,32.306285,2.210474,0.000000
21,0.758407,0.182883,35.683332,2.208891,0.000000
22,0.755455,0.009767,33.458876,2.213529,-0.000000
23,0.775150,0.021508,36.607994,2.218365,0.000000
24,0.773348,0.002910,35.756829,2.218177,-0.000000
25,0.788186,0.008214,40.101038,2.214884,-0.000000
26,0.788937,0.174747,34.740217,2.196923,-0.000000
27,0.788630,0.037643,37.711763,2.167621,-0.000000
28,0.766231,0.041491,32.310069,2.158709,0.000000
29,0.724020,0.020409,55.826622,2.155879,0.000000
30,0.790553,0.145671,34.289348,2.140727,0.000000
31,0.787576,0.185577,36.906916,2.126480,0.000000
32,0.784902,0.159292,38.157552,2.122891,0.000000
33,0.802922,0.005892,31.531473,2.118174,-0.000000
34,0.782019,0.015146,37.349208,2.124508,0.000000
35,0.806993,0.054375,39.913738,2.124683,0.000000
36,0.817578,0.058372,38.001813,2.118682,0.000000
37,0.813449,0.012149,35.200099,2.124456,-0.000000
38,0.796402,0.014492,36.048705,2.127008,-0.000000
39,0.787077,0.066546,34.438974,2.118188,0.000000
40,0.787481,-0.000952,29.873795,2.117558,-0.000000
41,0.806645,0.041350,34.153422,2.112816,-0.000000
42,0.798977,0.025572,34.619363,2.118875,0.000000
43,0.828630,0.007788,35.616412,2.118584,0.000000
44,0.825911,0.048264,33.032889,2.095618,0.000000
45,0.827541,0.030800,34.322331,2.086222,-0.000000
46,0.829651,-0.004012,35.271027,2.083308,0.000000
47,0.828386,0.036246,32.375925,2.082723,-0.000000
48,0.833297,0.052923,34.091869,2.074722,0.000000
49,0.829516,7.026652,35.957351,2.072889,-0.000000
50,0.802369,0.044411,43.393119,2.053246,0.000000
51,0.822189,0.022910,41.881653,2.024726,0.000000
52,0.779234,0.023663,58.888747,1.999083,-0.000000
53,0.777240,0.026901,56.844533,2.002807,-0.000000
54,0.811686,0.041921,39.898022,1.997902,-0.000000
55,0.829084,0.041556,45.914137,1.979529,0.000000
56,0.754401,-0.000409,74.264956,1.975939,-0.000000
57,0.816692,0.008940,46.697524,1.989402,-0.000000
58,0.797917,0.004734,56.872082,1.994127,0.000000
59,0.826250,0.017802,38.661109,1.998097,0.000000
60,0.759299,0.041271,62.411791,2.004995,0.000000
61,0.815505,0.025871,39.460586,1.997592,0.000000
62,0.820636,0.038093,39.269022,2.003198,0.000000
63,0.827166,0.053854,34.432077,1.985752,0.000000
64,0.817977,0.003422,33.171311,1.978198,-0.000000
65,0.831318,0.007767,42.090865,1.973988,0.000000
66,0.803163,0.018329,58.791145,1.961086,0.000000
67,0.755335,0.007941,52.377516,1.941876,0.000000
68,0.750149,0.009948,50.187938,1.926304,-0.000000
69,0.723252,0.015983,42.937027,1.919435,0.000000
70,0.762916,0.074959,43.102451,1.903396,0.000000
71,0.790655,0.011430,34.138539,1.888332,-0.000000
72,0.842646,0.015358,30.143244,1.874564,-0.000000
73,0.820714,0.005739,30.046723,1.876726,-0.000000
74,0.797259,0.021773,37.840719,1.888858,0.000000
75,0.833685,0.000287,28.115833,1.904743,-0.000000
76,0.791959,0.039447,42.215502,1.918839,0.000000
77,0.750765,0.039651,48.669127,1.905577,0.000000
78,0.780992,0.032178,44.270495,1.886387,0.000000
79,0.787093,0.040122,41.488013,1.878173,-0.000000
80,0.772000,0.022277,36.702331,1.876108,-0.000000
81,0.746804,0.045617,33.395112,1.858572,0.000000
82,0.775420,0.019875,41.945642,1.831107,0.000000
83,0.780084,0.012599,33.451219,1.802760,0.000000
84,0.779120,0.053655,36.006094,1.783965,0.000000
85,0.766049,0.046824,31.382471,1.776574,-0.000000
86,0.822976,0.031321,28.299646,1.770830,0.000000
87,0.787616,0.001506,30.102448,1.774940,0.000000
88,0.817801,0.164119,26.461526,1.788122,0.000000
89,0.809847,0.040007,26.882291,1.793371,0.000000
90,0.800488,0.022574,28.797094,1.791034,-0.000000
91,0.819639,0.017432,25.064548,1.796870,0.000000
92,0.814214,0.013439,26.255747,1.808588,-0.000000
93,0.821438,0.024307,23.574263,1.823180,-0.000000
94,0.818213,0.008603,34.821605,1.818662,0.000000
95,0.816728,0.050030,28.926444,1.812333,0.000000
96,0.806553,0.011578,32.837679,1.811329,-0.000000
97,0.817486,0.013101,26.751765,1.814672,-0.000000
98,0.813660,0.093783,28.984559,1.811959,0.000000
99,0.807573,0.076986,20.822893,1.800956,0.000000
100,0.814485,0.014754,27.392967,1.805627,0.000000
101,0.808915,-0.000854,25.700243,1.816325,0.000000
102,0.815633,0.003885,22.859952,1.802151,-0.000000
103,0.811217,0.012603,27.502994,1.781669,-0.000000
104,0.815647,0.009533,23.585330,1.772183,-0.000000
105,0.810799,0.005724,34.389645,1.758710,-0.000000
106,0.817488,0.021346,42.517621,1.759248,-0.000000
107,0.819537,0.011560,43.792502,1.757836,0.000000
108,0.818550,0.000343,33.827613,1.749691,-0.000000
109,0.820778,0.023732,30.659297,1.752580,-0.000000
110,0.815587,0.046634,30.020899,1.732814,0.000000
111,0.815262,0.014433,27.590904,1.733309,-0.000000
112,0.823487,0.000567,29.921151,1.765002,-0.000000
113,0.820780,0.024081,25.478653,1.755031,-0.000000
114,0.817651,0.017567,24.069077,1.716785,-0.000000
115,0.825113,0.025780,30.356130,1.701345,0.000000
116,0.818299,1.110341,23.772454,1.693226,-0.000000
117,0.817746,0.022011,21.608302,1.696764,0.000000
118,0.812278,0.008574,21.813705,1.697645,0.000000
119,0.809137,0.046867,18.622812,1.693236,0.000000
120,0.819509,0.014219,25.598405,1.681477,-0.000000
121,0.820469,0.015248,28.242753,1.685052,-0.000000
122,0.819747,-0.000133,28.117279,1.703340,0.000000
123,0.823493,0.008923,31.595176,1.708992,-0.000000
124,0.824526,-0.003578,27.582739,1.716746,0.000000
125,0.823934,0.008999,37.804800,1.747145,-0.000000
126,0.800659,0.009289,46.657091,1.758630,0.000000
127,0.822855,-0.001375,45.410473,1.775528,-0.000000
128,0.822666,0.002923,38.749357,1.796381,0.000000
129,0.829059,0.003318,44.900216,1.804281,0.000000
130,0.824499,0.001984,39.852924,1.819503,-0.000000
131,0.819711,-0.001707,34.382442,1.826993,0.000000
132,0.822109,0.036334,35.228989,1.838355,0.000000
133,0.825861,0.011499,27.073050,1.849800,-0.000000
134,0.818532,0.000109,26.635782,1.851741,0.000000
135,0.814741,0.003577,43.816297,1.834027,0.000000
136,0.827826,0.001394,44.587794,1.819961,0.000000
137,0.824711,0.048161,40.157412,1.827733,-0.000000
138,0.824004,0.004602,50.971389,1.829914,-0.000000
139,0.827666,0.008980,41.966002,1.831761,0.000000
140,0.826622,0.010738,38.485056,1.848882,0.000000
141,0.820974,0.007439,40.099659,1.845928,-0.000000
142,0.828768,0.026730,42.843871,1.828891,-0.000000
143,0.802181,0.134542,41.049963,1.817212,-0.000000
144,0.829032,0.006560,38.478393,1.814727,-0.000000
145,0.803738,0.060546,43.346391,1.827859,0.000000
146,0.831828,0.008210,39.494848,1.841292,-0.000000
147,0.836529,0.001205,38.569308,1.837390,0.000000
148,0.834830,0.036588,43.669565,1.832751,0.000000
149,0.816546,0.002572,42.839815,1.844665,0.000000
150,0.835772,0.008559,46.457047,1.846992,0.000000
151,0.836442,0.001709,46.028405,1.841070,-0.000000
152,0.823724,0.012229,54.717081,1.849485,-0.000000
153,0.824334,0.011469,43.788647,1.856148,-0.000000
154,0.840163,0.115878,43.868501,1.877261,0.000000
155,0.817565,0.000127,43.426265,1.904300,-0.000000
156,0.822059,0.002707,42.976208,1.918921,0.000000
157,0.838197,0.025275,42.051025,1.920932,-0.000000
158,0.841987,0.085573,43.414685,1.906907,0.000000
159,0.843793,0.062855,44.097480,1.903009,-0.000000
160,0.843298,0.006288,43.545469,1.910714,-0.000000
161,0.836654,0.011750,44.613611,1.902575,-0.000000
162,0.836382,-0.000238,45.504264,1.896878,-0.000000
163,0.804723,0.010703,52.291834,1.908892,0.000000
164,0.822546,0.015027,41.905991,1.918159,-0.000000
165,0.788322,0.101604,49.849893,1.908542,-0.000000
166,0.834278,0.010978,40.420844,1.902016,0.000000
167,0.796586,0.376510,48.947798,1.916842,0.000000
168,0.827751,0.011938,39.689322,1.917459,-0.000000
169,0.780942,0.201978,46.300297,1.897907,0.000000
170,0.812748,0.060527,38.148235,1.881737,0.000000
171,0.818273,0.017252,38.679644,1.869513,0.000000
172,0.790138,0.022781,45.774528,1.853307,-0.000000
173,0.835304,0.019842,37.922871,1.851979,0.000000
174,0.839722,0.020745,39.316791,1.855931,-0.000000
175,0.840800,0.005372,40.947698,1.860349,-0.000000
176,0.838360,0.024101,39.825108,1.876555,-0.000000
177,0.840112,0.015859,40.461286,1.873517,-0.000000
178,0.836619,0.003032,41.212651,1.878729,-0.000000
179,0.840986,0.000827,39.999271,1.863273,0.000000
180,0.846418,0.022727,41.447940,1.849267,-0.000000
181,0.846470,0.088456,43.170420,1.858789,-0.000000
182,0.786262,0.009917,52.966328,1.858193,0.000000
183,0.834616,0.009135,40.816353,1.865085,-0.000000
184,0.818781,0.045386,41.410296,1.871107,0.000000
185,0.703622,0.053836,80.516968,1.860871,0.000000
186,0.789876,-0.004800,44.291797,1.868693,0.000000
187,0.813273,0.013958,32.058051,1.873104,-0.000000
188,0.826307,0.032726,23.553274,1.865685,-0.000000
189,0.820239,0.021306,19.762935,1.859901,-0.000000
190,0.828758,0.037621,20.995466,1.853718,0.000000
191,0.812080,0.032612,15.852027,1.865006,-0.000000
192,0.791171,-0.001622,9.999138,1.874121,-0.000000
193,0.781857,0.055043,20.160042,1.879122,0.000000
194,0.816498,0.155676,13.230962,1.883896,-0.000000
195,0.810624,0.126779,7.994487,1.880216,-0.000000
196,0.812569,0.164746,8.984000,1.863245,0.000000
197,0.809710,0.032265,10.425982,1.855327,-0.000000
198,0.779988,0.004760,39.721098,1.847658,0.000000
199,0.799991,0.172900,23.718507,1.859801,0.000000
200,0.825956,-0.001412,13.932869,1.880363,0.000000
201,0.829381,0.019028,20.357589,1.887794,0.000000
202,0.827197,0.041431,7.965097,1.880825,0.000000
203,0.821776,0.082568,8.931590,1.874654,0.000000
204,0.810503,0.063339,7.416030,1.834366,0.000000
205,0.823325,0.021825,13.637138,1.796043,-0.000000
206,0.829729,0.027640,10.254186,1.788057,0.000000
207,0.831989,0.000830,18.388963,1.804744,0.000000
208,0.835513,0.030338,15.336189,1.799211,-0.000000
209,0.839630,0.015673,12.009665,1.803840,-0.000000
210,0.837346,0.009227,8.094685,1.803162,-0.000000
211,0.835353,-0.001947,14.072519,1.780667,0.000000
212,0.826632,0.008140,8.029610,1.768693,-0.000000
213,0.819701,-0.000536,30.855456,1.766639,0.000000
214,0.824707,0.073389,7.375505,1.764641,-0.000000
215,0.837699,0.040316,13.403698,1.756457,-0.000000
216,0.827630,0.019843,6.873299,1.746197,0.000000
217,0.833534,0.082657,6.370049,1.732258,-0.000000
218,0.845664,0.055446,14.907706,1.723064,0.000000
219,0.845412,0.051049,18.395595,1.716680,0.000000
220,0.841925,0.990907,6.808678,1.698059,0.000000
221,0.849806,0.035347,60.723354,1.680201,-0.000000
222,0.850750,-0.002923,60.370404,1.670916,0.000000
223,0.850427,0.003150,45.080042,1.680129,-0.000000
224,0.812930,0.003883,66.348289,1.682636,-0.000000
225,0.849642,-0.002245,53.280271,1.699074,0.000000
226,0.816770,0.060369,63.991832,1.729134,0.000000
227,0.853646,0.007823,44.859621,1.725297,-0.000000
228,0.843828,0.013742,50.784085,1.710301,-0.000000
229,0.855862,-0.003349,54.690862,1.707367,-0.000000
230,0.855068,0.013390,50.561363,1.716802,0.000000
231,0.841529,-0.000296,48.772026,1.717573,0.000000
232,0.717770,0.085111,73.616728,1.719752,0.000000
233,0.713290,0.048144,53.359041,1.716125,0.000000
234,0.742662,0.014112,47.649736,1.704565,0.000000
235,0.855531,0.103916,30.203307,1.686465,-0.000000
236,0.853460,0.020658,27.260003,1.684139,-0.000000
237,0.833004,0.051558,20.326157,1.677960,-0.000000
238,0.850422,0.272116,16.481025,1.658547,-0.000000
239,0.696085,0.014605,46.986081,1.649228,0.000000
240,0.695983,0.012080,36.787815,1.645763,-0.000000
241,0.811645,0.002825,41.296945,1.651277,0.000000
242,0.839859,0.028944,38.277665,1.648954,0.000000
243,0.853882,0.013221,43.317146,1.648203,-0.000000
244,0.840520,0.002600,43.076191,1.639318,0.000000
245,0.816326,0.008921,46.009763,1.629412,0.000000
246,0.852722,0.006365,41.678541,1.631292,0.000000
247,0.834262,0.051976,41.297388,1.635950,-0.000000
248,0.840019,0.018485,42.235105,1.643887,0.000000
249,0.852973,0.009726,43.263193,1.650519,-0.000000
250,0.858365,0.008425,43.274620,1.661489,0.000000
251,0.855644,0.009910,44.576314,1.662530,0.000000
252,0.856862,-0.001007,43.981844,1.654300,-0.000000
253,0.845263,-0.002173,47.067539,1.654355,-0.000000
254,0.854153,-0.001078,44.808330,1.650504,0.000000
255,0.840805,0.014199,46.210416,1.656767,0.000000
256,0.697374,0.006591,77.979018,1.652753,0.000000
257,0.813358,0.035202,46.645230,1.654000,0.000000
258,0.849801,0.001836,41.498655,1.674862,-0.000000
259,0.856394,0.159711,40.471929,1.687885,-0.000000
260,0.855620,0.075750,44.884786,1.682583,0.000000
261,0.849565,0.091045,37.333655,1.673512,-0.000000
262,0.853812,0.009563,36.727942,1.672309,-0.000000
263,0.780191,0.009463,48.698455,1.686269,0.000000
264,0.850016,0.011509,38.614607,1.693539,-0.000000
265,0.847954,0.002437,42.903455,1.696451,-0.000000
266,0.836108,0.004926,34.938125,1.709967,0.000000
267,0.855343,0.158118,40.740460,1.722897,0.000000
268,0.857318,0.021783,35.245057,1.730230,-0.000000
269,0.857664,0.006722,40.930475,1.739740,0.000000
270,0.856035,0.011828,37.756840,1.761198,-0.000000
271,0.851342,4.757351,35.692982,1.776782,-0.000000
272,0.838033,0.057077,41.228999,1.779390,-0.000000
273,0.852514,0.009967,36.281791,1.767860,0.000000
274,0.854233,0.022382,32.131851,1.753645,0.000000
275,0.856983,0.008298,26.594081,1.740138,-0.000000
276,0.854389,0.026007,24.907747,1.721945,0.000000
277,0.849249,0.021625,21.062278,1.710494,0.000000
278,0.800069,0.063352,40.455543,1.692918,0.000000
279,0.851806,0.029277,30.323852,1.682524,-0.000000
280,0.848048,0.021419,23.107312,1.679254,0.000000
281,0.850974,0.008051,32.189420,1.659180,0.000000
282,0.810287,0.008511,58.020824,1.651016,0.000000
283,0.849969,0.002692,51.026224,1.651634,0.000000
284,0.852637,0.004996,54.843708,1.661846,-0.000000
285,0.746031,0.012536,68.745496,1.675926,0.000000
286,0.728407,0.057174,49.348670,1.673232,-0.000000
287,0.645581,0.073488,29.040292,1.668624,-0.000000
288,0.666658,0.018770,23.782357,1.657016,0.000000
289,0.670106,0.015212,15.387025,1.644321,0.000000
290,0.743252,0.086394,17.085328,1.612561,-0.000000
291,0.756314,0.062880,30.036183,1.581012,-0.000000
292,0.810779,0.018928,46.241308,1.555710,0.000000
293,0.747128,0.026015,25.439438,1.526677,-0.000000
294,0.774412,0.010405,23.702438,1.513521,0.000000
295,0.804551,0.000015,36.805099,1.520682,-0.000000
296,0.798512,0.015198,28.609025,1.538625,0.000000
297,0.814399,0.032355,29.626787,1.549500,0.000000
298,0.817878,0.059831,32.714932,1.551118,0.000000
299,0.844778,0.127194,34.249696,1.553965,-0.000000
300,0.793965,0.003466,30.124360,1.569074,0.000000
301,0.842834,0.017954,30.714082,1.593548,-0.000000
302,0.828846,0.684867,34.933839,1.611680,-0.000000
303,0.846089,0.013629,33.817181,1.631171,0.000000
304,0.847458,0.033873,34.307384,1.646581,-0.000000
305,0.853110,-0.003196,36.129265,1.650136,-0.000000
306,0.852351,0.013234,36.588460,1.649981,0.000000
307,0.850684,0.025314,36.925151,1.640595,0.000000
308,0.851812,0.006985,36.543376,1.645435,-0.000000
309,0.764122,0.005960,75.904400,1.646323,0.000000
310,0.838494,0.041190,38.608661,1.637235,-0.000000
311,0.837302,0.019556,37.292361,1.633403,0.000000
312,0.849820,0.026543,39.289905,1.618124,0.000000
313,0.791659,0.040092,53.774487,1.621937,-0.000000
314,0.732491,0.011119,65.570473,1.628456,0.000000
315,0.813182,0.014284,44.350795,1.637773,-0.000000
316,0.849241,0.012209,36.806037,1.649598,0.000000
317,0.850224,0.007908,36.367874,1.649876,-0.000000
318,0.848431,0.003600,35.316988,1.650698,0.000000
319,0.826847,0.031482,36.559221,1.652529,-0.000000
320,0.845468,0.047900,41.552252,1.644203,0.000000
321,0.849682,0.006060,38.909521,1.627384,-0.000000
322,0.812791,0.030177,54.432571,1.620750,0.000000
323,0.811571,0.001837,54.239582,1.643672,-0.000000
324,0.835467,0.012940,47.005713,1.663905,0.000000
325,0.787572,0.204094,64.233111,1.676117,0.000000
326,0.846697,0.003927,41.222483,1.695780,0.000000
327,0.711843,0.028520,80.842974,1.711491,-0.000000
328,0.712565,0.003245,63.545514,1.714665,0.000000
329,0.778237,1.411103,52.672033,1.716466,-0.000000
330,0.790788,0.019956,43.336777,1.705307,0.000000
331,0.847761,0.050974,33.850349,1.704660,-0.000000
332,0.836989,0.024872,35.235320,1.702128,0.000000
333,0.799894,0.147458,38.195531,1.688825,-0.000000
334,0.846661,0.016688,37.056817,1.677475,-0.000000
335,0.842386,0.030907,34.041747,1.649227,-0.000000
336,0.841040,0.180057,36.560001,1.620464,-0.000000
337,0.742157,-0.005920,57.638907,1.622004,0.000000
338,0.793873,0.133979,35.021406,1.652375,0.000000
339,0.839621,0.028401,32.556367,1.657788,0.000000
340,0.838665,0.022595,35.575960,1.653297,-0.000000
341,0.837506,0.031365,34.770421,1.647626,-0.000000
342,0.836356,0.010442,36.437184,1.633820,-0.000000
343,0.843796,0.073164,33.569180,1.630248,0.000000
344,0.843963,0.003135,43.157464,1.636395,-0.000000
345,0.846407,0.012172,40.259160,1.638541,0.000000
346,0.847376,0.115427,44.654092,1.631525,0.000000
347,0.844685,0.121680,45.989069,1.614569,0.000000
348,0.830424,-0.002079,51.061123,1.615398,-0.000000
349,0.842785,0.166960,49.782879,1.608518,0.000000
350,0.844422,-0.000429,46.440117,1.603574,-0.000000
351,0.843162,0.151839,47.443118,1.588889,-0.000000
352,0.825512,0.238797,47.377280,1.584472,0.000000
353,0.844004,0.001351,43.178432,1.609933,-0.000000
354,0.842240,0.005938,43.975949,1.615765,-0.000000
355,0.847525,-0.000652,37.570653,1.621409,-0.000000
356,0.846993,0.072886,42.841832,1.623935,0.000000
357,0.804654,0.006955,55.447727,1.611929,0.000000
358,0.752504,-0.005288,58.372089,1.600875,-0.000000
359,0.834922,0.048390,38.534204,1.585340,0.000000
360,0.847666,0.003285,39.027984,1.570835,-0.000000
361,0.849730,0.016019,46.758228,1.564537,0.000000
362,0.849813,0.001534,47.127138,1.563518,0.000000
363,0.848342,0.012374,53.130504,1.569814,0.000000
364,0.831237,0.007404,48.658316,1.565538,-0.000000
365,0.849697,0.004098,45.900265,1.566724,0.000000
366,0.848786,0.005088,48.704379,1.575166,0.000000
367,0.850142,0.011495,46.086082,1.586042,-0.000000
368,0.793419,0.017226,70.452884,1.598422,0.000000
369,0.805773,0.023165,55.719437,1.611063,-0.000000
370,0.789114,0.107552,59.444640,1.617709,-0.000000
371,0.844291,0.048302,43.627123,1.629381,0.000000
372,0.833280,0.008013,40.093920,1.629612,-0.000000
373,0.847548,0.003119,36.303256,1.625808,-0.000000
374,0.722011,0.006177,51.619282,1.627161,-0.000000
375,0.799070,0.004683,34.019818,1.643853,-0.000000
376,0.804135,0.009652,28.894446,1.655685,0.000000
377,0.844072,0.099220,30.301184,1.643340,0.000000
378,0.847988,0.025780,25.258525,1.625418,-0.000000
379,0.842995,0.033908,41.414076,1.620294,-0.000000
380,0.825510,0.025227,28.433339,1.609057,0.000000
381,0.843853,0.043924,35.290682,1.590023,-0.000000
382,0.842844,0.006275,34.874925,1.579958,-0.000000
383,0.844002,0.005701,37.464808,1.588985,-0.000000
384,0.846775,0.042179,38.707814,1.598335,-0.000000
385,0.839548,-0.003127,39.387124,1.600516,-0.000000
386,0.843875,-0.000088,37.915419,1.611702,-0.000000
387,0.819241,0.028084,42.958275,1.615159,0.000000
388,0.843180,0.016191,40.461087,1.619444,0.000000
389,0.844526,0.007285,40.353405,1.642185,-0.000000
390,0.842342,0.008533,45.823764,1.651930,-0.000000
391,0.845159,0.008412,42.772150,1.647676,0.000000
392,0.843029,0.015280,42.305879,1.645305,0.000000
393,0.824827,0.629940,42.830945,1.646468,-0.000000
394,0.842586,0.006033,42.337887,1.640857,-0.000000
395,0.837875,0.013802,46.968333,1.639588,-0.000000
396,0.843129,0.002585,44.971476,1.648933,0.000000
397,0.837127,0.013130,47.758231,1.658486,-0.000000
398,0.839920,0.113399,47.012783,1.628970,0.000000
399,0.839551,0.062579,43.956868,1.605731,-0.000000
400,0.796817,0.006596,54.817632,1.601228,-0.000000
401,0.842555,0.006342,43.981471,1.606354,-0.000000
402,0.839125,-0.000610,41.772320,1.622640,0.000000
403,0.840700,0.123499,40.224404,1.633995,-0.000000
404,0.832244,0.022002,40.449708,1.633282,-0.000000
405,0.838015,0.003447,34.698152,1.646442,-0.000000
406,0.777708,0.053466,58.787166,1.635415,-0.000000
407,0.785001,0.004478,51.796151,1.628192,-0.000000
408,0.836838,0.020166,39.825151,1.621766,-0.000000
409,0.835599,0.012355,31.755535,1.606773,-0.000000
410,0.840263,0.009425,30.607798,1.599967,0.000000
411,0.839040,0.035650,34.689365,1.578037,0.000000
412,0.843932,0.007341,27.987584,1.560324,-0.000000
413,0.841374,0.009370,26.515053,1.554944,-0.000000
414,0.815621,0.004052,24.499035,1.553564,-0.000000
415,0.837045,0.007118,29.193834,1.545711,0.000000
416,0.842634,0.001607,30.481678,1.548883,-0.000000
417,0.838929,0.083817,16.015323,1.564645,0.000000
418,0.839350,0.011032,20.862912,1.568754,0.000000
419,0.844882,0.031923,13.665943,1.569273,0.000000
420,0.837475,0.011871,13.080431,1.570147,0.000000
421,0.832569,0.004514,19.524824,1.569496,-0.000000
422,0.838954,0.027884,14.534444,1.553340,-0.000000
423,0.831094,0.226316,17.354183,1.533651,-0.000000
424,0.833296,-0.000002,30.239442,1.519076,-0.000000
425,0.835018,0.002218,36.601714,1.524212,0.000000
426,0.835989,0.074067,38.654230,1.523488,-0.000000
427,0.836660,0.005927,35.786803,1.513012,-0.000000
428,0.831739,-0.000019,36.143441,1.515096,-0.000000
429,0.831621,0.031449,37.494139,1.535440,-0.000000
430,0.839093,-0.000204,38.150083,1.549505,-0.000000
431,0.835367,0.012242,40.178209,1.552703,-0.000000
432,0.834682,0.169097,38.883043,1.546827,-0.000000
433,0.836180,-0.005303,40.586667,1.553149,0.000000
434,0.838247,-0.001882,41.486770,1.586544,0.000000
435,0.837259,-0.001097,43.049496,1.623505,0.000000
436,0.842768,0.045516,40.782254,1.643377,-0.000000
437,0.844003,0.041767,38.062109,1.656698,-0.000000
438,0.835563,0.000397,43.518227,1.666152,0.000000
439,0.835632,0.032776,42.049000,1.669518,0.000000
440,0.834810,-0.000096,39.134045,1.674500,-0.000000
441,0.835842,0.014604,32.064925,1.669748,0.000000
442,0.842235,0.009207,30.647224,1.662526,-0.000000
443,0.840514,0.007807,18.468595,1.677996,0.000000
444,0.837541,0.010824,13.316455,1.698724,0.000000
445,0.843084,-0.001928,20.206483,1.711055,0.000000
446,0.844655,0.005143,24.166828,1.722315,0.000000
447,0.843683,0.010791,25.368840,1.734314,-0.000000
448,0.827805,0.008267,53.609965,1.755697,-0.000000
449,0.847122,0.028520,40.425370,1.757397,0.000000
450,0.845317,0.008470,34.694153,1.759494,0.000000
451,0.844062,0.018145,25.304255,1.761139,0.000000
452,0.847277,0.012417,30.829373,1.757381,0.000000
453,0.847479,0.002680,22.057756,1.767909,0.000000
454,0.852905,0.006369,27.182921,1.766518,-0.000000
455,0.849068,0.001260,13.689985,1.766347,-0.000000
456,0.847423,0.066101,24.782755,1.766588,0.000000
457,0.845301,0.001995,42.275970,1.768998,0.000000
458,0.844265,0.031254,35.466165,1.768049,-0.000000
459,0.852600,0.030893,65.124720,1.764822,0.000000
460,0.851939,0.003105,61.327044,1.767827,0.000000
461,0.833172,0.016152,62.384808,1.773354,0.000000
462,0.768909,0.037135,94.432944,1.763111,0.000000
463,0.834243,0.028272,50.901548,1.743006,-0.000000
464,0.846266,0.033901,47.378276,1.746181,-0.000000
465,0.797691,0.014326,71.420150,1.740205,-0.000000
466,0.807951,0.005250,58.667747,1.731003,0.000000
467,0.746375,0.006298,81.621418,1.719963,0.000000
468,0.794566,0.032818,60.681586,1.706328,0.000000
469,0.739470,0.003153,70.645966,1.701126,-0.000000
470,0.808884,0.097837,48.401662,1.702715,-0.000000
471,0.830096,0.003352,38.920223,1.706550,-0.000000
472,0.847978,0.012447,42.234863,1.705387,0.000000
473,0.831582,0.003977,40.913517,1.700473,0.000000
474,0.826220,0.008507,41.466417,1.694040,-0.000000
475,0.849848,0.003336,43.167523,1.687271,-0.000000
476,0.843182,0.004023,42.950208,1.687997,0.000000
477,0.843502,0.007073,42.678092,1.706996,0.000000
478,0.845883,0.001930,43.628563,1.731648,0.000000
479,0.832304,0.064293,43.779923,1.744933,-0.000000
480,0.845071,0.020870,45.122584,1.746806,-0.000000
481,0.843496,-0.002741,35.229717,1.754506,-0.000000
482,0.836153,0.005975,21.338704,1.755189,-0.000000
483,0.839174,0.008684,23.594015,1.762608,-0.000000
484,0.841414,0.061834,21.533774,1.769699,-0.000000
485,0.844582,0.046012,23.247781,1.758164,0.000000
486,0.845530,0.001500,25.663862,1.750411,-0.000000
487,0.854264,0.405514,46.530147,1.739763,-0.000000
488,0.847720,0.041584,53.671345,1.737527,-0.000000
489,0.850771,0.116582,47.619364,1.733423,0.000000
490,0.831897,0.824628,47.139388,1.734119,0.000000
491,0.810875,-0.006195,52.305409,1.743189,-0.000000
492,0.852171,0.290362,45.797911,1.743163,0.000000
493,0.852826,0.001753,43.962147,1.750440,0.000000
494,0.851560,0.009888,43.147048,1.757278,-0.000000
495,0.854336,0.025721,43.551375,1.758761,-0.000000
496,0.847527,0.004274,44.257974,1.761776,-0.000000
497,0.846483,0.002753,43.658896,1.774491,-0.000000
498,0.778584,0.013103,59.776872,1.805423,-0.000000
499,0.830903,0.010998,38.841899,1.811310,0.000000
500,0.805918,0.010889,44.499259,1.811816,0.000000
501,0.849306,0.007081,42.093572,1.827472,0.000000
502,0.849432,0.003506,43.268887,1.843096,0.000000
503,0.834153,0.016094,43.371818,1.851640,-0.000000
504,0.847337,0.052532,43.966828,1.851239,0.000000
505,0.746779,0.055122,41.799011,1.859958,-0.000000
506,0.799831,0.040400,47.870170,1.857811,-0.000000
507,0.800119,0.007884,45.102292,1.849501,-0.000000
508,0.685512,0.061189,16.524719,1.842195,0.000000
509,0.800400,0.261437,27.010442,1.827654,0.000000
510,0.793834,0.038751,27.568079,1.794864,0.000000
511,0.789780,0.084661,21.988481,1.747835,0.000000
512,0.841348,0.013294,30.155530,1.720624,0.000000
513,0.845065,0.015283,32.223027,1.705330,0.000000
514,0.842807,0.022137,33.114754,1.696833,-0.000000
515,0.824607,0.075482,32.152442,1.691882,0.000000
516,0.819301,0.015887,34.533650,1.695439,-0.000000
517,0.841745,0.005459,34.926914,1.697104,0.000000
518,0.841804,0.009332,33.959932,1.695736,-0.000000
519,0.804743,-0.002423,40.627515,1.694187,-0.000000
520,0.841390,0.020095,36.518805,1.701233,0.000000
521,0.845460,-0.000673,37.731796,1.715332,-0.000000
522,0.847969,0.010606,40.013823,1.727638,-0.000000
523,0.846511,0.006870,39.378717,1.734200,0.000000
524,0.848198,0.483879,38.548127,1.734015,-0.000000
525,0.849680,0.250988,42.439219,1.722420,0.000000
526,0.842144,0.007030,44.191682,1.725751,0.000000
527,0.839941,0.036076,41.814680,1.720277,-0.000000
528,0.805434,0.007135,43.137694,1.710702,-0.000000
529,0.840129,0.004878,38.249383,1.706133,-0.000000
530,0.798682,0.034737,41.904072,1.720806,-0.000000
531,0.842249,0.033017,42.667336,1.734897,-0.000000
532,0.840734,-0.002760,38.736561,1.732960,-0.000000
533,0.844181,-0.001795,40.613549,1.734750,-0.000000
534,0.847477,1.902650,34.997487,1.740103,0.000000
535,0.848650,-0.001216,40.084659,1.758040,-0.000000
536,0.842072,0.000088,38.324693,1.779877,-0.000000
537,0.841488,0.012393,37.808181,1.798930,-0.000000
538,0.844506,0.008158,33.930230,1.808800,0.000000
539,0.840336,0.067250,40.772232,1.811961,-0.000000
540,0.838338,0.021386,40.537404,1.810193,0.000000
541,0.803661,0.003602,31.977053,1.807776,0.000000
542,0.842992,0.179725,19.133136,1.787905,-0.000000
543,0.838386,-0.000101,11.349108,1.771986,0.000000
544,0.834697,0.014878,12.355317,1.764586,0.000000
545,0.829921,0.029487,9.362283,1.743000,0.000000
546,0.832122,0.017833,7.194345,1.707410,0.000000
547,0.825004,0.031506,6.158594,1.672988,-0.000000
548,0.818917,0.562845,5.496141,1.643663,0.000000
549,0.815664,0.067649,5.759327,1.612608,-0.000000
550,0.812662,0.038952,5.044933,1.584446,0.000000
551,0.814696,0.055239,9.634499,1.574739,-0.000000
552,0.815686,0.033767,4.035807,1.558214,-0.000000
553,0.820334,0.024251,9.479805,1.551766,0.000000
554,0.828626,0.022379,15.186972,1.559948,-0.000000
555,0.829473,0.021508,11.951065,1.567995,-0.000000
556,0.821345,0.003255,7.540009,1.579639,-0.000000
557,0.827456,-0.000790,23.264999,1.578114,0.000000
558,0.835825,0.036634,18.078516,1.573832,0.000000
559,0.833618,0.039103,11.539523,1.579335,-0.000000
560,0.837512,-0.007280,17.647048,1.592056,-0.000000
561,0.843085,0.004046,28.320214,1.608889,-0.000000
562,0.847316,0.005061,29.639990,1.613474,0.000000
563,0.852275,0.004728,22.167299,1.618861,-0.000000
564,0.851155,0.005768,39.423224,1.638699,0.000000
565,0.846567,0.004627,21.987140,1.652708,0.000000
566,0.831085,0.003840,33.992848,1.661454,0.000000
567,0.792246,0.169586,59.897351,1.654396,0.000000
568,0.782843,0.002299,54.637644,1.647870,0.000000
569,0.850170,0.000400,25.738948,1.651317,0.000000
570,0.850494,0.070743,44.052919,1.644224,0.000000
571,0.849762,0.030325,37.620572,1.639575,-0.000000
572,0.848839,0.007894,30.410973,1.618422,-0.000000
573,0.830726,0.031230,32.519689,1.606202,-0.000000
574,0.825492,0.045875,32.759927,1.588387,0.000000
575,0.795103,0.013262,37.440044,1.559126,0.000000
576,0.847302,0.015126,34.926324,1.545216,0.000000
577,0.817129,0.008350,44.421367,1.552628,0.000000
578,0.830714,0.010081,32.515854,1.566698,-0.000000
579,0.844300,0.006059,37.552632,1.560806,0.000000
580,0.844047,0.008075,37.711884,1.546810,0.000000
581,0.843567,0.011468,34.173790,1.548053,-0.000000
582,0.839114,0.081300,37.093519,1.547134,-0.000000
583,0.843067,0.055930,35.064242,1.543442,-0.000000
584,0.845145,0.004539,39.012815,1.541227,0.000000
585,0.822182,0.122825,49.464262,1.528693,-0.000000
586,0.850746,0.024405,36.147380,1.500295,-0.000000
587,0.846523,0.008374,38.164339,1.491324,-0.000000
588,0.849436,0.005935,38.899389,1.493660,0.000000
589,0.849615,0.005441,36.690754,1.500804,0.000000
590,0.832370,0.005791,37.644286,1.505284,-0.000000
591,0.832494,0.029219,39.354422,1.517996,0.000000
592,0.835302,-0.005356,37.588057,1.545332,0.000000
593,0.838596,0.021757,38.389446,1.561736,-0.000000
594,0.853174,0.004112,38.397692,1.570242,-0.000000
595,0.852966,0.018100,42.800447,1.579299,0.000000
596,0.855910,-0.000259,42.051415,1.570503,0.000000
597,0.854384,0.029874,41.610283,1.556561,0.000000
598,0.851019,0.002850,37.346595,1.560491,0.000000
599,0.818973,0.009183,47.236514,1.568436,0.000000
600,0.813218,0.010923,53.533197,1.568903,-0.000000
601,0.795460,0.014180,50.537229,1.575296,0.000000
602,0.856600,0.004865,43.029261,1.591320,-0.000000
603,0.859327,0.009971,44.831477,1.597977,0.000000
604,0.856630,0.004053,39.365889,1.611374,0.000000
605,0.857135,0.015224,33.262723,1.636613,0.000000
606,0.855478,0.018521,28.326779,1.635070,0.000000
607,0.851526,0.059867,19.346869,1.619480,-0.000000
608,0.853346,0.026278,23.653537,1.632721,0.000000
609,0.856183,0.011839,32.164742,1.637552,0.000000
610,0.854490,0.036940,32.975574,1.624620,0.000000
611,0.856514,-0.000975,44.122777,1.623467,-0.000000
612,0.861120,-0.001549,36.087720,1.637015,0.000000
613,0.859608,0.001630,33.808120,1.647406,0.000000
614,0.857299,0.043737,43.836519,1.656787,-0.000000
615,0.860273,0.003879,47.385424,1.664206,-0.000000
616,0.859447,0.066507,48.105185,1.667265,0.000000
617,0.842465,-0.004738,55.283673,1.676316,-0.000000
618,0.822255,0.064954,61.079515,1.690722,-0.000000
619,0.855669,0.051460,51.561073,1.702819,-0.000000
620,0.857648,0.008593,47.683231,1.711018,-0.000000
621,0.845298,0.005429,41.267447,1.717217,0.000000
622,0.855516,0.047765,43.201493,1.725574,0.000000
623,0.854561,0.007204,39.817453,1.736173,-0.000000
624,0.841382,-0.000377,43.759437,1.751417,-0.000000
625,0.843721,0.001770,44.132548,1.766721,-0.000000
626,0.855968,0.024701,49.575975,1.778332,0.000000
627,0.856144,0.001420,52.096489,1.792151,-0.000000
628,0.853810,-0.003253,48.825000,1.794171,-0.000000
629,0.845561,0.057706,46.675789,1.799809,0.000000
630,0.853974,0.020305,47.057577,1.800063,-0.000000
631,0.851951,0.003996,46.887431,1.790712,0.000000
632,0.849290,0.057745,45.755797,1.778594,0.000000
633,0.851582,0.012493,43.326765,1.776453,-0.000000
634,0.853023,-0.002117,47.912066,1.777853,-0.000000
635,0.839494,-0.005897,46.485168,1.792399,0.000000
636,0.850999,0.045758,51.184563,1.803590,0.000000
637,0.845178,0.086867,49.984933,1.805086,0.000000
638,0.847404,0.025223,32.282526,1.793263,0.000000
639,0.838863,0.019485,42.537721,1.792852,0.000000
640,0.853890,0.007593,41.153681,1.800275,0.000000
641,0.851009,0.320532,51.795455,1.803817,-0.000000
642,0.851340,0.024006,51.566420,1.801817,-0.000000
643,0.849977,0.034121,48.543798,1.788223,-0.000000
644,0.851850,0.005761,49.495106,1.784113,-0.000000
645,0.847508,0.002220,45.381335,1.787270,-0.000000
646,0.844826,0.048149,45.657909,1.788085,0.000000
647,0.844483,0.058223,43.505196,1.783216,-0.000000
648,0.848039,0.025639,44.805931,1.772918,0.000000
649,0.846006,0.017362,47.298720,1.768069,-0.000000
650,0.841316,0.001598,46.017896,1.781639,-0.000000
651,0.801735,0.289498,54.883130,1.787594,0.000000
652,0.822117,0.007031,31.728372,1.799047,-0.000000
653,0.835697,0.047865,18.502069,1.811967,0.000000
654,0.773163,0.024920,34.305993,1.817292,0.000000
655,0.820282,0.030394,20.332057,1.810728,-0.000000
656,0.835602,0.009634,24.797480,1.792024,-0.000000
657,0.840074,0.007741,28.102265,1.784265,-0.000000
658,0.783505,0.017368,36.500163,1.773176,-0.000000
659,0.779030,0.007611,34.259514,1.758270,0.000000
660,0.794718,0.037066,29.632185,1.745573,-0.000000
661,0.837968,0.039469,36.204790,1.740332,0.000000
662,0.829715,0.016725,30.103426,1.733926,-0.000000
663,0.831547,0.021820,28.881245,1.726428,0.000000
664,0.841237,0.019945,32.194985,1.727074,-0.000000
665,0.840389,0.008903,35.148941,1.727956,-0.000000
666,0.844662,-0.002604,35.617953,1.748716,-0.000000
667,0.843565,-0.003089,40.946683,1.761507,-0.000000
668,0.844617,0.001096,37.562733,1.753684,0.000000
669,0.849267,0.011237,39.735229,1.749356,-0.000000
670,0.846406,0.137207,55.474688,1.743918,-0.000000
671,0.845941,0.004365,48.998523,1.735639,-0.000000
672,0.849880,0.003625,56.285482,1.745626,0.000000
673,0.845011,0.063682,52.222587,1.759275,0.000000
674,0.847095,0.009519,55.105986,1.764374,0.000000
675,0.846692,0.004680,50.133055,1.774508,-0.000000
676,0.843361,-0.002402,49.383797,1.775528,-0.000000
677,0.843534,0.008656,44.749740,1.780752,-0.000000
678,0.825273,0.010174,50.157396,1.802087,-0.000000
679,0.842668,0.014621,49.126132,1.822608,0.000000
680,0.842291,0.030035,43.618936,1.812030,-0.000000
681,0.846444,0.077687,47.822646,1.795990,-0.000000
682,0.845725,0.027710,43.389563,1.795542,-0.000000
683,0.846610,0.178704,43.212327,1.792595,0.000000
684,0.849807,0.017061,43.237906,1.790999,-0.000000
685,0.852407,0.119007,46.623987,1.800615,0.000000
686,0.845521,0.034832,42.177092,1.808958,-0.000000
687,0.847230,0.020462,35.238189,1.827258,0.000000
688,0.847291,0.021539,36.395475,1.838271,-0.000000
689,0.845207,0.029492,47.957588,1.818509,0.000000
690,0.847714,-0.002641,49.714872,1.807038,0.000000
691,0.845447,0.034535,49.395816,1.811237,0.000000
692,0.845791,0.026123,27.858017,1.816424,0.000000
693,0.841823,-0.002183,41.499145,1.825147,0.000000
694,0.806858,0.037327,79.602218,1.832343,-0.000000
695,0.849219,0.172645,42.320493,1.825146,0.000000
696,0.837612,0.002748,58.201300,1.825074,0.000000
697,0.839597,-0.001644,57.349278,1.834696,0.000000
698,0.847795,0.028994,39.112235,1.843519,0.000000
699,0.846580,0.000527,42.313168,1.840892,0.000000
700,0.791177,0.058040,60.012956,1.836615,0.000000
701,0.811694,0.016546,55.516113,1.836296,-0.000000
702,0.854476,0.034596,39.900105,1.850545,0.000000
703,0.850020,0.021306,33.856712,1.865958,0.000000
704,0.793579,0.006691,74.209526,1.862487,0.000000
705,0.854126,0.006460,53.949268,1.861730,-0.000000
706,0.854103,0.039662,54.355586,1.858247,-0.000000
707,0.839213,-0.001887,53.277183,1.866675,0.000000
708,0.822815,0.001796,56.927352,1.868682,0.000000
709,0.822898,0.004086,58.542157,1.870655,-0.000000
710,0.798818,0.001508,60.789266,1.876839,-0.000000
711,0.818105,0.047085,54.506257,1.876258,0.000000
712,0.856035,0.024247,44.390208,1.875941,0.000000
713,0.857607,0.011355,46.072536,1.882504,0.000000
714,0.845066,0.010593,43.067150,1.879311,0.000000
715,0.856140,0.006676,41.527943,1.884287,0.000000
716,0.821311,0.012540,55.551783,1.897520,-0.000000
717,0.858387,0.014786,42.568572,1.887374,0.000000
718,0.859232,0.015521,44.775430,1.883129,-0.000000
719,0.857490,0.044082,51.072524,1.879327,0.000000
720,0.853271,0.022267,46.917292,1.863621,-0.000000
721,0.856608,0.008867,44.259284,1.852364,0.000000
722,0.855880,0.019906,43.569456,1.849689,-0.000000
723,0.856655,0.005859,39.094404,1.854072,0.000000
724,0.820936,0.041438,55.230749,1.862106,0.000000
725,0.837994,0.161986,40.461303,1.874083,-0.000000
726,0.854512,0.025976,41.012503,1.897569,0.000000
727,0.854670,0.001045,40.371126,1.923194,0.000000
728,0.853593,0.026554,43.466373,1.924771,0.000000
729,0.848674,0.010809,42.181538,1.916750,0.000000
730,0.848493,0.110328,32.586020,1.923569,-0.000000
731,0.851811,0.002035,32.064671,1.928995,-0.000000
732,0.807348,0.008252,47.032342,1.944203,0.000000
733,0.805142,0.081089,46.349619,1.938771,0.000000
734,0.775320,0.025453,52.662747,1.919191,0.000000
735,0.818176,0.039626,43.813696,1.913895,-0.000000
736,0.832300,0.023489,37.429901,1.905707,0.000000
737,0.847352,0.090296,43.756624,1.897049,-0.000000
738,0.846619,0.037195,37.248976,1.885250,-0.000000
739,0.835632,0.068305,40.584853,1.872755,0.000000
740,0.852015,0.028869,40.399902,1.862624,0.000000
741,0.846504,0.006028,49.662423,1.865399,0.000000
742,0.847781,0.095367,44.200675,1.876843,-0.000000
743,0.843629,0.144012,42.360717,1.882531,0.000000
744,0.844948,0.028604,37.820421,1.895791,-0.000000
745,0.845706,0.024570,42.471511,1.892695,-0.000000
746,0.842517,0.028065,36.277902,1.874553,-0.000000
747,0.844003,0.076817,29.032330,1.859568,-0.000000
748,0.841515,0.005128,36.841964,1.856023,0.000000
749,0.844502,0.010008,41.952964,1.863084,-0.000000
750,0.843951,0.000138,55.762864,1.873361,0.000000
751,0.846260,0.027253,43.959380,1.892146,-0.000000
752,0.845776,0.006347,52.244745,1.930812,0.000000
753,0.828488,0.026131,49.669032,1.954666,0.000000
754,0.828733,0.040494,47.725499,1.945575,0.000000
755,0.803518,0.009337,58.681845,1.928036,0.000000
756,0.843013,1.723881,35.541943,1.910789,-0.000000
757,0.846954,0.036503,45.524881,1.891967,-0.000000
758,0.831174,0.011242,38.953076,1.879373,-0.000000
759,0.846109,0.027933,37.751408,1.866728,-0.000000
760,0.831598,0.025806,51.978190,1.862572,0.000000
761,0.775445,0.739618,46.969498,1.863968,-0.000000
762,0.799934,0.020676,44.907781,1.845258,0.000000
763,0.846829,0.086724,48.403697,1.828278,-0.000000
764,0.800981,0.052649,43.388569,1.823468,-0.000000
765,0.826601,0.017373,41.432694,1.818135,-0.000000
766,0.843731,0.021786,38.802141,1.805664,0.000000
767,0.844046,0.007690,41.894334,1.811862,0.000000
768,0.828514,0.012900,45.930731,1.828342,-0.000000
769,0.792639,0.038771,47.529389,1.830826,0.000000
770,0.830970,0.005941,44.673739,1.829345,0.000000
771,0.846978,0.219430,44.417413,1.836482,-0.000000
772,0.847732,0.041159,37.367581,1.830535,-0.000000
773,0.848071,0.015614,44.219241,1.831089,0.000000
774,0.846396,0.004471,46.286778,1.830139,0.000000
775,0.847835,0.142676,41.532363,1.819081,0.000000
776,0.847936,0.002483,41.448609,1.798678,0.000000
777,0.845873,0.000425,32.808470,1.801614,0.000000
778,0.844794,0.022462,38.405574,1.826546,0.000000
779,0.844604,0.175875,31.388180,1.845624,0.000000
780,0.813608,0.085159,47.725747,1.838267,0.000000
781,0.829361,-0.002144,34.398169,1.831018,0.000000
782,0.845366,0.009833,31.193546,1.843465,0.000000
783,0.845970,0.492308,29.963385,1.849251,0.000000
784,0.828114,0.019240,32.814518,1.852967,0.000000
785,0.846184,0.004373,26.608632,1.855489,0.000000
786,0.827751,0.018140,28.319063,1.872645,0.000000
787,0.841990,-0.002929,31.326410,1.884205,0.000000
788,0.842576,0.018362,28.164706,1.884683,0.000000
789,0.840196,0.222807,26.177189,1.881896,-0.000000
790,0.831085,0.038720,32.964262,1.892813,0.000000
791,0.841161,0.009614,33.911852,1.899307,0.000000
792,0.840770,0.005911,40.173658,1.899867,0.000000
793,0.838118,-0.005463,40.255945,1.905915,0.000000
794,0.840821,0.010718,54.815655,1.911995,-0.000000
795,0.839348,-0.001007,50.962840,1.923849,0.000000
796,0.842094,0.017312,52.192456,1.933704,0.000000
797,0.838068,0.019566,46.067792,1.929877,-0.000000
798,0.837207,0.022591,45.458951,1.936897,-0.000000
799,0.809142,0.549771,37.689488,1.939948,-0.000000
800,0.814491,0.004741,41.795936,1.933920,-0.000000
801,0.831524,0.002026,42.969136,1.913770,-0.000000
802,0.794733,0.027713,54.741213,1.895981,0.000000
803,0.822532,0.039607,36.018395,1.888800,-0.000000
804,0.837699,0.030604,39.518369,1.871880,0.000000
805,0.839610,0.026089,15.543419,1.849080,-0.000000
806,0.838322,0.067411,15.667027,1.838205,-0.000000
807,0.837694,0.047266,13.307932,1.831581,0.000000
808,0.835872,0.018347,22.931582,1.820988,0.000000
809,0.837215,0.021476,26.687942,1.817481,0.000000
810,0.834027,0.058821,29.554206,1.795415,-0.000000
811,0.836634,0.136764,32.522983,1.785502,0.000000
812,0.837958,0.018958,29.909770,1.792682,-0.000000
813,0.838772,0.025321,28.969892,1.789381,0.000000
814,0.830157,0.001297,38.812514,1.777539,-0.000000
815,0.835190,0.007257,38.702065,1.755918,0.000000
816,0.838048,0.002231,41.367976,1.752216,-0.000000
817,0.840270,0.008992,41.167646,1.764714,0.000000
818,0.829581,0.079091,31.695563,1.779657,-0.000000
819,0.836530,0.015868,24.716609,1.779623,0.000000
820,0.834951,0.006175,32.845141,1.764904,-0.000000
821,0.833912,0.008468,32.349260,1.761669,-0.000000
822,0.786420,0.004753,49.765946,1.774591,0.000000
823,0.805004,0.046963,50.526960,1.780875,-0.000000
824,0.835311,-0.002286,38.278037,1.779135,-0.000000
825,0.842693,0.039583,37.387987,1.775352,0.000000
826,0.840192,0.005831,37.796506,1.791191,0.000000
827,0.839849,0.007461,37.619962,1.798468,-0.000000
828,0.834491,0.003593,40.545366,1.792290,-0.000000
829,0.834967,0.028667,38.616531,1.778041,0.000000
830,0.814630,0.083499,35.637576,1.766379,0.000000
831,0.836024,0.175680,39.025602,1.759363,0.000000
832,0.838937,0.004988,41.838399,1.750127,-0.000000
833,0.839172,0.035307,40.746308,1.734690,-0.000000
834,0.832218,0.005030,40.683445,1.725266,0.000000
835,0.799092,0.009971,48.714706,1.729810,-0.000000
836,0.837562,0.441129,38.234206,1.734690,0.000000
837,0.840737,0.019694,35.592990,1.729079,0.000000
838,0.837318,0.003389,28.656483,1.745699,0.000000
839,0.841976,0.045413,24.832284,1.773922,0.000000
840,0.809963,0.011343,33.986999,1.779126,0.000000
841,0.797241,-0.002638,31.735483,1.783255,0.000000
842,0.842652,0.012127,26.015749,1.786273,-0.000000
843,0.840764,0.062934,28.316591,1.772712,-0.000000
844,0.825370,-0.002859,30.469735,1.761465,-0.000000
845,0.842362,0.104985,30.912540,1.750707,0.000000
846,0.849163,0.743674,42.317330,1.734791,0.000000
847,0.844363,0.002304,40.572993,1.748573,-0.000000
848,0.844158,0.094958,38.716886,1.775097,0.000000
849,0.845530,0.013384,50.794386,1.785594,0.000000
850,0.842848,0.002793,44.079567,1.795091,0.000000
851,0.845103,-0.000622,42.084303,1.821585,0.000000
852,0.844440,0.020057,35.183281,1.834901,0.000000
853,0.845502,0.031461,38.807495,1.830345,0.000000
854,0.843125,0.019762,23.480685,1.820971,-0.000000
855,0.843361,0.035789,11.774847,1.807471,-0.000000
856,0.833143,0.025115,12.616363,1.795542,0.000000
857,0.843708,0.006818,14.212429,1.782372,-0.000000
858,0.835950,0.033925,24.644104,1.767518,-0.000000
859,0.838267,0.198715,27.451448,1.750905,0.000000
860,0.833891,0.080135,22.947559,1.732578,0.000000
861,0.838901,0.043763,14.036291,1.712151,-0.000000
862,0.837593,0.010538,22.456593,1.696964,0.000000
863,0.827171,0.008014,25.472542,1.676321,0.000000
864,0.838062,0.003476,25.882941,1.666588,0.000000
865,0.830391,-0.002160,27.637030,1.673706,-0.000000
866,0.841684,0.002417,47.686399,1.690558,0.000000
867,0.838268,0.012759,48.663199,1.706068,-0.000000
868,0.841315,0.037141,34.286471,1.723269,0.000000
869,0.840369,0.025961,28.374932,1.736521,0.000000
870,0.842244,0.039648,24.710169,1.744273,0.000000
871,0.844038,0.009619,36.569606,1.743851,0.000000
872,0.845832,0.001236,56.593583,1.744426,0.000000
873,0.846689,0.003892,46.387465,1.729625,0.000000
874,0.824598,-0.003946,47.796498,1.724618,0.000000
875,0.842224,0.006587,25.082172,1.736790,0.000000
876,0.844087,0.008066,42.987870,1.728890,0.000000
877,0.843647,0.014867,29.584118,1.721887,-0.000000
878,0.837702,0.010395,23.658224,1.709799,-0.000000
879,0.798584,0.017247,49.444430,1.706858,-0.000000
880,0.837404,0.050535,36.332497,1.707988,-0.000000
881,0.841704,0.007873,19.716067,1.707843,-0.000000
882,0.836232,0.014669,23.551415,1.710517,-0.000000
883,0.843294,0.006875,9.891757,1.712214,-0.000000
884,0.841101,0.002886,44.411543,1.723585,-0.000000
885,0.840999,0.040516,54.113903,1.725239,-0.000000
886,0.843326,-0.003100,57.950749,1.719065,0.000000
887,0.806872,0.023453,56.139743,1.725577,0.000000
888,0.796205,0.006204,47.279403,1.718846,0.000000
889,0.847000,0.022917,41.857535,1.714142,-0.000000
890,0.840547,0.002957,43.865808,1.708874,-0.000000
891,0.835074,0.094829,50.327949,1.709539,0.000000
892,0.846008,0.002006,49.386027,1.715027,0.000000
893,0.844787,0.012899,50.001903,1.712021,0.000000
894,0.852484,0.005226,48.336720,1.712363,-0.000000
895,0.847408,0.103849,48.105044,1.733946,0.000000
896,0.844606,-0.000544,47.178924,1.740003,-0.000000
897,0.847264,0.120894,38.028411,1.737338,0.000000
898,0.834815,0.165346,43.664969,1.724688,-0.000000
899,0.845485,0.014805,29.967211,1.705579,0.000000
900,0.844653,0.008120,33.605277,1.696352,0.000000
901,0.826351,0.018949,35.228917,1.692464,-0.000000
902,0.842313,0.007621,21.765964,1.679019,-0.000000
903,0.846330,0.011894,36.836681,1.666232,-0.000000
904,0.827944,0.017693,44.242860,1.668408,0.000000
905,0.850950,0.112518,46.835154,1.668410,0.000000
906,0.849748,0.005470,51.457691,1.684271,-0.000000
907,0.850267,0.020231,45.696489,1.699514,-0.000000
908,0.846859,0.001335,43.839445,1.715649,-0.000000
909,0.845195,0.037975,43.965225,1.730062,0.000000
910,0.810126,-0.004353,46.715308,1.741535,-0.000000
911,0.842883,0.012672,38.390434,1.755983,0.000000
912,0.834956,0.010558,38.706671,1.764446,0.000000
913,0.842841,0.111230,36.301690,1.757130,-0.000000
914,0.834696,0.096643,30.761925,1.746825,-0.000000
915,0.849848,0.024802,40.178915,1.765599,0.000000
916,0.836655,0.008575,29.392665,1.768298,0.000000
917,0.848069,0.036224,26.903338,1.761013,0.000000
918,0.835288,0.009559,25.191851,1.761112,0.000000
919,0.838730,0.043062,27.530111,1.755439,0.000000
920,0.828904,0.010045,31.902353,1.742233,0.000000
921,0.832642,0.008932,32.503904,1.739123,-0.000000
922,0.847314,0.008104,47.691604,1.728752,-0.000000
923,0.850490,0.016119,43.164395,1.722910,-0.000000
924,0.828651,0.006152,30.410662,1.716734,0.000000
925,0.847646,0.066878,26.900296,1.700671,0.000000
926,0.846350,0.001700,30.739515,1.695015,-0.000000
927,0.832404,0.014572,36.365126,1.725814,-0.000000
928,0.845765,0.019711,38.449453,1.767055,0.000000
929,0.844791,0.016070,53.447395,1.775690,-0.000000
930,0.842778,-0.000865,48.570214,1.772515,-0.000000
931,0.839898,0.002694,34.032846,1.769913,-0.000000
932,0.843194,0.008477,43.874894,1.767985,0.000000
933,0.842499,0.004429,45.981806,1.761565,-0.000000
934,0.840651,0.005796,46.098026,1.741067,0.000000
935,0.818516,0.061117,42.424773,1.722072,0.000000
936,0.834293,0.001510,33.535755,1.715950,0.000000
937,0.837173,0.020247,45.677436,1.720441,-0.000000
938,0.832996,0.009325,50.070379,1.718236,0.000000
939,0.833948,0.007590,43.223477,1.718938,-0.000000
940,0.815351,0.010301,36.457451,1.719529,-0.000000
941,0.833548,0.007740,44.674945,1.729070,0.000000
942,0.837908,0.003130,47.717758,1.728922,-0.000000
943,0.834716,0.085715,43.642936,1.720815,-0.000000
944,0.804263,0.053197,46.289786,1.719587,-0.000000
945,0.827661,0.152982,46.345184,1.719577,0.000000
946,0.830647,0.022765,42.682424,1.718187,-0.000000
947,0.831215,0.004011,33.843258,1.723212,0.000000
948,0.832601,0.008021,42.618912,1.734792,0.000000
949,0.829219,0.006326,40.643653,1.736767,0.000000
950,0.830069,0.049711,33.823901,1.736831,-0.000000
951,0.832827,0.011707,21.618129,1.735931,0.000000
952,0.831050,0.004078,25.943859,1.738777,0.000000
953,0.836509,0.008468,17.992675,1.722211,0.000000
954,0.827311,0.011952,22.425729,1.698290,-0.000000
955,0.835131,0.004863,19.946766,1.684091,0.000000
956,0.835336,0.005450,23.685231,1.671604,0.000000
957,0.838794,0.006071,37.382365,1.670905,-0.000000
958,0.840116,0.005557,46.911249,1.686374,0.000000
959,0.835876,0.019202,50.163112,1.689720,0.000000
960,0.841727,0.167395,48.488619,1.692835,0.000000
961,0.841715,0.004688,45.512064,1.693502,0.000000
962,0.836839,0.044630,41.313955,1.694018,-0.000000
963,0.835977,-0.004125,44.035048,1.701519,-0.000000
964,0.837490,0.012835,43.289095,1.726202,-0.000000
965,0.839600,0.026641,42.827207,1.744437,0.000000
966,0.785783,0.007733,59.339010,1.760396,0.000000
967,0.836178,0.012172,42.937243,1.758801,0.000000
968,0.832120,0.005990,44.639678,1.764190,-0.000000
969,0.735725,0.028886,63.906184,1.765164,0.000000
970,0.822506,0.004404,42.581322,1.744987,0.000000
971,0.716398,0.055532,41.094074,1.737128,-0.000000
972,0.689584,0.016124,23.486098,1.740372,-0.000000
973,0.779325,0.204074,26.756064,1.741871,0.000000
974,0.778849,0.016639,31.341932,1.726655,0.000000
975,0.831445,0.018441,35.547294,1.720195,0.000000
976,0.827392,0.017415,33.687221,1.732867,-0.000000
977,0.830150,0.001237,33.958527,1.728097,0.000000
978,0.803641,0.009624,30.916708,1.723147,-0.000000
979,0.768676,0.028816,28.872150,1.723463,0.000000
980,0.806794,0.002693,29.338763,1.729761,0.000000
981,0.807592,0.054201,33.349878,1.722788,0.000000
982,0.827750,0.016603,35.131923,1.697631,0.000000
983,0.826028,0.001548,32.225268,1.693214,-0.000000
984,0.823467,0.010268,35.268115,1.697106,0.000000
985,0.832215,0.002281,32.208312,1.677652,0.000000
986,0.830641,0.004373,34.038669,1.670167,-0.000000
987,0.829574,0.019730,45.545491,1.679003,0.000000
988,0.827390,0.010404,36.675839,1.687536,-0.000000
989,0.822741,-0.001107,36.774466,1.696743,-0.000000
990,0.823762,0.012480,39.249239,1.701396,-0.000000
991,0.831644,0.004657,44.423470,1.701873,0.000000
992,0.833011,0.003194,51.155597,1.701808,-0.000000
993,0.827676,0.003301,51.320119,1.706249,-0.000000
994,0.828023,0.174257,49.359170,1.710644,-0.000000
995,0.824786,0.030793,41.353712,1.729074,-0.000000
996,0.828760,0.012733,46.498446,1.738644,-0.000000
997,0.828867,0.020227,46.039711,1.754235,0.000000
998,0.828306,0.117789,41.618905,1.766463,0.000000
999,0.825012,0.013749,40.217133,1.754505,-0.000000
1000,0.827300,0.017316,30.526401,1.752452,0.000000
1001,0.825656,0.090838,31.918669,1.747101,0.000000
1002,0.822191,0.016487,28.091656,1.735958,-0.000000
1003,0.822264,-0.000562,30.645727,1.733426,-0.000000
1004,0.823000,0.083112,31.511185,1.729594,0.000000
1005,0.826262,0.004810,30.040800,1.727029,0.000000
1006,0.818284,0.012060,31.372473,1.724929,0.000000
1007,0.825879,0.020418,28.846245,1.700590,-0.000000
1008,0.823754,0.005293,27.619259,1.697079,0.000000
1009,0.821057,0.002536,28.525351,1.706043,-0.000000
1010,0.828819,0.018440,30.310126,1.688956,-0.000000
1011,0.820745,-0.004696,27.242557,1.681615,-0.000000
1012,0.820617,0.002892,33.935866,1.698890,-0.000000
1013,0.818689,-0.001242,35.436933,1.713904,-0.000000
1014,0.821496,0.139634,33.666834,1.707460,0.000000
1015,0.828696,0.010996,30.736145,1.699684,0.000000
1016,0.828885,0.003229,41.558089,1.711063,0.000000
1017,0.823101,0.068526,37.874216,1.721067,-0.000000
1018,0.823259,0.007748,30.293596,1.724113,-0.000000
1019,0.825731,0.002838,31.616842,1.726774,0.000000
1020,0.822257,0.476256,33.207425,1.730638,-0.000000
1021,0.830968,0.001821,28.913733,1.728677,0.000000
1022,0.830090,0.003966,29.945025,1.736307,0.000000
1023,0.831882,0.027742,29.953770,1.742506,-0.000000
1024,0.827963,0.006831,30.137851,1.735728,-0.000000
1025,0.826936,0.023414,29.082248,1.718960,0.000000
1026,0.828039,0.044722,25.907704,1.710067,-0.000000
1027,0.831872,0.002626,22.320999,1.710605,0.000000
1028,0.815708,0.033034,25.296804,1.718932,-0.000000
1029,0.827804,0.054771,25.686523,1.711959,0.000000
1030,0.810426,0.025696,29.191339,1.701847,0.000000
1031,0.811783,0.060319,28.193309,1.713661,0.000000
1032,0.808467,0.001277,27.936771,1.716400,0.000000
1033,0.740756,0.002970,45.092199,1.729072,-0.000000
1034,0.824881,0.003088,24.288967,1.743307,-0.000000
1035,0.800837,0.054480,29.226244,1.756641,0.000000
1036,0.827250,-0.002906,33.275738,1.767132,-0.000000
1037,0.823533,0.021583,29.878073,1.765182,-0.000000
1038,0.822099,0.158483,44.231559,1.760722,0.000000
1039,0.825226,-0.004579,37.122728,1.771138,-0.000000
1040,0.828642,-0.003314,51.323656,1.788812,0.000000
1041,0.828225,0.006382,44.319106,1.801440,0.000000
1042,0.829664,0.019475,41.516344,1.813255,0.000000
1043,0.814280,0.055706,39.746606,1.827996,-0.000000
1044,0.827056,0.001211,38.561033,1.839216,-0.000000
1045,0.819425,0.661054,36.261384,1.842273,-0.000000
1046,0.825330,0.029506,30.202089,1.826726,0.000000
1047,0.817464,0.011651,39.100839,1.825580,0.000000
1048,0.798273,0.026459,37.211573,1.826439,-0.000000
1049,0.796421,0.007623,38.811983,1.813050,-0.000000
1050,0.819356,0.013851,38.024258,1.813553,0.000000
1051,0.825671,0.007817,37.076400,1.804710,-0.000000
1052,0.819203,0.000622,26.147615,1.797110,0.000000
1053,0.788616,0.017986,23.782212,1.809700,-0.000000
1054,0.817991,0.006824,22.706709,1.812627,-0.000000
1055,0.826935,-0.002420,31.731688,1.824590,0.000000
1056,0.827658,0.004881,26.115234,1.837189,0.000000
1057,0.824189,0.073632,35.643482,1.824141,-0.000000
1058,0.834353,0.003166,44.579986,1.810944,0.000000
1059,0.829375,0.034014,42.755930,1.816701,0.000000
1060,0.826736,0.013134,38.322158,1.822305,0.000000
1061,0.821435,0.008188,32.356060,1.826209,0.000000
1062,0.826534,0.027187,50.703479,1.837132,-0.000000
1063,0.828129,0.331090,50.521602,1.827825,0.000000
1064,0.823642,0.042630,44.441472,1.820444,0.000000
1065,0.774153,0.177213,49.389362,1.832371,0.000000
1066,0.775280,0.065063,48.904492,1.838796,-0.000000
1067,0.777153,0.040742,29.479650,1.840621,0.000000
1068,0.832688,0.019738,29.296526,1.835962,0.000000
1069,0.826893,0.096413,32.474637,1.816698,0.000000
1070,0.829842,0.070226,34.826520,1.772429,0.000000
1071,0.833173,0.010654,32.797331,1.747464,0.000000
1072,0.835527,0.008069,31.858297,1.754892,0.000000
1073,0.838256,0.009061,48.278367,1.757953,0.000000
1074,0.832369,0.057024,44.190755,1.753014,-0.000000
1075,0.838515,0.006207,51.004670,1.767706,0.000000
1076,0.838632,0.046317,48.829496,1.781501,0.000000
1077,0.815006,-0.004339,35.948453,1.781543,-0.000000
1078,0.842209,0.040881,39.713407,1.776898,0.000000
1079,0.844269,0.029744,56.740258,1.769715,0.000000
1080,0.842823,-0.001451,52.596700,1.770929,-0.000000
1081,0.842679,0.040306,51.176314,1.775871,0.000000
1082,0.835954,0.075066,47.271474,1.758006,0.000000
1083,0.835391,0.047064,42.992778,1.752327,-0.000000
1084,0.797808,0.034776,57.046149,1.754268,-0.000000
1085,0.840935,0.003486,44.491452,1.763391,0.000000
1086,0.842914,0.017464,36.645561,1.781293,-0.000000
1087,0.838461,0.020287,40.550382,1.778237,0.000000
1088,0.822237,0.057766,34.421053,1.775849,-0.000000
1089,0.840566,0.011574,33.200189,1.774759,-0.000000
1090,0.842589,0.034611,44.920826,1.784287,-0.000000
1091,0.840132,0.010675,45.737031,1.790731,0.000000
1092,0.837842,0.021609,47.166530,1.792152,0.000000
1093,0.836380,-0.004278,43.122879,1.798257,0.000000
1094,0.828460,0.011218,52.789175,1.801256,0.000000
1095,0.830736,0.016561,40.512512,1.804741,0.000000
1096,0.828865,0.002887,39.603868,1.814053,-0.000000
1097,0.829865,0.348144,34.057422,1.827627,-0.000000
1098,0.808612,0.018416,39.738749,1.838761,0.000000
1099,0.826307,0.022366,46.457207,1.860315,0.000000
1100,0.826368,0.021789,26.262693,1.877321,-0.000000
1101,0.831534,0.000557,32.071523,1.872724,-0.000000
1102,0.834054,0.001260,28.834390,1.876528,-0.000000
1103,0.834908,0.001322,40.498651,1.888395,0.000000
1104,0.831119,0.017339,39.457086,1.892338,0.000000
1105,0.830806,0.009757,45.055053,1.894341,-0.000000
1106,0.837236,0.021660,44.175767,1.889163,0.000000
1107,0.827057,0.017240,44.545343,1.878546,0.000000
1108,0.830347,0.077636,39.024184,1.885267,-0.000000
1109,0.829960,0.034371,39.163286,1.893484,0.000000
1110,0.827012,0.075043,32.012260,1.869590,0.000000
1111,0.807068,0.011940,40.996359,1.868700,-0.000000
1112,0.822384,0.025180,42.105186,1.880550,0.000000
1113,0.822731,0.026764,39.286813,1.873165,-0.000000
1114,0.820844,0.013230,43.382231,1.866635,0.000000
1115,0.823779,0.017634,44.378960,1.882452,0.000000
1116,0.822177,0.004055,47.206745,1.888711,0.000000
1117,0.817428,0.047518,37.663707,1.880242,-0.000000
1118,0.816978,0.010733,38.151904,1.881190,0.000000
1119,0.793587,0.008871,32.894554,1.882129,0.000000
1120,0.814320,0.301747,37.758221,1.884811,-0.000000
1121,0.813887,0.036979,29.855060,1.892827,0.000000
1122,0.809526,0.038508,41.166076,1.893147,0.000000
1123,0.811720,0.044024,32.845391,1.881601,0.000000
1124,0.808854,0.055161,30.860850,1.888610,-0.000000
1125,0.812956,0.190344,47.791556,1.903968,0.000000
1126,0.809844,0.052474,37.169081,1.916818,0.000000
1127,0.804884,0.024541,37.562490,1.917162,0.000000
1128,0.804357,0.041524,32.821247,1.904927,-0.000000
1129,0.776044,0.022680,47.631672,1.890277,0.000000
1130,0.808240,0.001917,45.728435,1.906135,0.000000
1131,0.807282,0.014589,42.101217,1.929519,-0.000000
1132,0.783471,0.026952,36.243520,1.943553,-0.000000
1133,0.808670,0.053267,35.836138,1.936076,-0.000000
1134,0.811649,0.034139,38.422000,1.916227,-0.000000
1135,0.806342,0.021625,40.054399,1.915559,0.000000
1136,0.808933,0.098833,39.219574,1.923625,0.000000
1137,0.812141,0.050830,37.477880,1.909369,0.000000
1138,0.813087,0.019480,33.686034,1.895659,0.000000
1139,0.775152,0.043274,25.559147,1.893960,0.000000
1140,0.650799,0.253174,38.599684,1.885856,0.000000
1141,0.657321,1.867201,34.405975,1.884018,0.000000
1142,0.762697,0.015636,26.144178,1.879573,0.000000
1143,0.763780,0.022624,17.827514,1.858141,0.000000
1144,0.671622,0.016584,12.973941,1.822354,-0.000000
1145,0.702280,0.365623,16.319348,1.792326,-0.000000
1146,0.623983,0.087515,5.629812,1.776120,0.000000
1147,0.611283,0.025144,3.103432,1.749144,0.000000
1148,0.597964,0.069983,5.663039,1.712069,0.000000
1149,0.602466,0.027309,2.704245,1.690060,-0.000000
1150,0.672185,0.004488,8.935244,1.686911,0.000000
1151,0.661938,0.046777,5.740518,1.675519,-0.000000
1152,0.704594,0.007234,8.817934,1.661408,-0.000000
1153,0.682763,0.033770,6.029995,1.650032,0.000000
1154,0.721827,0.006024,7.904185,1.628446,0.000000
1155,0.716503,0.032468,7.022689,1.598835,0.000000
1156,0.796158,0.067491,15.883044,1.585802,-0.000000
1157,0.736606,0.007168,11.140786,1.572533,0.000000
1158,0.779582,0.010249,15.293283,1.548645,0.000000
1159,0.776872,0.011459,18.339612,1.527193,0.000000
1160,0.790035,0.022789,19.638540,1.525226,0.000000
1161,0.778575,0.025030,23.989742,1.521634,0.000000
1162,0.766538,0.005662,21.882899,1.514828,-0.000000
1163,0.744570,0.004726,21.633167,1.520754,-0.000000
1164,0.756950,0.006667,21.995018,1.523771,0.000000
1165,0.728795,0.002450,21.251960,1.523119,0.000000
1166,0.734457,0.041957,13.326800,1.515581,-0.000000
1167,0.779824,-0.000459,19.798615,1.523153,0.000000
1168,0.776175,0.033755,23.142683,1.542077,0.000000
1169,0.776411,0.005190,18.730300,1.550189,-0.000000
1170,0.778716,0.009308,19.298929,1.561618,-0.000000
1171,0.784984,-0.002368,18.342603,1.579625,-0.000000
1172,0.768652,0.016671,12.022610,1.588641,-0.000000
1173,0.779115,0.072218,15.270096,1.585268,0.000000
1174,0.774513,-0.002448,10.723882,1.601936,0.000000
1175,0.777367,0.004235,10.991423,1.617546,-0.000000
1176,0.773356,0.002957,10.224952,1.621185,0.000000
1177,0.760547,0.034155,9.984397,1.615598,0.000000
1178,0.760551,0.009752,9.708024,1.609958,-0.000000
1179,0.773395,0.008028,13.233403,1.610812,-0.000000
1180,0.771022,0.021227,9.732393,1.622990,0.000000
1181,0.767903,0.008777,16.216739,1.639493,-0.000000
1182,0.770945,0.015599,16.624690,1.646825,0.000000
1183,0.764136,0.032090,13.310136,1.650205,-0.000000
1184,0.751568,0.069058,12.287659,1.648365,-0.000000
1185,0.748213,0.014211,9.231123,1.652174,0.000000
1186,0.744074,0.024577,11.798432,1.662728,-0.000000
1187,0.748188,0.030927,9.267030,1.669843,-0.000000
1188,0.743807,0.009516,7.995546,1.675014,0.000000
1189,0.732704,0.036765,8.587399,1.661667,0.000000
1190,0.710792,0.167525,6.864062,1.629546,0.000000
1191,0.714487,0.042779,7.446117,1.612546,-0.000000
1192,0.731379,0.018328,6.012214,1.605605,-0.000000
1193,0.729960,0.068407,6.943366,1.598649,-0.000000
1194,0.731051,0.025227,3.496587,1.577941,0.000000
1195,0.726764,0.006929,4.271296,1.552576,0.000000
1196,0.731096,0.004438,6.093468,1.544209,0.000000
1197,0.734635,0.004472,4.413142,1.552106,-0.000000
1198,0.734747,0.002613,3.602988,1.573669,-0.000000
1199,0.730286,0.065212,3.421303,1.579698,-0.000000
1200,0.711397,0.007207,1.438733,1.566536,-0.000000
1201,0.725926,-0.002516,3.084507,1.566428,0.000000
1202,0.740942,0.015566,4.901826,1.585419,-0.000000
1203,0.742203,0.009379,5.049497,1.584497,0.000000
1204,0.741074,0.014417,3.820229,1.574436,-0.000000
1205,0.755132,0.037103,4.459253,1.561887,0.000000
1206,0.752676,0.009599,5.667058,1.540520,0.000000
1207,0.760750,0.008037,2.555551,1.540560,0.000000
1208,0.761139,0.003949,4.793177,1.525347,0.000000
1209,0.746860,0.059769,1.928705,1.502729,-0.000000
1210,0.764782,0.001057,4.770454,1.498079,-0.000000
1211,0.768329,0.000803,4.293897,1.489814,0.000000
1212,0.766613,-0.003139,2.000381,1.497497,-0.000000
1213,0.779082,0.015859,8.211582,1.512205,-0.000000
1214,0.787485,0.058776,16.491396,1.514789,-0.000000
1215,0.782647,0.001853,4.691128,1.532779,-0.000000
1216,0.774349,0.237821,2.464690,1.529594,0.000000
1217,0.768574,0.020858,0.974270,1.476025,0.000000
1218,0.781464,0.000539,5.441849,1.437594,0.000000
1219,0.763204,0.273358,1.235163,1.414867,-0.000000
1220,0.767134,0.039208,2.780681,1.390808,0.000000
1221,0.795789,0.034484,13.716995,1.379886,-0.000000
1222,0.804888,0.016418,16.581913,1.371683,0.000000
1223,0.808195,0.000640,10.210720,1.375951,-0.000000
1224,0.805618,0.002468,7.420938,1.384447,0.000000
1225,0.808314,0.004909,5.421618,1.383278,0.000000
1226,0.808556,0.015257,4.833643,1.388042,-0.000000
1227,0.807461,0.023771,4.121066,1.398800,-0.000000
1228,0.810767,-0.005374,6.941304,1.398310,0.000000
1229,0.811029,0.006062,4.646843,1.416553,-0.000000
1230,0.806641,0.059256,4.948712,1.429116,-0.000000
1231,0.818158,0.009126,12.420914,1.440836,0.000000
1232,0.817410,-0.000855,9.013877,1.445336,-0.000000
1233,0.820478,0.005160,10.380322,1.448927,0.000000
1234,0.815427,-0.002545,2.110505,1.444109,-0.000000
1235,0.825250,-0.003558,15.369140,1.440495,0.000000
1236,0.818598,0.000397,4.975986,1.443928,-0.000000
1237,0.831511,0.000307,14.198696,1.437153,0.000000
1238,0.818176,0.035347,2.653386,1.429776,0.000000
1239,0.823131,-0.002814,8.537937,1.415349,0.000000
1240,0.818034,0.009082,3.166099,1.413745,0.000000
1241,0.827858,0.001319,10.096833,1.397416,-0.000000
1242,0.829204,0.008469,6.086644,1.393099,0.000000
1243,0.826397,0.012217,2.481144,1.392617,-0.000000
1244,0.827207,0.001765,2.214258,1.378408,-0.000000
1245,0.834447,-0.002873,8.392407,1.370920,-0.000000
1246,0.828500,0.008000,3.676320,1.368782,-0.000000
1247,0.833059,0.000717,4.565208,1.368073,0.000000
1248,0.829974,0.011684,3.730212,1.353632,0.000000
1249,0.830382,0.003257,6.200381,1.337065,-0.000000
1250,0.830111,0.006474,4.976377,1.334324,0.000000
1251,0.839868,-0.002519,26.745580,1.339604,0.000000
1252,0.827284,0.001417,10.288003,1.345821,0.000000
1253,0.844089,0.021480,41.437219,1.341141,0.000000
1254,0.838069,-0.004606,29.754508,1.344283,0.000000
1255,0.837590,-0.002280,15.912984,1.347896,0.000000
1256,0.832974,-0.005960,7.809721,1.340592,-0.000000
1257,0.828520,0.006220,16.801814,1.328594,0.000000
1258,0.833674,-0.003974,25.471773,1.344495,-0.000000
1259,0.837664,-0.001100,17.773976,1.371037,0.000000
1260,0.838640,0.002021,16.283289,1.393866,-0.000000
1261,0.829681,0.022278,3.546163,1.416142,0.000000
1262,0.836942,0.003993,28.231494,1.433830,0.000000
1263,0.839320,0.005855,16.303074,1.437350,-0.000000
1264,0.835310,0.003253,9.108093,1.416074,0.000000
1265,0.826649,0.082954,4.369945,1.390389,0.000000
1266,0.826783,-0.000621,3.808150,1.382858,0.000000
1267,0.828637,-0.001690,4.103209,1.377792,-0.000000
1268,0.836360,-0.001231,12.473214,1.386065,-0.000000
1269,0.843351,-0.008051,21.307332,1.393414,0.000000
1270,0.850153,0.046827,41.585940,1.404933,-0.000000
1271,0.854048,0.012310,35.172585,1.430115,0.000000
1272,0.849669,-0.003330,21.143213,1.452458,0.000000
1273,0.844889,0.006302,34.468870,1.461072,-0.000000
1274,0.841213,0.005392,41.512610,1.465648,0.000000
1275,0.851424,0.010044,25.344966,1.466141,0.000000
1276,0.853923,0.031975,34.541375,1.454344,-0.000000
1277,0.851584,-0.000238,22.172172,1.444095,0.000000
1278,0.800015,0.005957,31.419192,1.445957,0.000000
1279,0.843097,0.006577,31.787147,1.456792,-0.000000
1280,0.854249,-0.000477,27.810412,1.463277,-0.000000
1281,0.841209,0.020724,4.755336,1.466065,0.000000
1282,0.850399,0.009446,34.098230,1.472961,0.000000
1283,0.851556,0.021517,19.123710,1.480325,0.000000
1284,0.845662,0.011065,13.966612,1.484679,-0.000000
1285,0.828583,0.023840,9.226206,1.474104,0.000000
1286,0.836998,-0.000460,39.579266,1.467458,0.000000
1287,0.803082,0.133848,51.197964,1.486668,-0.000000
1288,0.795982,-0.001527,36.946019,1.488557,0.000000
1289,0.848476,0.004117,34.611062,1.475468,0.000000
1290,0.844678,-0.001841,11.416009,1.480663,-0.000000
1291,0.851163,0.027350,35.523888,1.484583,0.000000
1292,0.842355,0.000634,35.300556,1.473793,0.000000
1293,0.839787,0.003596,10.703241,1.462280,-0.000000
1294,0.837799,0.037100,25.466122,1.458232,-0.000000
1295,0.835298,0.013510,6.000510,1.451939,0.000000
1296,0.832250,0.015877,8.300618,1.424500,0.000000
1297,0.815826,0.014693,10.322673,1.405703,0.000000
1298,0.823785,-0.002408,11.940210,1.419196,0.000000
1299,0.838338,0.002088,10.972299,1.435876,-0.000000
1300,0.841081,0.013762,13.267875,1.428984,0.000000
1301,0.845408,0.011889,11.570771,1.430789,-0.000000
1302,0.840226,0.001262,19.411080,1.447297,-0.000000
1303,0.840196,0.001367,16.648966,1.460224,0.000000
1304,0.849299,-0.005379,34.677135,1.478391,0.000000
1305,0.804589,-0.002983,73.300587,1.492175,0.000000
1306,0.846485,0.016305,20.701689,1.493713,-0.000000
1307,0.832299,0.003960,39.785829,1.513224,-0.000000
1308,0.832651,0.088269,31.791108,1.544586,-0.000000
1309,0.843552,0.005266,23.160301,1.563640,0.000000
1310,0.848642,0.015448,23.304732,1.563038,0.000000
1311,0.846153,0.077407,16.115708,1.553196,-0.000000
1312,0.848223,0.001120,20.706399,1.540928,-0.000000
1313,0.843031,0.106617,9.909618,1.512727,-0.000000
1314,0.842058,0.006525,21.492324,1.503186,0.000000
1315,0.845745,0.008824,8.268521,1.512688,0.000000
1316,0.832862,0.165828,29.602761,1.502816,-0.000000
1317,0.847743,0.013459,12.410464,1.504829,0.000000
1318,0.821468,0.035559,26.694084,1.509945,-0.000000
1319,0.826043,-0.003314,30.227105,1.532949,0.000000
1320,0.843112,0.001464,30.756320,1.550900,0.000000
1321,0.844735,0.031926,26.864396,1.549163,-0.000000
1322,0.849510,0.020366,8.571221,1.538437,-0.000000
1323,0.851440,0.008338,49.086163,1.549704,0.000000
1324,0.849110,-0.001754,51.655933,1.577462,0.000000
1325,0.851295,0.009666,54.470584,1.586708,0.000000
1326,0.852110,0.026512,51.217460,1.606443,0.000000
1327,0.849481,0.008095,49.665508,1.628099,-0.000000
1328,0.850928,0.002904,49.163701,1.628041,0.000000
1329,0.853421,0.001550,42.318667,1.628622,0.000000
1330,0.849914,0.003479,37.304869,1.645808,0.000000
1331,0.848158,0.011841,43.659325,1.673476,0.000000
1332,0.846647,0.001613,46.388892,1.682883,0.000000
1333,0.847212,0.003775,42.677406,1.690831,-0.000000
1334,0.846915,0.006751,48.331006,1.693368,0.000000
1335,0.846141,0.007213,46.014985,1.691136,-0.000000
1336,0.827270,0.023683,41.020752,1.697537,-0.000000
1337,0.844663,0.126898,40.679070,1.712926,0.000000
1338,0.834168,0.073031,32.534850,1.710351,0.000000
1339,0.844653,-0.003127,48.888960,1.708397,-0.000000
1340,0.844466,0.003739,49.286725,1.725763,-0.000000
1341,0.841707,0.003099,48.014159,1.730699,0.000000
1342,0.839832,0.277241,45.233697,1.723591,-0.000000
1343,0.824735,0.010350,39.033947,1.728011,0.000000
1344,0.843134,0.006479,46.583613,1.740107,0.000000
1345,0.840233,-0.002117,39.836984,1.755723,-0.000000
1346,0.842476,0.053259,39.543766,1.765374,0.000000
1347,0.790519,0.030239,51.864015,1.772526,0.000000
1348,0.845396,0.301456,38.744037,1.789370,-0.000000
1349,0.839598,0.005809,40.166180,1.790733,0.000000
1350,0.726909,0.009876,32.266105,1.784646,-0.000000
1351,0.785483,0.134841,24.421257,1.789099,-0.000000
1352,0.819015,0.009396,32.828284,1.788231,-0.000000
1353,0.836892,0.068210,35.868211,1.780130,-0.000000
1354,0.785614,0.038505,33.607936,1.768788,-0.000000
1355,0.838691,0.007731,28.860010,1.744512,0.000000
1356,0.817463,0.168910,30.738016,1.720304,-0.000000
1357,0.839560,0.011207,38.389402,1.710400,0.000000
1358,0.843840,0.020788,26.057803,1.719317,-0.000000
1359,0.852923,0.001906,31.602371,1.717422,0.000000
1360,0.847430,0.002030,42.362320,1.720964,-0.000000
1361,0.847250,-0.004051,54.437992,1.733838,-0.000000
1362,0.843398,0.031462,57.908616,1.727278,-0.000000
1363,0.831473,-0.000192,42.814666,1.711374,0.000000
1364,0.843228,0.008764,50.705232,1.711122,-0.000000
1365,0.837362,0.008147,41.233092,1.715716,0.000000
1366,0.847089,0.017470,52.217337,1.712963,0.000000
1367,0.842548,0.060755,37.802455,1.715406,0.000000
1368,0.842295,0.010745,48.402777,1.713344,0.000000
1369,0.845114,-0.000787,39.023282,1.697501,0.000000
1370,0.844830,0.004581,44.674535,1.683388,-0.000000
1371,0.844275,0.001623,32.590523,1.695465,0.000000
1372,0.843509,0.031226,48.784885,1.719708,0.000000
1373,0.829828,0.001496,45.345595,1.728489,-0.000000
1374,0.847437,-0.001782,36.875991,1.738186,0.000000
1375,0.843973,0.017129,35.241243,1.743472,-0.000000
1376,0.841102,-0.004454,57.327204,1.738199,-0.000000
1377,0.841090,0.006819,52.401319,1.748849,-0.000000
1378,0.844104,0.002615,50.301660,1.757063,-0.000000
1379,0.843431,0.027523,46.556702,1.758334,-0.000000
1380,0.839258,0.008948,45.351058,1.759467,0.000000
1381,0.843438,0.003447,43.212577,1.766923,0.000000
1382,0.794931,0.044279,55.634940,1.778211,0.000000
1383,0.819425,0.025226,36.235160,1.784615,0.000000
1384,0.838102,0.164140,40.804443,1.796676,-0.000000
1385,0.840915,0.009401,37.635576,1.812317,0.000000
1386,0.838219,0.036948,39.631679,1.819743,-0.000000
1387,0.844965,-0.000855,30.913812,1.829040,0.000000
1388,0.802760,-0.002097,39.348243,1.842390,-0.000000
1389,0.840667,0.017458,38.631989,1.857011,-0.000000
1390,0.845313,0.004102,47.708414,1.856596,0.000000
1391,0.841541,0.033378,48.039430,1.857907,0.000000
1392,0.838995,0.016310,49.226980,1.856337,-0.000000
1393,0.836898,0.044076,46.875018,1.857450,0.000000
1394,0.838250,0.056552,43.480011,1.863191,0.000000
1395,0.840771,0.078737,44.870152,1.854835,0.000000
1396,0.844369,0.003039,41.658873,1.855057,-0.000000
1397,0.833711,0.010584,43.707788,1.870936,-0.000000
1398,0.730698,0.890682,51.455896,1.876330,0.000000
1399,0.711337,0.020344,43.037278,1.860171,-0.000000
1400,0.764447,0.162437,42.874564,1.841901,0.000000
1401,0.711125,0.047610,32.767099,1.821563,-0.000000
1402,0.791564,0.001147,29.502710,1.806762,0.000000
1403,0.781997,0.009128,22.288970,1.812922,0.000000
1404,0.772439,0.046318,25.616701,1.799586,0.000000
1405,0.776835,0.012866,27.858721,1.769888,-0.000000
1406,0.829054,0.029363,35.701427,1.762329,0.000000
1407,0.840257,0.142948,34.771965,1.763095,0.000000
1408,0.822180,0.010371,33.186019,1.753239,-0.000000
1409,0.817517,0.025326,31.707780,1.742687,-0.000000
1410,0.838369,0.008911,35.337921,1.749543,0.000000
1411,0.835405,0.005746,36.350805,1.767586,0.000000
1412,0.846756,0.033021,37.065438,1.767340,0.000000
1413,0.840458,0.081104,32.600579,1.771149,0.000000
1414,0.841145,0.002887,24.574508,1.782613,-0.000000
1415,0.822964,0.021689,27.049248,1.781968,-0.000000
1416,0.843587,0.005288,29.105396,1.776170,0.000000
1417,0.838628,0.009503,36.759920,1.774575,0.000000
1418,0.839242,0.032587,34.655216,1.782889,-0.000000
1419,0.840471,0.002685,33.681948,1.793790,-0.000000
1420,0.836753,-0.001778,43.725287,1.812697,0.000000
1421,0.842929,0.022547,35.252871,1.827076,-0.000000
1422,0.837396,0.013498,53.179146,1.832024,0.000000
1423,0.834139,0.008441,43.986298,1.836805,-0.000000
1424,0.838256,0.010243,35.585443,1.843713,-0.000000
1425,0.833619,-0.002409,28.476698,1.856454,-0.000000
1426,0.831962,0.002928,32.954978,1.864751,0.000000
1427,0.833711,0.017331,37.056070,1.841728,-0.000000
1428,0.831767,0.370122,52.901686,1.825263,-0.000000
1429,0.832358,0.019720,47.203363,1.823833,0.000000
1430,0.829848,0.004847,29.815009,1.818726,-0.000000
1431,0.828367,0.130687,27.668298,1.814776,-0.000000
1432,0.801033,0.015616,29.980264,1.827537,-0.000000
1433,0.824369,0.002307,46.571808,1.836186,-0.000000
1434,0.831907,0.019490,40.954231,1.817870,0.000000
1435,0.830902,0.024134,50.923822,1.799381,-0.000000
1436,0.829083,0.003394,37.886392,1.796048,-0.000000
1437,0.829809,0.015570,38.600885,1.802267,-0.000000
1438,0.826395,0.023020,35.095277,1.794615,0.000000
1439,0.822962,0.024411,42.267799,1.795423,0.000000
1440,0.825312,0.005200,45.325839,1.817662,0.000000
1441,0.826512,0.016613,56.959049,1.818396,-0.000000
1442,0.818251,0.018678,40.516899,1.815281,-0.000000
1443,0.828353,0.041247,41.366351,1.813373,0.000000
1444,0.822614,0.004325,51.310950,1.836194,0.000000
1445,0.824311,0.009297,49.443170,1.843859,-0.000000
1446,0.824299,0.008545,39.818734,1.847526,-0.000000
1447,0.819292,0.012472,42.255192,1.876799,-0.000000
1448,0.819786,0.034125,48.119365,1.870185,0.000000
1449,0.814920,-0.003352,46.671289,1.860105,0.000000
1450,0.820137,0.011308,44.398713,1.855848,0.000000
1451,0.817417,-0.001486,36.788735,1.861053,-0.000000
1452,0.817923,0.040119,32.129592,1.866452,-0.000000
1453,0.795304,0.010539,34.356310,1.855890,0.000000
1454,0.790458,0.033757,35.241314,1.851749,-0.000000
1455,0.786942,0.006048,37.516084,1.835887,0.000000
1456,0.766970,0.049735,46.346519,1.812252,-0.000000
1457,0.815840,0.057364,41.143724,1.825222,-0.000000
1458,0.817481,0.028938,40.438311,1.845867,0.000000
1459,0.812824,0.085292,36.644464,1.834858,-0.000000
1460,0.825030,0.027848,41.972764,1.831320,-0.000000
1461,0.815375,0.002354,39.932497,1.841178,-0.000000
1462,0.813302,0.027015,37.940348,1.844652,0.000000
1463,0.820279,0.005163,37.730160,1.829780,-0.000000
1464,0.817493,0.001058,44.431323,1.827206,-0.000000
1465,0.720181,0.070838,64.253398,1.832681,-0.000000
1466,0.795283,0.256353,39.261032,1.849532,0.000000
1467,0.793073,0.083718,37.293604,1.862483,0.000000
1468,0.821677,0.002274,37.547710,1.862255,-0.000000
1469,0.829047,0.208615,39.728708,1.873139,0.000000
1470,0.817402,0.011014,38.263419,1.876857,-0.000000
1471,0.824200,0.013213,32.489115,1.864598,-0.000000
1472,0.805298,0.094853,30.484259,1.847494,0.000000
1473,0.827912,0.018722,35.911842,1.829153,-0.000000
1474,0.814979,0.010276,38.684602,1.803017,-0.000000
1475,0.831826,0.072990,30.673453,1.780804,-0.000000
1476,0.825615,0.004557,34.727499,1.766897,0.000000
1477,0.818068,0.001988,38.146063,1.770057,-0.000000
1478,0.823516,0.005473,34.478182,1.778259,-0.000000
1479,0.800941,0.030111,35.226239,1.789659,0.000000
1480,0.833391,0.004341,32.187842,1.788611,0.000000
1481,0.826956,0.000476,44.245845,1.800902,0.000000
1482,0.774759,0.012781,49.846772,1.824809,-0.000000
1483,0.822173,0.003710,38.713361,1.852564,-0.000000
1484,0.785725,0.018876,42.965637,1.856484,-0.000000
1485,0.789708,0.025288,48.878054,1.842122,0.000000
1486,0.817274,0.003952,39.843468,1.854380,-0.000000
1487,0.789218,0.096560,39.054951,1.871316,0.000000
1488,0.793519,0.050146,37.494476,1.873892,-0.000000
1489,0.816120,0.109335,40.430814,1.876304,-0.000000
1490,0.814582,0.007577,36.432788,1.889996,-0.000000
1491,0.782012,0.002285,37.311594,1.893321,-0.000000
1492,0.812472,0.012341,38.384357,1.903604,0.000000
1493,0.813589,0.003442,38.149941,1.905640,0.000000
1494,0.810575,0.026136,36.244402,1.887567,-0.000000
1495,0.785738,0.038561,34.755718,1.873753,-0.000000
1496,0.786439,0.008146,28.699478,1.868699,-0.000000
1497,0.798438,0.013795,30.736170,1.874016,-0.000000
1498,0.817444,0.021701,30.674458,1.867768,-0.000000
1499,0.811863,0.004729,24.123016,1.853588,0.000000
1500,0.795783,-0.004701,31.202395,1.865971,0.000000
1501,0.810967,0.030708,32.726116,1.874445,-0.000000
1502,0.809516,0.017881,34.644523,1.863050,0.000000
1503,0.809503,0.005698,34.687270,1.874130,0.000000
1504,0.803857,0.023095,25.041990,1.886764,0.000000
1505,0.810603,-0.000761,17.243842,1.887670,0.000000
1506,0.786037,-0.001133,28.512901,1.889918,0.000000
1507,0.808413,0.003498,14.469767,1.885877,-0.000000
1508,0.805943,0.025969,14.851743,1.892271,0.000000
1509,0.782749,0.001966,25.483663,1.899399,-0.000000
1510,0.802769,0.159736,18.202825,1.909925,0.000000
1511,0.803418,1.720105,18.289182,1.906331,0.000000
1512,0.799109,0.004208,13.807851,1.899376,-0.000000
1513,0.797917,0.023517,16.981682,1.890799,-0.000000
1514,0.796691,0.004588,17.467815,1.877319,0.000000
1515,0.779330,0.193204,16.672365,1.861269,0.000000
1516,0.800522,0.032027,24.841642,1.858793,0.000000
1517,0.802219,0.007298,28.538986,1.862830,-0.000000
1518,0.798696,0.008808,37.185887,1.859510,-0.000000
1519,0.804347,0.019018,37.949366,1.854277,-0.000000
1520,0.798328,0.009628,35.165097,1.839194,0.000000
1521,0.793720,0.000277,37.720462,1.845903,0.000000
1522,0.797324,0.024044,42.901673,1.863737,0.000000
1523,0.788786,0.004437,41.919765,1.878978,0.000000
1524,0.796868,0.018792,36.979423,1.879571,-0.000000
1525,0.782387,0.100747,32.340605,1.868406,-0.000000
1526,0.782555,0.039768,26.047147,1.846790,0.000000
1527,0.779030,0.010814,36.587482,1.832129,0.000000
1528,0.784892,0.014347,50.086830,1.822009,0.000000
1529,0.781690,0.036683,45.924526,1.807651,-0.000000
1530,0.784467,0.007610,30.550991,1.813221,-0.000000
1531,0.784648,0.020147,26.165873,1.825494,0.000000
1532,0.792474,0.032715,18.609773,1.822023,0.000000
1533,0.793544,0.018968,25.590689,1.832016,-0.000000
1534,0.790782,0.003687,39.755386,1.861387,0.000000
1535,0.786867,0.086243,39.315332,1.862931,0.000000
1536,0.793748,0.020594,32.500115,1.848155,-0.000000
1537,0.791954,0.050138,36.311651,1.852653,-0.000000
1538,0.789850,0.067797,35.149731,1.851496,-0.000000
1539,0.787070,0.082921,28.150253,1.836406,-0.000000
1540,0.775741,0.035922,24.143519,1.815458,0.000000
1541,0.788322,0.038796,24.449070,1.794334,-0.000000
1542,0.771341,0.022508,27.557061,1.782108,0.000000
1543,0.786387,0.010856,23.186343,1.767440,0.000000
1544,0.781974,0.007565,24.618119,1.760122,0.000000
1545,0.782722,0.029400,26.633334,1.750751,-0.000000
1546,0.784768,0.013843,23.294520,1.744578,-0.000000
1547,0.779212,0.100605,21.764910,1.736696,-0.000000
1548,0.779473,0.086829,21.956762,1.740663,-0.000000
1549,0.790169,0.011083,23.325727,1.757154,-0.000000
1550,0.781925,0.004075,28.684905,1.771859,-0.000000
1551,0.791263,0.004976,26.701116,1.772974,0.000000
1552,0.790348,0.020868,27.287582,1.773517,0.000000
1553,0.781661,0.752541,20.578488,1.773356,0.000000
1554,0.788498,0.009618,16.192487,1.764973,0.000000
1555,0.789584,0.027166,15.982605,1.748809,-0.000000
1556,0.790883,0.032887,13.374141,1.733799,-0.000000
1557,0.782881,0.032116,13.967299,1.726822,-0.000000
1558,0.786994,0.005155,10.763712,1.722887,-0.000000
1559,0.751224,0.000657,12.515863,1.748959,-0.000000
1560,0.782536,0.021802,16.471049,1.768898,-0.000000
1561,0.780882,0.008978,21.214000,1.760875,0.000000
1562,0.780283,0.014760,7.976436,1.744754,-0.000000
1563,0.770931,0.011942,12.513942,1.718242,0.000000
1564,0.772516,0.022060,32.814719,1.725173,0.000000
1565,0.769276,0.020865,14.010699,1.744490,-0.000000
1566,0.773258,0.031310,26.065079,1.733697,-0.000000
1567,0.771229,0.000776,21.608970,1.729644,-0.000000
1568,0.765664,-0.001115,33.493239,1.744320,-0.000000
1569,0.768291,0.024451,18.294766,1.749672,0.000000
1570,0.762198,-0.000633,23.329138,1.749241,-0.000000
1571,0.752907,0.023055,21.726184,1.748410,-0.000000
1572,0.758603,0.003657,11.152739,1.752109,0.000000
1573,0.759546,0.045373,4.117732,1.763686,-0.000000
1574,0.760367,0.017828,9.143495,1.778369,0.000000
1575,0.760037,-0.002028,18.219382,1.791725,0.000000
1576,0.763316,0.004911,20.415635,1.800038,0.000000
1577,0.754893,0.012076,10.217873,1.799834,-0.000000
1578,0.755763,0.127717,4.915257,1.781739,-0.000000
1579,0.760802,0.038562,2.908819,1.749350,-0.000000
1580,0.760548,0.011576,13.746638,1.743864,-0.000000
1581,0.758141,0.011922,15.637826,1.747637,0.000000
1582,0.761921,0.802551,10.471776,1.758244,0.000000
1583,0.755721,0.024854,10.424227,1.789488,0.000000
1584,0.754971,-0.006348,13.799860,1.813952,0.000000
1585,0.756679,0.118199,20.946979,1.825985,-0.000000
1586,0.755934,0.103239,20.883491,1.827475,0.000000
1587,0.755204,0.029357,21.130980,1.830466,0.000000
1588,0.760396,0.034994,21.226989,1.822088,0.000000
1589,0.751937,0.004583,23.493515,1.817164,0.000000
1590,0.752334,0.021766,17.449115,1.822418,0.000000
1591,0.753566,0.054073,13.419015,1.829352,0.000000
1592,0.749073,0.003597,13.406522,1.833034,0.000000
1593,0.752905,0.009731,8.165469,1.834072,-0.000000
1594,0.747890,0.742281,8.711998,1.827539,0.000000
1595,0.755695,0.028619,10.213120,1.834483,0.000000
1596,0.756328,0.013465,7.568892,1.837958,-0.000000
1597,0.753379,0.016211,8.511714,1.832081,0.000000
1598,0.753322,0.046780,6.720326,1.824691,-0.000000
1599,0.753732,0.045025,9.655354,1.821112,-0.000000
1600,0.751223,0.030329,7.662064,1.811201,0.000000
1601,0.754390,0.038320,8.975576,1.800578,0.000000
1602,0.752912,0.045562,5.519911,1.789273,-0.000000
1603,0.750999,0.017090,5.181009,1.778028,-0.000000
1604,0.746280,0.014682,5.243856,1.780101,0.000000
1605,0.754528,0.001367,6.119515,1.795747,0.000000
1606,0.753312,0.016269,8.290270,1.808748,0.000000
1607,0.746962,0.020427,7.824527,1.806214,0.000000
1608,0.749402,0.046539,6.992053,1.801338,-0.000000
1609,0.747948,0.039531,5.967596,1.794665,-0.000000
1610,0.745454,0.220862,4.631655,1.788968,-0.000000
1611,0.739315,0.003802,4.672655,1.770502,0.000000
1612,0.738395,0.015580,4.089063,1.750146,0.000000
1613,0.734551,0.005917,2.428666,1.719652,-0.000000
1614,0.733748,0.019856,2.075506,1.688036,0.000000
1615,0.726336,0.019695,1.345349,1.665835,-0.000000
1616,0.726561,0.009083,1.270466,1.655714,0.000000
1617,0.725860,0.178566,1.775581,1.630862,0.000000
1618,0.728665,0.006705,2.068507,1.599604,-0.000000
1619,0.719975,0.007704,1.161790,1.582407,-0.000000
1620,0.719960,0.054964,1.286261,1.547488,-0.000000
1621,0.712623,0.062238,1.464038,1.517458,-0.000000
1622,0.706305,0.014296,1.348330,1.507567,0.000000
1623,0.697239,0.008320,1.249359,1.507413,-0.000000
1624,0.702515,0.017252,1.833876,1.501462,0.000000
1625,0.705291,0.044993,3.360421,1.497299,0.000000
1626,0.710503,0.007862,1.857006,1.488598,0.000000
1627,0.700565,0.020144,1.190930,1.480815,-0.000000
1628,0.700849,0.013586,0.541242,1.454299,0.000000
1629,0.702496,0.005453,5.501558,1.436003,-0.000000
1630,0.702876,0.025841,2.093757,1.438988,-0.000000
1631,0.706701,0.003678,2.038565,1.441017,-0.000000
1632,0.715801,0.011236,3.785157,1.449631,0.000000
1633,0.717992,0.000714,3.650205,1.469271,-0.000000
1634,0.711196,0.002284,1.555643,1.472040,0.000000
1635,0.708268,0.110244,1.613319,1.469115,0.000000
1636,0.709538,0.004406,2.189858,1.469841,0.000000
1637,0.704694,0.005690,1.268514,1.440440,-0.000000
1638,0.703654,0.002617,1.497525,1.422691,0.000000
1639,0.699494,0.083697,0.984800,1.424432,-0.000000
1640,0.699005,0.011422,0.620385,1.409760,-0.000000
1641,0.706941,0.033367,0.722128,1.390105,-0.000000
1642,0.706494,0.003913,0.822677,1.379315,0.000000
1643,0.710433,0.004288,1.308889,1.384313,0.000000
1644,0.705868,-0.000311,0.552916,1.379125,0.000000
1645,0.698783,-0.001253,0.936679,1.366280,0.000000
1646,0.697137,0.004059,0.877392,1.358446,-0.000000
1647,0.690969,0.110414,0.818061,1.354205,0.000000
1648,0.700157,0.073051,1.832178,1.359143,0.000000
1649,0.701437,0.006227,0.928881,1.348546,-0.000000
1650,0.699489,0.003657,0.391803,1.347983,-0.000000
1651,0.696227,0.062593,0.396815,1.342536,0.000000
1652,0.687642,0.019723,0.716799,1.312057,0.000000
1653,0.693333,0.002373,0.778296,1.293283,0.000000
1654,0.686209,0.002267,0.537519,1.270461,0.000000
1655,0.688055,0.028349,0.512467,1.232880,-0.000000
1656,0.688822,-0.001306,2.202349,1.209175,-0.000000
1657,0.698682,-0.003313,1.016752,1.215540,0.000000
1658,0.699375,0.019170,0.814160,1.232418,0.000000
1659,0.704517,0.001413,2.520864,1.243814,0.000000
1660,0.712777,0.006744,2.120425,1.254989,0.000000
1661,0.711222,0.002302,1.009097,1.256090,0.000000
1662,0.715729,0.000856,0.961118,1.264309,-0.000000
1663,0.716045,-0.001102,1.057864,1.275730,-0.000000
1664,0.720124,0.009653,1.852883,1.286947,-0.000000
1665,0.713350,0.008379,0.570957,1.272744,0.000000
1666,0.721665,-0.003388,0.951536,1.255039,0.000000
1667,0.725443,0.000889,3.131017,1.260274,-0.000000
1668,0.733069,0.002639,1.473750,1.261458,0.000000
1669,0.731129,-0.000504,0.944359,1.266398,0.000000
1670,0.722774,0.027705,0.604362,1.273552,-0.000000
1671,0.720632,0.006898,0.578883,1.266521,-0.000000
1672,0.717343,0.001051,0.928240,1.245078,0.000000
1673,0.727961,0.001843,0.848863,1.229886,-0.000000
1674,0.726446,0.001421,0.803473,1.241608,-0.000000
1675,0.727008,0.000054,0.626725,1.235619,-0.000000
1676,0.729056,0.011671,0.373349,1.227048,-0.000000
1677,0.730312,0.007468,0.990541,1.216136,-0.000000
1678,0.736607,0.007718,1.334309,1.208045,-0.000000
1679,0.738320,-0.001140,1.307943,1.226275,0.000000
1680,0.729913,0.000466,0.516166,1.242457,-0.000000
1681,0.738936,-0.000515,1.561075,1.234709,0.000000
1682,0.734877,0.006626,0.440141,1.226305,0.000000
1683,0.734921,-0.001524,0.568304,1.231948,-0.000000
1684,0.744568,0.070102,3.672651,1.242482,0.000000
1685,0.750520,-0.001318,1.880865,1.262278,0.000000
1686,0.737319,0.011767,0.328124,1.262613,-0.000000
1687,0.743679,-0.002279,1.002019,1.251372,-0.000000
1688,0.747374,-0.000631,0.738673,1.265653,0.000000
1689,0.750180,-0.004045,0.755593,1.283468,-0.000000
1690,0.754135,0.004535,1.684659,1.286943,-0.000000
1691,0.748502,0.000490,1.713438,1.291414,0.000000
1692,0.754824,-0.003129,1.983261,1.313771,0.000000
1693,0.755704,0.011724,1.237023,1.332310,0.000000
1694,0.765489,0.008862,3.363115,1.346346,0.000000
1695,0.759724,0.004006,1.593854,1.371183,-0.000000
1696,0.765150,-0.003473,2.374495,1.391944,0.000000
1697,0.763444,0.463461,1.466456,1.388010,0.000000
1698,0.771726,-0.003888,3.570925,1.383384,0.000000
1699,0.758625,0.034006,1.348946,1.389266,-0.000000
1700,0.761377,0.076169,2.381660,1.370043,0.000000
1701,0.778807,0.000191,3.657586,1.353069,0.000000
1702,0.767789,-0.000213,1.937516,1.338840,0.000000
1703,0.774424,0.004903,1.952493,1.332309,-0.000000
1704,0.775133,0.031714,3.248240,1.329568,-0.000000
1705,0.776207,0.001224,1.065053,1.345741,-0.000000
1706,0.773923,-0.003204,0.908638,1.363964,0.000000
1707,0.782679,0.049573,2.455678,1.369476,-0.000000
1708,0.782548,0.002633,2.138644,1.381954,0.000000
1709,0.775674,0.047767,1.316605,1.393255,0.000000
1710,0.791081,-0.001848,5.363110,1.394297,-0.000000
1711,0.796069,0.007148,9.042538,1.409172,0.000000
1712,0.811280,0.043492,22.594476,1.418867,-0.000000
1713,0.807638,0.007631,15.414834,1.431344,0.000000
1714,0.804124,0.005138,4.808840,1.431779,0.000000
1715,0.792977,0.005782,1.319626,1.420842,-0.000000
1716,0.797930,-0.001874,3.248142,1.403040,0.000000
1717,0.807943,0.011536,3.170841,1.400285,0.000000
1718,0.796761,0.013051,1.205496,1.390563,0.000000
1719,0.804915,-0.001856,2.733346,1.360285,-0.000000
1720,0.815215,-0.008511,10.311999,1.356763,-0.000000
1721,0.812808,0.000135,4.461497,1.367480,0.000000
1722,0.810924,0.075486,2.864272,1.361768,0.000000
1723,0.815564,0.003742,4.256532,1.363575,0.000000
1724,0.814774,0.048871,3.408558,1.363953,0.000000
1725,0.814805,0.581743,3.273583,1.356448,0.000000
1726,0.813056,0.010143,2.752270,1.356747,0.000000
1727,0.818795,-0.003060,6.141003,1.375214,-0.000000
1728,0.813515,0.024200,1.672677,1.374718,-0.000000
1729,0.818085,-0.000401,7.199045,1.350973,-0.000000
1730,0.818421,-0.001269,5.293693,1.336861,-0.000000
1731,0.818716,0.084793,5.174222,1.334741,0.000000
1732,0.832608,-0.001506,21.429792,1.335076,-0.000000
1733,0.826337,0.005168,5.304064,1.333715,0.000000
1734,0.815074,0.017843,3.881716,1.325692,-0.000000
1735,0.824192,0.000617,5.723414,1.317097,-0.000000
1736,0.820082,0.008151,3.343720,1.312645,-0.000000
1737,0.821322,0.002027,4.166731,1.303570,-0.000000
1738,0.814898,0.050020,1.532877,1.296831,-0.000000
1739,0.834763,0.001064,14.676582,1.306371,-0.000000
1740,0.836373,0.005885,22.499315,1.323353,0.000000
1741,0.831027,0.000691,5.030394,1.325064,0.000000
1742,0.827189,0.016542,3.416144,1.308587,0.000000
1743,0.843981,-0.003771,26.106481,1.299917,-0.000000
1744,0.844312,-0.003460,22.422950,1.309766,0.000000
1745,0.843062,0.000973,11.673474,1.300474,-0.000000
1746,0.841283,0.091738,13.151049,1.299005,-0.000000
1747,0.835690,0.002993,3.563462,1.288487,0.000000
1748,0.849605,0.000636,22.125728,1.282477,0.000000
1749,0.845839,0.003110,11.622023,1.293503,0.000000
1750,0.841823,0.008595,6.895521,1.278312,0.000000
1751,0.846379,-0.001876,11.507265,1.263651,-0.000000
1752,0.850494,0.002343,30.922094,1.273410,0.000000
1753,0.853692,-0.001860,27.855576,1.296118,0.000000
1754,0.842537,0.001987,14.543241,1.327051,0.000000
1755,0.848070,0.002074,17.069573,1.342053,-0.000000
1756,0.844464,0.023151,8.532932,1.349095,0.000000
1757,0.851688,-0.001878,32.887359,1.366671,-0.000000
1758,0.855488,0.008946,22.565421,1.384938,-0.000000
1759,0.855004,0.003963,31.661106,1.400167,0.000000
1760,0.849792,0.002029,13.474598,1.401397,0.000000
1761,0.850312,0.007999,12.367276,1.390300,0.000000
1762,0.851272,-0.000126,19.321726,1.388754,0.000000
1763,0.850110,0.000108,20.001486,1.392492,-0.000000
1764,0.852666,0.001609,13.948971,1.403397,0.000000
1765,0.845182,0.009132,5.783389,1.405142,0.000000
1766,0.851452,0.014683,11.402022,1.398577,-0.000000
1767,0.852089,-0.002960,15.552899,1.403323,0.000000
1768,0.847296,0.000502,15.604844,1.415736,-0.000000
1769,0.838450,0.725592,5.305591,1.418204,-0.000000
1770,0.840036,0.003013,3.422005,1.391839,0.000000
1771,0.838409,0.000860,5.758279,1.380414,0.000000
1772,0.835583,0.435221,4.350816,1.371622,-0.000000
1773,0.840009,-0.003306,7.272179,1.356882,-0.000000
1774,0.844359,0.001822,8.453877,1.353906,0.000000
1775,0.839236,0.002284,9.901720,1.356790,0.000000
1776,0.842388,0.007341,5.132977,1.356375,0.000000
1777,0.827931,0.012929,6.110451,1.339271,0.000000
1778,0.840200,0.001358,11.697220,1.352964,0.000000
1779,0.835889,0.008479,4.068656,1.366350,0.000000
1780,0.833134,0.003577,5.720214,1.354113,0.000000
1781,0.847214,-0.002681,17.290463,1.348192,0.000000
1782,0.843807,0.013332,6.138240,1.356285,0.000000
1783,0.837584,-0.001916,6.967618,1.356631,0.000000
1784,0.830716,0.005289,3.767788,1.361801,0.000000
1785,0.834728,0.005203,3.088878,1.372136,0.000000
1786,0.837358,0.409138,4.436525,1.376130,0.000000
1787,0.818666,0.018219,1.225013,1.364422,-0.000000
1788,0.811595,0.036999,2.920720,1.347210,0.000000
1789,0.826679,0.014466,4.436752,1.331138,-0.000000
1790,0.824624,0.007079,5.310977,1.314095,-0.000000
1791,0.806202,0.011233,1.828344,1.302754,0.000000
1792,0.819178,0.101386,4.295449,1.300630,-0.000000
1793,0.810619,0.022511,1.954820,1.298069,-0.000000
1794,0.819380,0.017083,3.257223,1.272082,-0.000000
1795,0.826735,0.026308,9.722372,1.255282,-0.000000
1796,0.844293,0.028824,15.668168,1.270784,0.000000
1797,0.825106,0.007031,11.761224,1.279702,0.000000
1798,0.830146,0.001521,9.524129,1.292077,-0.000000
1799,0.821286,0.029883,7.900763,1.296288,0.000000
1800,0.815321,0.008771,3.879717,1.281775,0.000000
1801,0.835417,0.030197,22.695348,1.280778,0.000000
1802,0.853840,0.006950,32.583286,1.298015,-0.000000
1803,0.856287,-0.000368,30.330812,1.326899,-0.000000
1804,0.831771,0.012556,9.941943,1.331290,-0.000000
1805,0.856868,0.012705,34.869554,1.315829,0.000000
1806,0.851028,-0.003694,23.680271,1.304644,-0.000000
1807,0.864128,0.002431,38.102489,1.306987,0.000000
1808,0.862984,-0.000885,34.994912,1.329091,-0.000000
1809,0.854467,0.012599,22.975065,1.337927,-0.000000
1810,0.851642,0.017595,28.020124,1.341696,0.000000
1811,0.864737,0.001525,41.441400,1.345844,0.000000
1812,0.860348,0.003055,31.831906,1.346958,-0.000000
1813,0.862950,-0.003565,24.665946,1.354329,-0.000000
1814,0.858051,0.017111,10.958942,1.364875,-0.000000
1815,0.861820,0.005985,15.845353,1.381788,-0.000000
1816,0.864574,-0.001898,33.657388,1.413468,-0.000000
1817,0.862386,0.005395,27.852812,1.432407,0.000000
1818,0.862233,-0.002298,36.785933,1.453928,0.000000
1819,0.862438,0.017164,16.242542,1.462213,0.000000
1820,0.851587,0.033749,10.517211,1.436705,-0.000000
1821,0.858495,-0.002745,28.575601,1.436383,0.000000
1822,0.844175,0.050439,10.501514,1.452459,-0.000000
1823,0.859643,0.000208,35.657401,1.462186,0.000000
1824,0.859415,0.003502,36.162918,1.478024,-0.000000
1825,0.846133,0.034826,11.987657,1.473708,0.000000
1826,0.848050,0.014686,17.173372,1.453659,-0.000000
1827,0.852205,0.010726,10.964967,1.447667,0.000000
1828,0.859895,0.014023,28.571516,1.452230,0.000000
1829,0.857397,0.087633,23.571641,1.444621,0.000000
1830,0.865878,0.014654,34.998877,1.446028,-0.000000
1831,0.852562,0.003934,19.267497,1.461417,0.000000
1832,0.857950,-0.000794,27.973141,1.491845,0.000000
1833,0.858159,0.029088,18.252314,1.502593,0.000000
1834,0.862260,0.498666,31.421504,1.493040,-0.000000
1835,0.848759,0.009874,17.698855,1.493120,-0.000000
1836,0.860715,-0.000133,32.477398,1.498811,0.000000
1837,0.863760,0.013921,28.321118,1.496087,-0.000000
1838,0.861649,-0.001048,39.578593,1.493018,0.000000
1839,0.861098,0.001077,30.132727,1.496579,-0.000000
1840,0.859844,0.003191,24.631463,1.515363,0.000000
1841,0.857343,0.006975,24.339929,1.526031,0.000000
1842,0.862578,-0.003772,37.785949,1.534701,0.000000
1843,0.853233,0.059183,14.890028,1.536694,0.000000
1844,0.860236,0.014498,23.674439,1.516657,-0.000000
1845,0.849625,0.008999,23.020699,1.516957,-0.000000
1846,0.865039,0.022254,21.318593,1.524220,0.000000
1847,0.858908,0.004663,21.207540,1.518960,0.000000
1848,0.860391,0.130557,30.018610,1.514728,-0.000000
1849,0.861980,0.040486,41.392549,1.510204,-0.000000
1850,0.861602,0.003489,30.682165,1.518533,-0.000000
1851,0.860673,0.029828,19.551640,1.527348,-0.000000
1852,0.860205,-0.000697,43.392427,1.514862,0.000000
1853,0.859368,-0.001295,40.337010,1.507274,-0.000000
1854,0.814332,-0.000413,26.698030,1.499230,0.000000
1855,0.856896,0.003151,31.270433,1.484721,0.000000
1856,0.860973,0.010420,32.411346,1.484836,0.000000
1857,0.859152,0.070866,26.514556,1.501827,-0.000000
1858,0.859624,0.026563,48.020395,1.519029,-0.000000
1859,0.860144,0.023895,42.020581,1.521547,0.000000
1860,0.861688,0.005651,35.689674,1.514915,0.000000
1861,0.856095,-0.000998,40.478162,1.508286,-0.000000
1862,0.858472,0.047442,51.538754,1.513699,-0.000000
1863,0.859175,-0.002952,48.937847,1.523555,0.000000
1864,0.857008,-0.001932,38.135662,1.545761,0.000000
1865,0.854787,0.013449,44.303209,1.564419,-0.000000
1866,0.852827,-0.001080,47.354066,1.583901,0.000000
1867,0.852853,0.003365,32.226218,1.595308,-0.000000
1868,0.847969,0.017937,56.136599,1.582485,0.000000
1869,0.852827,0.027090,48.507795,1.585556,-0.000000
1870,0.852074,0.000423,45.711504,1.607603,-0.000000
1871,0.849944,0.076441,42.254825,1.620937,0.000000
1872,0.849438,0.020273,35.573985,1.633076,0.000000
1873,0.848611,0.088528,29.807195,1.646647,0.000000
1874,0.852876,0.013394,41.500471,1.651208,0.000000
1875,0.852630,0.005149,27.777142,1.663869,0.000000
1876,0.853840,0.050728,28.645405,1.661296,-0.000000
1877,0.849372,0.005220,23.710027,1.654081,0.000000
1878,0.854536,0.009633,22.829555,1.667844,0.000000
1879,0.848611,0.002952,24.047136,1.669281,-0.000000
1880,0.847855,0.015949,20.563860,1.658104,-0.000000
1881,0.845483,0.031754,14.541591,1.662496,-0.000000
1882,0.846458,0.008024,14.855200,1.670873,0.000000
1883,0.855139,0.015423,21.651425,1.699191,0.000000
1884,0.853777,0.010382,32.458126,1.721152,0.000000
1885,0.853863,-0.002637,42.829454,1.729493,0.000000
1886,0.856560,0.002410,28.322950,1.737983,-0.000000
1887,0.857433,0.016114,19.719683,1.729828,-0.000000
1888,0.855597,0.055482,41.198912,1.733063,-0.000000
1889,0.853618,0.015594,36.884244,1.747402,-0.000000
1890,0.852840,0.014004,47.504127,1.752535,-0.000000
1891,0.848117,0.016295,22.151680,1.744102,0.000000
1892,0.853264,0.000653,42.813812,1.733904,0.000000
1893,0.855498,0.025676,19.305056,1.738230,-0.000000
1894,0.853612,0.021126,24.941458,1.748568,0.000000
1895,0.851254,-0.003998,19.235246,1.765750,0.000000
1896,0.853865,0.032765,49.996794,1.784002,-0.000000
1897,0.853328,0.004638,44.760779,1.815392,-0.000000
1898,0.850550,0.024274,35.743718,1.825903,-0.000000
1899,0.853482,0.025106,52.395491,1.808556,-0.000000
1900,0.855229,0.025658,46.175829,1.803925,-0.000000
1901,0.854151,0.216649,60.496300,1.801140,-0.000000
1902,0.851058,-0.001069,45.328585,1.798805,0.000000
1903,0.847312,0.134014,43.289398,1.826176,-0.000000
1904,0.851523,0.067495,56.266612,1.851160,0.000000
1905,0.850237,-0.000877,34.836806,1.863228,-0.000000
1906,0.850613,0.027744,35.431588,1.868188,0.000000
1907,0.849445,0.051567,48.221810,1.868111,-0.000000
1908,0.855389,0.022184,50.676550,1.848262,0.000000
1909,0.856250,0.214184,46.180264,1.824532,-0.000000
1910,0.857385,0.000210,46.097269,1.812422,-0.000000
1911,0.854062,0.001517,39.372544,1.822330,0.000000
1912,0.851238,0.023951,23.776832,1.831792,-0.000000
1913,0.851078,0.007047,18.306666,1.826277,0.000000
1914,0.853440,0.069599,32.275938,1.824475,-0.000000
1915,0.854711,0.008651,42.316854,1.820457,0.000000
1916,0.854874,0.007886,50.263326,1.821928,0.000000
1917,0.855078,0.052092,50.442531,1.830911,0.000000
1918,0.854462,0.015550,44.061097,1.840180,0.000000
1919,0.853369,0.037149,36.392741,1.843665,0.000000
1920,0.846235,0.053345,41.732481,1.843182,-0.000000
1921,0.779148,0.018008,54.174866,1.842667,0.000000
1922,0.844140,0.158881,48.450564,1.863001,0.000000
1923,0.844995,0.013592,51.302558,1.872470,-0.000000
1924,0.847454,0.045513,48.960360,1.881589,0.000000
1925,0.847897,-0.001145,40.723122,1.891275,-0.000000
1926,0.849987,0.057494,36.659051,1.890592,0.000000
1927,0.842034,0.034439,30.528384,1.881635,0.000000
1928,0.771424,0.051039,38.308014,1.866093,-0.000000
1929,0.771885,0.105834,50.479411,1.854898,0.000000
1930,0.823201,0.114008,24.166172,1.851512,-0.000000
1931,0.843498,0.038606,37.234033,1.855814,-0.000000
1932,0.847973,0.002114,52.946610,1.864801,-0.000000
1933,0.842059,0.009823,35.536480,1.872167,0.000000
1934,0.831107,0.004834,55.857668,1.887308,0.000000
1935,0.777109,0.041547,57.732306,1.889701,0.000000
1936,0.786503,0.108370,59.765756,1.870647,0.000000
1937,0.850886,0.052775,44.202887,1.853417,0.000000
1938,0.850652,0.014250,49.440054,1.852131,-0.000000
1939,0.844757,-0.001662,53.080680,1.867351,0.000000
1940,0.844688,0.043992,46.321333,1.870465,0.000000
1941,0.850346,0.047645,44.526420,1.869830,0.000000
1942,0.846597,0.002385,44.958462,1.868790,-0.000000
1943,0.848306,0.008941,35.328370,1.886494,0.000000
1944,0.839504,0.022533,38.850871,1.882038,0.000000
1945,0.850847,0.002900,43.231767,1.886678,0.000000
1946,0.849228,0.027354,44.287833,1.895229,-0.000000
1947,0.848219,0.034348,25.961330,1.877820,-0.000000
1948,0.847662,0.017416,36.593515,1.858927,-0.000000
1949,0.845788,0.035814,29.869747,1.849584,0.000000
1950,0.812286,0.032581,34.563124,1.838160,0.000000
1951,0.828268,-0.004448,27.374101,1.834480,0.000000
1952,0.843541,0.005432,39.655390,1.825365,0.000000
1953,0.845153,0.006491,51.538475,1.822639,-0.000000
1954,0.850860,0.026346,23.491089,1.834798,0.000000
1955,0.849305,0.073247,41.655971,1.826133,0.000000
1956,0.848820,0.022665,29.918396,1.810938,-0.000000
1957,0.849049,0.010779,46.958649,1.808781,0.000000
1958,0.841419,0.044121,50.621020,1.807185,-0.000000
1959,0.849926,-0.001405,45.667814,1.806006,-0.000000
1960,0.843205,0.039256,47.768414,1.800316,0.000000
1961,0.840007,0.015562,40.554585,1.799505,-0.000000
1962,0.821691,0.009542,46.414206,1.803737,-0.000000
1963,0.779800,0.019525,46.984474,1.797906,-0.000000
1964,0.841971,0.002053,49.922710,1.794439,0.000000
1965,0.845675,0.007027,54.013663,1.809004,-0.000000
1966,0.817757,0.042966,46.283663,1.813287,0.000000
1967,0.822341,0.016950,32.495808,1.818904,0.000000
1968,0.847011,0.017181,31.866587,1.823778,-0.000000
1969,0.847028,0.011649,43.196358,1.829843,0.000000
1970,0.849309,0.003939,31.821019,1.842386,-0.000000
1971,0.844729,-0.000518,47.958733,1.852366,-0.000000
1972,0.839466,0.011676,30.864072,1.855920,0.000000
1973,0.840857,-0.001130,60.131218,1.852358,-0.000000
1974,0.840124,0.031620,53.731120,1.841765,-0.000000
1975,0.838217,0.001598,48.716450,1.831491,0.000000
1976,0.836687,0.036970,49.384202,1.833782,-0.000000
1977,0.836644,0.005210,52.068749,1.842187,0.000000
1978,0.837146,0.003544,54.620635,1.853367,-0.000000
1979,0.837344,0.029730,39.275896,1.858928,-0.000000
1980,0.843917,0.007055,29.321605,1.867499,0.000000
1981,0.839444,0.016303,46.049686,1.879129,-0.000000
1982,0.829645,0.012010,27.492955,1.888418,-0.000000
1983,0.839818,0.037616,24.905407,1.887959,0.000000
1984,0.813757,0.004031,46.230884,1.887273,0.000000
1985,0.820644,0.038591,42.160963,1.906401,0.000000
1986,0.836101,0.114186,45.167359,1.920363,0.000000
1987,0.833182,0.030853,21.993510,1.929498,-0.000000
1988,0.841639,0.021321,31.057380,1.914856,-0.000000
1989,0.833745,0.006315,49.372336,1.920495,0.000000
1990,0.835813,0.006473,47.156920,1.926179,0.000000
1991,0.839414,0.123845,41.438668,1.916704,0.000000
1992,0.843433,0.010710,52.943534,1.897732,-0.000000
1993,0.834013,0.025501,46.795230,1.905336,-0.000000
1994,0.842500,0.194084,42.922736,1.918389,0.000000
1995,0.823731,0.171638,30.810076,1.908728,-0.000000
1996,0.836775,0.011235,43.045179,1.903869,-0.000000
1997,0.834734,0.027076,23.797616,1.903035,-0.000000
1998,0.834607,0.047156,26.206052,1.908545,0.000000
1999,0.843223,0.029225,22.901150,1.898249,-0.000000
2000,0.823679,0.001359,38.237410,1.888859,0.000000
2001,0.838012,0.015317,21.554289,1.886601,-0.000000
2002,0.833335,0.068382,25.603521,1.877457,0.000000
2003,0.839593,0.025848,22.550507,1.886327,0.000000
2004,0.839872,0.082547,41.841233,1.899780,-0.000000
2005,0.825969,0.022995,41.831469,1.895588,0.000000
2006,0.835035,0.056229,35.546640,1.889479,0.000000
2007,0.831614,-0.001055,57.127858,1.896509,0.000000
2008,0.829613,0.158273,49.442292,1.911175,0.000000
2009,0.835191,0.011420,52.027457,1.909376,0.000000
2010,0.826524,0.026303,45.985772,1.910373,0.000000
2011,0.829017,0.009091,29.842443,1.905813,0.000000
2012,0.817999,0.012933,28.476134,1.886887,-0.000000
2013,0.831801,0.023341,35.191125,1.869974,-0.000000
2014,0.821966,0.018363,52.306798,1.866037,-0.000000
2015,0.827731,0.009200,47.765807,1.862257,0.000000
2016,0.803800,0.000340,33.659991,1.862611,0.000000
2017,0.820680,-0.000116,55.642240,1.878913,-0.000000
2018,0.826499,0.044695,52.198753,1.884228,-0.000000
2019,0.833203,0.027976,37.940703,1.868884,0.000000
2020,0.825378,0.079848,48.820357,1.847430,0.000000
2021,0.830340,0.003274,41.160938,1.833474,0.000000
2022,0.827619,0.031691,44.565730,1.825414,-0.000000
2023,0.826836,0.006480,42.441276,1.807904,-0.000000
2024,0.833006,0.006732,41.597266,1.801996,-0.000000
2025,0.837447,0.024743,42.838422,1.800594,0.000000
2026,0.832236,0.023129,41.974469,1.790242,0.000000
2027,0.794061,0.010241,36.005039,1.793426,0.000000
2028,0.828394,0.009991,39.766870,1.799104,0.000000
2029,0.832144,0.064665,34.730746,1.793402,0.000000
2030,0.832570,0.003888,38.785771,1.787163,-0.000000
2031,0.829184,0.003461,38.871352,1.789704,-0.000000
2032,0.835131,0.023464,28.287103,1.780247,-0.000000
2033,0.834038,0.080538,26.252701,1.784163,0.000000
2034,0.817899,0.016168,44.312504,1.792396,0.000000
2035,0.818944,0.146706,36.202225,1.795561,0.000000
2036,0.825749,0.003960,54.971619,1.804324,0.000000
2037,0.826087,0.018608,48.582881,1.826742,-0.000000
2038,0.834864,0.005931,43.408690,1.845559,0.000000
2039,0.822248,0.028465,43.640474,1.859413,-0.000000
2040,0.824251,0.043144,42.952727,1.859426,0.000000
2041,0.819430,0.070950,44.022745,1.849277,-0.000000
2042,0.794542,0.011011,40.247075,1.835712,-0.000000
2043,0.813050,0.170883,41.171996,1.832052,-0.000000
2044,0.823082,-0.003445,33.766031,1.834144,-0.000000
2045,0.820046,0.059576,43.826659,1.827949,0.000000
2046,0.828031,0.077890,41.759788,1.823463,-0.000000
2047,0.830444,0.015194,37.576155,1.830474,-0.000000
2048,0.808270,0.012164,33.999787,1.830920,0.000000
2049,0.815312,0.019837,34.413286,1.819027,-0.000000
2050,0.823525,0.054099,35.400987,1.818456,0.000000
2051,0.819672,0.003078,37.424556,1.829292,0.000000
2052,0.795886,0.026554,35.926259,1.837713,0.000000
2053,0.830634,0.000844,35.700362,1.841452,-0.000000
2054,0.820088,0.027295,37.145475,1.846895,0.000000
2055,0.823920,0.001780,39.825442,1.856819,-0.000000
2056,0.830881,-0.000389,48.366276,1.878656,-0.000000
2057,0.837331,0.020940,55.675207,1.896722,-0.000000
2058,0.837380,4.387317,44.220470,1.910727,0.000000
2059,0.834630,0.028142,57.746490,1.913465,0.000000
2060,0.831890,0.007925,53.198523,1.911374,-0.000000
2061,0.836782,-0.002075,48.275457,1.898924,0.000000
2062,0.834891,0.002944,45.985500,1.895478,0.000000
2063,0.839791,-0.000445,38.944262,1.907282,-0.000000
2064,0.834356,0.013788,42.578568,1.916738,0.000000
2065,0.837890,0.063614,40.242646,1.914800,0.000000
2066,0.839910,0.015189,47.138212,1.903589,-0.000000
2067,0.835438,0.023526,40.621754,1.899435,0.000000
2068,0.726524,0.009314,52.524612,1.903985,-0.000000
2069,0.812736,0.037145,41.931198,1.898540,0.000000
2070,0.835044,0.080231,38.942571,1.882388,0.000000
2071,0.831285,0.018383,38.154549,1.865378,-0.000000
2072,0.810456,0.033063,39.921690,1.849598,-0.000000
2073,0.784664,0.002582,57.723971,1.855780,0.000000
2074,0.784362,0.036605,44.817658,1.854770,0.000000
2075,0.844191,0.016125,52.454361,1.848575,0.000000
2076,0.839120,0.004438,53.840864,1.853405,0.000000
2077,0.843315,0.012222,47.502337,1.854819,-0.000000
2078,0.847836,0.014453,45.885700,1.860098,-0.000000
2079,0.843729,0.064569,44.065037,1.841050,0.000000
2080,0.837209,0.030279,43.341777,1.818783,0.000000
2081,0.788182,0.048339,44.043865,1.832901,0.000000
2082,0.842587,0.011441,43.822106,1.850308,-0.000000
2083,0.842465,-0.001885,44.903928,1.850174,-0.000000
2084,0.841697,0.001824,46.954560,1.837828,0.000000
2085,0.797157,0.008354,50.782304,1.818766,-0.000000
2086,0.778986,0.022893,48.610608,1.808878,-0.000000
2087,0.842971,0.029207,36.114986,1.806047,-0.000000
2088,0.839470,0.050777,37.768558,1.799647,-0.000000
2089,0.710253,0.258934,42.593454,1.785591,-0.000000
2090,0.840635,0.083412,25.933921,1.765092,0.000000
2091,0.639862,0.076675,30.157192,1.749074,0.000000
2092,0.606152,0.005415,19.847201,1.756584,-0.000000
2093,0.672187,0.009362,20.772503,1.769839,-0.000000
2094,0.819539,0.014658,31.217654,1.751164,0.000000
2095,0.835425,0.008598,36.520779,1.730340,-0.000000
2096,0.834195,0.012382,40.217405,1.732812,0.000000
2097,0.838725,0.026562,37.301429,1.743185,-0.000000
2098,0.834351,0.010744,41.325738,1.740116,0.000000
2099,0.774645,0.028534,49.055285,1.716513,-0.000000
2100,0.779006,0.006236,39.746938,1.694332,-0.000000
2101,0.833102,-0.001110,35.738039,1.695525,0.000000
2102,0.810356,0.000913,38.405948,1.708368,0.000000
2103,0.831595,-0.002566,46.270326,1.711679,-0.000000
2104,0.833619,0.000524,34.105761,1.713738,-0.000000
2105,0.840891,0.027583,47.196346,1.717401,-0.000000
2106,0.836745,0.011929,42.148390,1.720095,-0.000000
2107,0.836274,0.032371,39.483848,1.704209,0.000000
2108,0.812971,0.016874,40.763148,1.697677,0.000000
2109,0.824868,0.007555,52.508389,1.700462,-0.000000
2110,0.836250,-0.002632,39.482640,1.709031,-0.000000
2111,0.832962,-0.001510,51.703958,1.729441,0.000000
2112,0.832511,0.011783,56.782541,1.726140,0.000000
2113,0.831413,0.010411,51.960786,1.715352,-0.000000
2114,0.835048,0.007536,48.690528,1.714669,0.000000
2115,0.830849,0.003182,45.833463,1.724579,-0.000000
2116,0.782664,0.008217,46.244548,1.745571,-0.000000
2117,0.834299,0.004392,41.845521,1.749143,0.000000
2118,0.838109,0.036404,35.407125,1.731510,0.000000
2119,0.835404,0.036343,54.865033,1.721002,0.000000
2120,0.837505,0.000395,49.653746,1.721016,0.000000
2121,0.841016,0.005909,45.876517,1.732221,0.000000
2122,0.839125,0.058031,35.562750,1.751383,0.000000
2123,0.838783,-0.000347,47.841597,1.780552,-0.000000
2124,0.837672,0.001406,51.043473,1.795933,-0.000000
2125,0.789749,0.014322,45.017850,1.808831,0.000000
2126,0.715479,0.021076,50.324446,1.808078,-0.000000
2127,0.699944,0.178282,33.912294,1.800609,0.000000
2128,0.788730,0.030590,35.887282,1.785772,0.000000
2129,0.818364,0.026679,36.520673,1.765571,-0.000000
2130,0.835298,0.003628,37.615066,1.759679,-0.000000
2131,0.836783,0.044626,39.334092,1.755596,-0.000000
2132,0.832382,0.041236,37.485561,1.749228,-0.000000
2133,0.833416,0.197803,34.086300,1.762898,-0.000000
2134,0.837883,0.010910,34.263143,1.766428,0.000000
2135,0.781238,0.002582,45.998399,1.770633,-0.000000
2136,0.834798,0.059902,36.853723,1.767277,0.000000
2137,0.836131,0.004551,40.605467,1.748725,0.000000
2138,0.834240,0.000651,43.804663,1.743813,0.000000
2139,0.830063,-0.003044,39.830634,1.743894,0.000000
2140,0.824076,-0.000541,44.367670,1.741554,0.000000
2141,0.827563,0.003712,33.834479,1.746473,-0.000000
2142,0.834608,0.022439,32.865140,1.749682,0.000000
2143,0.813518,0.007109,41.918652,1.738927,-0.000000
2144,0.830455,0.001527,41.910348,1.742075,0.000000
2145,0.830838,0.030410,39.568050,1.753693,0.000000
2146,0.837359,0.986306,39.567388,1.762476,-0.000000
2147,0.837108,0.042074,38.411878,1.775469,0.000000
2148,0.839936,0.176094,34.662950,1.789275,0.000000
2149,0.838889,0.012008,28.094990,1.809774,0.000000
2150,0.791258,0.002979,39.249316,1.834839,0.000000
2151,0.793830,0.020630,43.088238,1.843078,0.000000
2152,0.758789,0.004136,36.438449,1.837377,0.000000
2153,0.838379,0.011477,36.270256,1.825403,0.000000
2154,0.841875,0.017208,45.128830,1.811795,0.000000
2155,0.837199,0.004270,51.724751,1.810282,-0.000000
2156,0.834715,0.027501,45.324224,1.810666,-0.000000
2157,0.835114,0.477923,51.177432,1.796261,-0.000000
2158,0.840327,0.109651,51.868230,1.769160,0.000000
2159,0.835866,0.024652,49.253453,1.764750,0.000000
2160,0.842473,0.008247,45.255290,1.778440,-0.000000
2161,0.836970,0.001766,38.897529,1.799687,-0.000000
2162,0.826585,0.097410,39.270412,1.805691,0.000000
2163,0.841339,0.015765,55.192404,1.798823,0.000000
2164,0.839474,0.006615,45.430099,1.796614,0.000000
2165,0.833134,-0.004661,57.045787,1.806159,-0.000000
2166,0.838221,0.019645,52.102233,1.822594,-0.000000
2167,0.817112,0.008028,45.739798,1.833334,0.000000
2168,0.834817,0.011072,47.465563,1.850985,0.000000
2169,0.793102,-0.007587,44.940432,1.862835,0.000000
2170,0.845246,0.000522,52.495893,1.871189,-0.000000
2171,0.848398,0.017180,51.651889,1.857813,0.000000
2172,0.844011,0.007344,49.587686,1.855510,-0.000000
2173,0.843705,0.086585,38.192679,1.853071,0.000000
2174,0.845407,0.302504,49.888193,1.844337,0.000000
2175,0.833312,0.012376,46.345381,1.856816,0.000000
2176,0.847226,0.051026,45.691728,1.869196,-0.000000
2177,0.841855,0.007782,43.832214,1.866469,0.000000
2178,0.839064,0.012130,43.673336,1.868262,0.000000
2179,0.841108,0.034976,37.728396,1.860725,0.000000
2180,0.840904,0.022801,34.557264,1.864949,-0.000000
2181,0.804888,0.046318,34.653339,1.882611,-0.000000
2182,0.834035,0.026869,48.687753,1.890560,-0.000000
2183,0.840630,0.009685,51.597801,1.889029,-0.000000
2184,0.841031,0.000242,42.458466,1.895414,-0.000000
2185,0.837524,0.045608,51.017306,1.897139,-0.000000
2186,0.835873,0.010609,36.790884,1.903452,0.000000
2187,0.840865,0.049803,44.267394,1.906941,-0.000000
2188,0.825253,0.023774,46.806268,1.891211,-0.000000
2189,0.831706,0.003962,45.952244,1.878580,0.000000
2190,0.790614,0.032934,44.984507,1.868631,0.000000
2191,0.838785,0.012155,49.780198,1.863365,-0.000000
2192,0.837729,0.018048,39.224237,1.867668,-0.000000
2193,0.839672,0.004086,37.691665,1.865366,0.000000
2194,0.834918,-0.001258,44.660978,1.871667,-0.000000
2195,0.829534,0.006215,49.397839,1.879246,-0.000000
2196,0.826988,0.008622,48.285798,1.863561,0.000000
2197,0.829806,-0.000739,46.626729,1.863807,-0.000000
2198,0.831216,0.006576,45.241151,1.882673,0.000000
2199,0.833220,0.000531,48.169394,1.904657,-0.000000
2200,0.836179,0.102159,41.245941,1.917442,0.000000
2201,0.840725,0.020296,39.391239,1.925899,-0.000000
2202,0.833238,0.088826,47.340047,1.922770,0.000000
2203,0.834982,0.022964,55.137838,1.914609,-0.000000
2204,0.817825,0.078031,42.137967,1.919323,-0.000000
2205,0.834540,0.017674,38.513318,1.933854,-0.000000
2206,0.836685,0.108232,51.844237,1.947295,0.000000
2207,0.835418,0.032097,49.499898,1.957272,-0.000000
2208,0.836695,0.050518,49.556236,1.958372,0.000000
2209,0.836303,0.056312,44.180858,1.965703,0.000000
2210,0.782006,0.036322,53.168398,1.969946,0.000000
2211,0.837907,0.006646,42.295317,1.968669,0.000000
2212,0.776257,0.026307,41.513624,1.962363,-0.000000
2213,0.827037,0.046568,38.454539,1.955990,0.000000
2214,0.811708,0.161503,41.452963,1.942014,0.000000
2215,0.840815,0.026093,45.165842,1.932474,0.000000
2216,0.838589,0.011599,41.616444,1.932755,-0.000000
2217,0.819588,0.075831,40.349757,1.932758,0.000000
2218,0.842236,0.021486,44.040409,1.934403,0.000000
2219,0.820789,0.010266,40.866934,1.943099,0.000000
2220,0.839230,0.009029,45.564950,1.945479,-0.000000
2221,0.841914,0.003939,48.765782,1.936854,0.000000
2222,0.841727,0.005667,43.405735,1.943797,-0.000000
2223,0.838364,-0.001479,40.427769,1.957710,0.000000
2224,0.835150,0.042138,45.663298,1.948528,-0.000000
2225,0.818674,0.066124,38.932503,1.930305,-0.000000
2226,0.838845,0.082492,48.767528,1.924564,-0.000000
2227,0.834345,0.020126,42.838622,1.918128,-0.000000
2228,0.835762,0.015027,43.859376,1.918045,-0.000000
2229,0.840480,0.020744,42.254013,1.918279,0.000000
2230,0.842464,0.004040,40.099375,1.928245,0.000000
2231,0.845724,0.003123,33.014592,1.941663,-0.000000
2232,0.840159,0.038430,41.006569,1.929674,-0.000000
2233,0.844780,0.060043,39.550281,1.920346,0.000000
2234,0.842532,0.011844,38.333405,1.925140,-0.000000
2235,0.837151,0.019940,34.635182,1.926749,0.000000
2236,0.743622,0.029950,23.309438,1.909222,0.000000
2237,0.823179,0.001408,40.264166,1.894482,-0.000000
2238,0.830135,0.081413,44.424124,1.884153,-0.000000
2239,0.834370,0.155557,42.858378,1.864898,-0.000000
2240,0.830716,0.038348,39.050144,1.862849,-0.000000
2241,0.828918,0.010399,27.922507,1.864152,-0.000000
2242,0.767002,0.021694,38.288341,1.867878,0.000000
2243,0.824221,0.011450,39.469242,1.881900,-0.000000
2244,0.802171,0.008871,37.810637,1.878448,-0.000000
2245,0.825340,-0.000931,42.030763,1.879247,-0.000000
2246,0.820572,0.052515,42.001293,1.885868,-0.000000
2247,0.823886,0.242564,42.240983,1.895573,0.000000
2248,0.830500,0.069696,47.267896,1.900058,0.000000
2249,0.833179,0.004857,42.576901,1.899647,0.000000
2250,0.829863,0.017298,44.146442,1.913977,0.000000
2251,0.808537,-0.001448,41.624154,1.923993,-0.000000
2252,0.809497,0.045799,33.281239,1.934453,0.000000
2253,0.811956,0.007333,36.098767,1.949025,-0.000000
2254,0.830573,-0.003894,38.806732,1.952007,0.000000
2255,0.838704,0.009502,49.094612,1.953164,0.000000
2256,0.841192,0.022608,41.808418,1.952281,-0.000000
2257,0.837514,0.007916,36.633894,1.950543,-0.000000
2258,0.835261,4.204375,30.791797,1.934899,-0.000000
2259,0.836855,0.037313,40.041909,1.920142,0.000000
2260,0.839652,0.005672,30.075313,1.919061,-0.000000
2261,0.834606,0.001517,31.572921,1.937820,0.000000
2262,0.835955,0.032908,31.581168,1.952645,-0.000000
2263,0.833540,0.014685,30.966763,1.941914,0.000000
2264,0.834246,0.015311,30.501409,1.935328,0.000000
2265,0.834544,0.209262,53.137673,1.934783,0.000000
2266,0.828633,0.010878,46.238337,1.945379,-0.000000
2267,0.830929,0.002471,55.883618,1.952889,0.000000
2268,0.826324,0.042572,52.973736,1.960284,-0.000000
2269,0.830139,0.025238,49.006995,1.974100,-0.000000
2270,0.828940,0.002668,51.046326,1.990116,-0.000000
2271,0.796184,0.012131,39.618324,1.993691,-0.000000
2272,0.826315,0.053440,38.440118,1.975928,-0.000000
2273,0.772619,0.048421,37.269230,1.972873,-0.000000
2274,0.817455,0.075468,42.840222,1.979353,0.000000
2275,0.823511,0.343454,27.319386,1.979276,-0.000000
2276,0.823538,0.026481,32.633576,1.975268,0.000000
2277,0.825413,0.022296,28.700356,1.972169,-0.000000
2278,0.831887,0.019052,35.546654,1.967764,0.000000
2279,0.828155,0.009574,29.905787,1.955075,-0.000000
2280,0.818830,0.019375,31.455121,1.945471,-0.000000
2281,0.727487,0.045658,35.752036,1.929599,0.000000
2282,0.735314,0.033611,34.267974,1.916084,0.000000
2283,0.818763,0.007202,37.581714,1.925067,-0.000000
2284,0.825725,0.428651,34.671965,1.931526,0.000000
2285,0.807983,0.103254,30.484914,1.922715,-0.000000
2286,0.829616,0.244541,29.343440,1.913576,-0.000000
2287,0.827403,0.010962,26.507893,1.912457,0.000000
2288,0.801491,0.102996,19.783291,1.917910,-0.000000
2289,0.820563,0.011530,24.821454,1.916083,-0.000000
2290,0.824535,0.003800,22.458433,1.913815,0.000000
2291,0.806227,0.036336,20.621645,1.914647,-0.000000
2292,0.807521,0.009368,23.725840,1.902321,0.000000
2293,0.828064,0.022774,37.884364,1.909890,-0.000000
2294,0.825117,0.016245,32.608178,1.915496,-0.000000
2295,0.828239,0.037262,31.714735,1.886938,-0.000000
2296,0.805137,0.001161,28.605960,1.860849,0.000000
2297,0.831395,0.056037,30.441475,1.843658,-0.000000
2298,0.831180,0.024317,31.953958,1.818520,0.000000
2299,0.826570,0.023163,37.399564,1.814919,0.000000
2300,0.806297,0.102580,34.496853,1.821469,-0.000000
2301,0.828489,0.009549,44.612501,1.812232,-0.000000
2302,0.808442,0.025378,40.512021,1.796386,-0.000000
2303,0.822908,0.008418,41.562256,1.799499,0.000000
2304,0.802834,0.039060,39.962071,1.811015,-0.000000
2305,0.817840,0.024194,40.599159,1.811595,-0.000000
2306,0.821887,0.015424,43.345196,1.816257,0.000000
2307,0.726141,0.054514,32.295612,1.819909,0.000000
2308,0.795068,0.017875,26.348071,1.802270,0.000000
2309,0.796337,0.019207,32.662095,1.786773,0.000000
2310,0.823042,0.003610,31.230158,1.787864,0.000000
2311,0.831332,0.015014,30.196179,1.795214,0.000000
2312,0.834294,0.057903,31.063902,1.793852,-0.000000
2313,0.828868,0.115851,23.387575,1.779609,0.000000
2314,0.830843,0.071304,25.490345,1.787951,-0.000000
2315,0.822950,0.017551,38.041518,1.802696,0.000000
2316,0.802641,0.373239,40.970791,1.796576,0.000000
2317,0.730751,0.089823,35.336754,1.794405,0.000000
2318,0.800194,0.013193,33.991883,1.784582,0.000000
2319,0.823046,0.034156,34.757183,1.754707,0.000000
2320,0.826248,0.066099,31.085006,1.738885,-0.000000
2321,0.827431,0.007176,38.216706,1.727037,-0.000000
2322,0.831993,0.051049,38.801544,1.709972,-0.000000
2323,0.828238,0.022767,38.121225,1.703493,-0.000000
2324,0.823651,0.008129,40.678764,1.706563,-0.000000
2325,0.821747,0.003016,37.729125,1.721310,0.000000
2326,0.818763,0.004248,35.546325,1.730010,-0.000000
2327,0.826605,0.002559,37.989659,1.719635,0.000000
2328,0.828527,0.000754,36.652465,1.733146,-0.000000
2329,0.833355,0.004628,46.915731,1.746145,-0.000000
2330,0.830354,0.008729,43.453031,1.746993,0.000000
2331,0.832453,0.012007,41.357683,1.755280,0.000000
2332,0.831563,0.007989,33.437582,1.755526,0.000000
2333,0.830843,0.749277,30.303506,1.743326,0.000000
2334,0.831755,0.017661,26.171754,1.726238,0.000000
2335,0.831472,0.099682,23.761528,1.729710,0.000000
2336,0.827574,-0.004111,26.810189,1.735790,0.000000
2337,0.824516,0.022128,24.450320,1.747408,0.000000
2338,0.831112,0.026472,24.026099,1.758597,-0.000000
2339,0.826812,0.010770,25.171394,1.773836,-0.000000
2340,0.832222,0.003465,26.320479,1.787692,-0.000000
2341,0.827547,0.005474,21.135571,1.792227,-0.000000
2342,0.832391,0.012977,18.100407,1.793807,0.000000
2343,0.820956,0.005392,27.115648,1.802193,0.000000
2344,0.824540,0.058425,23.030417,1.806582,0.000000
2345,0.824489,0.014371,39.346311,1.798734,-0.000000
2346,0.825243,-0.003719,22.233749,1.799576,0.000000
2347,0.829083,0.501201,21.846171,1.815519,-0.000000
2348,0.829947,0.014617,17.259433,1.813523,-0.000000
2349,0.828048,0.013198,16.041382,1.810325,-0.000000
2350,0.822737,0.006615,18.555766,1.797332,0.000000
2351,0.820894,0.013261,21.772890,1.796329,0.000000
2352,0.829287,0.055974,31.480119,1.817929,0.000000
2353,0.824163,0.004723,37.121055,1.850846,0.000000
2354,0.828941,0.041000,37.853778,1.870815,-0.000000
2355,0.822640,0.023162,33.349083,1.889337,0.000000
2356,0.826833,0.014330,33.614119,1.899418,0.000000
2357,0.825723,-0.000696,30.708110,1.903511,-0.000000
2358,0.819700,0.027369,27.366051,1.914840,0.000000
2359,0.821479,0.030065,32.766956,1.916601,-0.000000
2360,0.820055,0.011577,34.883205,1.914072,-0.000000
2361,0.823131,0.044747,42.083150,1.919979,-0.000000
2362,0.821589,0.033161,28.269578,1.926714,0.000000
2363,0.822735,0.017042,42.339048,1.930144,0.000000
2364,0.825719,0.019323,21.677133,1.929484,-0.000000
2365,0.821291,0.082536,26.601557,1.917126,0.000000
2366,0.818197,0.166925,41.436608,1.906378,0.000000
2367,0.817397,0.020150,30.264225,1.900627,0.000000
2368,0.811641,1.163738,30.383547,1.883214,-0.000000
2369,0.782355,0.022401,38.623247,1.871886,-0.000000
2370,0.755797,-0.006833,36.153446,1.867137,-0.000000
2371,0.816609,0.009559,34.661646,1.855456,0.000000
2372,0.814579,0.050265,45.210317,1.856030,-0.000000
2373,0.812439,0.002331,65.635810,1.863962,-0.000000
2374,0.809406,0.060863,58.717381,1.855210,0.000000
2375,0.816724,0.082375,42.912398,1.846783,-0.000000
2376,0.810630,0.742868,44.314300,1.844543,-0.000000
2377,0.779830,0.115319,41.477366,1.839387,-0.000000
2378,0.807347,0.016286,46.965763,1.850216,-0.000000
2379,0.791851,-0.001759,39.072950,1.857978,-0.000000
2380,0.814055,0.045938,35.038929,1.862039,-0.000000
2381,0.810538,0.003208,46.476541,1.860348,0.000000
2382,0.813535,0.016510,44.965218,1.882219,0.000000
2383,0.813459,0.000894,41.376528,1.914893,-0.000000
2384,0.777014,0.049798,33.439907,1.928466,-0.000000
2385,0.805083,0.086313,25.791365,1.919646,-0.000000
2386,0.807110,0.019903,24.741176,1.910245,0.000000
2387,0.805200,0.054561,27.817126,1.896519,-0.000000
2388,0.808148,-0.001591,28.751962,1.889145,0.000000
2389,0.812409,0.190686,34.411462,1.884130,-0.000000
2390,0.809046,0.006025,31.246656,1.871970,-0.000000
2391,0.814536,0.020460,33.270678,1.862917,0.000000
2392,0.806307,0.008304,22.404024,1.849291,0.000000
2393,0.813943,0.020851,23.262411,1.828555,0.000000
2394,0.810611,0.040030,26.745367,1.797863,0.000000
2395,0.777165,0.007135,36.790292,1.773192,-0.000000
2396,0.784351,0.137530,28.635768,1.771767,-0.000000
2397,0.776449,0.044002,34.171013,1.767438,0.000000
2398,0.777300,0.017079,50.860765,1.747500,-0.000000
2399,0.804348,0.036645,49.857362,1.749960,0.000000
2400,0.797805,0.020164,37.794170,1.759070,0.000000
2401,0.799720,0.012127,41.931921,1.774366,0.000000
2402,0.799912,0.019574,50.863704,1.792879,0.000000
2403,0.793726,0.017663,48.542601,1.804693,-0.000000
2404,0.795534,0.012083,48.097194,1.809837,-0.000000
2405,0.794607,0.004095,44.118205,1.821151,0.000000
2406,0.761590,0.011353,34.726642,1.827893,0.000000
2407,0.792738,0.009346,35.951421,1.835256,0.000000
2408,0.798822,0.011412,36.375829,1.842707,0.000000
2409,0.787865,0.204856,29.294263,1.835954,0.000000
2410,0.799424,0.005675,24.710595,1.819133,0.000000
2411,0.797793,0.013566,25.747502,1.812295,0.000000
2412,0.804106,-0.003336,26.208617,1.806347,-0.000000
2413,0.810209,0.008668,16.271594,1.806451,-0.000000
2414,0.791897,0.077425,26.223673,1.800080,0.000000
2415,0.798142,0.033975,23.832013,1.797296,0.000000
2416,0.791840,-0.000226,27.638090,1.803581,0.000000
2417,0.792525,0.060046,27.011884,1.797412,0.000000
2418,0.793067,0.034706,23.741989,1.787220,-0.000000
2419,0.769460,0.016700,35.294942,1.794473,-0.000000
2420,0.763180,0.017144,25.665621,1.795071,-0.000000
2421,0.802036,-0.000884,44.927535,1.786631,0.000000
2422,0.806215,0.005733,41.100424,1.775575,-0.000000
2423,0.809224,0.253768,25.854992,1.777307,-0.000000
2424,0.796498,0.001115,17.648097,1.771322,0.000000
2425,0.799757,0.004052,18.594330,1.757405,0.000000
2426,0.805617,0.027211,47.126409,1.751775,0.000000
2427,0.810639,0.057879,55.622913,1.744273,0.000000
2428,0.738509,0.037057,64.548851,1.731337,0.000000
2429,0.764123,0.009368,55.282343,1.732121,-0.000000
2430,0.816464,0.014312,41.551070,1.737729,0.000000
2431,0.811906,0.031651,33.190361,1.731534,0.000000
2432,0.815135,0.148179,45.705584,1.739686,0.000000
2433,0.815279,0.010301,38.365258,1.752932,-0.000000
2434,0.812822,0.030045,61.225088,1.750584,-0.000000
2435,0.768770,0.000160,48.244427,1.751706,-0.000000
2436,0.780155,-0.000537,32.546824,1.752356,-0.000000
2437,0.809236,0.009783,38.625532,1.748314,-0.000000
2438,0.811225,0.091537,41.627202,1.743663,0.000000
2439,0.810790,0.017393,31.206904,1.746259,-0.000000
2440,0.813032,0.000357,25.948045,1.754769,-0.000000
2441,0.810977,0.004172,19.145117,1.754376,0.000000
2442,0.812919,0.089200,19.564192,1.742208,-0.000000
2443,0.811329,0.008599,22.441054,1.745169,0.000000
2444,0.813304,-0.001987,23.547328,1.767125,0.000000
2445,0.811766,0.009272,37.598697,1.791304,0.000000
2446,0.811387,0.023326,18.242881,1.798003,0.000000
2447,0.808790,0.003675,23.277613,1.799468,-0.000000
2448,0.788850,0.015480,24.450210,1.810599,-0.000000
2449,0.811848,0.385861,10.407376,1.813763,-0.000000
2450,0.815185,0.002837,8.305539,1.818834,0.000000
2451,0.814771,0.009103,9.506854,1.821926,-0.000000
2452,0.817923,0.008153,14.088313,1.834605,0.000000
2453,0.819246,0.032206,15.424727,1.828550,0.000000
2454,0.823645,0.025404,12.024289,1.803261,-0.000000
2455,0.819704,0.028215,13.738333,1.779145,0.000000
2456,0.823804,0.013206,18.387115,1.757963,-0.000000
2457,0.818247,0.214648,22.506686,1.752429,-0.000000
2458,0.808387,0.020366,43.491539,1.765601,-0.000000
2459,0.813508,0.001327,41.330660,1.782183,0.000000
2460,0.812340,0.006018,33.325332,1.789202,-0.000000
2461,0.814786,0.002655,36.880333,1.785435,0.000000
2462,0.811005,-0.003359,47.471080,1.794669,-0.000000
2463,0.814447,0.007698,52.679689,1.808654,-0.000000
2464,0.812879,0.003568,47.759944,1.820267,-0.000000
2465,0.810038,0.029486,37.329173,1.835880,0.000000
2466,0.807943,0.015265,43.758778,1.836746,0.000000
2467,0.808088,0.029298,29.879397,1.836085,-0.000000
2468,0.811465,0.018429,33.784801,1.823962,0.000000
2469,0.813558,0.016100,41.677138,1.818719,-0.000000
2470,0.811219,0.058582,45.753625,1.806509,0.000000
2471,0.813521,0.008591,43.837067,1.785720,-0.000000
2472,0.809476,0.010540,43.543621,1.799321,0.000000
2473,0.818747,0.052364,34.437096,1.817115,0.000000
2474,0.819131,0.042405,25.576764,1.810774,0.000000
2475,0.825084,0.396189,8.006605,1.798264,0.000000
2476,0.819827,0.021246,16.763045,1.795711,0.000000
2477,0.817723,0.144158,9.570518,1.791898,0.000000
2478,0.820547,0.051144,10.097592,1.768431,0.000000
2479,0.814530,0.214992,13.488706,1.749852,-0.000000
2480,0.814521,0.016539,13.562262,1.724885,-0.000000
2481,0.809429,0.015751,7.221472,1.702867,0.000000
2482,0.814212,0.018181,13.523332,1.692227,0.000000
2483,0.818699,-0.000487,19.909117,1.702302,0.000000
2484,0.820622,0.045521,28.500884,1.714962,0.000000
2485,0.821252,0.010677,28.562136,1.721938,0.000000
2486,0.819646,0.010269,17.038273,1.712101,0.000000
2487,0.821577,0.010431,10.243718,1.710724,-0.000000
2488,0.822730,0.010847,6.321295,1.705873,0.000000
2489,0.813378,0.011695,10.546112,1.677158,0.000000
2490,0.818291,0.005759,11.478065,1.661056,-0.000000
2491,0.819893,-0.000707,12.604368,1.664036,-0.000000
2492,0.817292,0.001125,20.328507,1.684931,-0.000000
2493,0.816771,0.013589,23.849628,1.691371,0.000000
2494,0.817462,0.022376,7.867677,1.689024,0.000000
2495,0.817363,-0.000592,9.594489,1.672762,0.000000
2496,0.812462,0.011788,17.099069,1.665564,-0.000000
2497,0.816884,0.036441,26.273254,1.668873,-0.000000
2498,0.823541,0.094086,36.977921,1.686859,0.000000
2499,0.824721,0.022763,47.221461,1.702277,-0.000000
2500,0.823009,0.047220,34.509545,1.707739,-0.000000
2501,0.822743,0.003179,21.577651,1.722870,-0.000000
2502,0.826371,0.011201,43.937918,1.724504,-0.000000
2503,0.820616,0.044406,26.817471,1.719139,0.000000
2504,0.824101,0.016016,24.439542,1.718368,0.000000
2505,0.824443,0.057692,28.371354,1.711868,-0.000000
2506,0.825001,0.003350,19.975679,1.718226,-0.000000
2507,0.821311,0.092440,18.157706,1.737085,0.000000
2508,0.824332,0.012416,27.913172,1.762018,0.000000
2509,0.819404,0.018086,23.209500,1.774402,0.000000
2510,0.819726,0.028597,11.717037,1.758336,0.000000
2511,0.823802,0.002258,39.507995,1.753194,0.000000
2512,0.822413,0.011114,37.291450,1.751064,0.000000
2513,0.820422,0.025378,24.372312,1.731885,-0.000000
2514,0.825362,-0.001575,39.953502,1.734756,0.000000
2515,0.831656,0.007289,32.032850,1.744204,0.000000
2516,0.831238,0.026844,22.820577,1.721986,0.000000
2517,0.834514,0.007327,34.958221,1.698620,0.000000
2518,0.833327,0.003479,16.647823,1.698766,0.000000
2519,0.832603,0.001179,14.068098,1.693045,-0.000000
2520,0.833624,0.021794,42.274696,1.670919,0.000000
2521,0.833282,0.013801,53.019050,1.668733,0.000000
2522,0.834995,0.004786,41.707256,1.678738,0.000000
2523,0.834879,0.014340,61.154676,1.689453,0.000000
2524,0.830786,-0.000131,71.040832,1.689012,0.000000
2525,0.832755,-0.000190,64.184275,1.692597,0.000000
2526,0.834588,0.016312,57.966555,1.704048,-0.000000
2527,0.837080,0.011910,51.861376,1.706200,-0.000000
2528,0.836398,0.007412,49.606266,1.691533,0.000000
2529,0.833257,0.016660,42.725899,1.685548,0.000000
2530,0.829320,0.032852,39.923932,1.690462,0.000000
2531,0.782735,-0.000182,51.672588,1.697660,0.000000
2532,0.778627,0.021820,43.413851,1.695271,0.000000
2533,0.802068,-0.008128,42.336364,1.698848,-0.000000
2534,0.786107,0.023424,42.797634,1.702496,0.000000
2535,0.801291,0.002004,31.085405,1.697637,-0.000000
2536,0.827255,0.005884,40.805809,1.684281,0.000000
2537,0.825802,0.029153,38.047186,1.671694,-0.000000
2538,0.824645,0.009618,39.151793,1.675968,-0.000000
2539,0.826510,-0.001693,39.904227,1.712021,-0.000000
2540,0.822120,0.010718,35.176723,1.748349,0.000000
2541,0.820935,0.033895,42.494364,1.763024,0.000000
2542,0.828839,0.003426,36.300366,1.776587,0.000000
2543,0.825588,0.068364,37.423436,1.785320,-0.000000
2544,0.828179,0.009219,35.382890,1.789371,-0.000000
2545,0.826023,0.000541,44.510284,1.790930,-0.000000
2546,0.801072,0.009287,34.396219,1.783628,-0.000000
2547,0.798200,0.015031,29.303268,1.781606,-0.000000
2548,0.820565,0.003195,43.307785,1.792012,0.000000
2549,0.814663,0.019502,44.643674,1.792911,-0.000000
2550,0.824074,0.004019,44.877495,1.806830,-0.000000
2551,0.829840,0.020124,43.359039,1.811135,0.000000
2552,0.823027,0.015037,36.489789,1.804050,0.000000
2553,0.814454,0.018256,21.176790,1.808718,-0.000000
2554,0.811221,0.016639,21.858283,1.803722,0.000000
2555,0.820349,0.094496,33.944372,1.789281,-0.000000
2556,0.825979,0.000871,20.420714,1.773238,-0.000000
2557,0.817375,0.041812,14.798610,1.761326,0.000000
2558,0.829045,0.037544,9.892842,1.742820,0.000000
2559,0.829096,0.007681,12.550968,1.732255,-0.000000
2560,0.823942,0.027335,9.012564,1.724323,-0.000000
2561,0.824647,0.016102,24.553742,1.727659,-0.000000
2562,0.829937,0.001952,27.479710,1.736247,0.000000
2563,0.829185,0.028201,40.443953,1.746860,0.000000
2564,0.826273,0.014616,21.413664,1.745389,0.000000
2565,0.829970,0.007433,41.454969,1.734996,0.000000
2566,0.829030,0.348617,19.037697,1.740857,0.000000
2567,0.831545,0.017590,13.625383,1.748483,0.000000
2568,0.832880,0.000183,25.102784,1.742193,0.000000
2569,0.834884,0.001470,34.038170,1.731425,-0.000000
2570,0.837313,0.044851,40.064721,1.719686,0.000000
2571,0.839099,0.003375,63.338629,1.713795,-0.000000
2572,0.836459,0.122186,61.545955,1.720054,-0.000000
2573,0.836500,-0.000109,43.136912,1.722323,-0.000000
2574,0.838321,0.018583,28.933885,1.735511,0.000000
2575,0.832794,0.028477,30.122240,1.734622,0.000000
2576,0.826392,0.018738,16.718483,1.729174,-0.000000
2577,0.833317,0.000857,41.347312,1.742145,0.000000
2578,0.826547,0.008949,54.693143,1.752076,0.000000
2579,0.831418,0.022513,51.801190,1.752620,-0.000000
2580,0.827944,0.000503,49.295690,1.758095,-0.000000
2581,0.826652,0.022287,49.349583,1.773855,-0.000000
2582,0.827019,0.009977,47.118169,1.778510,-0.000000
2583,0.826477,0.160222,46.231294,1.770852,0.000000
2584,0.822754,0.009877,45.946098,1.760543,-0.000000
2585,0.832111,0.017826,43.667076,1.744132,0.000000
2586,0.821673,0.022165,40.155554,1.741349,0.000000
2587,0.828108,0.052990,32.932900,1.745857,0.000000
2588,0.825290,0.000124,34.431569,1.744904,0.000000
2589,0.768429,0.007203,39.397958,1.743532,-0.000000
2590,0.766566,0.011745,45.308618,1.731310,0.000000
2591,0.794455,-0.001646,47.912909,1.730992,-0.000000
2592,0.820079,0.009182,40.724610,1.730784,-0.000000
2593,0.826219,0.011671,40.466866,1.707050,-0.000000
2594,0.808253,-0.003943,40.168635,1.700788,0.000000
2595,0.827659,0.009299,41.149892,1.705347,-0.000000
2596,0.823551,0.027811,34.667372,1.700728,0.000000
2597,0.837211,0.076099,38.728868,1.707722,-0.000000
2598,0.831196,0.005294,48.529764,1.726349,0.000000
2599,0.815967,0.014750,47.668035,1.722045,-0.000000
2600,0.832046,0.000489,44.910667,1.717418,0.000000
2601,0.834493,-0.003320,50.972976,1.732534,0.000000
2602,0.839618,0.012890,49.158307,1.748146,0.000000
2603,0.834738,0.044561,45.371454,1.761387,0.000000
2604,0.834614,-0.001441,33.726660,1.789005,-0.000000
2605,0.834745,0.025905,34.915296,1.807708,0.000000
2606,0.803189,0.173607,36.556219,1.798241,-0.000000
2607,0.808800,0.021627,30.908785,1.779358,0.000000
2608,0.827085,0.008647,35.266678,1.769574,-0.000000
2609,0.824920,0.123404,33.603733,1.757989,-0.000000
2610,0.830714,-0.000035,47.675890,1.757368,-0.000000
2611,0.830243,0.013602,46.864211,1.768023,-0.000000
2612,0.827578,0.020458,36.968702,1.775512,0.000000
2613,0.822889,0.022631,48.445713,1.798111,-0.000000
2614,0.825949,0.005406,35.951967,1.799232,-0.000000
2615,0.824634,0.024974,47.820290,1.803892,0.000000
2616,0.823168,-0.001611,50.593857,1.817300,0.000000
2617,0.820744,0.005967,42.006467,1.845858,-0.000000
2618,0.821118,0.020334,38.000475,1.868322,-0.000000
2619,0.820996,0.006090,35.274256,1.885575,0.000000
2620,0.827712,-0.000553,36.396259,1.897905,0.000000
2621,0.823462,0.030286,29.435763,1.905702,0.000000
2622,0.818817,0.000644,30.876897,1.904174,0.000000
2623,0.818107,0.025407,24.507665,1.884271,0.000000
2624,0.817061,0.003150,19.379304,1.862486,-0.000000
2625,0.832394,0.014979,26.512155,1.845324,-0.000000
2626,0.820868,0.005262,39.033290,1.850895,-0.000000
2627,0.827038,0.004034,25.717163,1.859720,-0.000000
2628,0.777238,-0.002269,33.792191,1.861291,0.000000
2629,0.830032,0.015523,31.745131,1.878531,-0.000000
2630,0.826056,0.009393,24.773233,1.870012,0.000000
2631,0.831948,0.007422,41.610472,1.859335,0.000000
2632,0.806962,0.028193,28.734897,1.832607,0.000000
2633,0.833782,0.019179,36.066528,1.820551,-0.000000
2634,0.834809,0.003070,52.746606,1.818435,-0.000000
2635,0.835801,-0.001350,49.063521,1.802801,-0.000000
2636,0.828129,0.600728,43.353098,1.798251,-0.000000
2637,0.830163,0.014741,45.997272,1.806636,-0.000000
2638,0.795396,0.020199,48.740035,1.803188,0.000000
2639,0.816111,-0.000465,36.593682,1.803383,-0.000000
2640,0.831995,0.038938,36.809467,1.815733,0.000000
2641,0.806750,0.022574,40.299419,1.811971,-0.000000
2642,0.834250,0.021152,42.534450,1.829399,0.000000
2643,0.831745,0.024306,39.258788,1.843966,0.000000
2644,0.817093,0.028235,38.653212,1.835188,0.000000
2645,0.831904,0.008023,40.982466,1.821477,0.000000
2646,0.810197,0.087267,30.386011,1.801821,-0.000000
2647,0.838313,0.003162,35.443742,1.808226,-0.000000
2648,0.833747,0.013617,30.780329,1.821349,-0.000000
2649,0.836561,-0.002247,41.451045,1.834631,-0.000000
2650,0.839196,-0.002231,38.677024,1.849498,0.000000
2651,0.833940,0.046251,37.151819,1.855443,-0.000000
2652,0.832670,0.006882,38.258164,1.868766,-0.000000
2653,0.809291,0.307221,35.443241,1.876365,-0.000000
2654,0.686377,0.103696,52.134371,1.875904,0.000000
2655,0.627427,0.045507,14.132432,1.860419,0.000000
2656,0.631054,0.013593,5.634698,1.831631,-0.000000
2657,0.687802,0.011400,9.003602,1.803458,0.000000
2658,0.751607,0.027645,22.612896,1.779601,-0.000000
2659,0.703188,0.006836,6.090297,1.756203,-0.000000
2660,0.769640,0.011675,14.610712,1.729282,0.000000
2661,0.781487,0.008426,20.528942,1.690141,0.000000
2662,0.828089,0.006102,27.568107,1.662375,0.000000
2663,0.805885,0.016919,25.380627,1.658295,0.000000
2664,0.801829,0.031132,25.428717,1.636917,0.000000
2665,0.725746,0.017489,11.476837,1.605298,0.000000
2666,0.817798,0.021524,30.599392,1.581112,-0.000000
2667,0.788196,-0.003810,24.177047,1.566506,-0.000000
2668,0.790783,0.019213,22.052568,1.570433,-0.000000
2669,0.819120,0.038665,27.610548,1.569796,0.000000
2670,0.830406,0.006799,28.714254,1.570872,0.000000
2671,0.826609,0.025307,22.917076,1.577180,0.000000
2672,0.825876,0.003660,27.738204,1.587407,-0.000000
2673,0.823848,0.012773,39.316989,1.596791,0.000000
2674,0.825919,0.001334,37.393344,1.599295,0.000000
2675,0.829088,0.003802,33.455520,1.602647,-0.000000
2676,0.829748,0.009681,35.409937,1.605581,0.000000
2677,0.826078,0.010805,32.576372,1.611287,-0.000000
2678,0.829818,0.023945,38.336166,1.630697,-0.000000
2679,0.829574,0.013203,39.416174,1.646580,-0.000000
2680,0.823458,0.024629,35.335460,1.673986,-0.000000
2681,0.784386,0.017674,45.615467,1.695876,0.000000
2682,0.820549,0.030155,32.449302,1.686778,0.000000
2683,0.820614,0.011570,29.267411,1.689056,0.000000
2684,0.821846,0.010881,31.241693,1.712369,0.000000
2685,0.828202,0.012647,35.388754,1.731816,-0.000000
2686,0.816484,0.013403,43.912373,1.725591,0.000000
2687,0.821638,0.004731,35.894921,1.726542,-0.000000
2688,0.821756,0.001669,43.063614,1.736083,0.000000
2689,0.825183,0.000262,36.547417,1.744490,-0.000000
2690,0.822915,0.020204,24.067617,1.758468,-0.000000
2691,0.825947,0.048974,36.041401,1.756492,0.000000
2692,0.824536,0.002446,27.232297,1.753193,-0.000000
2693,0.828046,0.015441,36.465929,1.751864,-0.000000
2694,0.828464,0.001232,25.994214,1.756679,-0.000000
2695,0.823735,0.032214,45.435230,1.776935,-0.000000
2696,0.825728,0.031867,48.218808,1.799481,0.000000
2697,0.828348,0.008202,45.948681,1.814689,-0.000000
2698,0.825847,0.021719,43.602557,1.839787,-0.000000
2699,0.821243,0.028734,36.436036,1.855946,0.000000
2700,0.825547,0.034554,32.982082,1.858096,0.000000
2701,0.800773,0.004316,27.754171,1.851854,-0.000000
2702,0.790919,0.023748,26.769571,1.838346,0.000000
2703,0.793861,-0.001099,28.915868,1.827479,0.000000
2704,0.800472,0.060963,26.979047,1.824664,-0.000000
2705,0.825637,0.009998,24.180120,1.814648,-0.000000
2706,0.828391,0.008963,32.534940,1.810945,0.000000
2707,0.829536,0.017818,33.345388,1.816204,0.000000
2708,0.824369,0.017461,38.880287,1.812736,0.000000
2709,0.824132,0.014228,40.690461,1.807963,-0.000000
2710,0.822609,0.008284,45.314254,1.815207,-0.000000
2711,0.823403,0.021110,47.720993,1.810989,0.000000
2712,0.829270,0.116232,38.088710,1.794362,0.000000
2713,0.824389,0.001460,42.993560,1.796756,-0.000000
2714,0.798375,0.003305,28.988444,1.829441,-0.000000
2715,0.809141,0.086979,29.648134,1.843382,-0.000000
2716,0.823480,0.030927,32.056879,1.833474,-0.000000
2717,0.825924,1.008432,25.670859,1.844236,0.000000
2718,0.831362,0.010623,33.604631,1.851682,-0.000000
2719,0.830702,0.020215,34.490439,1.831264,0.000000
2720,0.833526,0.602264,27.077364,1.815074,-0.000000
2721,0.835549,0.012092,32.268197,1.804641,0.000000
2722,0.835147,0.014008,22.296025,1.796087,0.000000
2723,0.828747,0.016512,5.193066,1.783959,-0.000000
2724,0.833481,0.013506,10.012383,1.757529,0.000000
2725,0.830156,0.002375,14.693349,1.741087,0.000000
2726,0.833035,-0.001625,27.757009,1.736889,-0.000000
2727,0.832773,0.083878,46.584094,1.726102,0.000000
2728,0.830197,0.063302,27.314186,1.718230,0.000000
2729,0.833788,0.010642,57.526080,1.719227,-0.000000
2730,0.833169,-0.002087,50.711312,1.730894,0.000000
2731,0.824769,0.012486,47.640650,1.734280,-0.000000
2732,0.830412,0.016264,43.000229,1.743870,0.000000
2733,0.834461,0.015682,42.096234,1.752980,0.000000
2734,0.745603,0.100597,29.479237,1.758931,0.000000
2735,0.830022,0.033669,37.722039,1.746839,-0.000000
2736,0.831110,0.002437,20.731432,1.741180,-0.000000
2737,0.831954,0.546726,34.016219,1.735126,-0.000000
2738,0.834903,0.004038,32.557562,1.724529,0.000000
2739,0.836440,0.405230,31.182927,1.728008,-0.000000
2740,0.830787,0.010912,33.540748,1.728732,0.000000
2741,0.831980,0.023901,35.559109,1.731101,0.000000
2742,0.828790,-0.005199,37.325764,1.729243,0.000000
2743,0.826888,0.064842,33.470879,1.720507,-0.000000
2744,0.833946,0.009062,33.007052,1.708987,-0.000000
2745,0.833565,0.019708,19.617623,1.692593,0.000000
2746,0.824380,0.026518,14.703373,1.660120,0.000000
2747,0.826233,0.021408,25.679053,1.639435,-0.000000
2748,0.811959,0.018222,30.929642,1.638312,-0.000000
2749,0.829382,0.002806,34.952087,1.646727,0.000000
2750,0.807406,0.004021,35.776145,1.656879,-0.000000
2751,0.835031,0.023374,35.127761,1.666309,0.000000
2752,0.838481,0.006157,36.095517,1.667265,-0.000000
2753,0.833144,0.007961,25.033186,1.662805,0.000000
2754,0.824614,0.005459,21.982950,1.658537,-0.000000
2755,0.836232,0.180396,34.757974,1.667323,0.000000
2756,0.840222,1.081554,38.777361,1.675993,0.000000
2757,0.841742,-0.004175,36.276984,1.695285,-0.000000
2758,0.843013,0.023681,38.796898,1.715329,0.000000
2759,0.843565,-0.001939,58.397133,1.719350,0.000000
2760,0.843423,0.002078,64.689439,1.727921,0.000000
2761,0.841560,0.002824,56.293331,1.730371,0.000000
2762,0.838892,0.020723,44.278698,1.741368,0.000000
2763,0.820395,0.005447,49.822710,1.754827,-0.000000
2764,0.826237,0.021566,43.296440,1.757792,0.000000
2765,0.829508,-0.000248,38.909071,1.766624,-0.000000
2766,0.845969,0.029676,51.978996,1.760016,-0.000000
2767,0.845097,0.176490,43.713750,1.750453,0.000000
2768,0.851383,0.044213,42.707153,1.727364,-0.000000
2769,0.850008,0.008479,38.197888,1.719853,0.000000
2770,0.848505,0.015465,37.868048,1.708564,0.000000
2771,0.848899,0.016519,37.847176,1.692964,0.000000
2772,0.848860,0.010249,37.699052,1.694953,-0.000000
2773,0.841876,0.049221,31.399799,1.695646,0.000000
2774,0.833550,0.025611,28.921819,1.698536,0.000000
2775,0.832173,0.005486,19.495430,1.688917,-0.000000
2776,0.778473,0.014857,20.339737,1.672677,-0.000000
2777,0.825295,0.033756,18.731714,1.640151,0.000000
2778,0.827714,0.039208,17.878738,1.616160,0.000000
2779,0.809818,0.024497,10.916285,1.598427,-0.000000
2780,0.833777,0.219782,13.261677,1.575788,-0.000000
2781,0.792959,0.017446,11.117610,1.550535,-0.000000
2782,0.794948,0.159621,11.751007,1.506757,-0.000000
2783,0.822575,0.006843,12.761743,1.479309,0.000000
2784,0.829851,0.005052,22.223862,1.492789,-0.000000
2785,0.825269,0.013027,23.007462,1.486683,0.000000
2786,0.829791,-0.003685,30.292309,1.475380,-0.000000
2787,0.817121,0.048474,15.983546,1.470775,0.000000
2788,0.817503,0.002309,18.094257,1.461357,-0.000000
2789,0.842936,-0.001343,32.139746,1.463867,0.000000
2790,0.839886,0.051233,39.288690,1.466790,0.000000
2791,0.841179,0.015863,24.367557,1.468409,-0.000000
2792,0.839841,0.006434,20.019565,1.452390,0.000000
2793,0.844002,-0.001419,30.097006,1.433060,-0.000000
2794,0.840576,0.000280,44.612852,1.423309,0.000000
2795,0.840338,0.010110,39.436537,1.444790,0.000000
2796,0.839992,0.050884,36.149725,1.464644,0.000000
2797,0.843951,0.002688,35.135467,1.467508,0.000000
2798,0.840134,0.009486,19.289788,1.473114,0.000000
2799,0.841384,0.000498,22.690840,1.492973,-0.000000
2800,0.838907,0.002225,23.408760,1.520772,0.000000
2801,0.842349,0.022733,30.805233,1.536082,0.000000
2802,0.844975,-0.002483,51.533784,1.559810,-0.000000
2803,0.846032,-0.002698,45.758177,1.569946,0.000000
2804,0.842814,0.054959,46.494774,1.554282,0.000000
2805,0.843245,0.002443,45.972909,1.551734,-0.000000
2806,0.846451,-0.000218,60.571757,1.547715,0.000000
2807,0.845502,-0.003680,50.314922,1.556644,-0.000000
2808,0.845332,-0.001849,47.480887,1.554765,0.000000
2809,0.850128,0.002203,65.121793,1.553304,-0.000000
2810,0.831217,0.047405,61.249032,1.566821,0.000000
2811,0.830178,-0.007769,51.301475,1.582162,-0.000000
2812,0.849012,0.002166,42.098340,1.606141,0.000000
2813,0.849647,0.049616,57.384664,1.617089,0.000000
2814,0.852621,0.003061,58.259555,1.635352,-0.000000
2815,0.849774,0.000230,49.943730,1.645747,0.000000
2816,0.850668,0.008046,50.473672,1.639377,-0.000000
2817,0.849684,0.005027,42.001936,1.630776,-0.000000
2818,0.855905,0.015207,46.685702,1.635292,0.000000
2819,0.849397,0.005241,45.185722,1.646260,0.000000
2820,0.849840,0.005224,41.594987,1.649283,0.000000
2821,0.818838,0.001566,14.082443,1.665498,0.000000
2822,0.799272,0.002371,28.875117,1.693366,-0.000000
2823,0.832298,0.028369,43.516554,1.705524,-0.000000
2824,0.849129,0.003499,46.547216,1.714649,-0.000000
2825,0.843804,0.015773,49.508658,1.717866,-0.000000
2826,0.825344,0.003855,29.045319,1.720120,-0.000000
2827,0.849573,0.000538,51.000846,1.735726,0.000000
2828,0.846312,0.003426,41.931861,1.745048,-0.000000
2829,0.844898,0.064922,38.079472,1.750356,-0.000000
2830,0.833902,0.004021,50.649635,1.764257,-0.000000
2831,0.834811,0.014886,40.932598,1.775868,-0.000000
2832,0.840608,0.000271,39.984180,1.781102,-0.000000
2833,0.850237,0.003953,42.175372,1.790864,0.000000
2834,0.847218,0.213458,46.929446,1.778355,0.000000
2835,0.837056,0.005188,33.060012,1.767690,-0.000000
2836,0.849534,0.011196,37.709474,1.771146,0.000000
2837,0.850269,0.006229,37.152103,1.787479,-0.000000
2838,0.844698,0.030929,48.020663,1.816149,0.000000
2839,0.842305,0.000122,48.215690,1.833666,0.000000
2840,0.826875,0.002162,44.591000,1.841509,0.000000
2841,0.841234,0.007996,42.849896,1.835715,0.000000
2842,0.843538,0.051026,46.272029,1.817746,0.000000
2843,0.843705,0.014790,43.048180,1.809046,-0.000000
2844,0.844582,0.005089,37.912642,1.813721,0.000000
2845,0.841608,0.014278,39.131895,1.810249,0.000000
2846,0.829504,0.006341,41.142413,1.795765,-0.000000
2847,0.847279,0.018785,47.971918,1.799350,-0.000000
2848,0.836343,0.018832,22.064337,1.810817,-0.000000
2849,0.846523,0.023462,40.678233,1.805518,0.000000
2850,0.844977,0.005711,37.829386,1.796594,-0.000000
2851,0.843407,0.121421,33.019553,1.782344,-0.000000
2852,0.846500,0.048789,35.990327,1.761681,0.000000
2853,0.843441,0.033558,40.264660,1.755829,0.000000
2854,0.849383,0.027464,32.489013,1.750537,0.000000
2855,0.849884,0.006478,34.691525,1.744576,0.000000
2856,0.845808,0.046155,24.457341,1.747688,-0.000000
2857,0.843343,0.010112,25.860978,1.748733,-0.000000
2858,0.843614,0.012640,40.251254,1.755116,0.000000
2859,0.846316,0.003125,45.941571,1.773351,0.000000
2860,0.846498,0.002774,52.344565,1.787125,-0.000000
2861,0.844097,0.009129,51.210057,1.803929,0.000000
2862,0.850712,0.006986,46.815027,1.820105,-0.000000
2863,0.847021,0.043082,49.293981,1.835414,-0.000000
2864,0.847376,0.010415,47.423454,1.845258,0.000000
2865,0.846982,0.016381,49.468396,1.845293,0.000000
2866,0.847458,0.011941,47.886625,1.824617,0.000000
2867,0.829631,0.158641,43.842924,1.813741,0.000000
2868,0.826272,-0.002771,46.460264,1.806026,-0.000000
2869,0.812531,0.023919,46.903620,1.801181,0.000000
2870,0.850514,0.022040,37.492181,1.804811,0.000000
2871,0.848321,0.034333,47.632694,1.819742,0.000000
2872,0.850394,0.016968,49.271639,1.823987,-0.000000
2873,0.853340,0.018472,45.591722,1.823322,0.000000
2874,0.853919,0.005133,44.689985,1.836239,0.000000
2875,0.853078,0.015203,43.852651,1.851930,-0.000000
2876,0.855049,0.008742,46.913125,1.857102,0.000000
2877,0.855309,20.739641,45.700144,1.848065,0.000000
2878,0.855638,0.024673,44.550839,1.841558,0.000000
2879,0.856300,0.003694,43.314577,1.845267,-0.000000
2880,0.855104,0.002417,42.937448,1.851570,0.000000
2881,0.849730,0.300810,43.314095,1.863698,0.000000
2882,0.857499,0.014668,39.139169,1.856221,0.000000
2883,0.853053,0.009875,39.588997,1.846628,0.000000
2884,0.849670,0.013854,37.013672,1.822213,0.000000
2885,0.847671,0.030789,39.146858,1.798590,-0.000000
2886,0.846213,0.046188,41.133700,1.780321,0.000000
2887,0.808659,0.019182,50.833304,1.768021,0.000000
2888,0.760411,0.015065,51.641921,1.762492,-0.000000
2889,0.812996,0.000426,42.090626,1.770991,0.000000
2890,0.835974,0.027047,39.933756,1.784497,-0.000000
2891,0.839991,0.013624,44.054298,1.786449,-0.000000
2892,0.853961,0.005204,45.553714,1.775492,-0.000000
2893,0.816727,0.022140,48.217774,1.751635,0.000000
2894,0.838056,0.010801,29.411775,1.733969,-0.000000
2895,0.850188,0.007771,44.684274,1.731253,-0.000000
2896,0.853415,0.006502,35.776911,1.732496,0.000000
2897,0.852727,-0.001863,41.012941,1.739315,0.000000
2898,0.855219,0.029593,46.241161,1.753611,0.000000
2899,0.854501,0.024190,43.145396,1.777983,0.000000
2900,0.856014,0.002653,49.276761,1.784514,0.000000
2901,0.856672,0.007477,45.081492,1.782780,0.000000
2902,0.857441,0.058911,42.274336,1.769650,0.000000
2903,0.842543,0.028166,40.193755,1.767528,0.000000
2904,0.850858,0.026222,43.846071,1.771064,-0.000000
2905,0.855443,0.022439,45.751965,1.767832,-0.000000
2906,0.849260,0.038896,41.750745,1.750423,-0.000000
2907,0.830958,0.016318,38.500398,1.730368,0.000000
2908,0.844032,0.017470,40.282024,1.717013,-0.000000
2909,0.848722,0.051863,33.846522,1.701035,0.000000
2910,0.845434,0.040936,39.061237,1.694366,-0.000000
2911,0.846217,0.010543,32.558998,1.691923,0.000000
2912,0.834736,0.012824,42.393890,1.683972,-0.000000
2913,0.831237,0.003735,41.171136,1.681522,-0.000000
2914,0.833260,0.002399,41.040522,1.677575,-0.000000
2915,0.834090,0.074830,46.289438,1.678942,-0.000000
2916,0.839224,0.002804,43.513458,1.695000,-0.000000
2917,0.853780,0.000393,45.736733,1.700733,0.000000
2918,0.841450,0.001621,45.830589,1.684336,-0.000000
2919,0.849892,0.000940,45.039264,1.680200,0.000000
2920,0.834291,0.000996,40.022919,1.686519,-0.000000
2921,0.849020,0.007455,42.283145,1.702752,0.000000
2922,0.827694,0.037795,39.372895,1.712095,-0.000000
2923,0.805872,0.012511,44.216959,1.726178,-0.000000
2924,0.748681,0.048721,38.169797,1.746369,-0.000000
2925,0.830820,0.022487,34.727399,1.758869,0.000000
2926,0.810011,0.022919,31.820338,1.758448,0.000000
2927,0.849761,0.002142,44.806375,1.758616,0.000000
2928,0.848876,0.008268,44.223678,1.752481,-0.000000
2929,0.850717,0.008170,46.720718,1.754352,0.000000
2930,0.853997,0.107800,47.176016,1.765276,0.000000
2931,0.849825,0.021950,50.799950,1.772503,0.000000
2932,0.851484,0.000968,46.768654,1.772610,-0.000000
2933,0.849501,0.001350,43.630574,1.769617,0.000000
2934,0.851085,0.002027,45.633527,1.767357,0.000000
2935,0.838197,-0.002824,44.814301,1.773711,-0.000000
2936,0.851262,0.002224,43.765034,1.781853,0.000000
2937,0.851911,0.014811,43.268333,1.792910,0.000000
2938,0.850521,0.006930,37.605217,1.804817,-0.000000
2939,0.836970,0.024018,33.657326,1.819857,0.000000
2940,0.848995,0.011227,48.035243,1.839460,-0.000000
2941,0.810430,0.022275,56.569912,1.849009,-0.000000
2942,0.806453,0.011776,59.358546,1.860183,-0.000000
2943,0.836546,0.005759,55.887550,1.860890,-0.000000
2944,0.781897,0.015293,49.270905,1.847578,-0.000000
2945,0.833220,0.028933,43.362941,1.838956,0.000000
2946,0.850665,0.063218,43.834422,1.835310,0.000000
2947,0.854142,0.021870,48.362753,1.836410,0.000000
2948,0.812722,0.004451,58.903785,1.834857,0.000000
2949,0.848884,0.089179,45.875856,1.831215,-0.000000
2950,0.837086,0.006987,47.515477,1.839414,0.000000
2951,0.835321,0.056424,45.192495,1.842178,-0.000000
2952,0.850980,0.016698,43.406568,1.846689,-0.000000
2953,0.836534,0.010273,39.365018,1.840900,0.000000
2954,0.809193,0.155994,46.088900,1.839355,0.000000
2955,0.849935,0.016108,36.759669,1.833437,0.000000
2956,0.849419,-0.001697,35.818320,1.837866,0.000000
2957,0.850507,0.002418,33.902335,1.846321,-0.000000
2958,0.832710,0.056859,39.460131,1.849665,-0.000000
2959,0.849758,0.013932,31.683290,1.845213,0.000000
2960,0.849361,0.065775,28.576807,1.848039,-0.000000
2961,0.796848,0.028916,42.477599,1.851795,-0.000000
2962,0.769803,-0.003328,41.592746,1.836871,0.000000
2963,0.842494,0.095206,39.382199,1.825362,0.000000
2964,0.846687,0.022862,36.732699,1.828904,0.000000
2965,0.849202,0.005676,38.417120,1.836020,0.000000
2966,0.852102,0.010393,46.970751,1.843008,-0.000000
2967,0.847699,0.042997,52.148218,1.855704,0.000000
2968,0.846561,-0.002217,47.922113,1.866199,0.000000
2969,0.837092,0.012738,49.370091,1.873875,0.000000
2970,0.787517,-0.001969,49.111012,1.875346,-0.000000
2971,0.765627,-0.000421,49.659387,1.879088,0.000000
2972,0.838083,0.022817,48.322686,1.896032,0.000000
2973,0.836727,0.012233,46.532234,1.904883,0.000000
2974,0.836322,0.003740,50.693027,1.903361,-0.000000
2975,0.838894,0.020568,45.892719,1.919985,-0.000000
2976,0.834449,0.009125,36.849604,1.921431,0.000000
2977,0.775350,0.013128,41.692202,1.917748,-0.000000
2978,0.814592,0.029549,27.161833,1.895455,-0.000000
2979,0.726855,0.024707,41.946443,1.867051,0.000000
2980,0.813840,0.051199,21.432764,1.850645,-0.000000
2981,0.837970,0.006838,37.555144,1.830931,-0.000000
2982,0.843407,0.192536,49.210471,1.825483,-0.000000
2983,0.833793,0.028318,43.362444,1.821504,0.000000
2984,0.821527,0.033276,45.193982,1.819447,-0.000000
2985,0.735460,0.005596,50.866958,1.832676,-0.000000
2986,0.835632,0.025126,42.545081,1.853900,-0.000000
2987,0.837403,0.000407,49.357741,1.855579,-0.000000
2988,0.821472,0.015385,42.287888,1.847681,-0.000000
2989,0.838238,0.050691,43.265741,1.847935,-0.000000
2990,0.842100,0.013404,45.273216,1.862388,-0.000000
2991,0.829831,0.027598,42.537266,1.862299,-0.000000
2992,0.838558,0.048017,42.954628,1.858853,-0.000000
2993,0.824768,0.021665,39.273895,1.857224,-0.000000
2994,0.845612,0.017360,39.053771,1.853568,-0.000000
2995,0.843747,0.014094,32.805069,1.862459,-0.000000
2996,0.842717,0.008841,38.658953,1.883533,-0.000000
2997,0.828628,0.035557,34.998064,1.899641,-0.000000
2998,0.849671,0.110680,38.908290,1.893216,0.000000
2999,0.842622,0.010301,37.412954,1.885966,-0.000000
3000,0.824205,0.027009,33.448012,1.883612,-0.000000
3001,0.841795,0.003720,46.175199,1.891236,0.000000
3002,0.841460,0.030280,41.575520,1.900075,-0.000000
3003,0.843169,0.009072,46.294094,1.896375,-0.000000
3004,0.848110,0.009547,40.361669,1.899668,-0.000000
3005,0.847190,0.021320,35.563238,1.899342,0.000000
3006,0.847843,0.106882,43.564261,1.887019,0.000000
3007,0.843515,0.984753,40.654642,1.880916,-0.000000
3008,0.846149,0.016948,46.407166,1.878562,-0.000000
3009,0.845063,0.023321,45.618981,1.869450,-0.000000
3010,0.837707,0.038221,39.262116,1.861994,0.000000
3011,0.842200,0.008944,50.941603,1.864652,0.000000
3012,0.842269,0.044169,50.392178,1.879337,-0.000000
3013,0.844357,0.035787,51.542160,1.893993,0.000000
3014,0.843517,0.005410,50.120966,1.904759,-0.000000
3015,0.838888,0.085301,53.625365,1.897896,-0.000000
3016,0.838059,0.153908,54.625508,1.894111,-0.000000
3017,0.833970,0.015862,50.059633,1.894771,-0.000000
3018,0.828781,0.019892,52.356131,1.889376,-0.000000
3019,0.834501,0.019483,52.060972,1.878678,0.000000
3020,0.819064,-0.003531,44.091387,1.863882,0.000000
3021,0.753620,0.031909,49.032170,1.871972,-0.000000
3022,0.836595,0.004267,55.067336,1.857429,-0.000000
3023,0.835045,0.006093,43.831842,1.842175,-0.000000
3024,0.840564,0.017802,46.344362,1.845464,-0.000000
3025,0.840018,0.058473,45.573168,1.839740,-0.000000
3026,0.841555,0.018094,47.714194,1.825406,0.000000
3027,0.840230,0.016759,46.485221,1.808446,0.000000
3028,0.842954,0.037646,44.769810,1.815388,0.000000
3029,0.833797,0.014551,45.203260,1.827861,-0.000000
3030,0.836868,0.120074,38.654283,1.833792,-0.000000
3031,0.841216,0.002698,28.863285,1.824091,0.000000
3032,0.832773,-0.000859,38.645810,1.818697,0.000000
3033,0.832342,0.011439,51.299710,1.842235,0.000000
3034,0.840237,0.004256,41.375630,1.878231,0.000000
3035,0.827945,0.003530,47.139672,1.897100,0.000000
3036,0.722470,0.021269,47.979992,1.897883,-0.000000
3037,0.722511,0.206030,36.519112,1.891319,-0.000000
3038,0.832014,0.011858,40.172634,1.869781,-0.000000
3039,0.835256,0.004257,35.646495,1.845926,-0.000000
3040,0.782586,0.024394,38.059218,1.839008,0.000000
3041,0.822285,0.003711,40.378835,1.838724,0.000000
3042,0.844236,0.010069,48.610192,1.849608,0.000000
3043,0.842975,0.014848,51.360820,1.863909,0.000000
3044,0.840501,0.027622,45.752538,1.860946,0.000000
3045,0.841977,0.081771,45.211091,1.864939,0.000000
3046,0.843895,0.008497,36.834067,1.874433,-0.000000
3047,0.846410,0.029173,37.856364,1.880644,-0.000000
3048,0.842304,0.050448,35.094992,1.863792,-0.000000
3049,0.839766,0.031251,44.593344,1.843637,-0.000000
3050,0.841833,0.148244,37.295867,1.837198,-0.000000
3051,0.845435,0.010054,35.136705,1.829658,0.000000
3052,0.818644,0.004838,36.217159,1.833835,0.000000
3053,0.841460,0.021010,35.587838,1.848433,0.000000
3054,0.835798,0.006157,32.905035,1.865416,0.000000
3055,0.700932,0.041422,39.890052,1.868657,0.000000
3056,0.584456,0.135202,15.220335,1.848799,0.000000
3057,0.712428,0.010429,25.146117,1.837431,-0.000000
3058,0.821271,0.004456,28.503574,1.852498,-0.000000
3059,0.816434,0.011573,29.010271,1.851509,0.000000
3060,0.838754,0.013228,36.852799,1.845463,0.000000
3061,0.840649,0.045765,37.133335,1.843543,0.000000
3062,0.836708,0.024854,43.011417,1.834222,0.000000
3063,0.840009,0.047019,42.014773,1.833773,0.000000
3064,0.838206,-0.000923,39.509153,1.834186,-0.000000
3065,0.843998,0.905093,48.697937,1.832464,0.000000
3066,0.842665,0.207677,42.735961,1.830210,-0.000000
3067,0.842986,0.004315,43.287489,1.822498,0.000000
3068,0.843754,0.008116,43.479910,1.819297,-0.000000
3069,0.844130,0.012562,46.222980,1.808105,-0.000000
3070,0.803620,0.001634,51.993428,1.792373,0.000000
3071,0.844370,0.256324,45.814703,1.799628,-0.000000
3072,0.844709,0.003287,42.917433,1.807229,0.000000
3073,0.847335,0.009083,41.892984,1.808035,0.000000
3074,0.844019,0.019225,42.524445,1.807114,0.000000
3075,0.840300,0.018918,47.001315,1.811264,-0.000000
3076,0.845419,0.011861,49.727862,1.826548,-0.000000
3077,0.841422,-0.002094,45.588828,1.847201,0.000000
3078,0.842217,0.030441,45.975836,1.851533,-0.000000
3079,0.842777,0.042727,47.137579,1.832038,-0.000000
3080,0.839805,0.027405,43.509042,1.824443,0.000000
3081,0.795310,0.046659,43.575078,1.826626,-0.000000
3082,0.839837,0.032622,42.299447,1.834361,0.000000
3083,0.838458,1.528050,44.018977,1.835265,-0.000000
3084,0.842257,0.033629,44.026951,1.840679,0.000000
3085,0.842640,0.017598,46.167178,1.855665,-0.000000
3086,0.840691,0.034692,42.352603,1.871962,0.000000
3087,0.836524,0.012000,45.274971,1.880282,-0.000000
3088,0.833533,0.032770,44.300194,1.865103,-0.000000
3089,0.840880,0.012292,43.038818,1.860848,0.000000
3090,0.839886,0.003885,43.557487,1.867530,-0.000000
3091,0.736229,0.006012,55.262003,1.878890,-0.000000
3092,0.815508,0.059626,36.730865,1.866752,-0.000000
3093,0.819668,0.023236,48.796190,1.852889,0.000000
3094,0.843669,0.032881,45.809794,1.857802,0.000000
3095,0.837624,0.002678,47.119687,1.878104,0.000000
3096,0.793396,-0.000137,50.276490,1.901179,0.000000
3097,0.844245,-0.003018,43.886529,1.907866,-0.000000
3098,0.840317,0.007486,41.439145,1.913022,0.000000
3099,0.805626,0.017585,47.745587,1.912730,0.000000
3100,0.839663,0.008076,40.471803,1.906280,0.000000
3101,0.831291,0.021260,40.274217,1.916665,0.000000
3102,0.847366,0.000330,41.682815,1.917190,0.000000
3103,0.846331,0.053618,42.398368,1.911512,-0.000000
3104,0.841685,0.004309,42.631220,1.898666,-0.000000
3105,0.841477,0.007190,42.727872,1.887300,-0.000000
3106,0.823733,0.022217,34.431386,1.881888,0.000000
3107,0.836907,0.069027,40.684020,1.879546,0.000000
3108,0.837633,0.054351,36.471486,1.864326,0.000000
3109,0.845098,0.037564,34.287969,1.861981,0.000000
3110,0.825519,0.013045,32.041108,1.881802,0.000000
3111,0.831208,0.230612,30.773048,1.894031,-0.000000
3112,0.846184,0.290633,33.817177,1.890108,-0.000000
3113,0.845300,0.026437,27.758982,1.891456,-0.000000
3114,0.845449,0.050434,32.090090,1.876285,0.000000
3115,0.844777,0.011530,24.805531,1.858786,0.000000
3116,0.846922,0.025609,37.079510,1.865810,-0.000000
3117,0.841575,0.006609,42.656548,1.870074,0.000000
3118,0.845135,0.028984,49.035604,1.861825,-0.000000
3119,0.834521,0.016944,60.139128,1.849571,0.000000
3120,0.839814,0.024675,55.421546,1.841029,0.000000
3121,0.838475,0.053013,45.521602,1.840806,0.000000
3122,0.844918,0.031884,43.632529,1.845013,-0.000000
3123,0.831644,0.007082,20.013299,1.849702,0.000000
3124,0.833730,0.004841,24.864693,1.848737,-0.000000
3125,0.828144,0.034610,24.672218,1.845348,0.000000
3126,0.836950,0.049268,39.413323,1.832872,0.000000
3127,0.827948,0.007242,56.063512,1.834292,-0.000000
3128,0.841898,-0.000253,38.590422,1.852902,0.000000
3129,0.843007,-0.000578,29.976440,1.861990,0.000000
3130,0.844568,-0.000518,35.136952,1.871845,0.000000
3131,0.848157,0.015715,20.944646,1.869764,0.000000
3132,0.844598,-0.001620,39.136183,1.870017,-0.000000
3133,0.842323,0.003312,47.236664,1.874604,0.000000
3134,0.848500,0.008996,45.593770,1.882104,-0.000000
3135,0.848160,0.003640,52.934969,1.897071,-0.000000
3136,0.845772,0.035116,47.121877,1.909685,-0.000000
3137,0.841682,0.019174,53.797407,1.908637,0.000000
3138,0.841167,0.004458,48.104462,1.892655,-0.000000
3139,0.816436,0.007498,38.682072,1.878031,-0.000000
3140,0.742378,0.024229,49.142799,1.878813,0.000000
3141,0.832847,0.009624,40.739788,1.882589,0.000000
3142,0.790894,0.051841,44.628152,1.889218,-0.000000
3143,0.732838,0.144861,41.176511,1.891654,0.000000
3144,0.820617,0.028877,31.091171,1.885863,-0.000000
3145,0.844195,0.019755,38.478098,1.866507,0.000000
3146,0.846458,0.256900,41.220899,1.869171,0.000000
3147,0.838799,0.061836,31.359242,1.872521,0.000000
3148,0.838927,0.047547,39.544454,1.865671,-0.000000
3149,0.838691,0.044401,36.447637,1.854958,0.000000
3150,0.843908,0.034664,33.574651,1.832716,0.000000
3151,0.846305,0.057570,34.254337,1.830709,0.000000
3152,0.850723,0.023778,37.528970,1.836070,-0.000000
3153,0.844649,0.093441,40.801966,1.836682,0.000000
3154,0.846759,0.058079,31.118152,1.828990,-0.000000
3155,0.842902,0.129769,27.703365,1.806020,0.000000
3156,0.802208,-0.002987,24.555111,1.802268,-0.000000
3157,0.812439,0.001789,27.024844,1.818407,-0.000000
3158,0.849303,0.038312,19.238948,1.821626,0.000000
3159,0.784201,0.031681,42.874061,1.807658,-0.000000
3160,0.849387,1.858212,25.493693,1.800516,0.000000
3161,0.848060,0.004844,31.497905,1.808137,0.000000
3162,0.844478,0.006525,26.955214,1.809009,-0.000000
3163,0.830387,-0.003964,32.815922,1.807509,-0.000000
3164,0.842795,0.014429,43.971957,1.797922,0.000000
3165,0.842961,0.030204,45.414375,1.786067,0.000000
3166,0.843197,0.007042,46.452095,1.771818,0.000000
3167,0.842726,0.053351,46.920320,1.753981,0.000000
3168,0.844338,0.043635,44.155374,1.747097,0.000000
3169,0.843422,-0.000022,43.722226,1.750255,-0.000000
3170,0.841370,0.007569,32.542184,1.763370,-0.000000
3171,0.843484,0.014044,28.096013,1.777915,0.000000
3172,0.845919,0.074035,33.710606,1.786379,0.000000
3173,0.839204,0.005379,40.195254,1.789346,0.000000
3174,0.843938,0.070912,37.378380,1.792854,-0.000000
3175,0.834126,0.043473,36.049617,1.782767,0.000000
3176,0.769485,0.009989,39.679339,1.784631,0.000000
3177,0.820450,0.050766,41.329299,1.789600,0.000000
3178,0.752835,0.008188,26.065195,1.780150,-0.000000
3179,0.707628,0.058561,11.291556,1.767978,0.000000
3180,0.770432,0.002440,31.804858,1.777874,-0.000000
3181,0.836602,0.009347,29.831583,1.801529,0.000000
3182,0.837122,0.017983,39.281558,1.807655,-0.000000
3183,0.839836,0.012648,44.417921,1.805924,-0.000000
3184,0.841349,0.030726,39.305554,1.808789,-0.000000
3185,0.838058,0.048390,39.469258,1.797898,-0.000000
3186,0.833395,0.581456,41.349515,1.792930,-0.000000
3187,0.815519,0.013741,32.703465,1.803076,0.000000
3188,0.834217,0.039511,38.693418,1.814812,0.000000
3189,0.822511,0.018550,44.152051,1.810801,0.000000
3190,0.829960,0.018464,36.723912,1.809300,0.000000
3191,0.837320,0.001228,27.119911,1.808364,0.000000
3192,0.833544,-0.000308,33.915469,1.809070,-0.000000
3193,0.837164,0.007952,35.271808,1.795887,0.000000
3194,0.831348,0.003907,36.895971,1.772701,0.000000
3195,0.773277,0.018751,44.993141,1.763367,0.000000
3196,0.747689,0.001251,29.386169,1.758939,0.000000
3197,0.783527,0.035384,31.150671,1.755710,-0.000000
3198,0.825074,0.034679,17.614416,1.745443,-0.000000
3199,0.824551,0.031736,22.449231,1.734783,-0.000000
3200,0.826310,0.000658,18.714434,1.748759,-0.000000
3201,0.828943,0.007678,20.233757,1.769744,0.000000
3202,0.830196,0.019367,18.659081,1.765044,0.000000
3203,0.837011,0.001136,16.194194,1.756829,-0.000000
3204,0.834412,0.030600,10.777790,1.754446,-0.000000
3205,0.842302,-0.005089,29.636897,1.746606,0.000000
3206,0.840850,-0.006142,23.428460,1.756386,0.000000
3207,0.843717,0.033786,44.116018,1.750623,0.000000
3208,0.847420,0.016628,53.096077,1.746657,0.000000
3209,0.842383,-0.003258,49.301193,1.757182,-0.000000
3210,0.840451,-0.000825,49.119663,1.784197,0.000000
3211,0.838222,0.044384,50.935993,1.791382,0.000000
3212,0.838591,0.001504,49.122047,1.784424,-0.000000
3213,0.837149,0.022779,45.150655,1.773481,0.000000
3214,0.845845,0.010422,43.513065,1.757760,0.000000
3215,0.832048,0.005510,43.694113,1.760095,-0.000000
3216,0.842030,0.006312,42.114195,1.758657,-0.000000
3217,0.831684,0.178167,47.424417,1.753071,-0.000000
3218,0.839330,0.006245,48.052804,1.762911,-0.000000
3219,0.766766,0.000101,51.577300,1.770088,0.000000
3220,0.796261,0.007716,43.290993,1.772315,0.000000
3221,0.842262,0.000765,40.975455,1.774404,0.000000
3222,0.836935,0.039454,41.407486,1.779111,-0.000000
3223,0.837715,0.164581,40.495331,1.777124,-0.000000
3224,0.841296,0.264460,40.992341,1.775982,0.000000
3225,0.830571,0.031323,24.750557,1.765972,0.000000
3226,0.835221,0.066178,35.682362,1.747476,0.000000
3227,0.832177,0.019412,40.582734,1.736330,-0.000000
3228,0.835790,0.044422,34.970120,1.746101,-0.000000
3229,0.840752,0.004229,26.677246,1.758681,0.000000
3230,0.840327,0.015412,26.940013,1.763011,0.000000
3231,0.835575,0.008649,25.660737,1.739760,0.000000
3232,0.830999,0.025602,25.192694,1.710752,0.000000
3233,0.838148,0.009602,23.542961,1.704178,0.000000
3234,0.843737,-0.001118,34.200452,1.714439,0.000000
3235,0.847580,0.007435,27.963297,1.741071,-0.000000
3236,0.841158,-0.003574,30.958700,1.760664,0.000000
3237,0.847201,0.023453,36.446308,1.770055,-0.000000
3238,0.849404,-0.005387,46.013321,1.793946,0.000000
3239,0.849345,0.057640,58.985767,1.804497,0.000000
3240,0.847568,0.002004,54.430033,1.794753,0.000000
3241,0.846239,0.017890,50.517793,1.805565,0.000000
3242,0.851040,0.006670,51.222701,1.813389,-0.000000
3243,0.849948,0.009097,45.308691,1.817755,-0.000000
3244,0.846348,0.419964,42.952230,1.797813,-0.000000
3245,0.807842,0.036267,60.056356,1.783042,-0.000000
3246,0.834519,0.015176,50.108270,1.767352,0.000000
3247,0.845075,0.033891,44.573379,1.777902,-0.000000
3248,0.847656,0.037590,47.653964,1.786959,0.000000
3249,0.851511,0.040663,46.043547,1.775497,0.000000
3250,0.846943,0.005261,43.364816,1.771520,0.000000
3251,0.850044,0.005659,35.949355,1.768020,-0.000000
3252,0.847381,0.022439,31.604404,1.773488,-0.000000
3253,0.839380,0.004819,17.750478,1.782743,-0.000000
3254,0.841567,0.019639,29.405810,1.785812,-0.000000
3255,0.836960,0.013589,30.113341,1.790528,0.000000
3256,0.790437,0.002417,49.227897,1.795330,0.000000
3257,0.829719,0.019434,47.459906,1.802120,0.000000
3258,0.841308,0.000970,42.829557,1.802892,-0.000000
3259,0.778663,0.048545,64.709712,1.810534,0.000000
3260,0.825806,0.058160,48.498447,1.825262,0.000000
3261,0.821186,0.011460,39.330808,1.826880,-0.000000
3262,0.846777,0.032671,43.153723,1.821029,-0.000000
3263,0.820551,0.005498,40.798281,1.818196,-0.000000
3264,0.840801,0.063721,42.943548,1.817690,0.000000
3265,0.847169,0.064516,44.621561,1.813209,-0.000000
3266,0.832036,0.011411,43.062070,1.813696,0.000000
3267,0.830878,0.008715,37.232557,1.817392,-0.000000
3268,0.821745,0.013095,30.475135,1.816337,0.000000
3269,0.836692,0.006468,43.990721,1.815377,0.000000
3270,0.836350,0.084137,44.205979,1.797778,0.000000
3271,0.848161,0.035583,43.893552,1.782115,0.000000
3272,0.842218,-0.000420,43.558842,1.782691,-0.000000
3273,0.845033,0.022411,25.026101,1.787174,0.000000
3274,0.837388,0.040595,30.781286,1.765002,-0.000000
3275,0.846140,0.011193,32.598456,1.757357,0.000000
3276,0.845860,0.001191,15.721132,1.773643,-0.000000
3277,0.854253,0.060748,36.594180,1.778331,-0.000000
3278,0.854293,0.412987,12.806262,1.768240,-0.000000
3279,0.852696,0.006451,11.828728,1.755922,-0.000000
3280,0.853832,0.009347,24.902433,1.759451,0.000000
3281,0.856533,0.020638,51.113755,1.756730,0.000000
3282,0.857458,0.011271,20.009569,1.772999,-0.000000
3283,0.856351,-0.001655,35.271949,1.773396,0.000000
3284,0.855201,0.002401,48.368462,1.758378,-0.000000
3285,0.851537,-0.000102,52.214746,1.751580,0.000000
3286,0.849073,0.002145,54.494085,1.739442,-0.000000
3287,0.851972,0.022345,51.182572,1.741548,0.000000
3288,0.835175,0.028943,56.632551,1.741493,-0.000000
3289,0.810317,0.008898,69.490838,1.735529,-0.000000
3290,0.838751,0.025190,50.179688,1.735894,-0.000000
3291,0.849418,0.012138,52.578834,1.733972,0.000000
3292,0.851040,0.195093,48.022702,1.722361,0.000000
3293,0.851085,0.031285,45.695747,1.721394,-0.000000
3294,0.809861,0.001344,55.506226,1.726008,-0.000000
3295,0.650707,0.006784,63.720189,1.720677,0.000000
3296,0.624560,0.019921,22.787264,1.708217,-0.000000
3297,0.647354,0.021588,20.679939,1.691226,0.000000
3298,0.833224,0.020208,18.517234,1.657531,-0.000000
3299,0.834274,0.005099,23.438594,1.633807,-0.000000
3300,0.850065,0.020128,41.131306,1.620713,0.000000
3301,0.808750,0.001899,51.213782,1.600364,-0.000000
3302,0.844353,-0.000534,42.805104,1.583858,0.000000
3303,0.837789,0.005851,44.300075,1.573521,-0.000000
3304,0.852184,0.015969,44.531739,1.578208,0.000000
3305,0.855776,0.006062,44.639388,1.584733,-0.000000
3306,0.853514,0.004957,42.638762,1.584720,-0.000000
3307,0.855014,0.027273,45.112080,1.577205,0.000000
3308,0.859510,0.004696,29.060666,1.557048,0.000000
3309,0.854362,0.019727,45.971115,1.529419,-0.000000
3310,0.856370,0.003428,43.286195,1.529571,-0.000000
3311,0.855508,0.002839,42.556545,1.542494,0.000000
3312,0.858580,0.001198,48.504442,1.556439,0.000000
3313,0.857470,0.008957,35.166117,1.560688,0.000000
3314,0.857437,0.004493,43.180267,1.547464,0.000000
3315,0.859050,-0.000647,51.136036,1.532806,0.000000
3316,0.858903,0.003609,46.038030,1.531759,-0.000000
3317,0.858100,0.004656,46.254343,1.540481,0.000000
3318,0.856889,0.004446,45.439842,1.571351,-0.000000
3319,0.859261,0.017339,47.883569,1.586083,0.000000
3320,0.861708,0.003276,46.234722,1.591715,-0.000000
3321,0.859033,0.000100,45.927456,1.608912,0.000000
3322,0.857880,-0.000170,44.827852,1.618789,-0.000000
3323,0.857453,0.009483,47.490668,1.629418,0.000000
3324,0.861281,0.092988,45.438398,1.629764,-0.000000
3325,0.860462,0.022426,50.879246,1.637399,0.000000
3326,0.861726,-0.002543,51.030623,1.669444,0.000000
3327,0.855413,-0.002382,46.662926,1.696627,0.000000
3328,0.858033,0.004405,44.896487,1.704609,0.000000
3329,0.846874,0.006467,41.657288,1.715124,-0.000000
3330,0.856507,0.004415,34.059880,1.729150,0.000000
3331,0.858682,0.011282,35.682271,1.742840,-0.000000
3332,0.855850,-0.000186,47.240632,1.747605,0.000000
3333,0.856233,0.017055,43.537152,1.758114,0.000000
3334,0.857434,0.003229,32.259155,1.778161,-0.000000
3335,0.853339,0.004396,36.562951,1.774038,0.000000
3336,0.856103,0.010038,47.795607,1.785094,-0.000000
3337,0.860922,0.009281,48.843499,1.821274,0.000000
3338,0.853195,0.006930,41.462264,1.842135,0.000000
3339,0.850994,0.030929,48.800537,1.844193,-0.000000
3340,0.807408,0.005542,52.124778,1.842816,0.000000
3341,0.839107,0.010975,36.176714,1.833664,0.000000
3342,0.851750,0.087950,47.603265,1.832544,0.000000
3343,0.842026,0.004699,31.639891,1.839594,-0.000000
3344,0.832891,0.675238,37.928860,1.842498,0.000000
3345,0.843933,0.002670,43.144202,1.842416,0.000000
3346,0.849247,0.007333,37.859613,1.853692,0.000000
3347,0.844565,0.079177,39.241790,1.861249,-0.000000
3348,0.847593,0.005505,42.818433,1.853501,-0.000000
3349,0.843728,0.013117,41.784241,1.841551,0.000000
3350,0.807686,0.014801,50.306661,1.847994,0.000000
3351,0.834850,0.014337,43.822948,1.876800,-0.000000
3352,0.849008,0.014613,47.828152,1.894733,0.000000
3353,0.848991,0.023871,42.398365,1.892155,-0.000000
3354,0.846798,0.012727,36.354141,1.875329,-0.000000
3355,0.831974,0.017762,45.191602,1.872610,0.000000
3356,0.833428,-0.001053,49.805513,1.872776,0.000000
3357,0.845947,0.029387,46.858988,1.864939,0.000000
3358,0.849246,0.016266,48.969612,1.862617,0.000000
3359,0.847405,0.015209,49.509538,1.847655,0.000000
3360,0.847832,0.424354,43.394739,1.833564,-0.000000
3361,0.851721,0.003243,42.121439,1.840112,-0.000000
3362,0.847832,0.020683,43.617876,1.847123,-0.000000
3363,0.856482,0.015432,46.924227,1.848431,-0.000000
3364,0.853734,0.096290,47.467002,1.855652,0.000000
3365,0.853301,0.010593,49.716638,1.859822,0.000000
3366,0.848628,0.038878,46.777799,1.849894,-0.000000
3367,0.847788,0.052986,47.114784,1.845621,0.000000
3368,0.847650,0.090288,43.351510,1.849308,0.000000
3369,0.850110,0.010452,41.626808,1.854737,0.000000
3370,0.833547,-0.002610,43.441504,1.862395,-0.000000
3371,0.850147,0.013700,42.201013,1.858024,0.000000
3372,0.810678,0.007164,44.810026,1.859807,-0.000000
3373,0.849164,0.040927,40.127035,1.859153,0.000000
3374,0.853492,0.014399,36.048549,1.858215,-0.000000
3375,0.836151,-0.000529,39.604449,1.864500,-0.000000
3376,0.852510,0.153160,42.104039,1.873727,-0.000000
3377,0.852071,0.005622,36.898954,1.882971,-0.000000
3378,0.845941,0.002980,38.407055,1.889956,0.000000
3379,0.830790,0.052737,42.618464,1.897324,0.000000
3380,0.839473,1.822069,41.387312,1.920298,0.000000
3381,0.829343,0.005682,43.800799,1.938914,-0.000000
3382,0.845513,0.007304,40.879718,1.956548,-0.000000
3383,0.845619,0.020428,45.757746,1.974272,0.000000
3384,0.828626,0.068819,39.190387,1.971068,0.000000
3385,0.847749,0.003353,47.440042,1.972519,0.000000
3386,0.851248,0.016910,31.668514,1.974903,0.000000
3387,0.849496,0.014601,48.655420,1.978810,0.000000
3388,0.850446,0.021512,46.372359,1.973292,0.000000
3389,0.851149,0.147036,47.206888,1.955954,-0.000000
3390,0.851051,0.015947,36.783556,1.957547,0.000000
3391,0.851738,0.001981,36.188843,1.974475,0.000000
3392,0.832272,0.022770,47.756323,1.991877,0.000000
3393,0.847703,0.027151,57.240359,1.986074,-0.000000
3394,0.848739,0.018671,64.757067,1.974561,-0.000000
3395,0.847171,0.050538,64.317858,1.977099,-0.000000
3396,0.846026,0.010680,53.024399,1.978257,-0.000000
3397,0.730143,0.013246,70.188925,1.961568,-0.000000
3398,0.750450,0.120462,50.522668,1.952024,-0.000000
3399,0.805746,0.062522,40.861730,1.936307,-0.000000
3400,0.842784,0.056751,46.764828,1.914313,-0.000000
3401,0.830559,0.017686,42.574817,1.902375,0.000000
3402,0.845896,0.570129,46.601264,1.893984,0.000000
3403,0.801676,0.034385,51.995474,1.886233,-0.000000
3404,0.800772,0.010586,32.319017,1.899983,0.000000
3405,0.798071,0.169715,36.967139,1.903097,0.000000
3406,0.847381,-0.001349,46.419317,1.886287,0.000000
3407,0.849423,0.011153,48.906091,1.875873,0.000000
3408,0.848377,0.014618,52.323086,1.866830,0.000000
3409,0.802839,0.279848,47.633315,1.865839,-0.000000
3410,0.846567,0.010100,49.032093,1.868972,-0.000000
3411,0.844695,0.017381,44.899516,1.865116,0.000000
3412,0.842264,0.008432,43.828412,1.853244,-0.000000
3413,0.845481,0.058853,41.756398,1.852617,0.000000
3414,0.845974,0.001921,40.610160,1.850177,-0.000000
3415,0.848560,0.002641,42.084310,1.851618,-0.000000
3416,0.845437,0.016570,39.242830,1.851337,0.000000
3417,0.844491,0.061161,42.609640,1.854147,0.000000
3418,0.840394,0.085298,45.070809,1.853129,0.000000
3419,0.847491,0.006471,43.781398,1.847101,-0.000000
3420,0.827793,0.000184,45.305427,1.844856,-0.000000
3421,0.846958,0.010737,43.553535,1.848142,0.000000
3422,0.777323,0.022771,43.187500,1.853654,0.000000
3423,0.743025,0.044015,43.449903,1.845886,-0.000000
3424,0.827358,0.009107,38.268212,1.828753,-0.000000
3425,0.796851,0.031587,49.564947,1.815121,0.000000
3426,0.836081,0.019668,39.584126,1.820402,-0.000000
3427,0.809332,0.024055,46.224290,1.818014,0.000000
3428,0.840950,0.006655,40.984316,1.817032,-0.000000
3429,0.856383,0.007332,44.501750,1.817536,-0.000000
3430,0.857712,0.049497,41.211042,1.812636,0.000000
3431,0.856745,0.101486,44.694748,1.805443,0.000000
3432,0.853920,0.035357,55.728216,1.815062,0.000000
3433,0.857191,0.009287,53.790482,1.843113,0.000000
3434,0.853832,0.006481,54.434705,1.861302,0.000000
3435,0.857287,0.024442,57.630516,1.872356,0.000000
3436,0.851743,0.101372,41.454369,1.868508,-0.000000
3437,0.855514,0.002599,34.317660,1.866648,0.000000
3438,0.853847,0.009485,45.243392,1.877656,-0.000000
3439,0.854836,0.033962,49.584186,1.862492,-0.000000
3440,0.851715,0.036115,29.769069,1.844878,-0.000000
3441,0.851839,0.008203,28.760209,1.846884,-0.000000
3442,0.855119,0.008131,36.669013,1.858126,-0.000000
3443,0.857409,0.095105,44.858337,1.867246,0.000000
3444,0.856101,0.165977,44.679571,1.866809,0.000000
3445,0.850267,0.024266,43.683319,1.844183,-0.000000
3446,0.851069,0.017339,44.429526,1.823607,-0.000000
3447,0.849516,0.006398,42.372730,1.816243,-0.000000
3448,0.849272,0.008888,44.257419,1.816351,-0.000000
3449,0.850095,-0.001885,48.707923,1.830560,-0.000000
3450,0.847990,0.000134,55.828143,1.854189,0.000000
3451,0.845986,0.056602,49.907860,1.864389,-0.000000
3452,0.844679,0.018365,50.102100,1.840011,0.000000
3453,0.807237,0.022179,51.297845,1.822669,0.000000
3454,0.784126,0.039006,45.799015,1.821217,-0.000000
3455,0.847456,0.019736,43.381528,1.839195,0.000000
3456,0.843587,0.004348,32.852775,1.860845,-0.000000
3457,0.847287,0.010948,27.221008,1.877116,-0.000000
3458,0.789671,0.007987,53.396993,1.888035,-0.000000
3459,0.836553,0.077571,50.950528,1.892331,-0.000000
3460,0.851442,0.001290,49.849026,1.897867,-0.000000
3461,0.850587,0.015648,52.820167,1.896973,0.000000
3462,0.849022,0.009331,56.217649,1.902323,-0.000000
3463,0.852589,0.003102,53.831641,1.910279,0.000000
3464,0.852137,0.007771,49.288747,1.906880,-0.000000
3465,0.857289,0.012860,50.378677,1.908029,0.000000
3466,0.850309,0.140883,46.675967,1.922333,0.000000
3467,0.839931,0.366085,36.776216,1.922290,0.000000
3468,0.852159,0.023028,48.556503,1.923082,0.000000
3469,0.839987,0.039382,39.253171,1.912862,-0.000000
3470,0.848621,0.018375,49.665638,1.903162,0.000000
3471,0.832723,0.002832,40.088741,1.921576,0.000000
3472,0.844219,0.053469,44.915605,1.933798,0.000000
3473,0.850690,0.169244,47.786140,1.924193,0.000000
3474,0.849738,0.009935,47.677783,1.912793,-0.000000
3475,0.851814,0.000329,42.609282,1.922046,-0.000000
3476,0.843239,0.000456,40.734692,1.929238,0.000000
3477,0.843474,0.009924,38.657241,1.922576,0.000000
3478,0.848171,0.030379,36.059685,1.924069,-0.000000
3479,0.831175,0.010334,37.644372,1.926346,-0.000000
3480,0.811864,0.073784,38.862175,1.916508,-0.000000
3481,0.848481,0.019837,53.746874,1.904767,0.000000
3482,0.840372,0.025514,45.890325,1.896506,-0.000000
3483,0.811967,0.061736,48.534779,1.890351,0.000000
3484,0.851568,0.023336,47.082101,1.887764,-0.000000
3485,0.837494,0.007425,49.680282,1.877057,0.000000
3486,0.851798,0.132378,50.729875,1.866510,-0.000000
3487,0.852322,0.012032,46.848419,1.869492,-0.000000
3488,0.848583,0.023521,42.807181,1.861091,-0.000000
3489,0.856326,0.006795,54.176716,1.858207,-0.000000
3490,0.852471,0.012607,53.352301,1.856216,0.000000
3491,0.815451,0.013135,56.366281,1.853463,-0.000000
3492,0.854894,-0.001967,47.672987,1.857486,0.000000
3493,0.854625,0.004247,45.988514,1.869682,-0.000000
3494,0.848076,0.142671,37.269619,1.878462,-0.000000
3495,0.851805,0.013509,51.077421,1.874636,-0.000000
3496,0.784834,0.019825,41.901098,1.863553,-0.000000
3497,0.836819,0.005227,44.454227,1.861894,-0.000000
3498,0.849596,0.033476,41.678044,1.856259,0.000000
3499,0.834988,0.002695,38.002408,1.854973,0.000000
3500,0.848387,0.037024,42.017953,1.855871,0.000000
3501,0.835907,0.069693,39.195922,1.849270,-0.000000
3502,0.815882,0.019411,52.912791,1.860009,0.000000
3503,0.856088,0.075838,49.668745,1.882777,0.000000
3504,0.858904,0.016420,49.854875,1.902177,0.000000
3505,0.853841,0.024456,50.395882,1.913101,0.000000
3506,0.853382,0.000505,52.271116,1.909394,-0.000000
3507,0.849688,0.039355,50.134891,1.899900,0.000000
3508,0.847697,0.017989,49.312138,1.896097,-0.000000
3509,0.790268,0.096550,43.449429,1.902816,-0.000000
3510,0.812749,0.059025,43.350236,1.904507,0.000000
3511,0.816633,0.013109,44.269581,1.902311,-0.000000
3512,0.838638,0.056504,38.783774,1.885658,-0.000000
3513,0.853750,0.008126,45.142191,1.876968,0.000000
3514,0.843679,0.017857,42.759303,1.881579,0.000000
3515,0.851816,0.385839,47.061564,1.889935,-0.000000
3516,0.848409,0.005638,39.684778,1.901928,0.000000
3517,0.853576,0.219437,33.568048,1.898307,-0.000000
3518,0.817339,0.013563,39.339867,1.884193,-0.000000
3519,0.853736,0.017236,42.434201,1.869474,0.000000
3520,0.839049,0.012812,49.707842,1.855755,-0.000000
3521,0.853415,0.009246,50.647651,1.837016,-0.000000
3522,0.850261,0.093174,60.138725,1.840046,-0.000000
3523,0.851825,0.003943,40.270774,1.855473,0.000000
3524,0.855416,0.021622,51.590779,1.875337,0.000000
3525,0.852777,0.103427,40.594189,1.879161,-0.000000
3526,0.855703,0.000370,48.023874,1.881810,-0.000000
3527,0.850554,0.001057,44.967337,1.886958,0.000000
3528,0.853525,0.018133,55.620232,1.885797,0.000000
3529,0.855810,0.004904,54.304883,1.880715,0.000000
3530,0.852349,-0.001857,49.821018,1.898292,0.000000
3531,0.852381,0.016085,53.263563,1.896258,0.000000
3532,0.852938,0.011114,52.445079,1.877982,0.000000
3533,0.851414,0.016119,38.166405,1.885267,-0.000000
3534,0.854107,0.017660,41.734723,1.901884,-0.000000
3535,0.851552,0.006389,40.605602,1.911385,0.000000
3536,0.850888,-0.001160,41.913795,1.909015,-0.000000
3537,0.832868,-0.001337,35.117605,1.894650,0.000000
3538,0.850562,0.035201,45.543520,1.887496,-0.000000
3539,0.836554,0.084920,41.317925,1.903488,-0.000000
3540,0.835982,0.033771,54.512755,1.908764,0.000000
3541,0.846438,0.063555,47.856710,1.895173,-0.000000
3542,0.842081,0.041511,52.898973,1.894118,-0.000000
3543,0.854845,0.004661,53.306196,1.900119,-0.000000
3544,0.855162,0.017065,53.472876,1.890255,0.000000
3545,0.845173,0.061776,44.014604,1.883114,-0.000000
3546,0.843024,0.014050,43.548396,1.887322,-0.000000
3547,0.855621,0.022460,45.496895,1.890897,0.000000
3548,0.861929,0.018880,48.981342,1.885323,0.000000
3549,0.859035,0.007927,51.914354,1.877254,-0.000000
3550,0.858744,0.004352,41.873347,1.870089,0.000000
3551,0.858980,0.000266,40.261283,1.875290,-0.000000
3552,0.844612,0.065796,35.882735,1.895964,0.000000
3553,0.856527,0.002912,56.377224,1.906514,0.000000
3554,0.854246,0.020695,51.934711,1.901102,0.000000
3555,0.859258,0.005506,57.300920,1.903333,-0.000000
3556,0.854941,0.081626,55.365108,1.914013,-0.000000
3557,0.853557,0.070848,44.645504,1.918242,-0.000000
3558,0.849133,0.128600,53.874072,1.916691,-0.000000
3559,0.849893,0.043903,49.970286,1.906966,0.000000
3560,0.845845,0.004277,47.511430,1.903192,0.000000
3561,0.846561,0.002699,50.002357,1.914225,0.000000
3562,0.833590,0.043812,46.920416,1.906942,0.000000
3563,0.778735,0.016045,40.870603,1.898202,0.000000
3564,0.849820,0.038986,48.350384,1.897334,0.000000
3565,0.833085,0.015058,39.463271,1.885282,-0.000000
3566,0.846908,0.005641,47.136362,1.892786,-0.000000
3567,0.848835,0.012300,45.165774,1.893939,0.000000
3568,0.851858,0.006934,46.457275,1.897374,0.000000
3569,0.850853,0.025318,47.091148,1.906034,0.000000
3570,0.854332,0.014152,47.690996,1.909764,-0.000000
3571,0.850200,0.003284,45.540878,1.919023,0.000000
3572,0.848001,-0.003808,41.653599,1.940724,-0.000000
3573,0.850256,0.060420,42.215701,1.960202,0.000000
3574,0.835535,0.011543,37.312005,1.957543,0.000000
3575,0.851101,0.002253,35.798901,1.954641,0.000000
3576,0.837368,0.037587,33.239389,1.942367,-0.000000
3577,0.807861,0.024774,40.145664,1.927465,0.000000
3578,0.848554,0.004685,37.383714,1.922835,-0.000000
3579,0.850078,0.008342,34.283665,1.933068,-0.000000
3580,0.849744,0.066179,31.923006,1.931424,0.000000
3581,0.854625,0.020049,43.396040,1.936251,0.000000
3582,0.852115,0.024128,39.444026,1.946086,-0.000000
3583,0.852683,0.245573,34.109090,1.957479,-0.000000
3584,0.853889,0.010447,35.848704,1.972810,0.000000
3585,0.855903,0.018519,35.962956,1.978407,-0.000000
3586,0.853665,0.010815,57.066575,1.989481,0.000000
3587,0.847743,0.064788,61.301715,2.006575,0.000000
3588,0.848816,0.023578,53.907477,2.025018,-0.000000
3589,0.849529,0.020418,51.994007,2.022313,0.000000
3590,0.847866,0.039096,50.721633,2.013951,0.000000
3591,0.850995,0.063581,46.280410,2.014799,-0.000000
3592,0.845991,0.033633,46.194999,2.008279,0.000000
3593,0.837055,0.015133,31.717792,2.000935,0.000000
3594,0.849868,0.016138,45.695626,1.986528,-0.000000
3595,0.852251,0.035311,39.291568,1.979533,-0.000000
3596,0.852816,0.027845,47.952609,1.974701,0.000000
3597,0.845102,0.029167,39.093174,1.975396,0.000000
3598,0.832064,0.264019,40.884458,1.969140,0.000000
3599,0.850477,-0.002587,44.136626,1.950615,-0.000000
3600,0.849951,0.048492,31.684007,1.944706,0.000000
3601,0.850226,0.011695,21.609331,1.944886,0.000000
3602,0.847803,0.077854,28.945327,1.948237,0.000000
3603,0.851941,0.013824,17.089445,1.947040,-0.000000
3604,0.849510,0.009110,20.069454,1.944733,0.000000
3605,0.851235,0.016226,20.019882,1.940588,0.000000
3606,0.847403,0.003447,38.436650,1.931395,-0.000000
3607,0.852604,0.058814,42.793982,1.931535,0.000000
3608,0.850913,0.005712,40.112325,1.938911,-0.000000
3609,0.835746,0.012436,27.859942,1.951548,0.000000
3610,0.847740,0.049753,24.257853,1.950475,-0.000000
3611,0.853088,0.071642,21.792851,1.937268,-0.000000
3612,0.851329,0.188588,17.922396,1.911657,0.000000
3613,0.806328,0.054316,25.657815,1.890169,0.000000
3614,0.846297,0.022468,32.427588,1.877334,0.000000
3615,0.843904,0.042014,32.223161,1.882905,0.000000
3616,0.848507,0.105877,19.075843,1.890818,-0.000000
3617,0.848243,0.008349,22.090738,1.869919,0.000000
3618,0.847410,-0.003533,56.309048,1.864849,-0.000000
3619,0.849388,0.016741,62.435736,1.871193,-0.000000
3620,0.855308,0.028863,48.932861,1.858967,-0.000000
3621,0.849811,0.028131,46.314997,1.843667,0.000000
3622,0.854492,0.063036,37.529970,1.841238,-0.000000
3623,0.849580,0.005588,42.566814,1.842972,-0.000000
3624,0.850595,0.084878,45.788321,1.836263,-0.000000
3625,0.841567,0.030642,45.025682,1.825076,-0.000000
3626,0.826979,0.004246,34.712163,1.826508,0.000000
3627,0.846833,0.003876,45.975879,1.828861,0.000000
3628,0.839473,0.313669,35.084338,1.831367,0.000000
3629,0.844508,0.052420,42.989929,1.818641,-0.000000
3630,0.844908,0.032089,41.362735,1.800606,0.000000
3631,0.844035,0.017718,41.525550,1.802219,-0.000000
3632,0.842124,0.043859,36.988965,1.803547,-0.000000
3633,0.842700,0.031566,35.409389,1.787183,-0.000000
3634,0.843506,0.016965,35.390973,1.768302,0.000000
3635,0.843077,0.004641,41.989879,1.753607,0.000000
3636,0.846712,-0.000974,36.869508,1.748680,0.000000
3637,0.840390,0.005337,36.206557,1.745329,0.000000
3638,0.793304,0.003251,31.664575,1.731925,-0.000000
3639,0.841858,0.012131,39.462163,1.716503,0.000000
3640,0.838945,-0.006162,31.036379,1.727789,-0.000000
3641,0.842543,-0.008463,30.412838,1.753088,-0.000000
3642,0.851048,0.010178,24.934868,1.763897,-0.000000
3643,0.840043,0.009659,14.933937,1.759896,0.000000
3644,0.827714,-0.004733,17.418289,1.767454,-0.000000
3645,0.841093,0.005401,17.718090,1.767327,0.000000
3646,0.848554,0.013480,17.156225,1.770378,0.000000
3647,0.839688,0.013049,13.977499,1.783133,0.000000
3648,0.837300,0.023085,21.265686,1.781734,-0.000000
3649,0.838165,0.000278,18.772085,1.788316,0.000000
3650,0.829785,-0.006764,31.641344,1.800769,0.000000
3651,0.846260,0.008805,11.666120,1.802465,-0.000000
3652,0.843557,0.008562,20.313925,1.799562,0.000000
3653,0.823394,0.018430,13.364564,1.798212,0.000000
3654,0.845684,0.011586,22.778104,1.795963,0.000000
3655,0.839281,0.023240,31.041093,1.801233,-0.000000
3656,0.846548,0.026905,9.970983,1.790600,-0.000000
3657,0.840876,0.005246,15.675984,1.786162,0.000000
3658,0.846281,0.001848,55.831871,1.799680,0.000000
3659,0.847827,0.334727,37.798982,1.803833,-0.000000
3660,0.841494,0.001553,32.721624,1.810274,0.000000
3661,0.840782,0.024890,10.669068,1.804249,-0.000000
3662,0.839524,0.008567,18.176025,1.776667,0.000000
3663,0.845957,0.076839,11.831234,1.756985,-0.000000
3664,0.846382,0.005171,34.789131,1.743844,-0.000000
3665,0.848487,0.035136,48.037257,1.747920,0.000000
3666,0.838687,0.018199,48.768535,1.754363,0.000000
3667,0.838769,0.007926,38.974999,1.746345,-0.000000
3668,0.833366,0.003784,25.066300,1.753511,0.000000
3669,0.838973,0.080390,17.107178,1.755541,0.000000
3670,0.843660,0.024048,16.886557,1.744605,-0.000000
3671,0.838506,0.037694,23.430500,1.719486,-0.000000
3672,0.838425,0.038168,12.089610,1.679599,-0.000000
3673,0.831424,0.020616,26.605024,1.659808,0.000000
3674,0.782673,0.028350,32.970375,1.642337,-0.000000
3675,0.839209,0.030586,33.887416,1.639236,-0.000000
3676,0.836754,-0.003547,25.628370,1.648104,-0.000000
3677,0.840474,0.005423,30.022146,1.675100,0.000000
3678,0.838914,-0.006242,37.200766,1.703319,0.000000
3679,0.840224,0.055991,21.547722,1.719306,0.000000
3680,0.838296,0.021056,20.411987,1.709011,-0.000000
3681,0.835939,0.162605,40.167864,1.701104,0.000000
3682,0.836876,0.003895,44.883542,1.710593,-0.000000
3683,0.836786,0.003597,43.924839,1.720005,-0.000000
3684,0.827855,0.029566,30.224533,1.712760,0.000000
3685,0.838396,0.008657,34.835148,1.702036,0.000000
3686,0.833003,0.003388,43.039540,1.702870,-0.000000
3687,0.839493,0.014216,34.407226,1.700190,0.000000
3688,0.835358,0.005551,27.497793,1.693954,0.000000
3689,0.840928,0.016259,19.962338,1.690606,-0.000000
3690,0.823863,-0.001722,30.947369,1.679408,0.000000
3691,0.832640,0.264577,27.070381,1.673012,-0.000000
3692,0.834736,0.014954,24.514163,1.690355,-0.000000
3693,0.827434,0.038613,39.366271,1.707803,-0.000000
3694,0.831674,0.011727,40.416525,1.699187,0.000000
3695,0.829719,0.022893,45.246906,1.691075,0.000000
3696,0.824459,0.002114,58.714543,1.701202,0.000000
3697,0.808126,0.004336,38.021274,1.712873,0.000000
3698,0.828660,-0.001312,44.678079,1.726236,0.000000
3699,0.829490,-0.001072,41.418726,1.741347,-0.000000
3700,0.824687,0.014932,32.797520,1.745694,-0.000000
3701,0.783981,0.018382,33.904922,1.736979,-0.000000
3702,0.801633,0.042779,34.714373,1.730377,0.000000
3703,0.833928,0.009768,41.797090,1.721710,-0.000000
3704,0.793681,0.119542,36.327303,1.709037,-0.000000
3705,0.823356,0.025496,43.763036,1.716912,0.000000
3706,0.823544,0.286591,38.600663,1.712723,0.000000
3707,0.830847,0.007094,31.937838,1.710258,0.000000
3708,0.831233,0.004901,39.800980,1.724582,-0.000000
3709,0.833583,0.034430,33.736198,1.728100,-0.000000
3710,0.827252,0.008481,39.024579,1.728142,0.000000
3711,0.830924,0.025993,33.972267,1.732767,-0.000000
3712,0.817850,0.002198,29.392556,1.725674,0.000000
3713,0.776305,0.059180,28.947764,1.719979,0.000000
3714,0.836283,-0.001137,34.516605,1.700177,0.000000
3715,0.825452,0.003731,45.123773,1.697834,-0.000000
3716,0.823477,0.027083,44.936742,1.713260,-0.000000
3717,0.819326,0.012028,40.918230,1.717991,0.000000
3718,0.834390,0.015520,35.487249,1.722523,0.000000
3719,0.820163,0.019908,33.052208,1.725399,-0.000000
3720,0.835207,0.065221,32.307499,1.723782,0.000000
3721,0.834657,0.014766,31.021525,1.717667,-0.000000
3722,0.832913,0.014302,26.621306,1.718744,0.000000
3723,0.839834,0.054430,11.680393,1.737980,0.000000
3724,0.817518,0.002476,15.411534,1.734481,0.000000
3725,0.817329,0.006426,18.927322,1.724536,-0.000000
3726,0.836431,0.007717,13.782759,1.726404,0.000000
3727,0.815852,-0.003496,21.459792,1.733864,-0.000000
3728,0.832268,0.005685,17.091258,1.723661,0.000000
3729,0.815027,0.027219,16.418776,1.702457,0.000000
3730,0.810941,0.002537,28.531705,1.692353,0.000000
3731,0.831143,-0.000473,15.518211,1.686360,0.000000
3732,0.837689,0.000537,34.594935,1.665684,-0.000000
3733,0.837533,2.391934,26.655974,1.673878,-0.000000
3734,0.833359,0.015315,18.697942,1.683754,0.000000
3735,0.834220,0.039306,6.630261,1.668080,-0.000000
3736,0.835068,0.033036,7.655048,1.637894,-0.000000
3737,0.829109,0.003299,12.371224,1.623422,-0.000000
3738,0.839342,0.020033,11.067556,1.621446,-0.000000
3739,0.833339,0.099520,32.441619,1.610802,0.000000
3740,0.833884,0.003621,23.129430,1.621684,0.000000
3741,0.835311,0.025789,13.696991,1.637544,-0.000000
3742,0.829233,0.011133,34.848046,1.638238,0.000000
3743,0.829677,-0.000882,23.865229,1.642743,-0.000000
3744,0.833470,0.044040,14.904709,1.641945,0.000000
3745,0.829342,0.002625,33.664392,1.639723,-0.000000
3746,0.830328,0.077104,6.737084,1.639997,0.000000
3747,0.830795,0.005409,7.905196,1.638374,0.000000
3748,0.837451,0.017809,20.871182,1.639532,-0.000000
3749,0.814121,0.014446,13.685487,1.639367,0.000000
3750,0.823138,0.011259,8.504064,1.625790,-0.000000
3751,0.831626,0.025709,14.369277,1.605422,0.000000
3752,0.814816,0.002835,16.511557,1.609780,0.000000
3753,0.838667,0.013953,3.816021,1.606160,-0.000000
3754,0.820232,0.170069,19.896281,1.583691,-0.000000
3755,0.833868,0.017244,8.261994,1.569031,-0.000000
3756,0.832052,0.000014,20.180787,1.558144,0.000000
3757,0.834932,0.014160,7.097002,1.550405,0.000000
3758,0.833162,0.003121,26.273239,1.540820,0.000000
3759,0.815776,0.003737,45.083389,1.543258,-0.000000
3760,0.826939,0.010692,52.473866,1.562700,0.000000
3761,0.823931,0.016338,44.121001,1.571978,-0.000000
3762,0.816809,0.001226,37.688430,1.562104,0.000000
3763,0.833995,0.011461,40.076094,1.558097,0.000000
3764,0.827051,0.003839,29.259199,1.552374,0.000000
3765,0.833448,0.009022,18.229555,1.549255,-0.000000
3766,0.829866,0.061421,25.287495,1.548172,-0.000000
3767,0.812299,0.077468,39.973474,1.554556,0.000000
3768,0.818447,0.000014,40.433929,1.565194,-0.000000
3769,0.825763,0.004061,43.760310,1.583602,0.000000
3770,0.822879,-0.000537,44.564753,1.601514,-0.000000
3771,0.819553,0.006274,39.228849,1.610697,0.000000
3772,0.823563,-0.000660,43.279888,1.629743,0.000000
3773,0.833305,0.246917,32.866524,1.666085,0.000000
3774,0.820731,0.003889,34.227654,1.683317,-0.000000
3775,0.828307,0.020487,33.206779,1.694817,-0.000000
3776,0.827477,0.019900,33.173309,1.696301,0.000000
3777,0.829239,0.005377,35.307359,1.699601,0.000000
3778,0.825160,0.227565,30.344153,1.709834,0.000000
3779,0.833185,0.041700,28.950370,1.714694,0.000000
3780,0.821454,0.089466,24.732779,1.709604,0.000000
3781,0.819743,0.061959,29.581815,1.705005,-0.000000
3782,0.829735,0.000303,34.700344,1.712901,-0.000000
3783,0.828663,0.009688,25.474285,1.715444,-0.000000
3784,0.820613,0.010054,18.684035,1.700947,-0.000000
3785,0.826375,0.037256,28.397223,1.687696,0.000000
3786,0.827994,0.011761,23.558991,1.687088,-0.000000
3787,0.827530,0.015910,20.118417,1.680650,-0.000000
3788,0.827641,0.001743,22.768468,1.666519,-0.000000
3789,0.837828,0.046602,25.239268,1.657779,-0.000000
3790,0.827144,0.026287,12.572101,1.657115,-0.000000
3791,0.832493,0.075318,16.780225,1.648574,0.000000
3792,0.828352,0.052913,14.497891,1.647900,-0.000000
3793,0.832896,0.040045,22.649074,1.664499,-0.000000
3794,0.830312,0.004069,13.418438,1.685819,0.000000
3795,0.831079,0.014727,15.753538,1.687906,-0.000000
3796,0.827037,0.037238,15.670415,1.681822,-0.000000
3797,0.818718,0.036803,12.175228,1.674152,-0.000000
3798,0.825863,0.037656,15.597639,1.664905,-0.000000
3799,0.820239,0.017150,13.058892,1.666725,-0.000000
3800,0.826139,0.029770,12.846227,1.656222,0.000000
3801,0.833380,0.010108,21.324739,1.652216,-0.000000
3802,0.831095,0.013514,17.970882,1.674980,0.000000
3803,0.827661,0.014925,15.575045,1.703201,0.000000
3804,0.826923,0.002159,9.666606,1.707309,-0.000000
3805,0.832284,0.006673,9.865819,1.707651,-0.000000
3806,0.827958,0.174773,5.718777,1.712324,0.000000
3807,0.825912,0.393868,6.728586,1.694603,0.000000
3808,0.831630,-0.001017,14.055552,1.676125,0.000000
3809,0.831934,0.005863,14.698314,1.660975,-0.000000
3810,0.835175,0.077944,11.521357,1.649350,-0.000000
3811,0.833878,0.004694,9.302470,1.642229,0.000000
3812,0.836772,0.000555,20.854963,1.653519,-0.000000
3813,0.837262,0.000563,6.058424,1.673214,0.000000
3814,0.836733,-0.003398,14.542732,1.667499,-0.000000
3815,0.839845,0.004074,19.520420,1.663203,-0.000000
3816,0.842163,0.026918,34.582476,1.673318,-0.000000
3817,0.841626,-0.004697,26.762762,1.696260,-0.000000
3818,0.836900,0.047878,17.917586,1.717678,0.000000
3819,0.836988,0.077588,17.179577,1.717642,-0.000000
3820,0.837059,0.002831,17.327705,1.720238,0.000000
3821,0.836600,0.047675,4.033720,1.693169,0.000000
3822,0.844313,0.004875,32.046741,1.664693,0.000000
3823,0.842878,0.012388,22.180984,1.651003,-0.000000
3824,0.842138,0.008601,27.617210,1.653521,0.000000
3825,0.842417,0.024990,26.153225,1.681732,-0.000000
3826,0.840719,0.011408,29.823925,1.706190,-0.000000
3827,0.842922,0.008304,29.868750,1.716947,0.000000
3828,0.840632,0.023461,38.337243,1.722658,-0.000000
3829,0.840572,0.009682,37.519891,1.727534,0.000000
3830,0.840668,0.002869,37.364386,1.730923,0.000000
3831,0.840488,0.047651,34.120988,1.738298,0.000000
3832,0.836167,0.017785,19.875050,1.747827,-0.000000
3833,0.843681,0.012748,28.021123,1.744195,0.000000
3834,0.838635,0.029153,13.050372,1.740912,0.000000
3835,0.846234,0.001764,20.818677,1.733962,-0.000000
3836,0.846517,0.010673,29.460483,1.722927,0.000000
3837,0.844781,0.093832,8.984368,1.707594,0.000000
3838,0.845888,0.006345,19.535721,1.695458,0.000000
3839,0.844960,0.018562,12.682874,1.709604,-0.000000
3840,0.842600,0.022813,7.740083,1.700109,0.000000
3841,0.845753,0.000694,9.626082,1.686748,-0.000000
3842,0.848075,0.012223,10.745429,1.695762,0.000000
3843,0.849198,0.001818,7.835581,1.706334,0.000000
3844,0.850239,0.012250,14.270873,1.710324,0.000000
3845,0.852442,0.012003,15.321067,1.709660,-0.000000
3846,0.854364,0.226518,44.061357,1.707206,0.000000
3847,0.854408,0.067010,38.160061,1.702342,0.000000
3848,0.852351,0.042308,30.510976,1.715060,-0.000000
3849,0.850481,0.015667,21.512116,1.726473,0.000000
3850,0.854639,0.041234,31.669766,1.735558,0.000000
3851,0.851976,0.035793,54.592120,1.730364,-0.000000
3852,0.853900,0.000734,24.024229,1.720229,-0.000000
3853,0.856240,0.008145,36.733007,1.701343,-0.000000
3854,0.854108,0.024947,31.627096,1.688171,0.000000
3855,0.853984,0.015316,15.337490,1.661132,0.000000
3856,0.860653,0.014135,27.249162,1.636623,-0.000000
3857,0.855902,0.151943,23.458154,1.632889,0.000000
3858,0.854324,0.116222,9.930923,1.627554,0.000000
3859,0.861385,-0.004923,29.338824,1.637159,0.000000
3860,0.858015,0.003667,21.738887,1.650874,0.000000
3861,0.856738,-0.001175,24.401794,1.663029,-0.000000
3862,0.858828,0.067364,16.794594,1.668377,0.000000
3863,0.856300,0.015854,27.361793,1.652807,-0.000000
3864,0.856502,-0.000442,17.276816,1.648556,0.000000
3865,0.854577,0.035215,21.507829,1.661424,0.000000
3866,0.854191,0.021599,23.575639,1.662536,0.000000
3867,0.855582,0.022140,14.838629,1.654887,-0.000000
3868,0.857993,0.005885,31.658373,1.660510,0.000000
3869,0.858289,0.022685,49.413879,1.663119,-0.000000
3870,0.854274,0.015024,26.890542,1.649546,0.000000
3871,0.857684,0.008250,31.399372,1.654118,0.000000
3872,0.856507,0.006432,49.176368,1.671640,0.000000
3873,0.856171,0.000558,49.703871,1.684725,0.000000
3874,0.857647,-0.000301,28.066515,1.705466,-0.000000
3875,0.854441,0.034470,30.881637,1.717989,-0.000000
3876,0.857303,0.003745,37.010549,1.701579,-0.000000
3877,0.855912,0.013689,42.721304,1.681832,-0.000000
3878,0.857026,0.096155,55.860988,1.666755,-0.000000
3879,0.854442,0.100631,53.542810,1.680037,-0.000000
3880,0.853549,0.009411,48.992824,1.688862,-0.000000
3881,0.854541,0.010338,49.429623,1.688353,0.000000
3882,0.855018,0.076716,50.259262,1.673496,-0.000000
3883,0.854700,0.001546,45.817950,1.656902,0.000000
3884,0.854357,-0.001369,39.481392,1.644746,-0.000000
3885,0.855980,0.028042,41.956432,1.629852,0.000000
3886,0.859753,0.010310,39.022404,1.622730,-0.000000
3887,0.855202,0.065119,11.447071,1.608687,0.000000
3888,0.854008,0.053632,13.990755,1.579511,-0.000000
3889,0.856801,0.004240,25.595606,1.566967,0.000000
3890,0.854517,0.015143,26.266068,1.572614,0.000000
3891,0.838394,0.035620,21.162979,1.563414,0.000000
3892,0.852191,0.000901,26.437269,1.555882,0.000000
3893,0.849085,1.696927,17.073904,1.544901,0.000000
3894,0.847734,0.005298,29.437388,1.531065,0.000000
3895,0.847529,0.066951,26.534067,1.530540,0.000000
3896,0.848226,0.006498,29.870646,1.530181,-0.000000
3897,0.850192,-0.000033,26.798639,1.540341,-0.000000
3898,0.851683,-0.002949,22.366384,1.565482,-0.000000
3899,0.849591,0.014474,27.064669,1.573063,-0.000000
3900,0.852758,-0.000103,29.057710,1.584669,-0.000000
3901,0.857221,0.038966,42.047955,1.599380,-0.000000
3902,0.855332,0.036607,41.107144,1.603179,0.000000
3903,0.854883,0.221084,31.675698,1.620095,-0.000000
3904,0.856363,0.016226,30.025232,1.630241,-0.000000
3905,0.855450,0.000169,34.416055,1.633165,-0.000000
3906,0.855020,0.011420,33.022879,1.645763,-0.000000
3907,0.853208,0.002591,35.669619,1.644860,-0.000000
3908,0.854834,0.027847,57.060864,1.639416,-0.000000
3909,0.850889,-0.002235,53.876436,1.646805,-0.000000
3910,0.846046,0.018126,51.303226,1.645889,-0.000000
3911,0.850087,0.014307,37.741119,1.643294,0.000000
3912,0.836189,0.115123,30.963840,1.654562,-0.000000
3913,0.809265,0.144782,41.740058,1.662111,0.000000
3914,0.815820,0.021100,23.838756,1.661034,-0.000000
3915,0.839426,0.000036,21.326244,1.660385,0.000000
3916,0.848980,0.010822,52.367104,1.656672,0.000000
3917,0.848480,0.004148,48.426292,1.658572,-0.000000
3918,0.844336,0.026283,45.824357,1.671505,0.000000
3919,0.805559,0.012046,46.124391,1.682348,-0.000000
3920,0.835214,0.010894,35.047711,1.684436,0.000000
3921,0.829251,0.017439,37.155219,1.691942,-0.000000
3922,0.845538,0.017214,50.747632,1.698251,0.000000
3923,0.836042,-0.001710,41.569561,1.702970,0.000000
3924,0.846294,0.130499,44.300163,1.699123,-0.000000
3925,0.800452,-0.001022,42.766187,1.687178,0.000000
3926,0.846911,0.036557,39.357979,1.673607,0.000000
3927,0.798473,0.001188,41.082439,1.673566,0.000000
3928,0.842686,0.004901,43.216175,1.675283,0.000000
3929,0.841509,0.006359,40.191515,1.677379,-0.000000
3930,0.844893,-0.004568,45.166639,1.690700,-0.000000
3931,0.845450,0.008814,29.991158,1.700569,0.000000
3932,0.849535,0.016274,36.099171,1.701955,-0.000000
3933,0.848535,0.012079,19.354730,1.705734,0.000000
3934,0.851449,0.008073,37.009248,1.705757,-0.000000
3935,0.851340,0.000620,53.299546,1.710041,0.000000
3936,0.852760,0.010373,43.359909,1.725933,0.000000
3937,0.850361,-0.001170,46.436876,1.751766,0.000000
3938,0.849079,0.043170,46.669432,1.773549,0.000000
3939,0.850487,0.006378,33.312314,1.781313,-0.000000
3940,0.847715,-0.000419,32.245730,1.784865,0.000000
3941,0.849917,-0.000644,45.665683,1.776646,-0.000000
3942,0.847983,0.015500,55.948505,1.769076,0.000000
3943,0.850724,0.001494,41.944199,1.775665,0.000000
3944,0.845014,0.002469,53.674477,1.785574,-0.000000
3945,0.845466,0.907377,46.200287,1.815722,0.000000
3946,0.847526,-0.000126,47.689461,1.838501,-0.000000
3947,0.843220,0.064178,50.213064,1.846478,-0.000000
3948,0.844892,0.141235,42.668298,1.845869,-0.000000
3949,0.844424,0.002887,49.052738,1.848771,-0.000000
3950,0.839735,-0.001818,38.425158,1.854962,0.000000
3951,0.841608,0.012282,38.878327,1.862095,-0.000000
3952,0.840393,0.014358,54.357331,1.865843,0.000000
3953,0.819343,-0.004943,49.355148,1.866255,0.000000
3954,0.837951,-0.005500,45.960027,1.866728,-0.000000
3955,0.843667,0.023853,44.927012,1.863070,0.000000
3956,0.845608,0.012479,36.466545,1.854533,-0.000000
3957,0.844808,0.022610,50.195938,1.848799,0.000000
3958,0.843648,0.005180,46.295339,1.825165,0.000000
3959,0.845898,0.055700,44.838586,1.805768,0.000000
3960,0.851687,0.009371,44.635789,1.809268,0.000000
3961,0.845030,0.178310,38.323011,1.812023,-0.000000
3962,0.841191,0.019336,36.978657,1.801864,-0.000000
3963,0.841796,0.051634,34.645559,1.804025,0.000000
3964,0.850242,0.009952,29.775042,1.814134,-0.000000
3965,0.845853,0.291164,26.736299,1.817486,0.000000
3966,0.840134,0.068946,43.890504,1.820318,-0.000000
3967,0.840061,0.003486,43.326194,1.829057,0.000000
3968,0.843516,0.013722,38.284580,1.826963,-0.000000
3969,0.846304,0.027077,34.115086,1.809329,0.000000
3970,0.838786,0.022839,44.923744,1.794250,-0.000000
3971,0.845737,0.041931,34.824032,1.802697,0.000000
3972,0.847755,0.034071,34.925638,1.804415,-0.000000
3973,0.843396,0.018929,27.276556,1.810552,-0.000000
3974,0.838471,0.002517,29.582104,1.830601,-0.000000
3975,0.842291,0.066098,45.255673,1.835064,-0.000000
3976,0.837637,0.055261,37.073393,1.837260,-0.000000
3977,0.843825,0.007607,50.322129,1.853052,-0.000000
3978,0.843596,0.015552,40.546421,1.866770,0.000000
3979,0.840834,0.294389,46.453575,1.880474,-0.000000
3980,0.841730,0.010729,42.073010,1.906068,0.000000
3981,0.840840,0.012366,31.807924,1.926989,-0.000000
3982,0.840589,0.048548,38.969890,1.932372,0.000000
3983,0.845667,0.013734,42.414540,1.921380,-0.000000
3984,0.844413,0.009274,46.827514,1.917805,0.000000
3985,0.840466,0.005093,42.622666,1.925173,0.000000
3986,0.838365,0.021230,54.797616,1.927737,-0.000000
3987,0.834795,0.068890,43.035901,1.929842,-0.000000
3988,0.839063,0.010573,46.924134,1.935485,-0.000000
3989,0.834431,0.005567,41.809750,1.942085,-0.000000
3990,0.809870,0.037454,34.985255,1.947024,0.000000
3991,0.839304,0.005901,25.229120,1.940891,-0.000000
3992,0.839976,0.017364,27.764594,1.929992,-0.000000
3993,0.837181,0.010064,29.643966,1.934343,-0.000000
3994,0.817613,-0.000269,29.361241,1.946929,0.000000
3995,0.830063,0.011467,46.439788,1.944169,-0.000000
3996,0.832609,0.062169,46.446566,1.932829,-0.000000
3997,0.834189,0.048664,41.544391,1.926833,-0.000000
3998,0.838774,0.012184,30.147700,1.918570,-0.000000
3999,0.833917,0.003517,44.553113,1.920294,-0.000000
4000,0.833781,0.000840,40.885588,1.927632,0.000000
4001,0.835567,0.016517,32.389460,1.939399,-0.000000
4002,0.838038,0.038986,32.105758,1.935715,0.000000
4003,0.835500,0.012694,40.761340,1.931635,-0.000000
4004,0.838978,0.035213,39.304455,1.930765,-0.000000
4005,0.834901,0.330048,45.062729,1.926663,0.000000
4006,0.835587,0.015233,44.148039,1.928982,-0.000000
4007,0.831289,0.007179,37.503531,1.932743,-0.000000
4008,0.836114,0.023129,30.849714,1.922407,-0.000000
4009,0.816364,0.015226,44.465056,1.919669,0.000000
4010,0.824161,0.093185,33.032430,1.921790,-0.000000
4011,0.824808,0.012322,42.445862,1.916914,0.000000
4012,0.787662,0.044208,38.314858,1.912956,-0.000000
4013,0.837496,0.142644,38.140825,1.913335,0.000000
4014,0.831097,0.024623,36.677429,1.922732,-0.000000
4015,0.824504,0.001372,29.210659,1.951487,0.000000
4016,0.834260,0.083374,37.686882,1.963769,-0.000000
4017,0.829234,0.126650,34.985873,1.951067,0.000000
4018,0.831705,0.007302,17.833968,1.944370,-0.000000
4019,0.832454,0.017584,20.930353,1.937314,-0.000000
4020,0.820918,0.001116,24.549832,1.935478,0.000000
4021,0.839662,0.014971,30.565839,1.944019,0.000000
4022,0.833451,0.058699,38.538362,1.940988,0.000000
4023,0.838268,0.008574,44.013776,1.919684,0.000000
4024,0.839163,0.005124,17.973471,1.911688,0.000000
4025,0.841621,0.053121,32.508466,1.904967,-0.000000
4026,0.841040,0.034362,21.031429,1.900566,0.000000
4027,0.834833,0.087138,56.686495,1.893601,0.000000
4028,0.830752,0.035774,50.209555,1.894684,-0.000000
4029,0.831014,-0.001052,47.016991,1.892164,-0.000000
4030,0.829426,0.019511,50.093306,1.886036,-0.000000
4031,0.832223,0.004821,42.362763,1.888219,0.000000
4032,0.835791,0.091024,38.849484,1.886284,-0.000000
4033,0.832633,0.005770,54.028953,1.881743,0.000000
4034,0.835565,0.075261,50.364958,1.890704,0.000000
4035,0.834866,0.012291,44.322586,1.895792,0.000000
4036,0.837534,0.004105,38.491566,1.903355,-0.000000
4037,0.833249,0.029958,39.952309,1.898224,0.000000
4038,0.824664,0.078686,36.282365,1.880958,-0.000000
4039,0.824096,0.010348,50.002297,1.877410,-0.000000
4040,0.829125,0.008185,50.454925,1.876962,0.000000
4041,0.825751,0.025646,46.920662,1.872011,-0.000000
4042,0.832920,0.045314,40.231035,1.850401,-0.000000
4043,0.832183,0.017523,39.152628,1.847195,0.000000
4044,0.835926,0.011287,18.917578,1.858509,0.000000
4045,0.829588,0.046924,17.120499,1.840898,0.000000
4046,0.828048,0.070657,15.301545,1.801593,-0.000000
4047,0.824961,0.029928,19.228695,1.770658,-0.000000
4048,0.828809,1.757724,20.742207,1.748402,0.000000
4049,0.835357,0.001518,39.006443,1.723681,0.000000
4050,0.834578,0.002903,51.247784,1.713564,0.000000
4051,0.840230,0.087155,44.841333,1.717000,-0.000000
4052,0.833324,0.092779,39.910740,1.726933,-0.000000
4053,0.839153,0.028890,39.376966,1.743754,0.000000
4054,0.838000,0.012035,34.054888,1.750725,0.000000
4055,0.839853,-0.000057,50.309381,1.755417,0.000000
4056,0.838430,0.096351,49.107594,1.762586,-0.000000
4057,0.838093,0.017768,43.695707,1.775033,-0.000000
4058,0.841235,0.045950,43.831205,1.795785,-0.000000
4059,0.839809,0.008285,44.662136,1.808403,-0.000000
4060,0.837216,0.085773,31.251633,1.802042,0.000000
4061,0.841849,0.068340,29.305066,1.806148,-0.000000
4062,0.817980,0.034339,26.901488,1.816764,0.000000
4063,0.839438,-0.001772,27.680909,1.827515,-0.000000
4064,0.840595,0.013712,26.325121,1.828232,-0.000000
4065,0.830535,0.030815,44.888377,1.821583,-0.000000
4066,0.836825,0.002389,34.707191,1.809782,0.000000
4067,0.831870,-0.004267,41.350911,1.813520,-0.000000
4068,0.833108,0.031480,22.996647,1.836082,-0.000000
4069,0.777286,-0.006769,32.642654,1.852395,0.000000
4070,0.830393,0.017597,38.475285,1.855012,0.000000
4071,0.835425,0.018791,43.522906,1.844440,-0.000000
4072,0.836989,0.000748,47.999137,1.843969,0.000000
4073,0.838421,0.001432,42.449982,1.844927,0.000000
4074,0.841123,0.010938,19.184322,1.849683,0.000000
4075,0.836830,0.043938,22.434367,1.837226,-0.000000
4076,0.841829,0.057209,21.824711,1.834283,0.000000
4077,0.841865,-0.000523,37.530837,1.843986,-0.000000
4078,0.838868,0.043425,39.522086,1.846899,-0.000000
4079,0.839962,0.049022,34.860140,1.852477,-0.000000
4080,0.835176,0.013669,37.005206,1.881285,-0.000000
4081,0.838118,0.019462,29.881382,1.902644,0.000000
4082,0.837107,0.047343,26.489691,1.905583,0.000000
4083,0.838788,0.001959,43.893582,1.896728,0.000000
4084,0.838006,0.034830,43.770569,1.886610,0.000000
4085,0.840888,0.012315,43.608835,1.871653,-0.000000
4086,0.834170,0.018380,42.602231,1.861848,-0.000000
4087,0.829967,0.081534,25.119541,1.853016,0.000000
4088,0.831868,0.016861,41.466692,1.842471,-0.000000
4089,0.828730,0.067735,20.189114,1.829524,-0.000000
4090,0.837462,0.010431,33.057005,1.826152,-0.000000
4091,0.833203,0.008746,20.107693,1.833295,0.000000
4092,0.837582,0.012398,31.703963,1.829102,0.000000
4093,0.831021,0.046808,24.148524,1.803734,-0.000000
4094,0.831805,-0.000257,33.664763,1.780067,-0.000000
4095,0.834991,0.025247,33.673528,1.767973,-0.000000
4096,0.836544,0.014806,38.629082,1.763339,0.000000
4097,0.815639,0.009311,36.862436,1.773619,-0.000000
4098,0.839202,0.024172,38.745272,1.770957,0.000000
4099,0.835742,0.021371,36.559791,1.771652,-0.000000
4100,0.840251,3.186152,40.167110,1.781758,0.000000
4101,0.838595,0.005950,39.667413,1.775838,-0.000000
4102,0.845416,-0.000779,41.496050,1.774694,0.000000
4103,0.840140,0.002676,31.080218,1.797525,-0.000000
4104,0.844092,0.016687,40.149960,1.809577,-0.000000
4105,0.845515,0.007757,40.980003,1.809856,0.000000
4106,0.850553,0.007031,43.469277,1.816502,0.000000
4107,0.849239,0.112666,50.812486,1.814999,-0.000000
4108,0.849616,0.167439,48.941749,1.815491,0.000000
4109,0.849368,0.014042,60.386395,1.831981,0.000000
4110,0.845878,0.000140,56.456491,1.845252,-0.000000
4111,0.841692,0.052725,48.825755,1.848635,0.000000
4112,0.841356,0.024180,52.754334,1.838778,-0.000000
4113,0.844441,0.015133,49.354128,1.825799,0.000000
4114,0.844106,-0.003942,43.867897,1.833785,-0.000000
4115,0.829310,0.145287,36.808412,1.840432,0.000000
4116,0.846391,-0.000895,48.293666,1.835326,-0.000000
4117,0.822134,0.015711,24.571774,1.849678,-0.000000
4118,0.846507,0.006102,37.180527,1.855803,-0.000000
4119,0.838490,0.291873,19.412683,1.855343,0.000000
4120,0.833647,0.035250,32.553967,1.843125,-0.000000
4121,0.821187,-0.001253,41.662696,1.843308,-0.000000
4122,0.799092,0.850067,39.283738,1.864878,-0.000000
4123,0.832546,0.039895,41.913988,1.870965,-0.000000
4124,0.838543,0.028406,46.038992,1.863861,-0.000000
4125,0.823129,0.012252,35.177681,1.868852,0.000000
4126,0.813216,0.016709,35.776312,1.879832,-0.000000
4127,0.832353,0.069605,33.521764,1.875242,0.000000
4128,0.836413,0.033441,35.122220,1.868956,-0.000000
4129,0.837532,0.133906,31.876088,1.856928,0.000000
4130,0.814805,0.065128,34.690471,1.844887,0.000000
4131,0.833419,0.002712,20.561119,1.837665,-0.000000
4132,0.839776,0.129679,27.452999,1.837526,-0.000000
4133,0.838710,-0.000504,45.563506,1.832484,0.000000
4134,0.833681,0.028353,44.811897,1.819703,0.000000
4135,0.836173,0.003463,40.701767,1.821294,-0.000000
4136,0.836022,0.010843,38.227832,1.818164,0.000000
4137,0.838238,0.052881,34.240928,1.798930,0.000000
4138,0.836453,0.018701,16.063262,1.795012,0.000000
4139,0.837994,0.062951,33.277570,1.787044,-0.000000
4140,0.838561,0.014418,39.338553,1.790587,-0.000000
4141,0.840576,0.022977,24.463422,1.809107,0.000000
4142,0.837310,0.001544,43.449400,1.818055,0.000000
4143,0.834293,0.185457,36.410314,1.803347,-0.000000
4144,0.837524,0.018646,36.631270,1.810976,0.000000
4145,0.827993,0.015355,36.468940,1.834472,-0.000000
4146,0.833581,-0.000537,38.095529,1.826322,-0.000000
4147,0.835140,0.003851,40.286348,1.824769,0.000000
4148,0.832850,0.010898,38.282354,1.830390,0.000000
4149,0.831124,0.044350,41.902639,1.826687,-0.000000
4150,0.830691,0.051092,34.849184,1.821547,-0.000000
4151,0.836630,0.085115,35.543425,1.816709,-0.000000
4152,0.838897,-0.002347,41.449056,1.818445,0.000000
4153,0.833524,0.007356,34.097538,1.827863,-0.000000
4154,0.834029,-0.001781,44.380695,1.822873,0.000000
4155,0.833305,0.008867,34.387542,1.822145,-0.000000
4156,0.834280,0.069075,39.452962,1.816051,0.000000
4157,0.829837,-0.003537,47.364832,1.827013,0.000000
4158,0.831610,0.063672,34.492242,1.843142,0.000000
4159,0.835386,0.001678,49.788724,1.843446,0.000000
4160,0.836789,0.069771,45.945633,1.861293,-0.000000
4161,0.836807,0.002745,42.842464,1.885869,0.000000
4162,0.836648,0.003999,36.718110,1.904569,0.000000
4163,0.833868,0.016498,37.304781,1.900112,-0.000000
4164,0.834364,0.023362,44.001684,1.901546,0.000000
4165,0.836229,0.005587,41.101517,1.896391,-0.000000
4166,0.834805,0.946658,46.432174,1.890584,-0.000000
4167,0.831171,0.086027,33.037932,1.864691,0.000000
4168,0.838401,0.002986,40.731963,1.846325,0.000000
4169,0.838350,0.003118,43.744880,1.867291,0.000000
4170,0.828593,0.377588,45.405980,1.882906,0.000000
4171,0.834725,0.019554,48.217522,1.885493,0.000000
4172,0.832835,0.014341,42.490007,1.901059,0.000000
4173,0.830908,0.135388,47.548418,1.918621,-0.000000
4174,0.832965,0.006256,41.573326,1.912384,0.000000
4175,0.837741,0.005864,43.386826,1.905673,-0.000000
4176,0.831728,0.008864,47.919112,1.912533,0.000000
4177,0.830422,0.002287,43.136068,1.910530,0.000000
4178,0.831503,0.118129,37.439411,1.893963,-0.000000
4179,0.830347,0.006891,35.507781,1.866728,0.000000
4180,0.826422,0.012695,21.658683,1.858887,0.000000
4181,0.814531,0.013077,28.286570,1.862602,0.000000
4182,0.815689,0.014582,24.329147,1.852218,-0.000000
4183,0.776039,0.043338,42.441854,1.839502,-0.000000
4184,0.812891,0.026575,25.656784,1.835624,0.000000
4185,0.829962,0.033346,44.680260,1.851836,-0.000000
4186,0.831727,0.024546,41.476156,1.874931,-0.000000
4187,0.836920,0.010481,41.904407,1.874252,-0.000000
4188,0.837268,0.094268,54.653420,1.873732,-0.000000
4189,0.840070,0.004952,39.243845,1.876896,-0.000000
4190,0.839610,0.014648,35.894978,1.884020,0.000000
4191,0.810841,0.028680,9.072496,1.875020,0.000000
4192,0.825408,0.027452,11.129272,1.856612,0.000000
4193,0.832053,0.002826,19.039462,1.847537,-0.000000
4194,0.838305,0.003640,33.134673,1.843422,-0.000000
4195,0.840440,0.007832,43.658026,1.847530,0.000000
4196,0.815889,0.008407,33.616312,1.834519,0.000000
4197,0.829204,0.262187,38.643972,1.808541,0.000000
4198,0.829588,0.016929,31.992875,1.794708,0.000000
4199,0.811264,0.022608,28.037214,1.784429,0.000000
4200,0.829921,0.002587,27.464494,1.777662,-0.000000
4201,0.828196,0.013302,24.353878,1.777013,-0.000000
4202,0.807083,-0.002314,25.762041,1.769981,0.000000
4203,0.828148,-0.002836,36.339067,1.776379,-0.000000
4204,0.832641,0.016710,22.418618,1.784780,0.000000
4205,0.828130,0.027300,32.393862,1.792312,-0.000000
4206,0.829673,0.004274,39.209264,1.805618,-0.000000
4207,0.832705,0.002293,40.105735,1.808725,0.000000
4208,0.832012,0.028895,39.466617,1.798822,0.000000
4209,0.829563,0.000903,36.749324,1.789443,0.000000
4210,0.830293,0.020515,31.897338,1.794737,-0.000000
4211,0.825722,0.134968,33.243718,1.798432,0.000000
4212,0.816290,0.010631,29.311621,1.802055,-0.000000
4213,0.827607,0.012194,40.008840,1.812411,-0.000000
4214,0.826681,0.001920,42.818315,1.825118,0.000000
4215,0.820963,0.000330,41.533587,1.844667,-0.000000
4216,0.825418,0.020036,42.606889,1.838121,0.000000
4217,0.830020,0.006230,43.376992,1.843183,0.000000
4218,0.832081,0.044962,39.253051,1.867512,0.000000
4219,0.830509,0.091822,29.253783,1.871603,-0.000000
4220,0.827088,0.014409,21.301792,1.877010,-0.000000
4221,0.819668,0.054155,11.340416,1.869850,0.000000
4222,0.827443,0.024614,30.881581,1.852012,-0.000000
4223,0.824448,0.011254,40.394532,1.852593,-0.000000
4224,0.828466,0.008116,40.311878,1.848222,0.000000
4225,0.826619,0.003799,40.835224,1.835411,-0.000000
4226,0.824434,0.041815,46.454726,1.822092,-0.000000
4227,0.813633,0.002649,36.208150,1.824953,0.000000
4228,0.836365,0.017316,34.885255,1.829996,-0.000000
4229,0.829749,-0.001143,31.056502,1.830195,0.000000
4230,0.832324,0.014973,32.730675,1.838483,-0.000000
4231,0.835653,0.062538,36.834837,1.861992,-0.000000
4232,0.833305,0.006884,34.477206,1.861919,-0.000000
4233,0.837498,0.071314,39.659779,1.851140,-0.000000
4234,0.838979,0.081612,34.009345,1.851018,-0.000000
4235,0.843753,0.047115,36.908716,1.834095,-0.000000
4236,0.842796,0.014350,36.438101,1.806759,0.000000
4237,0.832522,0.029567,30.256001,1.794475,-0.000000
4238,0.833047,0.993359,38.459562,1.793775,-0.000000
4239,0.824200,0.018483,32.157809,1.781052,-0.000000
4240,0.827890,-0.000090,30.547849,1.761485,-0.000000
4241,0.830255,0.032719,30.539734,1.736447,-0.000000
4242,0.827769,0.004181,25.635584,1.726565,-0.000000
4243,0.838560,0.095243,22.676683,1.732895,-0.000000
4244,0.831691,0.038079,26.600751,1.723277,0.000000
4245,0.809679,0.016765,25.882972,1.715062,0.000000
4246,0.805198,0.039906,34.782148,1.708292,0.000000
4247,0.825544,0.001961,38.532326,1.702700,0.000000
4248,0.829016,0.012313,33.804434,1.720755,0.000000
4249,0.833174,0.011481,44.115016,1.720129,0.000000
4250,0.835684,0.001909,29.793678,1.713945,-0.000000
4251,0.839492,0.011237,18.761698,1.708593,0.000000
4252,0.826104,0.086109,23.788197,1.696891,-0.000000
4253,0.827715,0.013257,34.031482,1.700016,-0.000000
4254,0.809716,0.007014,38.357137,1.699358,0.000000
4255,0.828957,0.009430,34.416924,1.690679,-0.000000
4256,0.819995,0.001166,37.504464,1.694726,-0.000000
4257,0.801335,0.026469,32.322143,1.700741,0.000000
4258,0.804729,0.068631,24.002294,1.699474,-0.000000
4259,0.810316,0.005837,26.533817,1.694017,0.000000
4260,0.828224,0.012505,19.103408,1.688022,-0.000000
4261,0.809730,0.026409,34.315593,1.673882,0.000000
4262,0.810878,0.019754,30.357920,1.666462,0.000000
4263,0.785892,0.085522,25.995261,1.660973,-0.000000
4264,0.817382,0.054310,12.388138,1.655459,-0.000000
4265,0.809892,0.000110,33.295470,1.660146,-0.000000
4266,0.799597,0.114677,19.257275,1.665154,-0.000000
4267,0.812336,0.052688,34.456191,1.656407,-0.000000
4268,0.777595,1.171967,26.478273,1.650497,-0.000000
4269,0.774020,0.088045,21.944478,1.638737,0.000000
4270,0.812161,0.047623,19.535708,1.625339,-0.000000
4271,0.798687,0.130822,20.074679,1.608372,0.000000
4272,0.811193,0.017397,22.345260,1.601148,-0.000000
4273,0.798762,0.031607,16.499892,1.593021,-0.000000
4274,0.811490,0.000335,20.404845,1.590958,-0.000000
4275,0.806390,0.027810,18.650622,1.583067,-0.000000
4276,0.816168,0.093897,18.611098,1.571124,-0.000000
4277,0.816284,0.002885,18.527870,1.572696,-0.000000
4278,0.818704,0.007819,17.574292,1.582657,-0.000000
4279,0.799874,0.008121,14.380726,1.584021,-0.000000
4280,0.811047,0.008959,17.976724,1.589907,0.000000
4281,0.811088,0.016249,19.501413,1.591402,-0.000000
4282,0.782379,0.086786,25.413845,1.594051,0.000000
4283,0.815399,0.014744,19.338210,1.586997,-0.000000
4284,0.799718,0.118643,24.309215,1.577230,-0.000000
4285,0.806871,0.000569,15.118699,1.575263,0.000000
4286,0.786478,0.002131,13.505518,1.568347,0.000000
4287,0.809513,0.014345,13.366117,1.573130,-0.000000
4288,0.781035,0.002973,14.471017,1.587672,-0.000000
4289,0.803798,0.010503,10.036790,1.602100,-0.000000
4290,0.813748,0.016109,11.388188,1.601330,0.000000
4291,0.811659,0.011067,14.797760,1.599340,0.000000
4292,0.820181,0.052431,16.050546,1.593520,-0.000000
4293,0.813327,0.056276,17.131335,1.583684,0.000000
4294,0.830721,0.012050,28.413989,1.581162,-0.000000
4295,0.804553,0.001520,18.464790,1.583874,-0.000000
4296,0.797232,0.056539,19.086882,1.586634,0.000000
4297,0.787788,0.018931,14.181886,1.572740,0.000000
4298,0.802061,0.020234,15.264863,1.559398,0.000000
4299,0.802075,0.002408,16.156990,1.559932,0.000000
4300,0.790401,0.005858,10.806418,1.553549,0.000000
4301,0.797564,0.002699,9.968271,1.544499,0.000000
4302,0.804152,0.037263,10.259242,1.539543,-0.000000
4303,0.808267,0.004429,12.679746,1.530081,-0.000000
4304,0.800423,0.048474,15.372863,1.523579,-0.000000
4305,0.801044,-0.000602,17.257345,1.536940,-0.000000
4306,0.806243,0.008071,20.634422,1.559115,0.000000
4307,0.803554,0.002798,10.661234,1.572967,-0.000000
4308,0.806086,0.011517,11.293824,1.584006,-0.000000
4309,0.814577,0.017072,14.313849,1.586813,0.000000
4310,0.803004,0.943743,8.453907,1.576985,0.000000
4311,0.812124,-0.000779,11.857228,1.568212,-0.000000
4312,0.802967,0.013269,11.534105,1.565754,0.000000
4313,0.816354,0.003122,13.056572,1.573964,0.000000
4314,0.809531,0.205325,12.354381,1.586624,0.000000
4315,0.811686,0.040524,10.600745,1.587217,-0.000000
4316,0.813410,0.004268,16.380720,1.584123,-0.000000
4317,0.810150,0.041663,9.627077,1.586231,-0.000000
4318,0.807292,0.005303,7.613177,1.597547,-0.000000
4319,0.817071,-0.003092,14.742787,1.609525,0.000000
4320,0.817601,0.028359,10.854873,1.620712,-0.000000
4321,0.817493,0.025638,9.548094,1.613178,0.000000
4322,0.825120,0.013194,20.755773,1.603675,0.000000
4323,0.834299,0.163308,23.591188,1.589438,0.000000
4324,0.820502,0.007881,9.715218,1.590992,0.000000
4325,0.823023,0.009671,7.443806,1.590882,0.000000
4326,0.818604,0.035161,5.084492,1.566208,-0.000000
4327,0.817365,0.034575,8.460760,1.537236,0.000000
4328,0.816660,0.006796,4.270272,1.520358,-0.000000
4329,0.819145,0.000005,5.170846,1.514632,-0.000000
4330,0.818596,0.006171,8.597576,1.524400,-0.000000
4331,0.824166,0.269530,10.641899,1.521833,-0.000000
4332,0.816178,0.024082,5.486751,1.522363,-0.000000
4333,0.815030,0.438380,4.641244,1.521215,-0.000000
4334,0.813495,0.026865,4.354699,1.499550,0.000000
4335,0.814618,0.018825,4.283403,1.488684,0.000000
4336,0.815224,0.001545,4.578061,1.491043,-0.000000
4337,0.818183,0.027623,7.516296,1.492881,0.000000
4338,0.819911,0.032042,6.428372,1.479225,0.000000
4339,0.816113,0.009319,2.502679,1.471868,0.000000
4340,0.815177,0.072810,3.241652,1.460690,-0.000000
4341,0.814794,0.055346,2.396552,1.433390,-0.000000
4342,0.808239,0.094695,1.928497,1.415025,0.000000
4343,0.820264,0.006053,9.871928,1.406693,0.000000
4344,0.815359,0.005542,1.724224,1.397847,-0.000000
4345,0.822243,0.040467,6.428503,1.395179,0.000000
4346,0.816550,0.018864,4.557560,1.397791,-0.000000
4347,0.824510,-0.003959,7.629595,1.411910,0.000000
4348,0.820307,0.007165,2.335898,1.419778,0.000000
4349,0.822424,-0.005831,1.479602,1.422847,0.000000
4350,0.828419,0.003718,7.473458,1.437798,-0.000000
4351,0.834643,-0.000768,7.410225,1.461144,-0.000000
4352,0.828937,0.000476,3.587495,1.471800,-0.000000
4353,0.831006,0.001656,6.286662,1.471647,0.000000
4354,0.832950,0.006444,3.772994,1.470855,-0.000000
4355,0.831765,0.006796,4.147238,1.481064,-0.000000
4356,0.836992,0.021829,2.844741,1.485731,0.000000
4357,0.836000,0.000289,6.866556,1.484744,0.000000
4358,0.835319,0.004626,3.352355,1.483567,0.000000
4359,0.833823,-0.006112,2.761467,1.475200,-0.000000
4360,0.836807,0.049402,3.558677,1.477241,-0.000000
4361,0.832750,0.020712,1.786278,1.461407,0.000000
4362,0.837790,0.005762,5.776241,1.426235,0.000000
4363,0.834248,0.014680,3.858180,1.413710,-0.000000
4364,0.828131,0.018878,3.139871,1.388785,0.000000
4365,0.835914,0.013510,10.197683,1.368030,0.000000
4366,0.838631,0.009971,4.278313,1.357681,0.000000
4367,0.841033,-0.000452,13.509212,1.368718,0.000000
4368,0.839358,0.025503,11.078272,1.374910,-0.000000
4369,0.842388,-0.001190,12.095730,1.381080,-0.000000
4370,0.834069,-0.000743,4.166228,1.389676,-0.000000
4371,0.844133,0.003501,14.455995,1.379754,-0.000000
4372,0.848595,0.009886,9.038900,1.376451,-0.000000
4373,0.842469,0.005340,6.243813,1.374248,-0.000000
4374,0.842318,0.008701,4.474435,1.355369,-0.000000
4375,0.844975,0.001910,7.491572,1.330728,-0.000000
4376,0.846752,0.001360,8.058003,1.335666,-0.000000
4377,0.844063,0.003754,5.096676,1.331387,0.000000
4378,0.854737,-0.005216,29.261715,1.342576,0.000000
4379,0.850240,0.001763,21.659856,1.353974,0.000000
4380,0.841043,0.010554,6.258498,1.336499,-0.000000
4381,0.840519,-0.004516,5.794782,1.333207,0.000000
4382,0.838223,0.052550,7.049117,1.330629,-0.000000
4383,0.841494,0.006481,13.246328,1.330893,0.000000
4384,0.842915,-0.002465,14.228981,1.351511,-0.000000
4385,0.840069,0.004809,7.102976,1.369990,0.000000
4386,0.845682,0.026912,15.444389,1.385111,0.000000
4387,0.851469,0.000206,26.767321,1.400685,-0.000000
4388,0.852823,0.001740,18.089017,1.416375,0.000000
4389,0.852490,0.038081,25.358949,1.434213,0.000000
4390,0.847366,0.026483,8.485345,1.436330,-0.000000
4391,0.856774,0.163356,19.537381,1.421245,0.000000
4392,0.861229,0.001949,32.903961,1.418656,-0.000000
4393,0.858112,0.006462,19.911650,1.432894,0.000000
4394,0.855857,0.004463,5.722885,1.443467,-0.000000
4395,0.856442,0.134011,13.327580,1.461459,0.000000
4396,0.856803,0.004591,12.442238,1.469372,0.000000
4397,0.854664,0.020536,5.251773,1.460456,-0.000000
4398,0.850959,0.009582,3.299089,1.440652,-0.000000
4399,0.853631,0.049291,12.751411,1.412240,-0.000000
4400,0.850507,0.002350,2.422437,1.397023,0.000000
4401,0.849535,0.001348,8.858154,1.400028,-0.000000
4402,0.854021,-0.005123,14.271681,1.420320,0.000000
4403,0.858701,-0.001799,18.413459,1.442842,-0.000000
4404,0.855490,-0.001086,12.990734,1.470618,0.000000
4405,0.862283,0.021197,30.318914,1.494892,-0.000000
4406,0.853206,0.040401,5.421168,1.501165,0.000000
4407,0.851063,0.233209,5.218940,1.489506,0.000000
4408,0.854786,0.004794,10.642697,1.476961,-0.000000
4409,0.857170,0.753842,21.065603,1.468937,0.000000
4410,0.860129,0.011541,36.728687,1.467785,0.000000
4411,0.858283,0.001751,36.168159,1.472678,-0.000000
4412,0.853659,0.006367,9.191276,1.462143,-0.000000
4413,0.859217,0.012961,28.639075,1.466538,-0.000000
4414,0.858801,0.011124,25.941110,1.486260,0.000000
4415,0.858340,0.013662,26.732090,1.488738,-0.000000
4416,0.859584,0.007422,45.023279,1.483490,-0.000000
4417,0.859667,0.019461,42.496730,1.468823,-0.000000
4418,0.861674,0.004020,46.030368,1.449530,0.000000
4419,0.859215,-0.001697,39.322589,1.447143,-0.000000
4420,0.862959,0.000121,53.789798,1.455875,-0.000000
4421,0.863729,0.004985,48.221600,1.482090,-0.000000
4422,0.857060,0.000720,35.321722,1.494870,0.000000
4423,0.857710,0.044805,20.207673,1.488225,-0.000000
4424,0.857595,-0.000565,36.458136,1.483011,0.000000
4425,0.855246,0.011403,26.545209,1.465611,-0.000000
4426,0.858855,0.015061,58.579620,1.457739,-0.000000
4427,0.857632,-0.002585,53.093199,1.476795,0.000000
4428,0.860392,0.002473,42.953670,1.500220,-0.000000
4429,0.857011,-0.000339,47.993972,1.516136,0.000000
4430,0.816233,-0.001334,46.411012,1.526234,0.000000
4431,0.858015,0.017544,46.144593,1.534316,0.000000
4432,0.859742,-0.000220,52.429335,1.541647,-0.000000
4433,0.860860,0.007887,52.761603,1.549757,-0.000000
4434,0.860046,-0.002651,47.704213,1.568398,-0.000000
4435,0.857784,0.015745,54.181511,1.598142,-0.000000
4436,0.859337,0.000735,51.571167,1.615103,0.000000
4437,0.860858,0.001958,52.144349,1.626522,0.000000
4438,0.862835,0.011885,44.962999,1.635068,-0.000000
4439,0.859923,0.007927,38.884772,1.636950,-0.000000
4440,0.854726,0.002633,46.176890,1.628905,-0.000000
4441,0.853927,0.063330,40.205920,1.627778,-0.000000
4442,0.850244,0.001497,37.291390,1.652565,0.000000
4443,0.839970,-0.003801,43.299622,1.681532,0.000000
4444,0.855164,-0.002280,43.211623,1.710720,-0.000000
4445,0.858576,0.018900,50.961376,1.722242,-0.000000
4446,0.857623,0.034213,49.735592,1.713094,0.000000
4447,0.857161,0.043130,48.671083,1.706807,-0.000000
4448,0.852660,0.147205,44.826244,1.709328,0.000000
4449,0.853551,0.001300,48.707237,1.717080,-0.000000
4450,0.840700,0.008519,33.255051,1.732251,-0.000000
4451,0.856352,0.060062,31.400930,1.742360,-0.000000
4452,0.850128,0.012897,26.667193,1.743988,0.000000
4453,0.818079,0.006899,31.326754,1.755608,0.000000
4454,0.858690,0.016682,25.181929,1.761953,0.000000
4455,0.856072,0.029070,44.688296,1.769713,-0.000000
4456,0.858615,0.006075,44.843511,1.776262,0.000000
4457,0.857658,0.009541,39.770134,1.769118,0.000000
4458,0.853625,0.010574,37.943147,1.755668,0.000000
4459,0.855676,0.033500,30.399451,1.751579,0.000000
4460,0.854903,0.028933,38.579492,1.759997,-0.000000
4461,0.853163,0.011774,20.306409,1.750027,-0.000000
4462,0.808549,-0.006423,36.914366,1.738300,-0.000000
4463,0.850874,0.020050,40.829986,1.752332,0.000000
4464,0.844416,0.039466,50.428698,1.756026,0.000000
4465,0.840300,-0.005097,53.478076,1.760501,-0.000000
4466,0.846606,0.010012,51.779104,1.773409,0.000000
4467,0.846056,-0.000405,42.060130,1.789250,0.000000
4468,0.841248,0.032988,49.746691,1.808007,-0.000000
4469,0.845066,0.793482,26.297666,1.810526,0.000000
4470,0.840289,0.004453,48.694436,1.796562,-0.000000
4471,0.845276,0.002321,45.999984,1.787150,-0.000000
4472,0.832919,0.003840,49.417853,1.798185,-0.000000
4473,0.838019,0.006611,42.130709,1.815842,0.000000
4474,0.836857,0.054505,53.280704,1.823428,0.000000
4475,0.832168,0.048368,47.021629,1.817686,0.000000
4476,0.842341,0.001962,44.035421,1.812324,-0.000000
4477,0.774677,0.002431,25.203258,1.821223,0.000000
4478,0.837297,0.015179,31.339526,1.827970,-0.000000
4479,0.830369,0.177180,23.904437,1.816713,0.000000
4480,0.835158,0.012084,31.970889,1.808331,0.000000
4481,0.828293,0.014763,26.368880,1.815678,-0.000000
4482,0.836050,0.054141,24.691876,1.818449,0.000000
4483,0.817095,0.020750,13.890163,1.804950,0.000000
4484,0.724508,0.054118,8.942260,1.779996,-0.000000
4485,0.702971,0.035872,8.870809,1.748931,0.000000
4486,0.790885,0.098487,18.082485,1.731468,0.000000
4487,0.811939,0.083386,23.711864,1.723876,-0.000000
4488,0.757446,0.080237,25.788599,1.713201,0.000000
4489,0.793887,0.000086,27.701083,1.709106,0.000000
4490,0.783521,0.064502,20.678031,1.699217,-0.000000
4491,0.814191,0.037831,21.338765,1.682965,0.000000
4492,0.816701,0.044541,31.464131,1.666684,-0.000000
4493,0.823229,0.013229,31.647994,1.657252,-0.000000
4494,0.824612,0.023205,27.234431,1.675734,0.000000
4495,0.823735,0.002949,28.052945,1.696084,0.000000
4496,0.821581,0.001322,32.641213,1.703930,0.000000
4497,0.827882,0.004516,42.984920,1.693301,0.000000
4498,0.829316,-0.001722,42.647509,1.690383,0.000000
4499,0.827991,0.201542,42.851401,1.694129,-0.000000
4500,0.836261,0.016720,42.152270,1.689433,-0.000000
4501,0.828243,-0.001882,39.195755,1.704473,-0.000000
4502,0.812570,-0.001793,41.354887,1.740940,0.000000
4503,0.835465,0.013473,40.109654,1.762608,-0.000000
4504,0.826437,0.000246,38.379769,1.767941,0.000000
4505,0.831642,0.004891,35.533112,1.773072,0.000000
4506,0.830975,0.072700,42.905069,1.788852,0.000000
4507,0.830045,-0.001750,35.088528,1.807266,-0.000000
4508,0.833553,0.001755,30.180331,1.827444,-0.000000
4509,0.827041,0.006869,28.396076,1.830070,0.000000
4510,0.831300,0.021537,37.039455,1.818925,0.000000
4511,0.831031,-0.002828,36.339365,1.833985,0.000000
4512,0.830087,0.001755,43.001621,1.832961,0.000000
4513,0.837139,0.012672,38.681878,1.821859,0.000000
4514,0.827558,0.058749,38.843680,1.812097,0.000000
4515,0.825327,0.008237,37.998674,1.805145,0.000000
4516,0.823731,0.112028,39.602942,1.800110,-0.000000
4517,0.826785,-0.003563,30.311036,1.797734,0.000000
4518,0.832128,0.002391,38.543396,1.797183,0.000000
4519,0.831336,0.017673,41.402540,1.787008,-0.000000
4520,0.829999,-0.000289,41.056059,1.790623,-0.000000
4521,0.832910,0.023900,36.822745,1.793672,0.000000
4522,0.835254,-0.000413,34.611644,1.793382,0.000000
4523,0.836564,0.020388,38.083885,1.797597,0.000000
4524,0.830798,0.004249,39.917305,1.790055,-0.000000
4525,0.832544,0.035146,40.495309,1.794391,-0.000000
4526,0.815728,0.016754,32.008431,1.793715,-0.000000
4527,0.828324,0.020275,37.987585,1.805409,0.000000
4528,0.827760,0.005042,41.839273,1.797890,0.000000
4529,0.825836,0.010203,34.732768,1.798742,-0.000000
4530,0.797066,0.009582,32.474243,1.806810,0.000000
4531,0.817613,0.097590,35.306689,1.801048,0.000000
4532,0.818825,0.054628,33.280890,1.800913,0.000000
4533,0.817634,0.015304,36.120449,1.810507,0.000000
4534,0.818381,-0.003784,42.316107,1.827497,-0.000000
4535,0.818545,0.086940,43.121190,1.836350,-0.000000
4536,0.816502,0.003448,36.712048,1.841210,0.000000
4537,0.813145,0.007562,42.124848,1.853589,0.000000
4538,0.798199,0.009599,39.947143,1.857599,0.000000
4539,0.809275,0.003461,42.042168,1.877091,0.000000
4540,0.814336,0.994147,43.651063,1.890534,-0.000000
4541,0.810881,0.316382,39.819945,1.899737,-0.000000
4542,0.807859,0.005755,34.836700,1.913666,-0.000000
4543,0.762808,0.001804,33.474446,1.918579,0.000000
4544,0.798328,0.043862,26.741936,1.925024,0.000000
4545,0.817835,0.026592,34.964342,1.932560,0.000000
4546,0.810396,0.010400,33.280616,1.936954,-0.000000
4547,0.813057,0.015875,30.591727,1.935218,0.000000
4548,0.817606,0.052364,21.809308,1.936833,0.000000
4549,0.817589,0.075824,25.987074,1.941554,0.000000
4550,0.811768,0.017971,17.640477,1.944193,-0.000000
4551,0.812919,0.019696,18.986081,1.926981,0.000000
4552,0.791776,0.021220,25.316117,1.904771,0.000000
4553,0.792105,-0.001815,25.240863,1.886973,-0.000000
4554,0.809615,0.006919,33.164262,1.879651,0.000000
4555,0.814491,0.008361,34.125597,1.884315,0.000000
4556,0.787077,0.032600,32.585167,1.877450,-0.000000
4557,0.818875,0.017653,35.089363,1.879095,-0.000000
4558,0.818810,0.025336,37.100521,1.899758,-0.000000
4559,0.821316,0.016187,37.321480,1.919187,-0.000000
4560,0.819634,0.091739,38.543652,1.927164,-0.000000
4561,0.824084,0.078720,37.133140,1.914989,-0.000000
4562,0.824525,0.011931,37.104533,1.918117,-0.000000
4563,0.822645,0.018757,39.267979,1.922242,-0.000000
4564,0.827716,0.002055,39.974701,1.930636,0.000000
4565,0.821805,0.004217,36.571317,1.950205,0.000000
4566,0.817537,0.028612,35.288458,1.960032,0.000000
4567,0.820579,0.008640,32.625878,1.960411,-0.000000
4568,0.822619,0.021584,32.412934,1.948910,-0.000000
4569,0.823486,0.049847,26.187857,1.937497,0.000000
4570,0.822777,0.012987,21.705579,1.921044,0.000000
4571,0.823848,0.027365,18.634930,1.894125,-0.000000
4572,0.826953,0.005227,17.370514,1.885990,-0.000000
4573,0.829538,0.007810,13.782241,1.902674,0.000000
4574,0.833185,0.072929,22.501766,1.901905,0.000000
4575,0.832717,-0.001746,34.984378,1.886308,-0.000000
4576,0.835853,0.029905,38.831602,1.887545,0.000000
4577,0.832258,0.044456,51.916682,1.886505,0.000000
4578,0.830986,0.008969,28.629168,1.889534,-0.000000
4579,0.827422,0.023683,25.570976,1.893619,0.000000
4580,0.823334,0.065635,19.461220,1.888317,-0.000000
4581,0.823900,0.087094,28.557322,1.889452,-0.000000
4582,0.821604,0.081256,24.711977,1.875962,0.000000
4583,0.798980,0.027040,24.300185,1.852574,0.000000
4584,0.820449,0.049263,29.522628,1.832714,-0.000000
4585,0.819934,0.013266,32.713014,1.817204,-0.000000
4586,0.797736,0.011063,31.356415,1.808632,0.000000
4587,0.824070,1.410745,36.747790,1.803249,0.000000
4588,0.829247,0.351853,36.119984,1.806855,0.000000
4589,0.829799,0.017862,40.551296,1.826264,-0.000000
4590,0.831025,-0.002269,52.784240,1.843043,-0.000000
4591,0.828080,0.006850,48.283967,1.866088,0.000000
4592,0.832795,0.126534,47.948492,1.872114,0.000000
4593,0.832325,0.012939,43.882267,1.854803,-0.000000
4594,0.833508,0.024128,43.769672,1.841190,0.000000
4595,0.836138,0.010236,41.389003,1.838984,0.000000
4596,0.816944,-0.003826,33.598164,1.847529,0.000000
4597,0.835820,0.009313,32.980631,1.859470,0.000000
4598,0.836182,0.001452,34.602696,1.858129,0.000000
4599,0.836895,-0.002224,41.516000,1.864217,0.000000
4600,0.833562,0.042580,36.561370,1.873201,-0.000000
4601,0.834638,0.005259,35.298113,1.875475,0.000000
4602,0.821675,-0.004357,35.161858,1.885731,-0.000000
4603,0.820572,0.026054,43.566856,1.889958,0.000000
4604,0.821618,0.020014,47.431777,1.894264,0.000000
4605,0.830361,0.044978,42.599587,1.897997,-0.000000
4606,0.838560,0.022067,47.092890,1.893976,-0.000000
4607,0.824844,0.032244,35.453093,1.872999,-0.000000
4608,0.840923,0.060724,34.617204,1.848741,0.000000
4609,0.842284,0.005965,27.951413,1.846500,-0.000000
4610,0.821676,0.096913,36.840831,1.872802,0.000000
4611,0.841550,0.001740,38.950118,1.896328,0.000000
4612,0.838295,0.006943,49.681398,1.888700,-0.000000
4613,0.838854,0.004801,51.549979,1.866032,0.000000
4614,0.841069,1.415474,46.179822,1.864019,-0.000000
4615,0.843948,0.009363,46.492145,1.879873,0.000000
4616,0.840737,-0.001078,43.603873,1.889205,-0.000000
4617,0.841568,0.011402,49.333810,1.873558,-0.000000
4618,0.840791,0.101328,51.080794,1.854038,0.000000
4619,0.843378,0.020979,38.476657,1.872618,-0.000000
4620,0.841156,0.000826,41.895616,1.899690,0.000000
4621,0.834453,0.022013,51.779551,1.899232,0.000000
4622,0.836510,0.018707,45.014913,1.889696,-0.000000
4623,0.834979,0.171694,44.846380,1.888914,0.000000
4624,0.831256,0.083130,40.549742,1.881257,0.000000
4625,0.833124,0.017144,29.357684,1.865773,0.000000
4626,0.835561,0.093700,29.084593,1.840903,-0.000000
4627,0.834901,0.069683,32.596525,1.812413,0.000000
4628,0.841464,0.455343,27.246555,1.798107,0.000000
4629,0.838894,0.003655,27.147175,1.805445,-0.000000
4630,0.841521,0.024390,23.754535,1.806233,-0.000000
4631,0.802402,-0.003857,30.121101,1.799299,0.000000
4632,0.840339,0.068290,25.448565,1.807232,-0.000000
4633,0.806987,0.013366,36.950030,1.812978,-0.000000
4634,0.833462,0.006972,41.347639,1.825860,-0.000000
4635,0.774096,0.014211,32.685321,1.838475,-0.000000
4636,0.828250,0.008104,44.152269,1.835000,0.000000
4637,0.798938,0.016667,35.125612,1.825695,-0.000000
4638,0.821743,0.062688,34.001843,1.827960,-0.000000
4639,0.825640,-0.003006,29.978287,1.837986,0.000000
4640,0.830508,0.000115,37.741502,1.843025,-0.000000
4641,0.824328,0.004609,45.060628,1.845871,0.000000
4642,0.826571,-0.000895,47.731900,1.846034,0.000000
4643,0.830481,0.022095,49.552780,1.843971,0.000000
4644,0.827762,0.018665,44.889946,1.844589,-0.000000
4645,0.821015,0.022444,42.316258,1.846657,0.000000
4646,0.814973,0.048207,39.439048,1.851763,0.000000
4647,0.819406,0.050578,38.690812,1.846365,-0.000000
4648,0.817184,0.007381,40.018152,1.830774,-0.000000
4649,0.814911,0.001940,40.423027,1.828469,-0.000000
4650,0.819305,0.002400,35.080020,1.831762,0.000000
4651,0.818637,0.034514,36.348576,1.842228,-0.000000
4652,0.826391,0.049491,36.437608,1.851986,-0.000000
4653,0.819070,0.021428,38.925423,1.844507,0.000000
4654,0.825240,0.037699,38.760320,1.846777,0.000000
4655,0.813152,0.006590,39.875876,1.853081,0.000000
4656,0.823308,0.012857,38.176008,1.832611,0.000000
4657,0.818693,0.266784,39.773451,1.821537,-0.000000
4658,0.827075,0.017016,36.080648,1.835639,0.000000
4659,0.823087,0.014851,32.620559,1.844239,0.000000
4660,0.825462,0.023121,39.373310,1.842354,0.000000
4661,0.826427,0.011048,39.740420,1.844332,0.000000
4662,0.793924,0.005872,34.545501,1.833319,-0.000000
4663,0.818072,-0.001138,37.162355,1.818934,-0.000000
4664,0.821743,-0.003560,39.304861,1.821010,-0.000000
4665,0.824831,0.004300,38.655504,1.811251,0.000000
4666,0.829153,0.074245,43.101041,1.793108,-0.000000
4667,0.824533,0.000078,43.435899,1.801925,-0.000000
4668,0.825563,0.006326,43.662340,1.824382,0.000000
4669,0.825286,0.005450,42.782423,1.826841,-0.000000
4670,0.762628,0.001582,44.804035,1.836092,0.000000
4671,0.795770,0.072073,36.668680,1.840954,-0.000000
4672,0.814514,0.030628,41.429559,1.843642,-0.000000
4673,0.798720,0.012925,30.781956,1.848205,-0.000000
4674,0.817285,0.026638,35.567933,1.841040,-0.000000
4675,0.816274,-0.000225,35.320237,1.849453,0.000000
4676,0.792573,0.006889,29.509059,1.849837,0.000000
4677,0.794846,0.019323,24.741607,1.856840,-0.000000
4678,0.822139,0.051246,35.970704,1.847487,-0.000000
4679,0.817246,0.002988,36.764158,1.828757,-0.000000
4680,0.775258,0.010027,26.037380,1.821931,-0.000000
4681,0.801369,0.058920,29.935261,1.814479,-0.000000
4682,0.749087,-0.000529,25.343894,1.797202,0.000000
4683,0.808451,0.002445,38.455622,1.787877,0.000000
4684,0.805101,0.041423,30.633612,1.784597,0.000000
4685,0.802620,0.034708,24.127630,1.763578,0.000000
4686,0.818140,0.068798,23.264828,1.745870,0.000000
4687,0.815789,0.000190,13.130599,1.758288,0.000000
4688,0.807130,0.009113,9.179310,1.765414,0.000000
4689,0.816529,0.006173,14.377859,1.760713,0.000000
4690,0.811884,0.001783,12.900155,1.764343,0.000000
4691,0.814067,0.011760,14.387136,1.769368,-0.000000
4692,0.815645,0.022101,14.427814,1.744431,-0.000000
4693,0.820486,0.060169,14.073240,1.722967,0.000000
4694,0.817311,0.079281,22.638383,1.714076,-0.000000
4695,0.818109,0.188496,19.286389,1.708510,-0.000000
4696,0.823227,-0.004237,40.412775,1.709932,0.000000
4697,0.819803,0.007868,46.084026,1.716781,0.000000
4698,0.815007,0.005711,37.575864,1.704314,-0.000000
4699,0.819647,0.047772,38.620379,1.691871,-0.000000
4700,0.816528,0.056430,33.366011,1.678643,-0.000000
4701,0.817136,0.042583,36.233730,1.660294,0.000000
4702,0.821779,0.042654,33.176040,1.650288,-0.000000
4703,0.830095,0.004823,36.854925,1.659809,0.000000
4704,0.832987,-0.000901,36.592507,1.668263,-0.000000
4705,0.835616,0.030622,37.229333,1.682816,-0.000000
4706,0.839151,0.017450,33.034525,1.685615,0.000000
4707,0.835386,-0.001932,37.719557,1.692863,0.000000
4708,0.838107,0.007057,45.236170,1.703699,-0.000000
4709,0.835633,-0.001756,49.928433,1.717574,0.000000
4710,0.817067,0.018637,35.635307,1.728368,-0.000000
4711,0.831567,0.105683,40.012555,1.722554,-0.000000
4712,0.834011,0.095693,37.653357,1.718528,-0.000000
4713,0.832976,0.001336,41.118217,1.723733,-0.000000
4714,0.810647,0.133005,35.897689,1.732266,-0.000000
4715,0.829880,0.003379,41.379680,1.732015,0.000000
4716,0.826596,0.036595,37.133247,1.730023,0.000000
4717,0.800027,0.060867,20.683452,1.716435,0.000000
4718,0.823315,0.007896,24.865236,1.685571,-0.000000
4719,0.826735,0.047499,31.890947,1.676575,-0.000000
4720,0.828135,0.023539,25.551766,1.695450,0.000000
4721,0.829189,0.001284,33.674860,1.701043,-0.000000
4722,0.826773,0.008103,20.690526,1.690766,0.000000
4723,0.829190,0.036876,22.674100,1.675260,-0.000000
4724,0.827338,-0.000599,21.623591,1.661125,0.000000
4725,0.830480,0.032939,20.108270,1.649526,0.000000
4726,0.833485,0.008992,20.471370,1.631809,0.000000
4727,0.837317,0.089199,20.831001,1.613605,-0.000000
4728,0.841156,-0.000184,20.430410,1.607252,-0.000000
4729,0.843732,0.005816,32.828157,1.611244,-0.000000
4730,0.847807,0.008644,46.348148,1.615105,-0.000000
4731,0.849997,0.013659,54.618176,1.629153,0.000000
4732,0.853316,0.007324,32.323182,1.642543,0.000000
4733,0.848796,0.016216,37.357203,1.652573,-0.000000
4734,0.850182,0.007827,29.358518,1.652929,0.000000
4735,0.851030,0.009302,21.811257,1.658177,0.000000
4736,0.851173,0.003161,34.532010,1.669978,0.000000
4737,0.854632,-0.000633,31.793415,1.685903,-0.000000
4738,0.850720,0.035802,18.505830,1.690671,0.000000
4739,0.852153,-0.000770,34.846224,1.681870,-0.000000
4740,0.852737,0.007841,26.208774,1.694948,0.000000
4741,0.849239,0.000272,22.403168,1.697029,0.000000
4742,0.852851,-0.001027,45.339583,1.691155,0.000000
4743,0.857374,-0.000791,61.259298,1.714774,0.000000
4744,0.855572,0.314677,55.161532,1.727556,-0.000000
4745,0.853050,-0.001192,46.752500,1.719393,-0.000000
4746,0.850776,0.024430,51.890683,1.720407,0.000000
4747,0.848297,0.022547,39.536647,1.721831,-0.000000
4748,0.851542,-0.001447,45.159176,1.730777,-0.000000
4749,0.850567,0.008240,47.462253,1.733529,0.000000
4750,0.853550,0.051616,50.172646,1.735372,-0.000000
4751,0.850612,0.012690,45.067138,1.742095,-0.000000
4752,0.850456,0.006073,47.357553,1.737436,0.000000
4753,0.841900,0.007834,44.254178,1.742395,-0.000000
4754,0.833922,0.342598,43.793324,1.741655,-0.000000
4755,0.838522,-0.003261,43.748603,1.733171,-0.000000
4756,0.851533,0.010553,44.437768,1.725067,0.000000
4757,0.850069,0.133461,45.060411,1.710626,0.000000
4758,0.844716,0.005101,36.479382,1.711609,-0.000000
4759,0.832561,0.052244,33.643266,1.704766,0.000000
4760,0.852983,0.079231,40.779392,1.687935,0.000000
4761,0.855155,0.009217,44.877890,1.682641,-0.000000
4762,0.855688,0.058121,47.273645,1.675750,0.000000
4763,0.851299,-0.001144,39.175707,1.681013,-0.000000
4764,0.857152,0.005454,41.422662,1.687077,0.000000
4765,0.855944,0.023459,40.327976,1.678381,0.000000
4766,0.849156,0.124957,35.119063,1.668395,0.000000
4767,0.850187,0.005226,43.265388,1.663643,0.000000
4768,0.855926,0.128724,35.108081,1.669948,0.000000
4769,0.853232,0.007655,44.039944,1.676609,0.000000
4770,0.841714,0.007609,38.217829,1.684085,0.000000
4771,0.858594,0.003570,38.454816,1.674791,-0.000000
4772,0.855187,-0.000557,46.750485,1.657691,-0.000000
4773,0.857584,0.003220,47.611858,1.662160,-0.000000
4774,0.852296,0.003126,44.682774,1.656532,0.000000
4775,0.848000,0.039562,45.498146,1.649101,0.000000
4776,0.846878,0.019883,43.743724,1.645385,0.000000
4777,0.844862,0.005141,44.729578,1.631903,-0.000000
4778,0.855695,-0.001470,44.586124,1.629999,0.000000
4779,0.852068,0.007604,46.174306,1.641460,-0.000000
4780,0.779692,0.006557,48.677998,1.655687,0.000000
4781,0.825007,0.004891,26.861153,1.671259,0.000000
4782,0.796990,0.092533,37.930870,1.657937,-0.000000
4783,0.771769,0.020124,39.460876,1.647496,0.000000
4784,0.850624,0.004290,50.359439,1.660641,-0.000000
4785,0.851407,0.072489,46.044751,1.676501,-0.000000
4786,0.853346,0.084547,43.599812,1.679280,-0.000000
4787,0.847301,0.012641,37.732097,1.679318,-0.000000
4788,0.811759,-0.006620,44.090523,1.679143,-0.000000
4789,0.851181,0.004610,31.555964,1.679341,-0.000000
4790,0.850405,-0.003051,32.888198,1.695358,0.000000
4791,0.856559,0.026900,42.749256,1.703105,-0.000000
4792,0.856850,0.017805,40.680909,1.697719,-0.000000
4793,0.858004,0.004348,37.818327,1.680692,0.000000
4794,0.853804,0.027122,48.809635,1.680080,0.000000
4795,0.850967,0.012106,45.656968,1.691561,-0.000000
4796,0.834357,0.007848,42.797628,1.704407,-0.000000
4797,0.847603,0.000180,45.481579,1.709925,-0.000000
4798,0.776351,0.041445,41.212588,1.710940,0.000000
4799,0.829724,0.051716,27.588094,1.703711,0.000000
4800,0.796037,1.780815,18.728877,1.684333,0.000000
4801,0.844717,0.034054,27.569796,1.663199,0.000000
4802,0.847887,-0.000881,33.060106,1.653578,-0.000000
4803,0.846148,0.015145,41.026283,1.664768,-0.000000
4804,0.841720,0.008743,38.826503,1.657867,-0.000000
4805,0.797886,0.018599,34.914055,1.649621,-0.000000
4806,0.843270,0.010097,42.079606,1.663978,-0.000000
4807,0.797764,0.018136,35.912121,1.679832,0.000000
4808,0.846779,0.052605,38.118343,1.677966,0.000000
4809,0.847162,0.003603,38.717473,1.674879,0.000000
4810,0.856213,0.011211,26.834161,1.679215,-0.000000
4811,0.849735,0.002127,25.695395,1.678436,0.000000
4812,0.852052,0.068746,37.201215,1.677404,0.000000
4813,0.853786,0.002889,42.420037,1.685640,-0.000000
4814,0.849360,5.381486,44.643073,1.697187,-0.000000
4815,0.852203,0.007260,43.409081,1.701536,0.000000
4816,0.842133,0.011345,46.154707,1.713828,0.000000
4817,0.849400,0.014604,41.557569,1.709575,0.000000
4818,0.835513,0.020111,35.758008,1.696974,0.000000
4819,0.852279,0.020301,28.646546,1.689916,0.000000
4820,0.846411,0.072058,29.667470,1.682942,-0.000000
4821,0.843987,0.025020,22.793896,1.681725,0.000000
4822,0.771028,0.722018,37.427234,1.685889,-0.000000
4823,0.782452,0.190515,26.830417,1.664944,-0.000000
4824,0.836611,0.032662,22.211282,1.649640,-0.000000
4825,0.754425,0.093001,31.393292,1.652218,-0.000000
4826,0.770548,0.138248,18.318302,1.645901,0.000000
4827,0.798966,0.023616,11.297271,1.643839,0.000000
4828,0.785290,0.028849,7.983973,1.632896,0.000000
4829,0.808903,0.009549,17.989755,1.635926,0.000000
4830,0.837153,0.042090,23.028617,1.639732,-0.000000
4831,0.845026,0.054342,30.570608,1.631805,-0.000000
4832,0.848043,-0.000781,25.392191,1.635645,-0.000000
4833,0.845634,-0.000661,31.096321,1.648807,0.000000
4834,0.846970,0.022257,45.242911,1.667692,-0.000000
4835,0.845663,0.003786,44.619874,1.684958,0.000000
4836,0.846626,-0.000385,39.687889,1.694895,-0.000000
4837,0.845912,0.012507,38.046681,1.692543,-0.000000
4838,0.849034,-0.001093,47.641651,1.692900,-0.000000
4839,0.852218,0.013579,46.703493,1.700840,0.000000
4840,0.851392,0.020386,41.318537,1.715871,0.000000
4841,0.852853,-0.002141,45.677866,1.723654,0.000000
4842,0.853527,-0.002810,56.114131,1.735769,-0.000000
4843,0.852482,0.011671,62.965611,1.760494,0.000000
4844,0.850876,0.130887,57.078705,1.776764,0.000000
4845,0.850876,0.010259,46.591265,1.784244,0.000000
4846,0.846367,0.155872,46.587672,1.787603,-0.000000
4847,0.852130,0.008348,51.833163,1.793007,0.000000
4848,0.852101,0.041626,48.549892,1.794434,0.000000
4849,0.853683,0.053886,46.740715,1.793139,0.000000
4850,0.842923,0.005313,44.744148,1.801561,0.000000
4851,0.845180,0.010021,38.173697,1.797528,-0.000000
4852,0.833836,0.090887,22.933573,1.795413,0.000000
4853,0.825794,0.001039,29.181014,1.800922,0.000000
4854,0.846291,0.035706,41.307357,1.810873,-0.000000
4855,0.851148,0.030495,35.509663,1.813225,0.000000
4856,0.845159,0.040822,11.366965,1.798563,-0.000000
4857,0.850712,0.078197,39.315312,1.784902,0.000000
4858,0.845119,0.038177,8.909526,1.758774,-0.000000
4859,0.848266,0.134245,34.695121,1.741424,0.000000
4860,0.849472,-0.001091,43.374289,1.758930,-0.000000
4861,0.847556,0.014210,49.610072,1.775302,0.000000
4862,0.843099,0.024019,44.544980,1.761515,0.000000
4863,0.845503,0.009138,51.506277,1.744802,0.000000
4864,0.831306,0.037295,47.410028,1.746007,0.000000
4865,0.735885,0.062604,60.659686,1.750434,-0.000000
4866,0.723534,0.015430,32.901853,1.732828,-0.000000
4867,0.843150,0.079579,25.189242,1.720503,0.000000
4868,0.846452,0.001812,26.502121,1.730349,-0.000000
4869,0.846962,0.008508,34.688254,1.724590,0.000000
4870,0.837069,0.143969,43.919913,1.700991,0.000000
4871,0.800284,0.073966,47.609212,1.685596,-0.000000
4872,0.834623,0.005171,41.111780,1.685017,-0.000000
4873,0.852267,0.012444,33.638792,1.680077,-0.000000
4874,0.835379,0.020211,35.544601,1.664932,-0.000000
4875,0.845719,0.004869,55.096032,1.672375,0.000000
4876,0.847915,0.016748,43.393339,1.678566,0.000000
4877,0.852544,0.003420,37.282243,1.679674,0.000000
4878,0.853099,0.044021,38.416778,1.686619,0.000000
4879,0.835443,0.011614,36.528587,1.697195,-0.000000
4880,0.780831,0.010680,40.399845,1.714075,0.000000
4881,0.850222,0.000540,42.596170,1.730454,-0.000000
4882,0.849840,0.033738,44.488407,1.737735,-0.000000
4883,0.851728,0.026588,43.052932,1.731126,-0.000000
4884,0.850117,0.007090,42.051622,1.736592,-0.000000
4885,0.847081,0.005468,40.712640,1.737812,-0.000000
4886,0.812401,0.010291,55.427077,1.731011,0.000000
4887,0.849885,0.031127,41.927769,1.744681,0.000000
4888,0.846804,0.000980,41.390534,1.763616,0.000000
4889,0.850492,0.007714,24.658436,1.765648,0.000000
4890,0.852956,0.014612,23.670561,1.755384,-0.000000
4891,0.852998,0.002341,20.982341,1.747262,-0.000000
4892,0.847703,0.054153,41.747013,1.744274,0.000000
4893,0.854334,0.017471,43.284239,1.737660,-0.000000
4894,0.848093,0.000558,50.903549,1.732479,0.000000
4895,0.850261,0.005015,54.616405,1.728872,-0.000000
4896,0.852801,0.008385,44.954806,1.734730,-0.000000
4897,0.848468,0.004397,45.773171,1.737234,-0.000000
4898,0.847410,0.005937,51.092164,1.733427,-0.000000
4899,0.844936,0.005785,41.636703,1.736063,0.000000
4900,0.809040,-0.000111,49.702260,1.726641,-0.000000
4901,0.851099,0.013386,49.780689,1.719765,0.000000
4902,0.808607,0.012140,56.773075,1.725302,0.000000
4903,0.849097,0.006131,43.431726,1.731955,0.000000
4904,0.852098,0.052957,49.714551,1.741649,0.000000
4905,0.849245,0.042769,41.690977,1.748432,0.000000
4906,0.849098,0.000736,43.732325,1.746775,0.000000
4907,0.848751,0.025992,42.117282,1.747899,0.000000
4908,0.850845,-0.002269,40.911726,1.752812,0.000000
4909,0.851434,0.006128,47.812719,1.766160,0.000000
4910,0.832426,0.043026,45.456645,1.780478,0.000000
4911,0.853344,0.019371,49.454663,1.790529,0.000000
4912,0.851317,0.005223,48.900572,1.800005,-0.000000
4913,0.846008,0.025559,45.784463,1.796133,0.000000
4914,0.850658,0.011776,44.613219,1.783523,0.000000
4915,0.850742,-0.002708,40.774957,1.798598,0.000000
4916,0.850686,0.025170,30.654529,1.807533,0.000000
4917,0.829672,0.035518,40.081221,1.794533,0.000000
4918,0.844218,0.016653,37.834336,1.780332,0.000000
4919,0.847406,-0.001767,33.958830,1.783650,0.000000
4920,0.844584,0.013103,34.897989,1.803306,0.000000
4921,0.838617,0.012046,33.324009,1.811534,0.000000
4922,0.839072,0.068149,26.448883,1.799102,-0.000000
4923,0.820708,0.012047,29.210238,1.779761,0.000000
4924,0.825888,0.013567,24.134437,1.779901,0.000000
4925,0.841618,0.009713,30.188923,1.784620,-0.000000
4926,0.846285,0.002037,34.319986,1.783446,0.000000
4927,0.845804,0.044939,27.833045,1.789487,0.000000
4928,0.843156,0.160375,21.398629,1.795059,-0.000000
4929,0.844886,0.013526,49.942932,1.801887,-0.000000
4930,0.845617,0.014570,37.580934,1.804857,0.000000
4931,0.848903,0.015696,42.894154,1.796295,0.000000
4932,0.850038,0.001871,45.564946,1.811566,0.000000
4933,0.852832,0.007769,38.873789,1.811002,0.000000
4934,0.851771,-0.004416,38.072692,1.813903,0.000000
4935,0.852171,0.011832,32.896694,1.844172,-0.000000
4936,0.855055,0.032717,31.942943,1.859038,0.000000
4937,0.855806,0.010729,34.361081,1.864209,-0.000000
4938,0.855036,0.021233,35.820672,1.863840,-0.000000
4939,0.853350,0.124731,43.236458,1.873960,0.000000
4940,0.852659,0.001258,49.920926,1.886780,0.000000
4941,0.851033,0.028453,49.035636,1.884449,-0.000000
4942,0.851363,0.040269,51.704186,1.871624,-0.000000
4943,0.851277,0.000014,62.545245,1.846360,-0.000000
4944,0.850284,0.001852,63.498584,1.822299,0.000000
4945,0.848344,0.089535,60.932840,1.827040,0.000000
4946,0.804102,0.047245,66.377304,1.842037,0.000000
4947,0.842761,0.034580,48.218137,1.838788,0.000000
4948,0.803810,0.073827,35.121876,1.842171,0.000000
4949,0.831322,0.020415,41.374603,1.838705,-0.000000
4950,0.845026,0.022494,52.814572,1.835619,0.000000
4951,0.827489,0.024570,45.829355,1.829004,-0.000000
4952,0.842017,0.011136,41.236996,1.823982,-0.000000
4953,0.846794,0.031150,33.792744,1.820320,0.000000
4954,0.845533,0.014739,40.918412,1.809306,0.000000
4955,0.852889,0.006812,47.415572,1.818577,0.000000
4956,0.846020,0.081049,29.054712,1.822699,0.000000
4957,0.834142,0.001004,46.356507,1.820042,-0.000000
4958,0.844686,0.025310,36.140668,1.830067,0.000000
4959,0.843777,-0.005985,53.690387,1.823246,0.000000
4960,0.829092,0.006586,57.684912,1.829637,0.000000
4961,0.833112,0.010907,57.321839,1.830597,-0.000000
4962,0.764342,0.075383,71.461003,1.820143,-0.000000
4963,0.773030,0.031575,64.463629,1.801040,0.000000
4964,0.846422,0.008317,48.588319,1.777725,-0.000000
4965,0.808707,0.122360,57.504062,1.759870,-0.000000
4966,0.834621,0.019546,33.216545,1.742106,0.000000
4967,0.729558,0.126729,53.227426,1.736871,0.000000
4968,0.848973,-0.001163,43.123488,1.746907,0.000000
4969,0.851613,0.057678,30.569587,1.762879,0.000000
4970,0.852795,0.100912,38.751408,1.761388,0.000000
4971,0.850056,0.054779,58.505438,1.755556,0.000000
4972,0.808788,0.415704,54.622564,1.751190,0.000000
4973,0.850142,0.015701,55.597570,1.740471,0.000000
4974,0.846844,0.015993,52.316375,1.744925,0.000000
4975,0.851469,0.171505,47.706505,1.744727,-0.000000
4976,0.852619,0.070849,37.213169,1.728498,0.000000
4977,0.846063,0.154747,37.724312,1.712712,0.000000
4978,0.513249,0.148305,33.621401,1.694517,-0.000000
4979,0.754282,0.109772,38.626381,1.669636,0.000000
4980,0.674543,0.058807,33.554379,1.629670,0.000000
4981,0.756853,0.065751,38.356906,1.586808,-0.000000
4982,0.778024,0.025747,51.558441,1.564061,-0.000000
4983,0.773774,0.023095,41.385344,1.545762,-0.000000
4984,0.771512,0.014538,44.092502,1.538054,-0.000000
4985,0.842403,0.001617,44.689849,1.546958,0.000000
4986,0.803565,0.000470,44.624397,1.553568,0.000000
4987,0.848080,0.005576,38.817401,1.565137,0.000000
4988,0.852924,0.014531,42.097472,1.586345,0.000000
4989,0.852499,0.010971,41.617071,1.595181,-0.000000
4990,0.851968,-0.003781,54.730717,1.594410,0.000000
4991,0.850811,0.007186,48.124542,1.595168,-0.000000
4992,0.855044,0.013870,42.563232,1.597051,-0.000000
4993,0.852068,0.011259,41.890177,1.592074,-0.000000
4994,0.851671,0.023136,50.937263,1.603939,-0.000000
4995,0.854502,0.007900,38.068946,1.623206,0.000000
4996,0.853649,0.017567,37.975212,1.623581,0.000000
4997,0.854349,0.001897,49.278852,1.601947,0.000000
4998,0.852884,0.016432,41.692957,1.598515,0.000000
4999,0.850731,0.001894,45.266043,1.603043,0.000000
5000,0.854186,0.000225,34.638392,1.616664,0.000000
