batch,meanReward,policyLoss,valueLoss,entropy,meanAdvantage
1,0.448432,0.138981,12.909372,2.874814,0.000000
2,0.607249,0.568561,25.116919,2.808218,-0.000000
3,0.501898,0.214303,17.084683,2.739370,-0.000000
4,0.626672,0.074334,23.229050,2.684668,0.000000
5,0.640391,0.130351,23.551062,2.623978,0.000000
6,0.737101,0.258348,31.733363,2.561033,0.000000
7,0.686342,0.230247,25.256067,2.509360,0.000000
8,0.646315,0.149748,19.147662,2.457297,-0.000000
9,0.641619,0.065001,21.514058,2.408159,0.000000
10,0.650018,0.098084,26.402817,2.367823,0.000000
11,0.774774,0.025739,28.545038,2.337580,0.000000
12,0.743630,0.085253,26.601287,2.297425,0.000000
13,0.748741,0.068380,31.317468,2.242683,-0.000000
14,0.678533,0.015476,34.348538,2.217561,0.000000
15,0.653890,0.010643,37.986228,2.207451,0.000000
16,0.717783,0.034428,34.791213,2.183871,0.000000
17,0.750102,0.053373,33.335222,2.146694,0.000000
18,0.774962,0.018260,30.388098,2.114800,0.000000
19,0.760162,0.286790,31.083593,2.086026,-0.000000
20,0.767719,0.047987,32.131036,2.058699,0.000000
21,0.763609,0.011648,32.625092,2.045101,0.000000
22,0.732782,0.021419,40.625127,2.036509,-0.000000
23,0.764781,0.060897,41.077466,2.031339,0.000000
24,0.666752,0.052504,47.750735,2.040660,0.000000
25,0.675040,0.009364,44.874871,2.046238,0.000000
26,0.633824,0.063800,44.137224,2.052857,0.000000
27,0.612410,0.253789,49.645879,2.055514,-0.000000
28,0.663661,0.064839,39.280130,2.053502,-0.000000
29,0.677572,0.006719,39.791136,2.052386,-0.000000
30,0.696934,0.049838,40.888914,2.039433,-0.000000
31,0.673403,0.001026,27.385279,2.020800,0.000000
32,0.606501,0.004206,30.710751,2.007190,-0.000000
33,0.705470,0.020093,36.322456,2.000195,-0.000000
34,0.772826,11.333790,32.383195,1.985300,0.000000
35,0.774920,0.072937,34.302186,1.962324,-0.000000
36,0.770899,0.109827,34.008577,1.940333,0.000000
37,0.800478,0.008006,34.530280,1.930997,0.000000
38,0.796442,0.053474,32.806483,1.924476,-0.000000
39,0.803616,0.157023,31.747089,1.908000,-0.000000
40,0.811363,0.009847,37.565247,1.893196,0.000000
41,0.812302,0.107779,33.806542,1.899274,-0.000000
42,0.805495,0.001104,29.657465,1.916789,0.000000
43,0.803193,0.009469,30.743343,1.922459,0.000000
44,0.793568,0.009527,37.627118,1.921740,-0.000000
45,0.797248,0.018137,25.454495,1.928506,-0.000000
46,0.804635,0.102622,33.628933,1.934400,0.000000
47,0.794323,0.197456,29.620684,1.939614,0.000000
48,0.760053,0.060271,50.248388,1.938298,-0.000000
49,0.803305,0.315280,33.486902,1.936263,0.000000
50,0.821348,0.050510,35.386904,1.923469,0.000000
51,0.828715,0.001125,33.202519,1.919509,0.000000
52,0.826406,0.013879,36.344198,1.932814,-0.000000
53,0.726715,0.002665,90.560725,1.953364,0.000000
54,0.792365,0.048165,59.994407,1.956522,0.000000
55,0.789201,0.141339,67.109780,1.955163,0.000000
56,0.830979,0.131929,44.658777,1.936797,-0.000000
57,0.811999,0.039890,43.708912,1.912313,0.000000
58,0.823711,0.093495,43.217392,1.903232,0.000000
59,0.839251,0.000362,47.686698,1.910704,-0.000000
60,0.816706,-0.004004,46.955446,1.928280,-0.000000
61,0.814712,0.002987,46.277523,1.934658,0.000000
62,0.831154,0.100597,42.145483,1.940551,-0.000000
63,0.826977,0.012521,33.301137,1.938178,0.000000
64,0.824768,-0.001348,32.072756,1.932365,0.000000
65,0.829495,0.250965,46.645160,1.932676,-0.000000
66,0.787696,0.017453,65.535063,1.938551,0.000000
67,0.815114,0.026512,50.373615,1.949379,-0.000000
68,0.813698,0.002994,49.395269,1.959802,0.000000
69,0.836746,0.123960,45.810350,1.959608,0.000000
70,0.817375,0.014489,45.202947,1.959620,0.000000
71,0.837304,0.218739,46.162577,1.960796,0.000000
72,0.836268,0.012393,41.943358,1.961876,-0.000000
73,0.799494,0.002846,59.560914,1.974379,0.000000
74,0.812913,0.038805,47.223120,1.975940,-0.000000
75,0.834484,0.008832,46.464448,1.988359,-0.000000
76,0.828269,0.053700,44.555490,1.997561,-0.000000
77,0.814736,0.028496,44.634064,1.983453,0.000000
78,0.810471,0.009053,44.099352,1.992286,-0.000000
79,0.834106,0.034804,43.973504,2.011906,0.000000
80,0.831767,0.024127,45.243575,2.005357,-0.000000
81,0.804708,0.354708,43.766350,1.994178,0.000000
82,0.827402,0.017208,43.057791,1.994541,0.000000
83,0.832651,0.001657,44.305063,2.003972,0.000000
84,0.827057,-0.001497,43.708380,2.018846,0.000000
85,0.831993,0.070539,44.860305,2.023551,0.000000
86,0.798438,0.018162,54.915025,2.024177,0.000000
87,0.774155,0.034949,52.288607,2.012577,-0.000000
88,0.811163,0.013217,41.768600,1.997314,0.000000
89,0.836273,-0.001736,42.257230,1.986140,-0.000000
90,0.828372,0.025296,41.630503,1.972714,0.000000
91,0.823126,0.254063,37.189670,1.946369,-0.000000
92,0.799649,0.103507,42.655164,1.944194,-0.000000
93,0.809687,0.017388,40.813852,1.956433,-0.000000
94,0.804260,0.121857,41.699651,1.941875,0.000000
95,0.823589,0.072488,40.376565,1.934271,0.000000
96,0.832254,0.026073,41.889512,1.942582,-0.000000
97,0.832385,0.018228,39.500856,1.955982,-0.000000
98,0.831296,0.025217,42.015978,1.958884,-0.000000
99,0.833041,0.010452,41.734135,1.957047,0.000000
100,0.830894,0.084950,40.931045,1.952120,0.000000
101,0.836838,0.021027,41.550225,1.940913,0.000000
102,0.837540,0.003980,43.435469,1.938894,-0.000000
103,0.836132,0.023272,41.270953,1.933842,-0.000000
104,0.840167,0.012001,42.751552,1.932606,-0.000000
105,0.832618,0.000130,42.407214,1.935809,-0.000000
106,0.836292,0.009241,43.245811,1.944037,0.000000
107,0.836177,0.011433,43.256490,1.929975,0.000000
108,0.819246,0.033633,43.167987,1.901667,0.000000
109,0.835124,0.018252,43.092774,1.893024,0.000000
110,0.820287,0.080653,43.176617,1.909454,0.000000
111,0.800689,0.009797,51.531322,1.912276,-0.000000
112,0.828087,0.032708,41.441394,1.910436,0.000000
113,0.727443,0.189906,80.049557,1.904078,0.000000
114,0.694138,0.050453,78.067849,1.892288,0.000000
115,0.817594,0.033570,38.422760,1.875089,-0.000000
116,0.814692,0.050240,37.788092,1.856830,0.000000
117,0.793651,0.034965,46.905436,1.845176,0.000000
118,0.832439,0.003045,40.654196,1.844611,0.000000
119,0.818123,0.010169,42.050897,1.841970,-0.000000
120,0.834226,0.004259,41.476155,1.852351,-0.000000
121,0.809261,0.023501,51.608174,1.846740,0.000000
122,0.830744,0.263676,39.982382,1.830698,0.000000
123,0.799354,0.004933,50.501879,1.843445,0.000000
124,0.826516,0.020587,41.626233,1.845427,-0.000000
125,0.789220,0.009018,49.587927,1.845625,-0.000000
126,0.824499,0.033456,42.317789,1.860234,-0.000000
127,0.811260,-0.001450,43.280115,1.877446,-0.000000
128,0.831946,0.006227,41.610576,1.893641,-0.000000
129,0.838580,0.000731,41.895325,1.913765,0.000000
130,0.837250,0.005941,43.923614,1.933482,0.000000
131,0.822773,0.027075,43.739128,1.933858,0.000000
132,0.829728,-0.002129,42.193664,1.936458,-0.000000
133,0.825649,0.004041,42.541497,1.947758,0.000000
134,0.828092,0.004011,45.597864,1.950957,0.000000
135,0.829419,0.007305,45.613642,1.960281,-0.000000
136,0.829468,0.011075,42.368218,1.971941,0.000000
137,0.837170,0.016973,40.454114,1.984300,-0.000000
138,0.811944,0.003736,44.207261,1.984017,-0.000000
139,0.825693,0.018109,41.450348,1.972994,-0.000000
140,0.805791,0.046615,42.518756,1.966232,-0.000000
141,0.817395,0.100739,42.412068,1.966308,-0.000000
142,0.815600,0.015975,41.910394,1.959607,-0.000000
143,0.782028,0.008765,60.419543,1.958875,0.000000
144,0.834569,0.011283,39.452977,1.961011,0.000000
145,0.757777,0.055083,54.608079,1.957178,0.000000
146,0.796480,0.026799,46.544685,1.961564,0.000000
147,0.813137,0.017630,35.986005,1.966865,-0.000000
148,0.785510,0.019312,51.626760,1.965438,0.000000
149,0.753916,0.024170,52.970554,1.977790,-0.000000
150,0.833891,0.021144,37.094978,1.985782,-0.000000
151,0.832369,0.027641,37.198405,1.988977,0.000000
152,0.786591,0.045650,47.254668,1.982089,-0.000000
153,0.785342,0.086865,44.905382,1.977645,0.000000
154,0.791264,0.341206,48.736147,1.982927,0.000000
155,0.818147,0.012740,39.620900,1.973228,-0.000000
156,0.840899,0.129768,39.764465,1.958600,-0.000000
157,0.788396,0.075753,55.515501,1.958761,0.000000
158,0.759955,0.030290,55.674488,1.968076,-0.000000
159,0.795224,0.072300,46.463592,1.966211,0.000000
160,0.811986,0.015439,46.681429,1.961705,0.000000
161,0.819603,0.163628,38.300158,1.953490,0.000000
162,0.838147,0.163074,39.669058,1.956234,-0.000000
163,0.828539,2.036655,38.700099,1.959746,0.000000
164,0.805751,0.125408,37.874251,1.944962,-0.000000
165,0.811532,0.011262,37.719459,1.928184,-0.000000
166,0.829068,0.003142,39.724743,1.909933,0.000000
167,0.825971,0.010296,38.994662,1.911079,-0.000000
168,0.830582,0.012110,41.113332,1.918088,-0.000000
169,0.802136,0.015449,50.917740,1.928475,-0.000000
170,0.818641,-0.003486,42.069759,1.941796,-0.000000
171,0.831482,-0.002118,41.519769,1.969136,-0.000000
172,0.836426,0.144231,42.218782,1.979680,-0.000000
173,0.835008,-0.001928,43.140855,1.982758,-0.000000
174,0.840093,0.305178,42.176182,1.994990,0.000000
175,0.819793,0.045742,43.821033,2.004611,-0.000000
176,0.833899,0.021998,44.614186,1.991673,-0.000000
177,0.838138,0.019506,45.942241,1.975410,-0.000000
178,0.817930,0.125563,44.083764,1.960225,0.000000
179,0.812488,0.236931,44.259040,1.960621,0.000000
180,0.831078,0.046398,44.040157,1.970063,-0.000000
181,0.745601,0.056924,60.923096,1.955772,0.000000
182,0.684441,0.063065,74.352884,1.934291,0.000000
183,0.783286,0.021450,43.750866,1.930252,0.000000
184,0.823067,0.049475,35.926079,1.938907,-0.000000
185,0.820693,0.085590,38.798636,1.939067,-0.000000
186,0.771328,-0.005023,45.129696,1.924977,0.000000
187,0.833009,0.008655,38.311822,1.929146,-0.000000
188,0.822008,0.006899,39.240319,1.923535,-0.000000
189,0.826963,0.020060,38.973293,1.912639,0.000000
190,0.817036,0.490002,39.630035,1.902144,-0.000000
191,0.826154,0.014493,40.511211,1.893862,-0.000000
192,0.807843,0.031657,45.536349,1.891830,-0.000000
193,0.818650,0.004271,41.455184,1.891376,0.000000
194,0.818518,0.009561,41.949820,1.905690,-0.000000
195,0.773679,0.061614,53.039663,1.911021,-0.000000
196,0.807335,0.064818,41.263693,1.902923,0.000000
197,0.830957,0.017083,40.410990,1.895882,-0.000000
198,0.830845,0.026801,43.337170,1.886748,0.000000
199,0.808011,0.046908,38.767406,1.894551,-0.000000
200,0.758031,0.073324,48.435545,1.911741,0.000000
201,0.815219,0.007466,44.675440,1.915241,0.000000
202,0.805632,-0.002301,41.895328,1.928178,-0.000000
203,0.768372,0.002206,50.167627,1.940992,-0.000000
204,0.811904,0.009088,41.579394,1.944324,-0.000000
205,0.782868,0.032617,39.484947,1.946545,-0.000000
206,0.810211,0.062495,38.123137,1.946406,0.000000
207,0.800543,0.002041,39.366873,1.940957,0.000000
208,0.810845,0.027415,39.764529,1.945377,-0.000000
209,0.787607,0.016291,40.388294,1.949124,-0.000000
210,0.812820,-0.005367,37.658163,1.960461,-0.000000
211,0.820018,0.019648,38.781884,1.977573,0.000000
212,0.812876,0.067038,38.505682,1.967315,-0.000000
213,0.811451,0.016020,37.126074,1.969872,-0.000000
214,0.817442,-0.007192,40.406437,1.992408,-0.000000
215,0.819491,0.020406,37.757880,1.992921,-0.000000
216,0.803274,0.009567,39.091646,1.980027,-0.000000
217,0.815055,0.009429,36.168764,1.974828,0.000000
218,0.819929,0.014114,37.702615,1.958863,-0.000000
219,0.798814,0.079293,38.930606,1.945180,0.000000
220,0.800290,-0.002918,36.303454,1.953517,-0.000000
221,0.816468,0.000837,34.734155,1.958199,0.000000
222,0.832127,0.020802,36.148183,1.950501,0.000000
223,0.818534,0.099673,34.295984,1.952259,-0.000000
224,0.828731,0.005567,33.404282,1.964140,0.000000
225,0.826814,-0.001139,29.208655,1.970939,0.000000
226,0.823850,0.008114,29.460175,1.969475,0.000000
227,0.766947,0.031775,36.530582,1.974113,-0.000000
228,0.812375,0.033747,24.379717,1.976974,0.000000
229,0.816482,0.062767,23.974308,1.959426,0.000000
230,0.800977,0.050828,20.247356,1.923615,0.000000
231,0.794514,0.067468,16.039541,1.895348,0.000000
232,0.796506,0.024414,17.818000,1.868887,0.000000
233,0.797575,0.018798,13.105078,1.840102,-0.000000
234,0.795624,0.011821,13.627386,1.833738,0.000000
235,0.795992,0.018573,10.443764,1.844494,-0.000000
236,0.800539,0.055572,16.059456,1.861319,-0.000000
237,0.793214,0.011372,9.952289,1.866066,-0.000000
238,0.800163,0.002218,12.171082,1.858864,-0.000000
239,0.799203,0.034757,12.862130,1.867486,0.000000
240,0.803037,1.469383,10.752491,1.864792,0.000000
241,0.806975,-0.001866,14.908505,1.861043,-0.000000
242,0.808827,-0.002899,15.197051,1.879632,0.000000
243,0.818250,0.026484,21.364469,1.900941,-0.000000
244,0.822145,0.056340,31.822886,1.913487,-0.000000
245,0.825929,0.014927,30.430036,1.925695,0.000000
246,0.824091,0.110848,36.991104,1.932731,0.000000
247,0.825800,0.019597,47.670477,1.949622,-0.000000
248,0.826764,0.017442,31.509168,1.954910,0.000000
249,0.827985,0.003546,32.446815,1.957469,0.000000
250,0.829928,0.178132,35.887029,1.949539,0.000000
251,0.828172,0.016418,44.654100,1.936514,0.000000
252,0.830086,0.035865,50.688517,1.948883,-0.000000
253,0.824020,0.009536,52.632892,1.944616,0.000000
254,0.804288,0.031017,42.941397,1.940030,0.000000
255,0.824928,0.001329,44.525026,1.938976,0.000000
256,0.828449,0.021294,47.970851,1.944693,-0.000000
257,0.831450,0.003293,45.055153,1.940163,0.000000
258,0.767131,0.021174,69.719468,1.932616,0.000000
259,0.829362,0.009188,42.555781,1.933374,-0.000000
260,0.823240,0.004778,44.165507,1.933514,0.000000
261,0.841322,0.012631,32.977251,1.949069,-0.000000
262,0.835722,0.152397,28.242257,1.957953,0.000000
263,0.840115,0.028774,24.627360,1.951222,0.000000
264,0.838426,0.012452,24.449382,1.924411,0.000000
265,0.832845,0.028911,14.805743,1.901889,0.000000
266,0.838629,0.011024,25.313227,1.897736,-0.000000
267,0.837855,0.027971,14.948018,1.882114,0.000000
268,0.838278,0.020995,11.320991,1.840830,0.000000
269,0.833622,0.031540,14.087690,1.827065,0.000000
270,0.827912,0.083937,8.605173,1.819145,-0.000000
271,0.831297,0.014585,11.490819,1.800498,-0.000000
272,0.826536,0.068746,12.358483,1.774011,0.000000
273,0.831372,2.138355,12.658657,1.749623,0.000000
274,0.832142,0.597995,19.036142,1.733216,-0.000000
275,0.829531,0.028055,28.491842,1.719540,-0.000000
276,0.829030,0.032600,33.602850,1.712797,0.000000
277,0.832213,0.015748,32.388463,1.716949,0.000000
278,0.834892,0.003719,43.002625,1.724073,0.000000
279,0.825243,-0.000023,49.304621,1.736651,-0.000000
280,0.842392,-0.003236,42.861332,1.740364,0.000000
281,0.840898,0.079740,38.225355,1.743989,-0.000000
282,0.840003,0.084580,39.082862,1.759112,0.000000
283,0.843984,0.021813,47.479732,1.762229,0.000000
284,0.842476,0.012541,30.067657,1.771156,-0.000000
285,0.840803,0.074013,25.181576,1.777909,0.000000
286,0.821383,0.044560,41.051008,1.777095,0.000000
287,0.730879,0.026366,62.438138,1.785148,0.000000
288,0.829182,0.036601,9.683710,1.772674,0.000000
289,0.739339,0.006296,27.438583,1.757629,0.000000
290,0.742897,0.070916,42.582954,1.754005,0.000000
291,0.820490,0.043384,28.702384,1.754973,0.000000
292,0.832067,0.224600,9.739169,1.744672,0.000000
293,0.776599,0.020338,36.898832,1.729470,0.000000
294,0.827839,0.031309,7.063853,1.712830,0.000000
295,0.817754,0.014157,6.084948,1.680047,0.000000
296,0.829982,0.016209,8.611115,1.665642,-0.000000
297,0.817442,0.016030,11.166428,1.659896,-0.000000
298,0.802218,0.017712,16.587230,1.638690,-0.000000
299,0.810817,0.006602,29.135756,1.613188,-0.000000
300,0.819273,-0.004803,28.497343,1.609136,-0.000000
301,0.828515,0.017742,14.232967,1.620244,-0.000000
302,0.827586,0.023982,15.061842,1.628743,0.000000
303,0.832897,-0.000008,19.246221,1.638026,0.000000
304,0.833582,0.353458,21.812741,1.650904,-0.000000
305,0.825403,0.013291,17.065448,1.672661,0.000000
306,0.829088,0.005878,27.798593,1.683735,0.000000
307,0.819519,0.038158,10.429781,1.684739,0.000000
308,0.833101,0.023211,34.427478,1.692289,-0.000000
309,0.814671,0.154698,22.022355,1.696366,0.000000
310,0.796019,0.068817,40.633813,1.695138,-0.000000
311,0.837399,0.013142,11.248235,1.673996,0.000000
312,0.844027,0.000671,33.415037,1.656291,-0.000000
313,0.840596,0.000864,20.960226,1.664528,0.000000
314,0.842214,0.004230,40.563805,1.671551,-0.000000
315,0.832613,0.069362,40.922014,1.678281,0.000000
316,0.823157,-0.001163,38.188749,1.685282,0.000000
317,0.837606,0.176775,18.379163,1.682878,0.000000
318,0.843882,0.106451,8.128405,1.663867,-0.000000
319,0.842615,0.004154,47.240557,1.658450,-0.000000
320,0.845506,-0.001902,46.357922,1.664771,0.000000
321,0.845005,0.007267,47.808137,1.652760,-0.000000
322,0.838494,0.003598,51.768200,1.661162,-0.000000
323,0.837483,-0.001968,48.955139,1.689652,-0.000000
324,0.836898,0.039994,48.334759,1.702676,0.000000
325,0.848305,0.028264,46.890706,1.715898,0.000000
326,0.852211,0.004669,47.186141,1.705570,-0.000000
327,0.855502,0.027781,45.693867,1.703749,-0.000000
328,0.850907,0.102149,45.875379,1.713575,0.000000
329,0.850327,0.004592,43.140924,1.717560,-0.000000
330,0.851669,0.005559,43.846680,1.717453,-0.000000
331,0.854013,0.048453,43.740620,1.722112,-0.000000
332,0.857038,0.006466,40.565726,1.723102,0.000000
333,0.854679,0.003066,39.297175,1.723935,0.000000
334,0.853055,0.112452,41.186379,1.729865,0.000000
335,0.851256,0.006383,40.531324,1.729342,0.000000
336,0.849777,-0.000173,40.302871,1.733527,0.000000
337,0.849438,0.017548,41.743368,1.742815,-0.000000
338,0.851707,0.022046,39.776172,1.741390,-0.000000
339,0.847432,0.174796,41.713788,1.732460,-0.000000
340,0.830495,0.179292,37.320999,1.714568,0.000000
341,0.850010,0.026407,42.421437,1.709494,0.000000
342,0.801965,0.027500,47.865332,1.724704,-0.000000
343,0.844595,0.017649,36.730776,1.741756,-0.000000
344,0.831904,0.021510,39.022182,1.746805,-0.000000
345,0.801846,0.461020,42.937491,1.735151,-0.000000
346,0.799757,0.022184,41.762880,1.725944,-0.000000
347,0.833388,0.010144,34.400480,1.724052,-0.000000
348,0.803221,0.005399,42.331862,1.731177,-0.000000
349,0.774202,0.016989,46.666577,1.728591,-0.000000
350,0.763195,0.012312,46.040083,1.730934,0.000000
351,0.829834,0.023041,32.256133,1.737279,-0.000000
352,0.848395,0.065718,34.105094,1.727889,0.000000
353,0.836291,0.030528,34.620731,1.721054,-0.000000
354,0.808384,0.043951,43.775991,1.710222,0.000000
355,0.849604,0.001838,37.165208,1.724609,-0.000000
356,0.832460,0.023969,38.622602,1.729503,-0.000000
357,0.846090,0.060418,40.156813,1.722978,0.000000
358,0.828401,0.004145,38.222136,1.736584,0.000000
359,0.845293,0.004207,41.581145,1.746281,-0.000000
360,0.846439,0.126612,42.200857,1.757041,0.000000
361,0.830200,0.019383,41.713657,1.756730,0.000000
362,0.794254,0.042319,49.438955,1.751359,0.000000
363,0.841486,0.015819,40.992115,1.751878,-0.000000
364,0.838757,0.004602,42.073512,1.760379,-0.000000
365,0.836517,0.018863,42.196471,1.786370,0.000000
366,0.792043,0.008726,51.418057,1.802409,-0.000000
367,0.830207,0.035370,41.834185,1.798419,0.000000
368,0.797119,0.001736,49.830776,1.788561,0.000000
369,0.826755,0.021635,40.021299,1.785903,-0.000000
370,0.826431,0.021103,38.572345,1.780368,-0.000000
371,0.829984,0.012934,39.259653,1.779995,0.000000
372,0.813152,0.018322,41.219960,1.783167,-0.000000
373,0.814408,0.050819,38.223894,1.784931,0.000000
374,0.840802,0.078469,40.398089,1.782355,-0.000000
375,0.836864,0.004841,40.750173,1.776509,-0.000000
376,0.832554,0.021399,40.398815,1.766960,-0.000000
377,0.840173,0.003077,39.707200,1.757245,-0.000000
378,0.823241,0.012266,38.803179,1.765043,0.000000
379,0.847373,0.030991,40.255391,1.782534,0.000000
380,0.846245,0.029297,41.027053,1.792002,0.000000
381,0.842576,0.024539,41.779267,1.800992,0.000000
382,0.846188,0.066023,39.293503,1.804247,0.000000
383,0.847604,0.009116,37.803400,1.810033,-0.000000
384,0.849890,0.005825,39.609661,1.809915,-0.000000
385,0.846665,0.012050,39.840901,1.809091,0.000000
386,0.843050,0.006239,40.988667,1.816374,-0.000000
387,0.846520,0.066627,37.655223,1.812721,-0.000000
388,0.843438,0.004633,38.000081,1.799785,0.000000
389,0.843765,0.011933,35.555509,1.806116,0.000000
390,0.848240,0.010565,32.507193,1.823105,-0.000000
391,0.846988,0.014091,34.478488,1.845941,-0.000000
392,0.844376,0.034412,24.771118,1.853424,-0.000000
393,0.834405,0.004082,20.084146,1.858330,-0.000000
394,0.838367,0.036024,20.159906,1.860679,-0.000000
395,0.832723,0.020660,14.649394,1.856211,-0.000000
396,0.840822,0.004627,26.873186,1.856758,-0.000000
397,0.836231,0.183847,27.834992,1.860372,0.000000
398,0.840469,0.021413,31.121281,1.868786,-0.000000
399,0.835607,0.008612,34.327083,1.871558,0.000000
400,0.814622,0.019220,27.287371,1.866936,0.000000
401,0.834344,0.033878,21.201481,1.883336,-0.000000
402,0.832625,0.084572,26.227968,1.886080,-0.000000
403,0.832090,0.063984,11.535666,1.871675,0.000000
404,0.831583,0.020178,24.903075,1.857212,0.000000
405,0.830097,0.029495,18.970802,1.849845,0.000000
406,0.829663,0.032402,27.912710,1.843818,0.000000
407,0.835374,0.047691,30.078790,1.829256,0.000000
408,0.831071,0.084737,22.933075,1.807770,-0.000000
409,0.840252,0.028037,43.309943,1.796571,0.000000
410,0.836507,0.009200,32.154410,1.805922,-0.000000
411,0.838069,-0.002039,22.682692,1.820708,0.000000
412,0.830460,0.010857,11.366519,1.818753,-0.000000
413,0.834369,0.014662,23.284801,1.809910,-0.000000
414,0.836447,-0.001550,22.562539,1.806581,-0.000000
415,0.833520,0.043285,7.565040,1.801949,-0.000000
416,0.839774,0.010400,14.229866,1.780312,-0.000000
417,0.841156,-0.005085,11.267183,1.779113,-0.000000
418,0.844379,0.055427,22.477417,1.791223,-0.000000
419,0.841233,0.020212,29.266395,1.787717,-0.000000
420,0.834744,0.023310,29.171898,1.780817,0.000000
421,0.826328,-0.004004,25.120760,1.774514,-0.000000
422,0.839419,0.008459,31.449908,1.778760,0.000000
423,0.839834,0.076766,38.734489,1.781162,0.000000
424,0.828968,0.005860,33.566859,1.781232,0.000000
425,0.834352,0.011252,31.485798,1.787137,0.000000
426,0.776192,0.012438,39.485775,1.776547,0.000000
427,0.836554,0.037380,17.426345,1.761813,0.000000
428,0.834968,0.057285,11.811660,1.746981,0.000000
429,0.839310,0.001166,30.509146,1.754930,-0.000000
430,0.843775,0.001015,19.633291,1.780468,-0.000000
431,0.847370,0.158781,32.900680,1.785352,-0.000000
432,0.844623,0.006730,30.702331,1.785932,0.000000
433,0.840648,0.001222,20.278477,1.786966,0.000000
434,0.841710,0.129704,51.312783,1.794288,-0.000000
435,0.843659,0.004842,53.882921,1.808055,-0.000000
436,0.796602,0.005423,48.613818,1.823148,0.000000
437,0.838693,0.008159,38.176113,1.828236,-0.000000
438,0.820610,0.041884,24.764883,1.816489,0.000000
439,0.812516,0.010484,21.943586,1.805156,-0.000000
440,0.830703,0.049455,24.122600,1.796445,-0.000000
441,0.835724,0.009117,35.330089,1.783326,-0.000000
442,0.833926,0.037346,40.294817,1.772756,0.000000
443,0.832292,0.009003,35.057585,1.750141,0.000000
444,0.831097,0.011435,37.523883,1.733701,-0.000000
445,0.836044,0.064370,33.167877,1.736122,0.000000
446,0.836032,0.000977,38.330741,1.745438,0.000000
447,0.843452,0.012371,46.489200,1.750253,-0.000000
448,0.841141,0.005141,39.465639,1.743584,-0.000000
449,0.839251,0.034575,26.565682,1.729023,-0.000000
450,0.845150,0.010821,19.788958,1.705171,-0.000000
451,0.836206,-0.000494,30.917499,1.694203,0.000000
452,0.839966,0.014237,28.332815,1.704708,0.000000
453,0.742185,0.057746,84.632230,1.718892,0.000000
454,0.842107,0.000434,32.484331,1.732031,0.000000
455,0.844290,0.003749,28.193454,1.736043,0.000000
456,0.828858,0.015324,36.807090,1.720226,0.000000
457,0.846430,-0.000275,36.869345,1.710463,-0.000000
458,0.845273,0.039782,22.424204,1.715003,0.000000
459,0.848394,0.142925,45.214754,1.704545,0.000000
460,0.851802,-0.001457,47.555836,1.705942,-0.000000
461,0.852142,0.034800,57.766291,1.708617,-0.000000
462,0.851357,0.012685,58.882059,1.703535,-0.000000
463,0.849179,0.004761,56.495887,1.718041,-0.000000
464,0.853804,0.040344,53.957663,1.724918,-0.000000
465,0.812191,0.002852,56.938653,1.728732,-0.000000
466,0.807887,0.018469,56.210539,1.749046,0.000000
467,0.806861,0.014271,42.457566,1.753426,0.000000
468,0.836224,0.027388,43.720709,1.750625,0.000000
469,0.853561,0.007451,44.669217,1.751415,-0.000000
470,0.852241,0.016484,44.578942,1.751765,-0.000000
471,0.852717,0.008268,45.272552,1.746151,0.000000
472,0.846861,-0.003630,43.908964,1.751691,0.000000
473,0.811344,0.022001,53.965214,1.765697,-0.000000
474,0.847275,0.011410,44.013029,1.771732,0.000000
475,0.842542,0.068704,42.148035,1.787656,-0.000000
476,0.805891,0.276454,53.224838,1.789600,-0.000000
477,0.827240,0.007107,41.067901,1.777053,0.000000
478,0.750339,0.022546,53.900850,1.774325,-0.000000
479,0.844821,0.085828,34.072761,1.758141,0.000000
480,0.845866,0.015021,36.976320,1.741323,-0.000000
481,0.843242,0.038680,26.419544,1.722875,0.000000
482,0.840459,0.014331,26.396866,1.695327,-0.000000
483,0.841117,0.015994,23.874510,1.681868,0.000000
484,0.844471,0.000845,33.749678,1.697490,0.000000
485,0.824936,0.010774,39.042706,1.714565,0.000000
486,0.844888,-0.001390,41.753985,1.721855,-0.000000
487,0.844211,0.023233,22.400402,1.747450,0.000000
488,0.851903,0.054133,21.605931,1.747996,0.000000
489,0.845338,0.003918,18.311437,1.724219,0.000000
490,0.849739,-0.000782,30.492590,1.711912,0.000000
491,0.851071,0.002444,32.016752,1.717628,-0.000000
492,0.845630,0.378639,34.708826,1.723820,0.000000
493,0.848387,-0.000176,44.307117,1.739301,-0.000000
494,0.847761,-0.001758,40.154746,1.760808,-0.000000
495,0.849233,0.005277,31.024122,1.788909,0.000000
496,0.801354,0.003189,50.443419,1.799561,-0.000000
497,0.848829,0.003746,43.348027,1.821059,-0.000000
498,0.846463,0.015779,50.085117,1.828563,-0.000000
499,0.810655,0.073165,55.140525,1.813950,0.000000
500,0.849125,0.009696,47.625673,1.812097,0.000000
501,0.847361,0.006215,35.135152,1.814828,-0.000000
502,0.845933,0.038506,39.192633,1.811887,-0.000000
503,0.848301,-0.001302,43.193734,1.817426,0.000000
504,0.850462,0.004720,46.950565,1.837284,0.000000
505,0.848771,0.000563,32.494757,1.841001,-0.000000
506,0.850952,0.025973,48.908023,1.814555,-0.000000
507,0.809322,0.009105,64.883630,1.791635,-0.000000
508,0.847653,0.027320,39.166958,1.809308,0.000000
509,0.848802,0.004606,38.436415,1.837158,-0.000000
510,0.850778,0.000147,40.328132,1.847811,0.000000
511,0.852546,0.017939,46.606541,1.854230,0.000000
512,0.836206,0.015810,51.429858,1.854218,-0.000000
513,0.850927,0.004301,43.665254,1.849713,-0.000000
514,0.846829,0.023673,43.992880,1.850984,-0.000000
515,0.795300,0.009381,66.187008,1.861237,0.000000
516,0.804829,0.022238,51.025744,1.875421,0.000000
517,0.830623,0.036195,52.217981,1.877324,0.000000
518,0.847699,0.002616,47.622623,1.871427,-0.000000
519,0.833468,0.056279,38.022020,1.879624,-0.000000
520,0.757011,0.002774,56.758555,1.875686,0.000000
521,0.842610,0.025652,26.925581,1.886238,-0.000000
522,0.656216,0.049450,26.887244,1.891506,0.000000
523,0.701739,0.014198,34.137243,1.876670,0.000000
524,0.706997,0.052255,30.469010,1.849678,-0.000000
525,0.693734,4.252270,26.004136,1.813911,-0.000000
526,0.596356,0.201859,6.606203,1.784104,0.000000
527,0.665505,0.066145,8.162750,1.743493,0.000000
528,0.699439,0.045378,13.687707,1.704536,0.000000
529,0.672115,0.086186,9.926141,1.676784,-0.000000
530,0.795817,0.023151,21.278432,1.643039,-0.000000
531,0.757801,0.022735,22.958873,1.613310,0.000000
532,0.784773,0.031396,24.742786,1.591877,-0.000000
533,0.682930,0.057305,16.380539,1.583002,0.000000
534,0.624455,0.046106,9.710211,1.573507,-0.000000
535,0.781643,0.024061,18.938959,1.560891,0.000000
536,0.814339,0.034807,24.513888,1.550295,0.000000
537,0.748035,0.001344,21.152382,1.544252,0.000000
538,0.817876,0.020236,29.067471,1.541435,-0.000000
539,0.816484,0.025199,29.246534,1.523937,-0.000000
540,0.816665,-0.001414,36.197095,1.514457,0.000000
541,0.837278,0.018307,36.836944,1.518944,0.000000
542,0.848434,0.037525,37.583242,1.522365,0.000000
543,0.844339,0.017239,36.703639,1.520777,-0.000000
544,0.846927,0.002051,43.777138,1.520122,0.000000
545,0.845764,0.005170,38.943454,1.523619,-0.000000
546,0.847983,0.009830,40.940077,1.539259,-0.000000
547,0.849209,0.003399,41.850987,1.550572,0.000000
548,0.848864,0.004543,42.442742,1.562501,0.000000
549,0.849977,0.526302,41.638283,1.561909,0.000000
550,0.853482,0.005735,45.254169,1.548688,-0.000000
551,0.852611,0.265853,43.603056,1.546068,-0.000000
552,0.853439,0.023072,41.700072,1.551364,0.000000
553,0.852913,0.051646,41.420023,1.555578,-0.000000
554,0.852977,-0.000100,39.091152,1.550789,-0.000000
555,0.858169,0.009985,38.013829,1.547234,-0.000000
556,0.854919,-0.001571,39.382470,1.545347,0.000000
557,0.845549,0.048597,49.217910,1.561372,-0.000000
558,0.838942,0.055349,43.708262,1.584132,0.000000
559,0.830856,0.010736,55.991033,1.588643,-0.000000
560,0.824500,0.016183,53.250383,1.580408,-0.000000
561,0.846470,-0.005566,47.170172,1.574347,-0.000000
562,0.826030,0.004018,55.662420,1.584778,-0.000000
563,0.846829,0.029028,43.445941,1.607051,0.000000
564,0.780539,0.011238,79.849015,1.605202,0.000000
565,0.849175,-0.000929,47.961462,1.598801,-0.000000
566,0.848199,0.008331,47.854668,1.593605,0.000000
567,0.788023,0.019967,67.976189,1.590292,-0.000000
568,0.805572,0.109070,49.986262,1.605248,-0.000000
569,0.834354,0.356393,40.677929,1.632893,-0.000000
570,0.781579,0.035561,65.029685,1.634495,-0.000000
571,0.784974,0.007042,59.292180,1.647456,0.000000
572,0.658836,0.021160,71.354004,1.665162,-0.000000
573,0.651053,0.085542,45.276782,1.653879,-0.000000
574,0.656825,0.173438,27.952683,1.625331,0.000000
575,0.650015,0.013507,18.281112,1.603923,0.000000
576,0.589968,0.502835,3.516709,1.595906,0.000000
577,0.686691,0.033703,15.836450,1.576185,-0.000000
578,0.755322,0.014837,25.519800,1.543629,0.000000
579,0.751142,0.009907,26.655734,1.526638,-0.000000
580,0.711521,0.015739,19.755398,1.503136,0.000000
581,0.804781,0.013942,28.573166,1.482056,-0.000000
582,0.806198,0.031833,31.418595,1.475566,-0.000000
583,0.777441,0.015101,34.495898,1.466912,-0.000000
584,0.828553,0.006506,30.863714,1.464133,-0.000000
585,0.850167,-0.000771,34.360276,1.464494,0.000000
586,0.851010,0.002638,36.117711,1.465887,0.000000
587,0.852250,0.017237,36.768878,1.463240,0.000000
588,0.851815,-0.001307,39.215768,1.466458,0.000000
589,0.849760,0.051643,36.749988,1.488150,0.000000
590,0.854186,0.005585,41.339927,1.513909,-0.000000
591,0.846297,0.005109,50.145297,1.517932,-0.000000
592,0.850986,0.225062,43.073326,1.522963,-0.000000
593,0.837550,0.079502,46.223926,1.533665,-0.000000
594,0.832611,0.016265,50.526017,1.534559,-0.000000
595,0.842019,0.002809,50.684879,1.536406,-0.000000
596,0.839709,0.094258,51.320052,1.539329,0.000000
597,0.843386,0.011642,49.125955,1.538772,0.000000
598,0.854234,0.013809,49.654126,1.562138,-0.000000
599,0.816780,0.029693,61.774879,1.579978,-0.000000
600,0.852244,0.005990,42.443151,1.582354,-0.000000
601,0.856038,0.010227,48.097325,1.587515,-0.000000
602,0.853625,0.006946,51.154108,1.583706,0.000000
603,0.841890,0.050850,49.477098,1.586102,-0.000000
604,0.855517,0.006121,49.267165,1.607105,0.000000
605,0.852766,-0.000853,48.219839,1.625256,0.000000
606,0.855283,0.001144,54.200575,1.640712,0.000000
607,0.859202,0.002635,49.148075,1.653846,0.000000
608,0.845609,0.001276,49.503008,1.661486,-0.000000
609,0.856221,0.033223,47.563827,1.665755,-0.000000
610,0.857443,-0.000351,45.063448,1.667214,-0.000000
611,0.857364,0.021304,44.633737,1.677614,-0.000000
612,0.821778,0.010195,51.338463,1.682433,-0.000000
613,0.846566,0.017031,43.134864,1.675616,0.000000
614,0.860089,0.009326,43.327915,1.678284,0.000000
615,0.857588,0.010112,43.014365,1.701576,-0.000000
616,0.847151,0.014105,41.266984,1.724808,0.000000
617,0.802665,0.134691,52.055743,1.728624,0.000000
618,0.845138,0.017127,41.224218,1.723692,0.000000
619,0.858485,0.026915,41.209898,1.720237,0.000000
620,0.859624,0.336944,45.060590,1.728605,0.000000
621,0.845281,0.036640,42.225057,1.736044,0.000000
622,0.856004,0.021224,46.463793,1.731765,0.000000
623,0.862245,0.008077,46.584480,1.719027,0.000000
624,0.848528,0.157251,44.667027,1.706732,0.000000
625,0.860164,-0.002432,45.888406,1.700119,0.000000
626,0.863020,0.007307,39.872609,1.703555,-0.000000
627,0.858993,0.016516,44.215656,1.705337,-0.000000
628,0.822077,0.019689,46.239968,1.705425,0.000000
629,0.795331,0.004324,54.191425,1.707313,-0.000000
630,0.821381,-0.003780,42.075115,1.702533,0.000000
631,0.858553,0.009872,37.291223,1.696969,0.000000
632,0.856159,0.023325,35.629149,1.705099,0.000000
633,0.824145,0.024063,51.882908,1.709101,0.000000
634,0.855542,0.026277,36.037360,1.700499,0.000000
635,0.856504,0.009272,37.768862,1.708375,-0.000000
636,0.841435,0.000072,35.072223,1.727820,-0.000000
637,0.815988,-0.004372,41.877228,1.745542,0.000000
638,0.854634,0.005343,47.346871,1.757194,0.000000
639,0.856485,0.048095,47.891038,1.736729,-0.000000
640,0.840872,-0.001137,39.669317,1.723713,-0.000000
641,0.844942,0.008376,40.175932,1.730482,0.000000
642,0.847861,0.002727,37.177221,1.744035,0.000000
643,0.859936,0.063717,40.619807,1.750758,0.000000
644,0.858749,0.033141,48.431389,1.741430,0.000000
645,0.857083,0.007029,47.935583,1.722306,0.000000
646,0.855826,0.010788,39.734659,1.708477,-0.000000
647,0.593228,0.046864,63.224789,1.695072,-0.000000
648,0.798924,0.023491,46.941047,1.681390,0.000000
649,0.793807,0.036331,36.612351,1.670677,0.000000
650,0.849675,0.013788,24.561660,1.666354,0.000000
651,0.846682,0.093228,14.612938,1.665901,0.000000
652,0.839862,0.047604,8.280147,1.648456,-0.000000
653,0.827890,0.023878,8.506752,1.637710,0.000000
654,0.838231,0.007402,8.868797,1.633153,-0.000000
655,0.825393,0.172037,4.220238,1.633706,0.000000
656,0.827765,0.034010,4.940108,1.635078,0.000000
657,0.831496,0.014268,6.768478,1.631778,-0.000000
658,0.827334,0.022826,4.884783,1.643440,-0.000000
659,0.833709,0.004114,6.963323,1.667245,0.000000
660,0.768134,0.143673,24.712055,1.675292,-0.000000
661,0.773011,-0.000168,35.414835,1.674084,0.000000
662,0.821695,0.007516,5.811293,1.665210,-0.000000
663,0.840425,0.021829,4.040478,1.654345,0.000000
664,0.850564,-0.006439,22.261105,1.663539,-0.000000
665,0.851931,0.004240,24.358860,1.683931,-0.000000
666,0.846800,0.012706,8.973298,1.686637,-0.000000
667,0.846639,0.104336,4.939884,1.680705,-0.000000
668,0.839757,0.038728,4.775880,1.658185,0.000000
669,0.846001,0.019275,4.160617,1.626625,0.000000
670,0.842734,0.010812,7.101486,1.608314,0.000000
671,0.844613,0.013971,7.326370,1.604101,0.000000
672,0.844032,0.002919,10.987882,1.604771,0.000000
673,0.845290,0.027138,9.479331,1.617088,0.000000
674,0.846020,0.013758,3.103562,1.608865,-0.000000
675,0.836309,0.024455,2.824964,1.586133,-0.000000
676,0.831020,0.695049,4.445950,1.568949,-0.000000
677,0.829879,0.022428,4.869258,1.566404,-0.000000
678,0.813583,0.023716,17.490299,1.564713,0.000000
679,0.826515,0.025862,5.233429,1.558407,-0.000000
680,0.848692,0.001390,22.785890,1.559210,-0.000000
681,0.813740,0.017155,58.544756,1.566990,0.000000
682,0.850600,0.001759,25.934698,1.572171,0.000000
683,0.820672,0.010572,22.797336,1.576641,-0.000000
684,0.819042,0.007568,43.799418,1.574253,0.000000
685,0.852232,0.011685,35.558739,1.574217,0.000000
686,0.848241,0.002271,17.895495,1.573942,0.000000
687,0.847799,0.006174,19.056988,1.578461,0.000000
688,0.840820,-0.005269,36.775171,1.585526,-0.000000
689,0.847435,0.005438,17.579223,1.590758,-0.000000
690,0.850793,0.005218,14.265238,1.602725,0.000000
691,0.828305,-0.000976,54.837278,1.635593,0.000000
692,0.861341,0.007652,52.731326,1.663261,0.000000
693,0.858984,0.149869,41.028915,1.675804,0.000000
694,0.858584,-0.001126,25.226475,1.680701,0.000000
695,0.859368,0.053137,39.496767,1.697155,0.000000
696,0.856757,0.068383,11.736635,1.704030,-0.000000
697,0.851237,0.048115,8.918243,1.693942,0.000000
698,0.849721,0.105588,8.659505,1.684441,-0.000000
699,0.848773,0.009001,12.338482,1.688882,-0.000000
700,0.842090,0.033829,8.718289,1.682062,0.000000
701,0.814358,-0.000378,63.349402,1.681804,0.000000
702,0.849212,0.003790,47.739752,1.692140,-0.000000
703,0.805999,0.058425,48.835577,1.694456,0.000000
704,0.846128,0.018127,8.794813,1.698340,0.000000
705,0.844865,0.014227,17.081875,1.701393,-0.000000
706,0.850934,0.025876,24.992038,1.711014,-0.000000
707,0.849101,0.028189,11.035263,1.716030,-0.000000
708,0.853610,0.010699,21.591210,1.717996,-0.000000
709,0.854538,0.216532,11.370724,1.715855,-0.000000
710,0.852439,0.015885,24.267046,1.716145,0.000000
711,0.851284,0.014375,15.343318,1.740007,-0.000000
712,0.846108,0.025036,11.298806,1.736510,0.000000
713,0.821820,0.005879,64.716970,1.729628,0.000000
714,0.856513,0.010162,46.407349,1.743511,0.000000
715,0.845848,0.085073,49.213286,1.755824,-0.000000
716,0.845622,0.026113,48.840302,1.757849,-0.000000
717,0.799828,0.000451,55.033243,1.766734,-0.000000
718,0.856927,0.026012,35.910172,1.782389,0.000000
719,0.859197,0.025549,47.921200,1.764218,0.000000
720,0.856516,0.020866,23.686563,1.750779,0.000000
721,0.846323,0.000566,45.835171,1.747350,-0.000000
722,0.859699,-0.001884,41.421119,1.771353,0.000000
723,0.859792,0.033247,22.540396,1.786261,0.000000
724,0.827297,0.010620,55.409042,1.778668,-0.000000
725,0.850839,0.000965,33.234177,1.781638,0.000000
726,0.861694,0.027280,36.608391,1.780028,0.000000
727,0.861271,0.048268,24.964026,1.778808,0.000000
728,0.848946,0.028915,53.747819,1.774088,-0.000000
729,0.860616,0.039138,47.009817,1.779530,-0.000000
730,0.859925,0.013351,50.044260,1.788619,0.000000
731,0.861698,0.004471,50.004085,1.793065,-0.000000
732,0.848495,0.000918,45.724510,1.796079,0.000000
733,0.860102,0.013757,46.067366,1.808904,-0.000000
734,0.846195,0.000228,45.029172,1.827299,-0.000000
735,0.850303,0.007400,39.203731,1.838743,-0.000000
736,0.852592,0.150508,43.492317,1.849084,0.000000
737,0.860175,0.019773,48.903221,1.864676,0.000000
738,0.862435,0.106392,40.512663,1.885425,0.000000
739,0.862818,0.008569,36.302529,1.902121,-0.000000
740,0.860430,0.003696,38.153308,1.902178,-0.000000
741,0.860413,0.021690,35.005222,1.914171,0.000000
742,0.850885,0.045749,35.457322,1.932284,-0.000000
743,0.863531,-0.001186,33.984850,1.935807,0.000000
744,0.849632,-0.010382,33.437922,1.937132,0.000000
745,0.861199,0.077915,47.596369,1.930867,0.000000
746,0.862543,-0.001080,54.354087,1.929053,0.000000
747,0.861329,0.083904,49.124749,1.922417,0.000000
748,0.860680,0.007229,43.958033,1.913118,-0.000000
749,0.859550,0.060803,39.311141,1.920250,-0.000000
750,0.860229,0.037826,47.994327,1.925529,0.000000
751,0.857673,8.953553,43.521758,1.935189,0.000000
752,0.858855,0.013779,34.095029,1.935329,0.000000
753,0.848911,0.077674,10.229801,1.909761,-0.000000
754,0.850868,0.003583,47.399178,1.887330,0.000000
755,0.851015,0.045072,38.781645,1.897812,0.000000
756,0.845392,0.175480,17.724270,1.885563,0.000000
757,0.839245,0.003013,19.864187,1.873644,-0.000000
758,0.824401,0.013429,27.612604,1.885195,-0.000000
759,0.837791,0.027808,27.529862,1.884156,-0.000000
760,0.815831,0.024723,35.366034,1.867107,0.000000
761,0.821318,0.053573,9.627035,1.841857,0.000000
762,0.807923,0.013972,35.243752,1.827043,0.000000
763,0.830513,0.208328,18.914918,1.804281,0.000000
764,0.771371,0.022656,14.081094,1.783691,0.000000
765,0.785848,0.007138,11.403607,1.802765,-0.000000
766,0.788242,0.023489,26.736088,1.816891,-0.000000
767,0.837955,0.012595,27.286774,1.820905,-0.000000
768,0.852297,-0.000218,25.048509,1.831580,-0.000000
769,0.846289,0.042287,42.040437,1.833702,0.000000
770,0.860732,-0.003578,50.688721,1.839361,0.000000
771,0.844318,0.017575,26.839534,1.841788,0.000000
772,0.857137,0.006662,37.717605,1.838578,0.000000
773,0.858584,0.014179,43.660211,1.826582,-0.000000
774,0.860625,0.004820,43.088127,1.822512,-0.000000
775,0.848276,0.018217,30.688627,1.824865,0.000000
776,0.857412,0.078577,46.977690,1.817499,0.000000
777,0.859014,0.039727,41.347055,1.806567,0.000000
778,0.855666,0.030393,42.354861,1.809745,-0.000000
779,0.854263,0.004933,47.071135,1.836439,0.000000
780,0.853484,0.004625,42.913104,1.871087,0.000000
781,0.855534,0.427124,32.969485,1.881342,-0.000000
782,0.857081,0.040846,33.689115,1.872055,0.000000
783,0.854941,0.037255,47.769793,1.858145,-0.000000
784,0.855167,0.000712,47.284661,1.850631,0.000000
785,0.855618,0.039575,47.488891,1.851989,0.000000
786,0.855484,-0.001831,51.237721,1.875235,-0.000000
787,0.856254,0.046968,41.379861,1.895532,-0.000000
788,0.856415,0.005230,47.166030,1.886482,0.000000
789,0.858670,0.006617,45.702634,1.877028,-0.000000
790,0.856875,0.000803,44.976170,1.873659,0.000000
791,0.854881,0.017707,49.843573,1.877405,0.000000
792,0.856189,-0.003096,42.835332,1.888473,0.000000
793,0.854302,0.123598,30.263438,1.893197,0.000000
794,0.854037,0.001420,32.103755,1.901028,0.000000
795,0.850389,0.014560,44.195062,1.924150,-0.000000
796,0.844813,0.054238,28.074544,1.928395,0.000000
797,0.849779,0.348426,39.114220,1.921867,-0.000000
798,0.806087,0.008416,49.317323,1.916879,0.000000
799,0.847272,0.009188,40.502168,1.898378,0.000000
800,0.842756,0.029384,48.330253,1.882284,-0.000000
801,0.830385,0.019725,38.881462,1.877368,0.000000
802,0.828575,0.227533,37.985344,1.859539,-0.000000
803,0.841589,0.011325,46.835077,1.843674,-0.000000
804,0.846994,0.005258,45.035173,1.842577,0.000000
805,0.805782,0.004989,53.752571,1.837756,0.000000
806,0.848677,0.010380,44.338807,1.833193,0.000000
807,0.850513,0.000375,43.422710,1.824233,-0.000000
808,0.847262,0.005304,48.466975,1.825228,-0.000000
809,0.803525,0.007360,49.447746,1.842700,0.000000
810,0.751962,0.022686,45.779486,1.848656,-0.000000
811,0.805367,0.005148,42.071766,1.845146,0.000000
812,0.829737,0.004557,37.681812,1.842696,0.000000
813,0.847965,0.014357,43.752478,1.827001,0.000000
814,0.846767,-0.000074,47.893559,1.812205,-0.000000
815,0.844011,0.021295,41.608950,1.824136,0.000000
816,0.849098,0.017350,40.648840,1.845967,0.000000
817,0.845351,-0.000866,33.817481,1.854648,0.000000
818,0.849818,0.681782,31.245290,1.869007,0.000000
819,0.846179,0.004995,29.678034,1.879734,0.000000
820,0.841109,-0.002317,24.439083,1.880581,0.000000
821,0.841815,-0.004150,33.643535,1.886307,-0.000000
822,0.810589,0.035171,39.654923,1.877595,0.000000
823,0.803299,0.169607,42.986480,1.857183,0.000000
824,0.841721,0.007423,35.586503,1.839699,0.000000
825,0.845799,0.006108,22.419867,1.829133,-0.000000
826,0.827423,0.004344,38.122353,1.841103,0.000000
827,0.847525,0.006738,46.517935,1.866563,-0.000000
828,0.847947,0.068449,43.559885,1.880382,0.000000
829,0.844982,0.004279,32.183216,1.876204,0.000000
830,0.850085,0.015051,35.805817,1.876668,0.000000
831,0.849396,-0.001836,32.070242,1.880093,-0.000000
832,0.841948,0.012368,33.659218,1.855870,0.000000
833,0.838358,0.006118,42.213285,1.821552,0.000000
834,0.840624,-0.003075,48.805697,1.815040,-0.000000
835,0.840034,-0.005539,47.861164,1.845974,-0.000000
836,0.839240,-0.001433,41.374274,1.893377,0.000000
837,0.840990,0.008005,35.303174,1.911466,-0.000000
838,0.836130,0.135799,31.507259,1.898023,0.000000
839,0.789140,0.005328,38.365988,1.877556,0.000000
840,0.821580,0.040457,28.359905,1.879262,-0.000000
841,0.838266,0.018181,24.717067,1.879131,0.000000
842,0.820445,0.012511,28.007065,1.877510,-0.000000
843,0.836537,0.103154,30.564884,1.879480,0.000000
844,0.842776,0.004491,18.454848,1.879881,0.000000
845,0.839878,0.025606,32.528879,1.892322,0.000000
846,0.839183,0.020734,17.669395,1.894344,0.000000
847,0.842181,0.019232,24.026772,1.890838,0.000000
848,0.841288,0.043621,13.688720,1.883551,-0.000000
849,0.799761,0.022228,26.251999,1.884141,0.000000
850,0.840303,0.052207,10.774670,1.877985,-0.000000
851,0.823238,0.000549,19.759765,1.865504,-0.000000
852,0.837115,0.002349,27.641423,1.874375,0.000000
853,0.834130,0.022719,44.955745,1.869058,0.000000
854,0.834751,-0.004497,38.475502,1.858904,0.000000
855,0.832196,0.019957,21.068548,1.859428,-0.000000
856,0.830765,0.013077,16.663618,1.854194,-0.000000
857,0.838741,0.021522,13.182577,1.836639,-0.000000
858,0.834964,0.017200,41.461202,1.818833,0.000000
859,0.834819,0.029857,35.593699,1.802667,0.000000
860,0.838687,-0.004477,41.616059,1.793071,0.000000
861,0.839143,0.001588,25.284249,1.792957,-0.000000
862,0.838896,0.575846,44.938986,1.799888,0.000000
863,0.841391,0.010928,33.491545,1.799450,0.000000
864,0.836158,0.011793,27.388350,1.816041,0.000000
865,0.836983,-0.008069,26.835249,1.834347,0.000000
866,0.835205,0.127740,20.407488,1.839523,0.000000
867,0.836802,0.023617,10.004794,1.828658,0.000000
868,0.835840,0.102793,11.704891,1.822763,0.000000
869,0.826480,0.017987,8.056363,1.817557,0.000000
870,0.830646,0.015477,10.041145,1.796197,0.000000
871,0.826469,0.027479,6.170093,1.765161,-0.000000
872,0.834300,0.005438,13.957768,1.746950,-0.000000
873,0.835131,-0.000692,12.027316,1.755610,0.000000
874,0.835808,0.015903,10.890388,1.758483,0.000000
875,0.833626,0.077791,6.321521,1.752408,-0.000000
876,0.831679,0.021773,11.741326,1.744145,0.000000
877,0.823504,0.039319,5.269067,1.718773,0.000000
878,0.823264,0.100031,5.346168,1.689804,0.000000
879,0.825321,0.705690,8.180192,1.648233,-0.000000
880,0.825294,0.001341,6.793339,1.618121,0.000000
881,0.826207,0.050172,4.477734,1.606741,-0.000000
882,0.829188,0.002147,8.897877,1.604807,0.000000
883,0.835327,0.004809,7.892134,1.623177,-0.000000
884,0.834840,0.001800,12.007553,1.645719,0.000000
885,0.837962,0.011736,10.615299,1.650774,0.000000
886,0.838252,0.025525,7.542975,1.643929,0.000000
887,0.834110,0.022431,3.106308,1.641010,0.000000
888,0.831212,0.007110,3.647179,1.629787,-0.000000
889,0.822811,0.015857,3.495851,1.610178,0.000000
890,0.826182,0.020809,2.198100,1.591946,0.000000
891,0.826495,-0.000190,7.496350,1.585885,0.000000
892,0.831303,0.000981,7.536410,1.585156,0.000000
893,0.824780,0.014640,7.253065,1.581539,0.000000
894,0.825879,0.002560,7.851962,1.584376,0.000000
895,0.831648,-0.004814,10.969876,1.596135,0.000000
896,0.817682,0.021434,7.036865,1.597025,-0.000000
897,0.832174,0.006166,13.718513,1.597653,0.000000
898,0.810379,0.019586,4.382763,1.596724,-0.000000
899,0.813656,0.014940,14.169014,1.570913,-0.000000
900,0.789668,0.250398,4.048755,1.540822,-0.000000
901,0.819106,0.092482,15.540124,1.531066,0.000000
902,0.820005,0.049355,5.505883,1.551297,-0.000000
903,0.822838,0.057780,11.461733,1.574953,-0.000000
904,0.758500,0.032730,3.252266,1.572126,-0.000000
905,0.831497,0.006237,30.681429,1.543727,0.000000
906,0.847808,0.019360,28.942661,1.537111,-0.000000
907,0.778830,0.007380,2.725752,1.534009,0.000000
908,0.828067,0.001184,20.244395,1.523791,0.000000
909,0.800824,0.027942,9.194003,1.520864,-0.000000
910,0.772515,0.031450,6.507671,1.516287,-0.000000
911,0.837727,0.001846,18.698917,1.512107,0.000000
912,0.832490,0.015561,12.106052,1.515837,0.000000
913,0.795736,0.008512,11.399013,1.511187,0.000000
914,0.842126,0.006291,30.120010,1.509957,-0.000000
915,0.796042,0.000153,26.252385,1.523901,0.000000
916,0.841165,0.080241,16.364896,1.524156,-0.000000
917,0.830337,0.007115,15.159556,1.519847,-0.000000
918,0.839542,0.005728,22.422187,1.521098,0.000000
919,0.800328,0.019381,3.214029,1.510406,-0.000000
920,0.811827,0.138959,12.782824,1.495255,0.000000
921,0.825216,0.022987,39.347406,1.487909,0.000000
922,0.825952,0.001695,16.906556,1.492302,0.000000
923,0.826795,0.014464,27.483065,1.508896,-0.000000
924,0.829800,-0.005761,36.076029,1.522473,-0.000000
925,0.838261,0.000539,26.316712,1.530569,-0.000000
926,0.837159,0.031233,14.647783,1.524662,-0.000000
927,0.844819,0.003521,38.122305,1.527759,0.000000
928,0.848277,0.479365,16.979416,1.524157,0.000000
929,0.841835,0.001957,25.120348,1.514930,-0.000000
930,0.849446,0.001415,39.154300,1.520878,-0.000000
931,0.851250,0.004978,34.189504,1.517282,-0.000000
932,0.847883,0.036074,34.190167,1.500957,0.000000
933,0.846526,-0.003667,37.894909,1.498945,-0.000000
934,0.847308,-0.001585,43.325322,1.504202,0.000000
935,0.849270,0.024516,21.970500,1.503401,0.000000
936,0.849292,0.014938,40.306391,1.502448,-0.000000
937,0.847687,0.004507,28.020868,1.507352,0.000000
938,0.849018,-0.003206,43.751422,1.516736,-0.000000
939,0.849160,0.055838,17.739952,1.513745,-0.000000
940,0.846477,0.013859,18.766923,1.510518,-0.000000
941,0.787620,0.012817,35.453757,1.520256,0.000000
942,0.833521,0.009434,9.280045,1.526302,0.000000
943,0.850429,0.025631,34.820983,1.524387,-0.000000
944,0.848852,0.031363,21.557173,1.526942,0.000000
945,0.847445,0.006641,35.260636,1.514538,0.000000
946,0.850433,0.015332,34.708780,1.512571,0.000000
947,0.843202,0.011226,18.362260,1.514824,0.000000
948,0.831102,0.002098,43.046190,1.529724,-0.000000
949,0.838286,-0.000605,38.012906,1.543806,-0.000000
950,0.847580,-0.001234,39.988876,1.549023,-0.000000
951,0.838651,0.003912,39.565863,1.570105,-0.000000
952,0.852962,0.006670,46.953887,1.593922,0.000000
953,0.854865,0.015948,40.613611,1.601688,-0.000000
954,0.852849,-0.000657,32.257129,1.626897,0.000000
955,0.852170,-0.001288,48.831027,1.658832,-0.000000
956,0.849229,0.006820,23.215935,1.674327,-0.000000
957,0.850893,-0.001124,44.567365,1.682233,0.000000
958,0.848451,0.010829,49.215702,1.684357,-0.000000
959,0.844490,0.021848,37.181273,1.665466,-0.000000
960,0.849594,-0.001753,42.172355,1.656624,-0.000000
961,0.847633,0.164508,20.806942,1.651171,-0.000000
962,0.799395,-0.003182,39.046408,1.634197,0.000000
963,0.843799,0.000472,34.000706,1.639946,0.000000
964,0.846532,0.000537,29.775977,1.649755,0.000000
965,0.843575,0.015643,41.136845,1.653945,-0.000000
966,0.848360,-0.003373,37.133793,1.654187,-0.000000
967,0.849605,0.006150,44.955117,1.670393,-0.000000
968,0.849880,0.008109,52.352591,1.666095,0.000000
969,0.846776,-0.002056,50.027527,1.654858,-0.000000
970,0.835263,0.007823,49.197032,1.665026,-0.000000
971,0.848639,0.011037,53.855493,1.669742,-0.000000
972,0.851233,0.051524,51.773538,1.672037,0.000000
973,0.850226,0.032903,46.145002,1.675645,-0.000000
974,0.849799,0.002146,40.984921,1.686178,-0.000000
975,0.848312,0.006135,40.557964,1.718263,0.000000
976,0.847442,0.005033,37.348211,1.736750,0.000000
977,0.848302,0.005649,48.064740,1.729460,-0.000000
978,0.849622,0.022852,40.931314,1.726071,0.000000
979,0.845153,0.032372,52.607459,1.739680,-0.000000
980,0.848888,0.004211,49.409060,1.759184,-0.000000
981,0.844925,0.034007,44.545800,1.777571,0.000000
982,0.846293,0.028895,42.086084,1.780097,0.000000
983,0.848650,0.333170,42.588081,1.793535,0.000000
984,0.845133,0.023459,39.160755,1.807066,0.000000
985,0.848657,0.014614,43.614912,1.804729,0.000000
986,0.844773,-0.000649,38.844773,1.791994,0.000000
987,0.846500,0.006127,41.432155,1.789418,-0.000000
988,0.848769,0.012110,45.970905,1.806210,-0.000000
989,0.807031,-0.000035,41.644236,1.808675,-0.000000
990,0.850004,0.001977,40.335478,1.792011,0.000000
991,0.849680,0.005454,38.921757,1.807011,-0.000000
992,0.847986,0.013583,46.770582,1.821567,-0.000000
993,0.849365,0.009295,45.410279,1.820431,0.000000
994,0.853072,0.055986,46.150587,1.827957,0.000000
995,0.853297,0.013959,45.331125,1.834673,0.000000
996,0.856046,0.002304,38.046100,1.850725,0.000000
997,0.855229,0.076994,31.468506,1.844775,0.000000
998,0.851431,0.035116,48.943849,1.837680,0.000000
999,0.849601,0.170493,49.523295,1.842880,-0.000000
1000,0.847875,0.107077,48.433427,1.846991,0.000000
1001,0.803611,0.017334,50.713381,1.844946,0.000000
1002,0.832668,0.037143,39.893904,1.846846,-0.000000
1003,0.843717,0.035129,42.141620,1.836866,0.000000
1004,0.852275,0.008217,51.395590,1.824144,-0.000000
1005,0.838966,0.000541,44.959981,1.818999,0.000000
1006,0.851991,0.028869,45.354116,1.826525,0.000000
1007,0.849397,0.075742,33.430525,1.831109,0.000000
1008,0.849819,0.012072,25.452308,1.835130,-0.000000
1009,0.776713,0.002566,43.914032,1.846119,-0.000000
1010,0.853858,0.028255,32.220118,1.853280,0.000000
1011,0.853837,-0.000855,34.466886,1.870251,0.000000
1012,0.851947,0.044131,24.560742,1.868866,-0.000000
1013,0.853723,0.017943,23.912444,1.871994,0.000000
1014,0.849365,0.063085,32.867515,1.886281,-0.000000
1015,0.818445,0.026466,32.118381,1.886115,0.000000
1016,0.816147,0.068262,39.462536,1.875334,0.000000
1017,0.854003,0.002118,43.083354,1.870050,0.000000
1018,0.855687,0.058582,44.343601,1.876942,0.000000
1019,0.849600,0.009815,37.320930,1.879134,-0.000000
1020,0.851054,0.002768,50.481287,1.883431,0.000000
1021,0.849529,0.043046,31.861420,1.889821,0.000000
1022,0.846081,0.006278,25.588270,1.878344,0.000000
1023,0.804808,0.006663,30.567483,1.859972,0.000000
1024,0.842409,0.185022,28.999475,1.844427,-0.000000
1025,0.851219,0.031927,42.333765,1.832654,-0.000000
1026,0.855162,0.014575,39.888540,1.824953,0.000000
1027,0.848267,0.004229,31.389045,1.832915,0.000000
1028,0.848194,0.029871,27.996703,1.851615,-0.000000
1029,0.848699,0.016530,47.503277,1.862009,-0.000000
1030,0.852171,0.831747,54.890679,1.854579,-0.000000
1031,0.851156,-0.003484,53.255498,1.857935,0.000000
1032,0.847757,0.002323,50.073945,1.872834,-0.000000
1033,0.850139,0.014275,49.666596,1.877236,0.000000
1034,0.853827,0.042301,45.781547,1.876871,-0.000000
1035,0.847555,0.235189,27.721899,1.876057,0.000000
1036,0.848648,0.018722,34.829388,1.864775,0.000000
1037,0.848652,-0.000348,30.883131,1.861802,0.000000
1038,0.842792,0.025422,31.247838,1.850080,0.000000
1039,0.848647,0.000995,39.318620,1.836522,-0.000000
1040,0.847895,0.003486,48.740968,1.847364,0.000000
1041,0.851487,-0.000362,55.995233,1.868744,0.000000
1042,0.852245,0.057538,46.546100,1.883559,0.000000
1043,0.838246,0.157621,48.217666,1.866876,-0.000000
1044,0.797005,0.008139,43.451869,1.838864,0.000000
1045,0.844006,0.004119,51.414909,1.838435,0.000000
1046,0.841315,0.017144,48.864258,1.843741,0.000000
1047,0.802230,0.001722,55.101046,1.829564,0.000000
1048,0.842594,0.011378,45.541097,1.821317,-0.000000
1049,0.844529,0.445600,35.303711,1.810737,-0.000000
1050,0.850149,0.001398,31.996304,1.812868,-0.000000
1051,0.801328,0.113530,34.114810,1.813765,0.000000
1052,0.831227,0.028424,41.874600,1.827600,-0.000000
1053,0.832086,0.014132,44.640706,1.838871,0.000000
1054,0.846058,-0.002491,48.900787,1.830716,0.000000
1055,0.848695,0.019559,47.927700,1.840081,0.000000
1056,0.850473,0.006104,46.903719,1.853816,0.000000
1057,0.844880,0.055633,29.940932,1.846414,-0.000000
1058,0.846469,0.008139,26.241368,1.829282,0.000000
1059,0.845880,0.075544,32.119212,1.837480,-0.000000
1060,0.846447,0.018568,20.641476,1.849209,0.000000
1061,0.843082,0.042386,22.078627,1.844055,0.000000
1062,0.808215,0.136429,33.786352,1.839793,0.000000
1063,0.831734,0.003853,22.005105,1.845326,0.000000
1064,0.841277,0.010399,31.367188,1.859176,-0.000000
1065,0.843918,0.017800,39.295430,1.860580,0.000000
1066,0.843227,0.000056,43.949384,1.844586,-0.000000
1067,0.845278,0.018195,40.951962,1.839092,0.000000
1068,0.840480,0.001506,39.051329,1.848826,-0.000000
1069,0.845304,0.011793,49.765065,1.853826,-0.000000
1070,0.846923,0.025396,46.750976,1.835797,-0.000000
1071,0.848439,0.024483,50.246992,1.832279,-0.000000
1072,0.848640,0.020374,34.250380,1.843739,0.000000
1073,0.839539,0.038562,25.940084,1.855354,-0.000000
1074,0.839897,0.832036,20.064256,1.853495,0.000000
1075,0.838795,0.009260,16.029139,1.849395,0.000000
1076,0.844112,-0.002948,20.443441,1.858037,-0.000000
1077,0.844721,0.004275,33.789227,1.858422,-0.000000
1078,0.844235,0.010985,36.329964,1.859003,0.000000
1079,0.842769,0.000928,28.502279,1.865515,0.000000
1080,0.843393,0.013389,34.158065,1.863684,0.000000
1081,0.842777,0.007936,34.045847,1.869081,0.000000
1082,0.840926,0.017731,8.695272,1.869673,-0.000000
1083,0.843744,0.105690,7.956166,1.844712,-0.000000
1084,0.834515,0.036022,11.578315,1.813599,-0.000000
1085,0.828437,0.048298,14.243026,1.782625,0.000000
1086,0.836776,0.032417,12.051220,1.761823,0.000000
1087,0.839532,0.043125,36.142173,1.748510,0.000000
1088,0.844536,-0.004412,19.844732,1.751628,-0.000000
1089,0.846001,0.002766,28.306339,1.761486,-0.000000
1090,0.842502,0.005011,28.398800,1.787222,0.000000
1091,0.844116,0.026101,25.277471,1.819531,-0.000000
1092,0.841457,0.003515,21.141230,1.836955,-0.000000
1093,0.843903,0.054159,24.280072,1.855707,0.000000
1094,0.848578,0.056340,12.810626,1.854614,0.000000
1095,0.847042,0.010125,8.602605,1.850210,0.000000
1096,0.845476,0.040914,12.793158,1.848290,-0.000000
1097,0.849498,0.037125,32.722829,1.846639,-0.000000
1098,0.846068,0.009817,28.618806,1.849282,0.000000
1099,0.846739,0.186200,20.286510,1.851847,0.000000
1100,0.846372,0.139157,20.982839,1.866813,-0.000000
1101,0.846849,0.063471,6.415867,1.858460,0.000000
1102,0.843092,0.037116,5.948702,1.825354,-0.000000
1103,0.848938,0.005154,26.676427,1.811882,0.000000
1104,0.847672,0.015077,14.027610,1.810368,-0.000000
1105,0.846405,0.018140,27.551595,1.806423,0.000000
1106,0.851578,0.192523,43.478419,1.801978,0.000000
1107,0.849513,0.081114,26.479986,1.791977,0.000000
1108,0.848554,0.010211,43.010198,1.773800,0.000000
1109,0.849635,0.007397,31.887940,1.772454,-0.000000
1110,0.855952,0.007703,45.734038,1.772623,-0.000000
1111,0.852469,0.075883,22.674000,1.783715,0.000000
1112,0.849638,-0.003275,16.677875,1.801999,-0.000000
1113,0.847819,0.033497,11.586413,1.812887,-0.000000
1114,0.848677,0.065642,40.962765,1.812929,-0.000000
1115,0.846004,0.158283,56.507526,1.819141,-0.000000
1116,0.850823,-0.000315,48.795782,1.844467,0.000000
1117,0.850503,0.005925,28.182478,1.862027,-0.000000
1118,0.847925,0.011210,46.869631,1.861544,-0.000000
1119,0.850745,0.009344,39.397031,1.859191,0.000000
1120,0.849388,-0.002794,38.305091,1.865003,0.000000
1121,0.851793,0.011279,32.126835,1.879346,-0.000000
1122,0.850132,0.022849,41.835250,1.882797,0.000000
1123,0.853111,0.003280,50.541476,1.889768,-0.000000
1124,0.852555,0.021630,49.036531,1.899531,-0.000000
1125,0.853229,0.029711,47.874438,1.912021,0.000000
1126,0.851847,0.036477,51.959067,1.914924,0.000000
1127,0.855385,0.008034,49.759271,1.928907,0.000000
1128,0.853952,0.001753,51.287255,1.936095,0.000000
1129,0.851996,0.022626,46.271808,1.931021,-0.000000
1130,0.857198,0.024794,45.512515,1.925705,-0.000000
1131,0.857075,0.020559,49.384753,1.909695,0.000000
1132,0.856116,0.041483,40.197700,1.891672,-0.000000
1133,0.855171,0.011932,41.935853,1.891035,0.000000
1134,0.854568,0.618870,44.983926,1.892537,0.000000
1135,0.854145,0.023980,43.448771,1.903419,-0.000000
1136,0.856350,0.017287,44.620035,1.917721,0.000000
1137,0.855143,0.026215,46.024996,1.917094,0.000000
1138,0.853990,0.019137,43.542975,1.901091,0.000000
1139,0.854885,0.023970,43.931857,1.879729,0.000000
1140,0.856465,0.003981,39.630979,1.872847,-0.000000
1141,0.857609,0.018014,27.865036,1.872849,-0.000000
1142,0.855112,0.045690,25.570194,1.851248,-0.000000
1143,0.845135,-0.001455,44.084125,1.846047,0.000000
1144,0.847315,0.011922,48.808169,1.850401,0.000000
1145,0.842359,0.016917,48.888900,1.849232,0.000000
1146,0.847467,0.250516,45.083891,1.855242,-0.000000
1147,0.846080,0.002665,43.491280,1.846716,0.000000
1148,0.848725,0.032334,32.925810,1.829426,0.000000
1149,0.834952,0.004355,27.371812,1.828602,-0.000000
1150,0.848267,0.020892,36.513608,1.839640,-0.000000
1151,0.850615,0.180574,41.641187,1.851158,0.000000
1152,0.851111,0.042938,23.594840,1.854683,-0.000000
1153,0.846006,0.002832,48.901835,1.856423,-0.000000
1154,0.847544,0.000786,28.018893,1.869001,-0.000000
1155,0.847229,0.032037,51.183464,1.868858,-0.000000
1156,0.842777,0.030976,43.367804,1.856030,0.000000
1157,0.849262,0.000784,38.394284,1.860910,-0.000000
1158,0.846493,0.010988,47.555994,1.889178,0.000000
1159,0.841250,-0.001242,51.240961,1.918055,-0.000000
1160,0.817948,0.008938,49.546189,1.927500,-0.000000
1161,0.846725,0.027881,39.846377,1.917272,0.000000
1162,0.841161,0.033454,25.044689,1.914132,0.000000
1163,0.837476,0.044340,20.145647,1.916665,0.000000
1164,0.833499,0.008688,21.593917,1.908887,0.000000
1165,0.837695,0.006180,23.585603,1.893460,-0.000000
1166,0.845345,0.000842,39.710194,1.899940,0.000000
1167,0.843890,0.066036,34.197229,1.905512,-0.000000
1168,0.844180,0.027585,40.907738,1.889967,-0.000000
1169,0.840004,0.025122,47.210022,1.878452,0.000000
1170,0.837497,0.030489,35.800480,1.876728,0.000000
1171,0.822793,0.017080,35.657988,1.863666,-0.000000
1172,0.737123,0.035081,42.541622,1.848353,0.000000
1173,0.710692,0.092826,32.813738,1.843589,0.000000
1174,0.828167,0.180176,30.139610,1.842411,0.000000
1175,0.845593,0.012741,26.679165,1.840291,0.000000
1176,0.835967,0.029188,32.276356,1.833641,0.000000
1177,0.841713,0.142406,37.591405,1.822555,0.000000
1178,0.843761,0.006668,53.188548,1.812851,0.000000
1179,0.843536,0.016417,43.762537,1.810450,-0.000000
1180,0.821844,0.028047,40.709546,1.801951,-0.000000
1181,0.850848,0.030312,35.091253,1.803410,-0.000000
1182,0.843653,0.299962,35.522379,1.806558,0.000000
1183,0.848715,0.016252,47.751142,1.795417,-0.000000
1184,0.849574,0.002408,42.355969,1.787593,0.000000
1185,0.851805,-0.000200,45.864003,1.797555,-0.000000
1186,0.851472,0.009293,58.957835,1.803090,-0.000000
1187,0.846749,0.004741,53.886722,1.802469,-0.000000
1188,0.844539,0.016891,56.267218,1.800211,0.000000
1189,0.846217,0.001979,53.568057,1.796868,0.000000
1190,0.845579,0.013615,40.299608,1.796333,-0.000000
1191,0.839233,0.004955,51.641355,1.797541,-0.000000
1192,0.844814,0.040377,47.878621,1.804165,0.000000
1193,0.844845,0.007842,48.392233,1.798979,-0.000000
1194,0.793028,0.023944,57.241502,1.807324,0.000000
1195,0.844721,0.022957,50.543074,1.825257,0.000000
1196,0.842822,0.003648,52.280679,1.846178,0.000000
1197,0.840659,0.008262,48.406905,1.862086,0.000000
1198,0.798931,0.011422,49.828796,1.872052,-0.000000
1199,0.843096,0.009248,45.336853,1.874685,-0.000000
1200,0.843437,0.064704,50.095055,1.874769,-0.000000
1201,0.827778,0.025559,46.432081,1.875076,0.000000
1202,0.845265,0.015359,43.987266,1.869574,-0.000000
1203,0.845020,0.025741,44.098022,1.857193,0.000000
1204,0.845384,0.083312,54.418216,1.845535,0.000000
1205,0.846920,0.064636,52.062317,1.836253,0.000000
1206,0.842974,0.040394,49.882737,1.848533,-0.000000
1207,0.845827,0.000585,46.410916,1.863311,-0.000000
1208,0.846876,0.011275,47.111044,1.871759,0.000000
1209,0.848817,0.003904,43.709936,1.874735,-0.000000
1210,0.826244,0.179430,45.221334,1.879633,-0.000000
1211,0.767313,0.023128,52.087853,1.870061,0.000000
1212,0.836966,0.145664,48.711048,1.866420,-0.000000
1213,0.840732,1.795676,46.723964,1.872587,-0.000000
1214,0.841429,0.013021,46.145036,1.858157,-0.000000
1215,0.827957,0.046573,40.764174,1.850292,0.000000
1216,0.844546,0.001095,44.647706,1.867564,-0.000000
1217,0.844932,0.052091,43.707711,1.878194,0.000000
1218,0.827917,0.081553,41.111946,1.873746,0.000000
1219,0.847912,0.066482,44.184050,1.873655,-0.000000
1220,0.842099,0.020135,43.162734,1.870313,-0.000000
1221,0.838030,0.024016,42.802830,1.867009,-0.000000
1222,0.820640,0.005969,40.159458,1.862773,0.000000
1223,0.841915,1.056478,43.563207,1.855903,0.000000
1224,0.846382,0.009314,42.541834,1.857105,0.000000
1225,0.841107,-0.002917,41.580622,1.859925,0.000000
1226,0.844072,0.002994,40.757854,1.886310,-0.000000
1227,0.847846,0.036705,45.978649,1.908470,0.000000
1228,0.842642,0.002313,43.583081,1.905675,0.000000
1229,0.849545,0.010583,41.007257,1.910047,0.000000
1230,0.843601,0.059074,50.522776,1.898118,-0.000000
1231,0.825353,0.013415,41.720846,1.887559,-0.000000
1232,0.840233,0.027776,46.591996,1.882275,-0.000000
1233,0.843399,0.002414,43.006895,1.893101,-0.000000
1234,0.843431,0.026455,35.628244,1.890926,0.000000
1235,0.821854,0.022178,45.662684,1.880140,0.000000
1236,0.843766,0.008043,52.261516,1.877867,0.000000
1237,0.842027,0.000792,49.880889,1.868818,-0.000000
1238,0.842402,0.003210,43.281901,1.863586,-0.000000
1239,0.847211,0.107327,40.086118,1.855009,0.000000
1240,0.828362,0.014895,38.083176,1.848081,-0.000000
1241,0.848366,0.031397,35.000998,1.845976,-0.000000
1242,0.843051,0.008083,45.838264,1.858016,-0.000000
1243,0.839017,-0.005875,39.744967,1.887586,0.000000
1244,0.840057,0.000330,45.900771,1.921681,0.000000
1245,0.836874,0.026218,30.010496,1.949358,0.000000
1246,0.779248,0.033502,62.577549,1.950638,-0.000000
1247,0.789225,0.070042,45.406465,1.959271,0.000000
1248,0.774823,0.029256,50.407117,1.945836,0.000000
1249,0.767102,0.023259,46.963807,1.932777,0.000000
1250,0.840503,0.069137,43.326085,1.931338,0.000000
1251,0.834009,0.042928,42.372803,1.935103,0.000000
1252,0.766499,0.066637,42.765984,1.929469,0.000000
1253,0.717183,3.590669,34.987867,1.907634,-0.000000
1254,0.820277,0.026834,34.422790,1.892237,0.000000
1255,0.838570,0.004138,37.746689,1.893652,0.000000
1256,0.842198,0.004943,27.153757,1.907630,0.000000
1257,0.841736,0.018147,36.275170,1.923864,-0.000000
1258,0.842724,0.005882,39.090595,1.933499,-0.000000
1259,0.840102,0.069634,43.033661,1.939099,0.000000
1260,0.842235,0.086778,40.711583,1.920868,0.000000
1261,0.835021,0.074244,45.646260,1.914790,-0.000000
1262,0.784161,0.143069,46.387504,1.926227,-0.000000
1263,0.834536,0.003848,53.985319,1.939784,-0.000000
1264,0.838885,0.041586,47.962473,1.942671,0.000000
1265,0.816968,0.009299,40.539764,1.936807,-0.000000
1266,0.839323,0.008588,43.961696,1.927131,-0.000000
1267,0.845336,0.090237,41.670369,1.923256,0.000000
1268,0.839173,-0.000451,38.188511,1.935746,-0.000000
1269,0.837560,0.002414,46.946012,1.944178,0.000000
1270,0.835698,0.005035,42.278435,1.941505,0.000000
1271,0.839707,0.003678,45.757224,1.953939,-0.000000
1272,0.833536,0.028576,45.456115,1.950756,0.000000
1273,0.840605,0.046199,40.914904,1.941521,0.000000
1274,0.842031,0.001459,36.733204,1.948814,-0.000000
1275,0.836848,0.005985,37.919868,1.955426,0.000000
1276,0.837618,0.018749,39.850094,1.952693,-0.000000
1277,0.840962,0.006000,36.638585,1.966680,0.000000
1278,0.841967,0.190913,31.256292,1.977567,-0.000000
1279,0.838236,0.003005,43.601184,1.977112,0.000000
1280,0.822936,-0.000984,26.044732,1.985732,0.000000
1281,0.842150,0.010382,33.942896,1.984330,-0.000000
1282,0.846357,0.009591,41.646225,1.991608,0.000000
1283,0.844077,0.054179,29.812691,2.004821,-0.000000
1284,0.847599,0.251329,32.139860,1.997573,0.000000
1285,0.848663,0.016555,35.138684,2.000715,-0.000000
1286,0.836110,0.101789,36.874724,1.991422,-0.000000
1287,0.844876,0.018107,48.660846,1.973778,-0.000000
1288,0.845436,0.010221,43.088725,1.966455,0.000000
1289,0.840619,0.072046,25.726269,1.956610,-0.000000
1290,0.839360,0.082087,21.650481,1.951881,-0.000000
1291,0.841496,0.018116,29.189300,1.950045,0.000000
1292,0.833292,0.021579,26.428679,1.955391,0.000000
1293,0.841036,0.002664,31.013818,1.951222,0.000000
1294,0.848252,0.128359,46.342870,1.930606,0.000000
1295,0.837509,0.001148,43.789091,1.923170,0.000000
1296,0.838967,0.008283,52.030845,1.943994,0.000000
1297,0.840960,0.006252,31.243266,1.951286,0.000000
1298,0.835103,0.030953,52.375913,1.949659,0.000000
1299,0.833610,0.029407,55.372553,1.948783,0.000000
1300,0.831336,-0.002205,50.211178,1.940989,0.000000
1301,0.837847,0.012179,50.822076,1.947794,0.000000
1302,0.826739,0.141086,46.568211,1.957762,-0.000000
1303,0.802505,0.048773,41.385450,1.948930,-0.000000
1304,0.814685,0.032365,32.575218,1.942877,-0.000000
1305,0.835259,0.160478,31.925870,1.938034,0.000000
1306,0.779246,0.022190,28.733932,1.932686,-0.000000
1307,0.828113,1.511186,27.098016,1.923934,0.000000
1308,0.832529,0.026866,25.489404,1.905800,-0.000000
1309,0.833646,0.008024,36.178435,1.909410,-0.000000
1310,0.838644,0.043449,52.376124,1.916093,0.000000
1311,0.843478,0.001083,50.248184,1.913719,-0.000000
1312,0.837580,0.001403,49.865496,1.912808,0.000000
1313,0.836777,0.013169,50.985761,1.925909,0.000000
1314,0.836513,0.031975,49.655781,1.920429,-0.000000
1315,0.835545,0.024737,36.862159,1.898783,-0.000000
1316,0.793391,0.023351,34.358335,1.893456,-0.000000
1317,0.794546,0.033371,49.008063,1.892242,0.000000
1318,0.839777,0.010634,49.236876,1.884679,-0.000000
1319,0.842016,0.020908,44.289750,1.877505,0.000000
1320,0.831589,0.020979,33.548946,1.871295,0.000000
1321,0.850555,0.058249,38.081050,1.874980,0.000000
1322,0.842719,0.508210,40.794205,1.871741,0.000000
1323,0.848552,0.292748,42.066423,1.866934,-0.000000
1324,0.845687,0.006605,41.564432,1.876634,0.000000
1325,0.845751,-0.002529,41.334649,1.894706,0.000000
1326,0.839364,0.090940,28.508845,1.891576,0.000000
1327,0.785219,0.015347,37.865198,1.872461,-0.000000
1328,0.820607,0.007332,30.760680,1.855499,0.000000
1329,0.840847,0.007180,41.842159,1.855769,-0.000000
1330,0.843475,0.007090,44.424727,1.885918,-0.000000
1331,0.841638,-0.001340,46.443885,1.909075,0.000000
1332,0.840131,0.043621,38.549113,1.929924,0.000000
1333,0.835823,0.014419,48.053377,1.939502,0.000000
1334,0.842095,0.006166,46.600330,1.957434,0.000000
1335,0.839080,0.010507,45.683670,1.962872,0.000000
1336,0.837777,0.038694,42.692058,1.960031,0.000000
1337,0.838365,0.009074,51.039759,1.975857,-0.000000
1338,0.839609,0.010054,58.484913,1.992627,0.000000
1339,0.840689,0.046460,51.936455,2.003417,0.000000
1340,0.838701,0.070990,48.693460,2.010718,0.000000
1341,0.835029,0.023123,47.515270,2.009135,-0.000000
1342,0.831662,0.009541,55.404939,2.004841,-0.000000
1343,0.833828,0.011167,53.600606,2.000949,-0.000000
1344,0.836693,0.008605,47.460402,1.993334,0.000000
1345,0.822119,0.017358,44.315429,1.976041,-0.000000
1346,0.840718,0.018360,51.283686,1.972117,0.000000
1347,0.842513,0.012676,54.743975,1.991722,0.000000
1348,0.834422,0.056225,50.035854,2.001409,0.000000
1349,0.838282,0.026788,44.456096,2.013017,-0.000000
1350,0.843012,0.033780,44.172620,2.018512,-0.000000
1351,0.834741,0.094942,37.928694,2.004194,0.000000
1352,0.836022,0.028621,38.827243,1.998198,0.000000
1353,0.835988,0.063898,52.010699,2.007395,0.000000
1354,0.834375,0.100397,49.798327,2.015934,0.000000
1355,0.843356,0.053906,53.872066,2.008835,0.000000
1356,0.814604,0.030494,49.548186,1.998966,0.000000
1357,0.844654,0.007157,43.574761,1.994052,0.000000
1358,0.842819,0.025215,33.851502,1.980080,-0.000000
1359,0.834879,0.167036,49.167107,1.968305,0.000000
1360,0.839426,0.094607,27.289702,1.961884,-0.000000
1361,0.832779,0.171318,35.185664,1.946233,-0.000000
1362,0.834780,0.020367,52.893459,1.942178,-0.000000
1363,0.791800,0.031977,51.700730,1.941374,0.000000
1364,0.787384,0.029116,47.602455,1.936636,-0.000000
1365,0.820042,0.136687,37.311766,1.926306,-0.000000
1366,0.837375,0.032127,43.687531,1.916480,-0.000000
1367,0.840277,0.035686,48.340748,1.921489,0.000000
1368,0.834764,0.030367,41.845200,1.923017,0.000000
1369,0.831724,0.014984,44.123130,1.921355,0.000000
1370,0.789432,0.036100,44.607854,1.920176,-0.000000
1371,0.817238,0.139157,34.979310,1.917190,0.000000
1372,0.838049,0.030608,32.992046,1.916912,0.000000
1373,0.840125,0.004769,33.033334,1.920201,0.000000
1374,0.843187,0.221839,41.115640,1.924767,-0.000000
1375,0.837995,0.078693,38.896831,1.944565,0.000000
1376,0.837206,0.103152,46.740198,1.980761,-0.000000
1377,0.788463,0.008327,49.032290,2.006968,0.000000
1378,0.834636,0.006519,45.206956,2.015908,-0.000000
1379,0.837550,0.014980,44.657015,2.000465,-0.000000
1380,0.834064,0.414088,36.961190,2.003465,-0.000000
1381,0.780879,0.202694,49.787980,2.024994,0.000000
1382,0.827610,0.018473,50.106072,2.015610,-0.000000
1383,0.832215,-0.001047,39.968706,2.005168,-0.000000
1384,0.811172,0.070874,47.145708,1.999132,-0.000000
1385,0.836513,0.009586,48.190310,1.982620,0.000000
1386,0.834347,0.018488,45.564656,1.975617,0.000000
1387,0.826173,0.030047,42.699359,1.968514,-0.000000
1388,0.834394,0.029749,38.610055,1.955132,-0.000000
1389,0.835715,0.030952,45.661243,1.940564,0.000000
1390,0.834834,0.084074,39.205497,1.940557,0.000000
1391,0.835860,0.041345,43.014674,1.944258,-0.000000
1392,0.837664,0.007728,47.245910,1.942021,-0.000000
1393,0.836496,0.021617,43.461938,1.953284,0.000000
1394,0.835712,0.013850,43.125863,1.948150,0.000000
1395,0.838162,0.042148,40.900716,1.927203,0.000000
1396,0.839250,0.029412,46.442848,1.905715,-0.000000
1397,0.755153,0.006208,37.069849,1.889897,-0.000000
1398,0.816417,0.237869,37.170706,1.880091,0.000000
1399,0.842475,0.023177,43.865418,1.889856,-0.000000
1400,0.840698,0.048822,46.462382,1.892069,-0.000000
1401,0.820444,0.007801,43.060551,1.882718,0.000000
1402,0.763430,0.056265,40.374729,1.872740,-0.000000
1403,0.826784,0.193179,39.545004,1.859308,0.000000
1404,0.840657,0.022046,44.220193,1.859890,-0.000000
1405,0.846041,0.059391,40.261483,1.863800,-0.000000
1406,0.824168,0.038863,36.231221,1.859833,0.000000
1407,0.844312,0.011485,45.553430,1.882904,-0.000000
1408,0.841649,0.009799,40.112119,1.907402,-0.000000
1409,0.829126,0.303923,27.090067,1.889276,-0.000000
1410,0.842563,0.020923,38.852975,1.863962,-0.000000
1411,0.839237,0.017600,46.151034,1.854137,0.000000
1412,0.843076,0.005548,40.742024,1.853387,0.000000
1413,0.848452,0.005699,43.341035,1.852562,0.000000
1414,0.839296,0.006826,43.913840,1.839520,-0.000000
1415,0.837135,0.016963,41.791343,1.831928,0.000000
1416,0.827556,0.036374,41.257509,1.824806,0.000000
1417,0.844130,0.178203,44.130483,1.820620,0.000000
1418,0.841275,0.087900,44.551291,1.813169,-0.000000
1419,0.844834,0.008272,46.954513,1.804358,0.000000
1420,0.828961,0.009915,34.861402,1.810303,0.000000
1421,0.848950,0.005301,43.487441,1.825623,0.000000
1422,0.847179,0.044359,47.773220,1.839236,-0.000000
1423,0.845772,0.005126,44.505382,1.855028,0.000000
1424,0.846531,0.246430,50.968335,1.861974,-0.000000
1425,0.848148,0.005961,46.663402,1.875002,-0.000000
1426,0.849788,0.031508,35.471321,1.886201,-0.000000
1427,0.849008,0.013126,33.206309,1.885471,0.000000
1428,0.848810,0.008929,45.655651,1.876674,-0.000000
1429,0.844039,0.001218,46.957364,1.860559,-0.000000
1430,0.832607,0.074403,42.140608,1.861427,-0.000000
1431,0.841211,0.018761,46.354399,1.865711,-0.000000
1432,0.842673,0.140551,45.924126,1.871651,0.000000
1433,0.848115,0.046691,46.346474,1.879123,-0.000000
1434,0.788011,0.008224,60.426714,1.883882,0.000000
1435,0.770280,0.318697,46.263912,1.871012,0.000000
1436,0.831188,0.017916,44.422877,1.849476,0.000000
1437,0.843276,0.045980,44.693075,1.835080,-0.000000
1438,0.843852,0.050161,45.904294,1.835310,-0.000000
1439,0.826348,0.001408,43.172527,1.840501,-0.000000
1440,0.840312,0.097631,35.157489,1.837285,0.000000
1441,0.843449,0.005097,36.651894,1.825920,-0.000000
1442,0.847605,0.005939,35.163910,1.812206,-0.000000
1443,0.847254,0.030515,35.769032,1.799920,0.000000
1444,0.795595,0.012554,43.477877,1.788574,0.000000
1445,0.843325,0.013267,49.252865,1.777028,0.000000
1446,0.843230,0.121089,42.140941,1.774083,0.000000
1447,0.839215,0.053891,35.929357,1.766351,-0.000000
1448,0.844553,0.070173,50.008886,1.756115,-0.000000
1449,0.847300,0.062810,40.810079,1.755993,-0.000000
1450,0.847208,0.009359,54.450172,1.764025,0.000000
1451,0.847964,0.106681,45.416912,1.767504,-0.000000
1452,0.844470,0.025925,42.719323,1.766404,0.000000
1453,0.802056,0.125483,50.930313,1.783726,0.000000
1454,0.845432,0.213936,49.812349,1.801904,0.000000
1455,0.837398,0.010142,41.107185,1.796169,0.000000
1456,0.846520,0.011344,45.417782,1.795624,-0.000000
1457,0.842387,0.000691,49.071549,1.792653,-0.000000
1458,0.846771,-0.001130,41.773184,1.788635,0.000000
1459,0.843817,0.007216,43.277839,1.793794,-0.000000
1460,0.843142,0.065709,38.246850,1.785526,0.000000
1461,0.843510,0.157718,40.883558,1.787625,-0.000000
1462,0.850996,0.017595,43.124909,1.798643,0.000000
1463,0.842222,0.025200,41.697729,1.794909,0.000000
1464,0.842709,0.031053,37.246657,1.795414,-0.000000
1465,0.824531,0.078921,33.437615,1.785752,0.000000
1466,0.842593,0.100497,28.614970,1.773458,-0.000000
1467,0.841673,0.008793,24.951731,1.764301,0.000000
1468,0.846865,0.005420,20.138044,1.758409,0.000000
1469,0.841853,0.007057,37.502876,1.754050,0.000000
1470,0.845547,0.010432,47.349728,1.747908,0.000000
1471,0.844412,0.003507,50.336665,1.743315,-0.000000
1472,0.845112,-0.003534,40.662269,1.751011,-0.000000
1473,0.846795,0.033691,44.051816,1.765026,-0.000000
1474,0.847355,0.016061,38.184635,1.763560,-0.000000
1475,0.853232,0.024348,42.756528,1.771158,0.000000
1476,0.845314,0.007586,42.063869,1.783845,0.000000
1477,0.844688,0.015432,37.156361,1.777789,0.000000
1478,0.845688,0.005812,23.783586,1.773883,-0.000000
1479,0.846340,0.008876,25.887963,1.767572,0.000000
1480,0.839679,0.008460,26.440684,1.752585,-0.000000
1481,0.845287,0.020103,30.898359,1.744622,-0.000000
1482,0.843896,0.004619,18.003454,1.723964,0.000000
1483,0.839449,0.013633,31.061858,1.721798,-0.000000
1484,0.842144,-0.006395,42.970451,1.750766,-0.000000
1485,0.852220,0.010435,51.751624,1.762565,-0.000000
1486,0.849457,0.010751,45.999180,1.765640,-0.000000
1487,0.807282,0.039889,56.764890,1.774827,-0.000000
1488,0.805614,0.123744,43.279372,1.781132,-0.000000
1489,0.851267,0.030750,39.528438,1.785903,-0.000000
1490,0.851533,0.035017,50.613485,1.795462,0.000000
1491,0.848952,0.032290,36.549399,1.808690,-0.000000
1492,0.834465,0.015752,30.166379,1.813931,-0.000000
1493,0.856496,0.013227,29.892700,1.814195,0.000000
1494,0.798888,-0.005758,40.960741,1.829487,-0.000000
1495,0.851485,0.014293,39.776739,1.829968,0.000000
1496,0.845210,0.041414,44.662954,1.810245,-0.000000
1497,0.851396,-0.001012,42.321922,1.822038,0.000000
1498,0.850808,-0.002728,47.192642,1.862809,-0.000000
1499,0.838460,0.016705,30.795492,1.882671,0.000000
1500,0.848465,0.217019,32.396468,1.876574,-0.000000
1501,0.851995,0.005349,34.383946,1.886858,0.000000
1502,0.831277,0.023133,29.251792,1.904454,0.000000
1503,0.824992,0.030108,30.282255,1.913389,0.000000
1504,0.844322,0.022876,46.294001,1.908897,0.000000
1505,0.845424,0.010278,46.827987,1.901402,0.000000
1506,0.835712,0.022058,48.176014,1.899751,-0.000000
1507,0.840859,0.015152,52.595675,1.920640,0.000000
1508,0.838244,0.026760,22.633215,1.924718,0.000000
1509,0.838159,0.166415,38.855989,1.901326,0.000000
1510,0.842781,0.039972,20.124395,1.868879,0.000000
1511,0.837292,0.024916,30.024926,1.851840,0.000000
1512,0.835856,0.076556,22.658144,1.850710,0.000000
1513,0.836005,0.057424,22.285050,1.833714,0.000000
1514,0.838690,0.026821,15.599804,1.799440,0.000000
1515,0.839561,0.024014,23.820452,1.774475,-0.000000
1516,0.836551,0.021071,24.597651,1.768084,-0.000000
1517,0.832300,0.018395,28.442093,1.753265,0.000000
1518,0.806911,0.083338,30.403757,1.742845,0.000000
1519,0.837345,0.466026,38.408908,1.732112,0.000000
1520,0.839547,0.010201,38.374898,1.731790,0.000000
1521,0.840465,0.002589,38.679843,1.737209,0.000000
1522,0.846272,-0.003470,44.886836,1.762854,0.000000
1523,0.845614,-0.003620,41.366952,1.799138,0.000000
1524,0.847365,0.003448,33.973588,1.835009,-0.000000
1525,0.845428,0.031640,19.039993,1.839362,-0.000000
1526,0.850977,0.108388,21.218389,1.831017,-0.000000
1527,0.839026,0.018514,13.416461,1.819549,-0.000000
1528,0.837604,0.087400,10.226057,1.802829,-0.000000
1529,0.805987,0.031086,11.060339,1.790776,0.000000
1530,0.840519,0.013451,13.401840,1.779331,-0.000000
1531,0.839879,0.010520,19.670321,1.776630,0.000000
1532,0.844571,0.015179,30.130146,1.772713,0.000000
1533,0.846209,0.076623,48.995144,1.766554,-0.000000
1534,0.845081,0.016323,47.173276,1.773088,0.000000
1535,0.840893,0.019001,58.508480,1.781688,0.000000
1536,0.850828,-0.000174,56.580389,1.789418,-0.000000
1537,0.849855,0.028211,54.080259,1.801154,-0.000000
1538,0.848202,0.008952,55.901070,1.810581,0.000000
1539,0.848953,0.052689,45.961470,1.823445,0.000000
1540,0.849848,0.015013,47.092369,1.836415,-0.000000
1541,0.845407,0.007994,43.948326,1.833547,0.000000
1542,0.842243,0.007058,40.001964,1.822380,-0.000000
1543,0.844404,0.015251,38.455855,1.805855,-0.000000
1544,0.826993,-0.005349,39.061182,1.813286,0.000000
1545,0.833899,0.039793,44.018101,1.818764,-0.000000
1546,0.843819,0.041775,48.323056,1.813065,0.000000
1547,0.843702,0.432544,43.702712,1.812754,-0.000000
1548,0.830442,0.013249,47.290606,1.814396,-0.000000
1549,0.844685,0.015165,40.686281,1.806887,0.000000
1550,0.841723,0.341274,43.446122,1.802393,0.000000
1551,0.840527,0.056520,43.719772,1.798916,-0.000000
1552,0.753067,0.031348,54.983646,1.795689,0.000000
1553,0.836195,0.010688,32.000153,1.803133,-0.000000
1554,0.823331,0.010663,42.236577,1.827172,-0.000000
1555,0.782523,0.011284,45.638588,1.845421,0.000000
1556,0.818298,0.028852,36.145634,1.844656,-0.000000
1557,0.838725,0.009851,43.522486,1.841311,-0.000000
1558,0.837362,0.100611,42.246772,1.839875,0.000000
1559,0.722766,0.007022,45.665990,1.839575,-0.000000
1560,0.788623,0.015864,43.100084,1.825061,0.000000
1561,0.841473,0.017035,21.926988,1.795333,0.000000
1562,0.836901,0.047993,38.699640,1.778787,-0.000000
1563,0.822777,-0.001124,42.058642,1.788163,0.000000
1564,0.844447,0.000332,43.220217,1.805994,-0.000000
1565,0.848047,0.012930,52.417766,1.817518,-0.000000
1566,0.842817,0.032949,53.704299,1.811151,0.000000
1567,0.845871,0.019067,48.893057,1.800872,-0.000000
1568,0.845128,0.057170,50.957622,1.799325,0.000000
1569,0.848082,-0.001316,43.382959,1.807885,0.000000
1570,0.826220,0.034763,35.066509,1.807438,-0.000000
1571,0.842491,0.353228,40.620446,1.802842,0.000000
1572,0.842925,0.011349,46.920611,1.789345,-0.000000
1573,0.805048,-0.003317,50.311115,1.780373,-0.000000
1574,0.847706,0.007126,49.125241,1.788034,0.000000
1575,0.843987,0.176762,48.059994,1.784234,0.000000
1576,0.844439,0.006268,48.659232,1.779055,0.000000
1577,0.844076,0.025354,43.909863,1.768326,0.000000
1578,0.845686,0.112601,49.165699,1.756613,-0.000000
1579,0.842867,0.008883,45.504537,1.745773,0.000000
1580,0.846966,0.038508,46.996717,1.732703,0.000000
1581,0.842697,0.002776,52.977922,1.720949,-0.000000
1582,0.842472,-0.001751,46.226600,1.734976,0.000000
1583,0.843904,0.008801,51.699157,1.752209,0.000000
1584,0.842991,-0.004530,48.718966,1.755001,-0.000000
1585,0.844050,0.014638,51.350055,1.756514,-0.000000
1586,0.842754,0.003631,51.015056,1.757464,0.000000
1587,0.842390,0.002616,46.865148,1.760711,0.000000
1588,0.841996,0.040006,41.526254,1.769140,-0.000000
1589,0.845478,0.007102,47.431859,1.773236,-0.000000
1590,0.844327,0.020999,49.749199,1.767706,0.000000
1591,0.841655,0.006063,45.590610,1.759532,-0.000000
1592,0.839952,0.019002,47.328255,1.764828,-0.000000
1593,0.838032,0.020157,39.999311,1.771004,0.000000
1594,0.836276,-0.001773,40.454477,1.770653,-0.000000
1595,0.842360,0.026514,54.590341,1.770970,0.000000
1596,0.833720,0.015489,47.892772,1.774506,0.000000
1597,0.840620,0.031685,51.661736,1.775873,0.000000
1598,0.836097,0.005719,50.078218,1.769448,0.000000
1599,0.839109,-0.001639,44.961519,1.765396,-0.000000
1600,0.841071,0.054338,42.965245,1.766033,0.000000
1601,0.841258,0.004554,44.421604,1.766896,-0.000000
1602,0.843194,-0.002130,43.576416,1.791601,0.000000
1603,0.841027,-0.000219,42.319279,1.823346,0.000000
1604,0.841974,-0.000452,49.438149,1.849260,-0.000000
1605,0.841724,0.007633,41.867331,1.869843,0.000000
1606,0.841578,-0.002012,51.979282,1.889377,0.000000
1607,0.842641,0.024496,50.783743,1.922732,0.000000
1608,0.841510,0.003126,47.346271,1.936138,0.000000
1609,0.842413,0.006624,47.676147,1.936652,-0.000000
1610,0.836864,0.000674,49.665862,1.932184,-0.000000
1611,0.839430,0.038202,43.657030,1.933170,0.000000
1612,0.836139,0.014614,42.303467,1.937442,-0.000000
1613,0.833728,-0.001243,48.670497,1.938959,0.000000
1614,0.830107,0.005934,51.309998,1.925000,0.000000
1615,0.815771,0.047501,43.649431,1.903527,0.000000
1616,0.839512,0.010942,45.581745,1.892033,0.000000
1617,0.835332,0.004104,46.395868,1.901578,-0.000000
1618,0.830783,0.013559,42.870721,1.921264,0.000000
1619,0.785285,0.104473,52.291597,1.928343,0.000000
1620,0.827074,0.104452,44.017229,1.927181,0.000000
1621,0.788196,0.025960,50.557109,1.902942,0.000000
1622,0.832197,0.031162,49.720394,1.895309,0.000000
1623,0.827213,0.106340,46.280887,1.905028,-0.000000
1624,0.827883,0.005687,45.153877,1.914503,0.000000
1625,0.829214,0.036777,43.588695,1.923999,-0.000000
1626,0.801420,0.130177,45.280983,1.928530,-0.000000
1627,0.827563,0.010101,40.665633,1.929857,0.000000
1628,0.832514,0.005339,40.759703,1.919209,-0.000000
1629,0.807436,0.009425,44.677385,1.903549,0.000000
1630,0.830052,0.006079,44.790106,1.900544,0.000000
1631,0.835143,0.006000,38.908174,1.905327,-0.000000
1632,0.817272,0.000291,37.553918,1.896354,0.000000
1633,0.812394,0.026297,38.708683,1.874825,0.000000
1634,0.828227,0.014108,40.386054,1.870208,0.000000
1635,0.828672,0.002885,35.900909,1.871226,-0.000000
1636,0.809929,0.010955,39.820020,1.863619,-0.000000
1637,0.827446,-0.001448,34.970850,1.878901,-0.000000
1638,0.823485,0.018765,35.567039,1.901935,-0.000000
1639,0.824828,0.035007,32.868448,1.897942,0.000000
1640,0.797599,0.010872,36.011152,1.894078,0.000000
1641,0.802635,0.045797,38.823990,1.899870,-0.000000
1642,0.824285,-0.001433,40.235928,1.906150,0.000000
1643,0.825766,0.012199,44.043070,1.902992,0.000000
1644,0.824173,0.025265,51.641023,1.905178,-0.000000
1645,0.825760,0.009353,39.917029,1.892929,0.000000
1646,0.820955,0.012500,35.093805,1.882410,0.000000
1647,0.814694,0.006063,53.648596,1.884245,-0.000000
1648,0.814025,0.001134,42.002358,1.899109,0.000000
1649,0.816082,0.007915,45.011798,1.908667,0.000000
1650,0.818743,0.001689,29.171200,1.900369,-0.000000
1651,0.818845,0.023859,34.918037,1.907817,0.000000
1652,0.825633,0.009641,35.487640,1.933335,-0.000000
1653,0.825844,-0.000676,42.691330,1.943977,0.000000
1654,0.827841,0.004487,41.746449,1.947556,-0.000000
1655,0.832403,0.027099,37.080234,1.944468,-0.000000
1656,0.829443,0.177263,41.785145,1.939553,0.000000
1657,0.823466,0.014148,37.682275,1.927904,0.000000
1658,0.823207,0.043700,31.511820,1.916419,-0.000000
1659,0.825136,0.032101,23.580695,1.899774,0.000000
1660,0.826024,0.010320,29.106973,1.872166,0.000000
1661,0.822605,0.058762,19.348281,1.856860,0.000000
1662,0.822350,0.105903,23.614738,1.838791,0.000000
1663,0.826801,0.007608,20.977805,1.830918,0.000000
1664,0.820556,0.028123,29.948840,1.837570,0.000000
1665,0.828910,-0.000576,39.025467,1.839440,0.000000
1666,0.825535,0.000206,41.109159,1.841893,0.000000
1667,0.823520,0.008006,41.054895,1.839221,0.000000
1668,0.823202,0.009868,41.353232,1.830991,0.000000
1669,0.823173,0.012602,45.594585,1.823623,-0.000000
1670,0.824384,0.000249,49.305326,1.825058,0.000000
1671,0.827144,0.010778,42.315622,1.845359,0.000000
1672,0.819230,-0.004431,39.739984,1.863348,0.000000
1673,0.828331,0.028900,37.557822,1.855767,-0.000000
1674,0.825000,0.011699,43.665757,1.835060,0.000000
1675,0.820616,0.101028,40.739750,1.836053,0.000000
1676,0.819734,0.024734,43.517576,1.837336,0.000000
1677,0.820165,-0.001297,48.136754,1.845304,0.000000
1678,0.819408,0.012329,47.091848,1.852091,-0.000000
1679,0.818251,0.018187,45.381718,1.857827,-0.000000
1680,0.816669,0.012689,33.919349,1.869632,0.000000
1681,0.819768,0.002581,19.518949,1.878264,0.000000
1682,0.822345,0.031988,22.284202,1.888669,0.000000
1683,0.815888,0.020773,10.784735,1.882572,-0.000000
1684,0.825444,0.006451,17.354860,1.865085,0.000000
1685,0.823119,0.026096,9.704652,1.837856,-0.000000
1686,0.822245,0.117971,11.117955,1.817462,0.000000
1687,0.826108,0.009601,24.146554,1.811934,-0.000000
1688,0.823927,0.012882,16.191955,1.810054,0.000000
1689,0.827871,0.010658,42.781787,1.814709,-0.000000
1690,0.825924,0.024047,15.713752,1.819598,0.000000
1691,0.826148,0.022888,10.124692,1.797471,0.000000
1692,0.828694,-0.001511,17.568348,1.784959,-0.000000
1693,0.832190,0.000693,14.918395,1.787581,-0.000000
1694,0.829906,0.092481,8.106235,1.777126,-0.000000
1695,0.833022,0.038867,5.625611,1.763429,-0.000000
1696,0.829881,0.602110,3.589194,1.740731,-0.000000
1697,0.834189,0.003076,7.225371,1.728462,0.000000
1698,0.836652,0.132479,7.291207,1.719099,0.000000
1699,0.838003,0.048131,16.751691,1.707986,0.000000
1700,0.834993,0.011978,7.142449,1.703626,0.000000
1701,0.837129,0.019624,5.886978,1.695261,-0.000000
1702,0.834850,0.101812,2.768076,1.676284,-0.000000
1703,0.835704,0.004142,8.573559,1.651064,-0.000000
1704,0.837885,-0.000863,14.255111,1.648717,0.000000
1705,0.837293,0.004919,2.769539,1.649799,0.000000
1706,0.838059,0.016224,17.136311,1.650373,-0.000000
1707,0.834610,-0.003118,13.766257,1.653804,-0.000000
1708,0.836190,0.134043,6.959906,1.647527,-0.000000
1709,0.832023,0.013572,5.613486,1.622530,0.000000
1710,0.837983,0.005480,10.385630,1.617267,0.000000
1711,0.838391,-0.003519,24.833841,1.614194,-0.000000
1712,0.836739,0.031665,23.218748,1.611554,0.000000
1713,0.837891,0.758491,37.111865,1.621302,-0.000000
1714,0.835244,0.013759,34.222448,1.625004,0.000000
1715,0.839668,0.043388,44.170487,1.626087,0.000000
1716,0.840791,0.049578,17.809305,1.629331,0.000000
1717,0.842866,-0.001326,46.813658,1.642768,0.000000
1718,0.842581,-0.003029,21.520864,1.671369,0.000000
1719,0.838436,0.009010,44.982498,1.692269,0.000000
1720,0.837911,0.012586,43.566914,1.688947,0.000000
1721,0.839011,0.016799,43.008949,1.693060,-0.000000
1722,0.840441,0.000687,40.595232,1.700245,0.000000
1723,0.840050,0.100396,36.160415,1.700408,0.000000
1724,0.843862,0.027550,31.238397,1.707710,-0.000000
1725,0.836162,0.024245,21.622916,1.699954,-0.000000
1726,0.845195,0.003492,36.194645,1.683342,0.000000
1727,0.842260,-0.001821,26.952224,1.692609,0.000000
1728,0.845187,0.519905,28.935001,1.684140,0.000000
1729,0.839840,0.000950,22.266186,1.678820,-0.000000
1730,0.841551,0.010342,14.213744,1.671417,0.000000
1731,0.843364,0.026204,36.721865,1.646010,-0.000000
1732,0.841924,0.001177,25.579081,1.643384,0.000000
1733,0.840989,0.002788,37.311044,1.638305,-0.000000
1734,0.845982,0.004410,28.104655,1.641912,0.000000
1735,0.845284,-0.000446,25.095872,1.660008,0.000000
1736,0.842905,0.001255,29.338811,1.669211,0.000000
1737,0.848234,0.001501,17.908430,1.676607,-0.000000
1738,0.843922,0.010588,6.209143,1.676112,-0.000000
1739,0.843186,0.093840,9.480692,1.677611,0.000000
1740,0.845636,0.070847,5.618964,1.670717,-0.000000
1741,0.848819,0.036844,4.076360,1.655157,0.000000
1742,0.847416,0.007983,13.679648,1.665566,0.000000
1743,0.844764,-0.002404,7.964324,1.667935,0.000000
1744,0.846716,-0.002874,9.675017,1.673120,-0.000000
1745,0.843511,0.042494,7.758651,1.694848,-0.000000
1746,0.844361,0.245403,16.995570,1.715934,0.000000
1747,0.841955,0.006301,12.954893,1.720443,-0.000000
1748,0.842037,0.042245,5.348906,1.692855,0.000000
1749,0.839837,0.008229,8.894240,1.671708,-0.000000
1750,0.846446,0.010806,19.771839,1.674421,0.000000
1751,0.846224,0.014544,29.127686,1.686384,0.000000
1752,0.844892,0.014160,36.481799,1.696340,0.000000
1753,0.844605,0.005194,36.747623,1.709651,-0.000000
1754,0.841402,0.002354,19.416006,1.712171,-0.000000
1755,0.842976,0.034631,20.457352,1.700235,0.000000
1756,0.844866,0.004498,22.829008,1.694628,-0.000000
1757,0.843634,-0.000739,15.034313,1.690944,0.000000
1758,0.843214,-0.000066,36.344925,1.687602,-0.000000
1759,0.845279,0.370175,46.021911,1.690007,-0.000000
1760,0.843967,0.006974,51.267722,1.686718,-0.000000
1761,0.847341,0.022198,62.371258,1.676044,-0.000000
1762,0.849263,-0.000332,58.376355,1.679549,-0.000000
1763,0.848739,0.000069,45.363301,1.685464,0.000000
1764,0.844860,0.268139,56.597300,1.691715,0.000000
1765,0.848296,0.016852,57.138050,1.693094,0.000000
1766,0.841846,-0.002433,46.741037,1.706386,-0.000000
1767,0.842221,0.004641,38.722701,1.707242,-0.000000
1768,0.835369,0.083607,44.803553,1.703183,0.000000
1769,0.840488,0.019009,27.274936,1.713529,0.000000
1770,0.839584,0.011954,41.568157,1.718207,-0.000000
1771,0.839766,0.020247,40.694351,1.707230,0.000000
1772,0.839301,-0.003618,51.000902,1.700195,0.000000
1773,0.844843,0.000321,38.924934,1.700517,-0.000000
1774,0.842442,0.002835,39.711163,1.710078,-0.000000
1775,0.844840,0.000615,43.863580,1.713176,0.000000
1776,0.845433,0.114614,51.096099,1.715104,0.000000
1777,0.846985,0.009562,49.185829,1.726254,-0.000000
1778,0.845487,0.011719,42.253542,1.742478,-0.000000
1779,0.841575,0.003584,32.320394,1.757084,-0.000000
1780,0.843389,0.003524,45.555270,1.771679,0.000000
1781,0.842873,0.010652,44.354692,1.768325,0.000000
1782,0.842024,-0.003295,50.444174,1.772487,-0.000000
1783,0.846592,0.147323,40.903487,1.793479,0.000000
1784,0.838291,0.022397,33.488072,1.811150,-0.000000
1785,0.836366,0.008284,35.145778,1.813672,0.000000
1786,0.829470,0.041273,52.554966,1.805261,0.000000
1787,0.780280,0.012418,43.257652,1.788250,0.000000
1788,0.804395,0.005601,36.216415,1.773412,-0.000000
1789,0.829603,0.782384,29.944126,1.771425,0.000000
1790,0.830568,0.007715,37.989369,1.784134,-0.000000
1791,0.834431,0.026256,49.938875,1.796156,0.000000
1792,0.825879,0.267992,49.635606,1.799008,0.000000
1793,0.831174,0.013080,51.470810,1.808948,0.000000
1794,0.835806,0.015585,33.054289,1.818589,-0.000000
1795,0.832865,0.001529,44.392062,1.826800,-0.000000
1796,0.834372,0.009953,40.654969,1.845938,0.000000
1797,0.835231,0.044803,51.091153,1.864041,0.000000
1798,0.836668,0.112409,56.193567,1.868444,-0.000000
1799,0.833562,0.369029,56.552997,1.875337,0.000000
1800,0.835433,0.020010,48.490595,1.874661,0.000000
1801,0.835846,0.019331,44.279738,1.879643,-0.000000
1802,0.835053,-0.000462,48.330575,1.891213,-0.000000
1803,0.836625,0.000494,49.926754,1.888978,-0.000000
1804,0.835981,0.011895,48.445852,1.891477,0.000000
1805,0.833369,0.045917,45.162067,1.887148,0.000000
1806,0.831677,0.025083,46.982328,1.885765,0.000000
1807,0.784754,0.016623,50.930781,1.889649,-0.000000
1808,0.829391,0.013552,44.944024,1.883807,-0.000000
1809,0.831022,0.004320,41.222921,1.894969,0.000000
1810,0.830051,0.110861,36.956913,1.908487,0.000000
1811,0.829744,0.009061,36.350512,1.914502,0.000000
1812,0.831605,0.032101,36.948539,1.925203,-0.000000
1813,0.828154,0.011340,37.496288,1.914104,0.000000
1814,0.830382,0.037538,49.165604,1.891559,0.000000
1815,0.833620,0.000562,50.911473,1.897260,0.000000
1816,0.831983,-0.000021,44.846836,1.910710,-0.000000
1817,0.812275,0.053944,42.033565,1.894032,0.000000
1818,0.835426,0.004323,43.767297,1.879440,0.000000
1819,0.832452,0.162252,41.189118,1.880057,0.000000
1820,0.827077,0.012528,31.158727,1.882546,0.000000
1821,0.826972,0.113220,34.475799,1.878904,-0.000000
1822,0.835191,0.032086,31.482209,1.855940,0.000000
1823,0.788955,0.105874,33.108625,1.840461,0.000000
1824,0.831783,0.003625,26.590712,1.835665,0.000000
1825,0.830654,0.020262,27.186079,1.840765,-0.000000
1826,0.836174,-0.001443,36.651144,1.847966,0.000000
1827,0.834656,0.015101,45.878028,1.865975,-0.000000
1828,0.830126,0.017682,45.250062,1.853596,0.000000
1829,0.833897,0.033912,33.298045,1.817696,-0.000000
1830,0.831085,0.022464,28.950990,1.798401,0.000000
1831,0.828040,0.065059,27.818140,1.792685,0.000000
1832,0.829681,0.004820,33.868968,1.789472,0.000000
1833,0.833250,0.000902,50.709825,1.792799,-0.000000
1834,0.834850,0.005139,49.299946,1.793956,0.000000
1835,0.840620,0.014599,45.842081,1.791153,-0.000000
1836,0.836881,0.025119,48.198740,1.761702,0.000000
1837,0.836189,0.038253,45.586849,1.753891,0.000000
1838,0.837026,0.010275,44.319944,1.756164,0.000000
1839,0.844562,0.001576,37.501223,1.738101,-0.000000
1840,0.837118,0.004692,38.485797,1.730018,-0.000000
1841,0.840047,0.030406,45.369308,1.723260,0.000000
1842,0.841344,-0.001526,44.081356,1.719074,-0.000000
1843,0.845221,0.039576,45.196283,1.734673,0.000000
1844,0.842086,0.007186,46.579796,1.734840,0.000000
1845,0.839161,0.030718,38.206151,1.733795,0.000000
1846,0.833543,-0.002723,33.338007,1.736398,0.000000
1847,0.835169,0.031123,22.586614,1.747543,0.000000
1848,0.833809,0.000832,21.637173,1.762045,-0.000000
1849,0.834704,0.009795,28.234995,1.792671,0.000000
1850,0.836658,0.004277,30.490666,1.803749,-0.000000
1851,0.837167,1.428472,44.541943,1.814110,-0.000000
1852,0.832349,0.000699,42.178323,1.826252,0.000000
1853,0.837306,-0.001369,42.754914,1.841236,0.000000
1854,0.830359,0.007705,54.540722,1.862016,0.000000
1855,0.836566,0.037710,45.628878,1.858438,0.000000
1856,0.832765,0.051995,49.139456,1.835099,0.000000
1857,0.833146,1.226903,43.693957,1.821288,0.000000
1858,0.834288,0.330647,40.461699,1.827018,-0.000000
1859,0.833500,0.116961,39.701371,1.826550,0.000000
1860,0.832211,0.022930,34.963229,1.809755,0.000000
1861,0.836681,0.006856,48.489236,1.806254,-0.000000
1862,0.833265,0.051663,48.739180,1.808587,0.000000
1863,0.838360,0.024823,48.568293,1.808400,0.000000
1864,0.836323,0.005052,38.663212,1.822071,0.000000
1865,0.830972,-0.006872,42.162266,1.841747,0.000000
1866,0.831965,-0.000802,36.134114,1.856504,-0.000000
1867,0.831358,0.020867,41.666937,1.866929,-0.000000
1868,0.825261,0.023847,39.796764,1.866438,-0.000000
1869,0.807026,0.013929,45.804885,1.852437,0.000000
1870,0.810592,-0.000834,44.566396,1.829902,-0.000000
1871,0.832825,-0.002281,43.324199,1.829418,0.000000
1872,0.828154,0.017552,39.143191,1.839061,0.000000
1873,0.830172,0.056928,45.695690,1.833849,-0.000000
1874,0.833045,0.012663,47.075142,1.826939,0.000000
1875,0.834633,0.004039,43.729144,1.826631,0.000000
1876,0.829393,0.039232,47.884844,1.822978,-0.000000
1877,0.832658,0.006281,39.806101,1.804231,-0.000000
1878,0.832522,0.128559,40.258572,1.794442,-0.000000
1879,0.833836,0.003874,36.247169,1.805254,-0.000000
1880,0.829321,0.148106,31.784459,1.807535,-0.000000
1881,0.827511,0.079467,36.207681,1.798150,0.000000
1882,0.822744,0.115270,30.041957,1.791669,-0.000000
1883,0.826734,0.061876,40.474224,1.778532,0.000000
1884,0.830278,0.030058,51.577612,1.771309,0.000000
1885,0.830155,0.028458,39.327253,1.774076,0.000000
1886,0.826839,0.017216,35.169120,1.774251,-0.000000
1887,0.831164,0.040200,45.790844,1.769929,0.000000
1888,0.803523,0.005322,37.365988,1.776254,-0.000000
1889,0.827576,0.002915,41.662118,1.790639,0.000000
1890,0.824778,0.010600,37.702984,1.790065,0.000000
1891,0.828688,0.028927,41.130828,1.774695,-0.000000
1892,0.829847,0.015832,31.563062,1.759691,-0.000000
1893,0.811811,-0.002971,26.280844,1.762507,-0.000000
1894,0.809917,0.063463,33.002139,1.753830,0.000000
1895,0.826474,0.204387,42.838538,1.746376,0.000000
1896,0.818908,0.041298,36.398313,1.742018,-0.000000
1897,0.826426,0.015882,34.015733,1.734848,-0.000000
1898,0.827005,0.039625,45.373401,1.728200,-0.000000
1899,0.824999,0.000414,48.208226,1.726940,0.000000
1900,0.804655,0.013982,46.222672,1.744362,0.000000
1901,0.829440,0.010583,44.660609,1.758935,0.000000
1902,0.828271,0.000391,50.432043,1.771489,0.000000
1903,0.812451,-0.004909,42.317220,1.778205,-0.000000
1904,0.831409,0.055924,44.994219,1.772723,-0.000000
1905,0.832111,0.009811,45.634017,1.777281,-0.000000
1906,0.826507,0.003220,38.509088,1.779470,0.000000
1907,0.825337,0.012229,46.507176,1.758374,-0.000000
1908,0.829935,0.016903,41.060111,1.744585,0.000000
1909,0.824921,0.014797,44.229795,1.754573,0.000000
1910,0.827259,-0.002890,45.009370,1.772165,0.000000
1911,0.823965,0.036600,34.769724,1.792673,0.000000
1912,0.820512,0.034753,45.691233,1.808623,0.000000
1913,0.821633,0.008500,40.651098,1.809913,-0.000000
1914,0.822509,0.009571,42.939053,1.815801,0.000000
1915,0.817731,0.011782,58.356969,1.819171,0.000000
1916,0.823517,0.003281,50.017293,1.822929,0.000000
1917,0.823149,0.034732,53.364183,1.837886,0.000000
1918,0.822794,0.003318,49.979373,1.858331,-0.000000
1919,0.820011,0.719286,39.759277,1.865574,0.000000
1920,0.820220,0.017702,46.190663,1.857437,-0.000000
1921,0.824867,0.008002,52.259097,1.859269,0.000000
1922,0.824213,0.050464,48.023840,1.859966,0.000000
1923,0.822799,0.012756,46.125417,1.867321,-0.000000
1924,0.830291,0.042960,47.756980,1.879480,-0.000000
1925,0.826671,-0.000572,43.069861,1.888371,-0.000000
1926,0.826771,0.019796,44.321288,1.895464,0.000000
1927,0.826971,0.011919,40.743328,1.891929,-0.000000
1928,0.827209,0.014408,39.813548,1.909645,0.000000
1929,0.825098,0.003607,45.922281,1.942275,0.000000
1930,0.828753,0.015357,45.145115,1.937023,0.000000
1931,0.819691,0.068615,40.853727,1.924068,0.000000
1932,0.825409,0.064404,39.983556,1.925973,0.000000
1933,0.818633,0.065073,38.611882,1.924809,-0.000000
1934,0.820175,0.017476,39.697697,1.926037,-0.000000
1935,0.826413,0.003527,40.369975,1.922855,0.000000
1936,0.825473,0.050083,38.204013,1.910346,-0.000000
1937,0.816552,-0.004383,37.497468,1.909455,-0.000000
1938,0.816703,0.011712,37.512899,1.918268,-0.000000
1939,0.822665,0.005090,40.750029,1.919129,0.000000
1940,0.819731,0.025390,39.937654,1.916683,-0.000000
1941,0.827256,0.001662,43.899606,1.909171,0.000000
1942,0.825872,0.010126,43.336838,1.914480,-0.000000
1943,0.823828,0.018702,41.484501,1.910851,-0.000000
1944,0.815804,0.027100,39.851621,1.896473,0.000000
1945,0.819843,0.040178,45.268219,1.879355,0.000000
1946,0.813830,0.015194,43.750632,1.885041,-0.000000
1947,0.820827,0.006536,44.180285,1.891469,-0.000000
1948,0.819636,0.004998,38.497560,1.895383,0.000000
1949,0.820044,0.015000,42.389969,1.905127,0.000000
1950,0.817624,0.027017,40.736145,1.902569,-0.000000
1951,0.730113,0.017127,37.467351,1.894066,0.000000
1952,0.822598,0.030873,37.198871,1.886931,0.000000
1953,0.818084,0.036568,40.337618,1.882582,-0.000000
1954,0.824063,0.050620,34.258405,1.878484,-0.000000
1955,0.800080,0.016363,31.850703,1.867655,-0.000000
1956,0.826590,0.010667,38.395103,1.846338,-0.000000
1957,0.827453,0.034304,40.141996,1.842869,-0.000000
1958,0.804527,0.054620,30.812775,1.852287,0.000000
1959,0.828509,-0.005522,36.536822,1.855659,0.000000
1960,0.831701,0.008762,37.246678,1.857952,0.000000
1961,0.825254,0.071873,34.265697,1.851389,-0.000000
1962,0.831509,0.142039,34.597437,1.847353,0.000000
1963,0.836333,0.074174,37.104394,1.865223,-0.000000
1964,0.826616,0.032749,37.680692,1.862938,-0.000000
1965,0.825199,0.054549,31.310981,1.844872,-0.000000
1966,0.833182,0.007683,34.372554,1.843356,0.000000
1967,0.835018,0.007957,30.679361,1.845394,0.000000
1968,0.825613,0.051107,41.302000,1.839498,-0.000000
1969,0.823937,0.004580,46.612619,1.814718,0.000000
1970,0.823966,0.012223,46.221643,1.792065,-0.000000
1971,0.795928,0.001199,36.390545,1.789164,-0.000000
1972,0.822753,-0.001149,40.940118,1.787133,-0.000000
1973,0.826255,-0.001104,37.046517,1.799768,-0.000000
1974,0.826308,0.013290,36.651347,1.805637,0.000000
1975,0.823923,0.005984,35.664492,1.795313,0.000000
1976,0.825794,0.027648,41.577564,1.799347,-0.000000
1977,0.826944,0.007966,42.766050,1.810468,-0.000000
1978,0.831417,0.046025,39.626168,1.819649,0.000000
1979,0.828880,0.074954,42.183340,1.820196,-0.000000
1980,0.824469,0.009519,35.148705,1.819664,0.000000
1981,0.824739,0.191080,40.926586,1.818842,0.000000
1982,0.742331,0.004566,41.746053,1.812922,-0.000000
1983,0.821539,0.018580,40.494267,1.806698,0.000000
1984,0.810988,0.006275,36.537042,1.806438,0.000000
1985,0.808228,-0.000637,28.173040,1.810383,0.000000
1986,0.830970,0.150566,27.896852,1.813557,-0.000000
1987,0.799032,0.012634,37.830365,1.810299,0.000000
1988,0.824304,0.002639,28.003994,1.801636,0.000000
1989,0.832908,0.009400,27.018410,1.806587,-0.000000
1990,0.830703,0.006752,34.777089,1.826749,-0.000000
1991,0.830478,0.007027,30.604330,1.820939,0.000000
1992,0.830897,0.009423,25.485187,1.818748,0.000000
1993,0.830298,0.134833,31.022974,1.828320,-0.000000
1994,0.828770,0.034138,27.392111,1.830238,-0.000000
1995,0.827994,0.994024,43.494283,1.826812,0.000000
1996,0.815248,0.033037,40.459047,1.824720,-0.000000
1997,0.808156,0.053002,38.226935,1.827423,-0.000000
1998,0.824994,0.002905,35.465217,1.837381,0.000000
1999,0.803628,0.006536,36.020374,1.839224,-0.000000
2000,0.763916,0.008838,26.064479,1.827491,-0.000000
2001,0.824175,0.015753,38.776125,1.817977,-0.000000
2002,0.825686,0.006961,38.941362,1.821030,0.000000
2003,0.827612,0.007151,41.401177,1.824183,-0.000000
2004,0.831849,0.037506,37.342108,1.816780,0.000000
2005,0.830431,0.013067,35.492396,1.814558,0.000000
2006,0.780792,0.002797,39.085739,1.807062,0.000000
2007,0.788747,0.012019,32.400560,1.799501,0.000000
2008,0.833601,0.034268,33.341078,1.793107,-0.000000
2009,0.829601,0.001341,41.028697,1.790555,-0.000000
2010,0.830093,0.048052,41.129851,1.797439,-0.000000
2011,0.826310,0.017391,41.162871,1.802099,-0.000000
2012,0.826655,0.025056,41.393356,1.791110,-0.000000
2013,0.828923,0.019921,40.160162,1.780738,-0.000000
2014,0.830706,0.004056,40.646186,1.799219,0.000000
2015,0.785925,-0.001496,40.959791,1.810120,0.000000
2016,0.828739,0.006286,39.627651,1.792169,0.000000
2017,0.831400,0.006605,42.618004,1.790004,0.000000
2018,0.830293,0.001173,43.158872,1.804087,0.000000
2019,0.829910,0.006708,39.065796,1.822857,-0.000000
2020,0.831832,0.001715,42.348416,1.845936,-0.000000
2021,0.828066,0.007588,42.505968,1.862743,0.000000
2022,0.811265,0.000709,45.346532,1.869538,-0.000000
2023,0.832404,0.007856,44.554225,1.886015,0.000000
2024,0.827535,0.011209,42.188483,1.901436,-0.000000
2025,0.830357,0.007162,42.992867,1.920938,-0.000000
2026,0.811337,0.040370,35.829285,1.928929,0.000000
2027,0.837060,0.038324,39.095858,1.925586,-0.000000
2028,0.785742,0.031502,43.498628,1.926147,0.000000
2029,0.832490,0.084713,37.810112,1.915401,-0.000000
2030,0.777099,0.012827,39.920283,1.912380,-0.000000
2031,0.825434,0.013993,49.884485,1.907511,0.000000
2032,0.831795,0.005167,46.248968,1.908172,0.000000
2033,0.833199,0.008209,48.719451,1.916774,-0.000000
2034,0.818506,0.053062,39.281667,1.910725,0.000000
2035,0.840798,0.022158,47.976565,1.908846,-0.000000
2036,0.835557,0.013441,46.901194,1.910771,-0.000000
2037,0.837440,0.041898,43.422729,1.912663,-0.000000
2038,0.838576,0.062258,29.317990,1.922943,-0.000000
2039,0.836935,0.087920,33.023309,1.929109,-0.000000
2040,0.830344,0.079457,22.876438,1.924626,-0.000000
2041,0.824603,0.009277,43.479988,1.913532,0.000000
2042,0.829507,0.025893,45.556593,1.900987,-0.000000
2043,0.830000,0.004695,47.692987,1.893312,-0.000000
2044,0.814811,0.025154,46.292699,1.901880,-0.000000
2045,0.828703,0.010282,52.444370,1.899077,-0.000000
2046,0.832753,0.023461,41.826285,1.903485,0.000000
2047,0.833487,0.014979,46.165584,1.918000,0.000000
2048,0.830881,0.061776,47.960770,1.930625,0.000000
2049,0.835199,0.453230,48.181491,1.930851,-0.000000
2050,0.836308,0.016260,50.340432,1.920308,0.000000
2051,0.836035,0.004378,43.360469,1.912247,0.000000
2052,0.832309,0.095172,48.995052,1.919807,-0.000000
2053,0.830989,0.030578,48.197189,1.935527,-0.000000
2054,0.829987,-0.003572,49.873780,1.956109,0.000000
2055,0.831649,0.007730,40.313928,1.970384,0.000000
2056,0.829070,0.029380,49.305250,1.966888,-0.000000
2057,0.827586,0.043233,47.235872,1.961545,0.000000
2058,0.831816,0.033764,43.072405,1.961284,0.000000
2059,0.836141,0.045017,39.941253,1.962760,0.000000
2060,0.833511,0.040499,41.411087,1.950966,-0.000000
2061,0.833119,0.027754,42.027388,1.932402,0.000000
2062,0.820802,0.050886,36.330236,1.915937,0.000000
2063,0.835896,0.001841,42.447277,1.900381,0.000000
2064,0.838807,0.012950,42.293777,1.882323,0.000000
2065,0.784612,0.067768,46.200927,1.863713,0.000000
2066,0.832801,0.015076,44.612920,1.861710,0.000000
2067,0.816103,0.006908,37.122136,1.854721,-0.000000
2068,0.830455,0.066162,44.084584,1.845926,0.000000
2069,0.829905,0.054145,45.324606,1.830956,0.000000
2070,0.817066,0.027053,45.827185,1.820716,-0.000000
2071,0.833872,0.006583,48.733428,1.816329,-0.000000
2072,0.830284,0.031909,45.986903,1.811190,0.000000
2073,0.828388,0.041722,44.336892,1.809647,0.000000
2074,0.830918,0.005281,49.643868,1.798219,0.000000
2075,0.829935,0.000659,46.281255,1.782709,0.000000
2076,0.828861,0.067104,44.961940,1.784479,-0.000000
2077,0.823316,0.014568,39.072379,1.779573,-0.000000
2078,0.806451,0.340199,43.115281,1.763583,0.000000
2079,0.830399,0.024627,45.901172,1.765552,-0.000000
2080,0.829865,-0.002569,37.515174,1.785087,0.000000
2081,0.827188,0.078171,47.429075,1.790672,0.000000
2082,0.828602,0.005254,42.119237,1.786312,-0.000000
2083,0.801074,0.009677,44.625540,1.798651,-0.000000
2084,0.804951,0.015563,45.612665,1.810207,-0.000000
2085,0.817579,0.013818,40.006569,1.812385,0.000000
2086,0.828745,0.021690,42.088228,1.797411,0.000000
2087,0.831869,0.016815,43.099719,1.782094,-0.000000
2088,0.830897,-0.003512,41.095881,1.779167,-0.000000
2089,0.831717,0.008881,45.039709,1.781081,0.000000
2090,0.786794,0.538517,39.969977,1.777156,-0.000000
2091,0.830927,0.009770,48.460329,1.770523,0.000000
2092,0.835790,0.042375,44.652301,1.766656,-0.000000
2093,0.834759,0.001562,44.520920,1.772005,-0.000000
2094,0.816562,0.009832,44.234844,1.801918,0.000000
2095,0.818808,0.101517,38.800596,1.814682,-0.000000
2096,0.833351,-0.004968,44.605329,1.813814,-0.000000
2097,0.839378,0.016027,41.265464,1.812069,-0.000000
2098,0.836130,0.001181,41.706346,1.822698,0.000000
2099,0.831510,0.040842,42.107835,1.843731,0.000000
2100,0.836702,0.008926,40.982111,1.849644,0.000000
2101,0.833374,0.053159,35.603172,1.841933,0.000000
2102,0.833629,0.002568,39.345523,1.827249,0.000000
2103,0.789669,0.012555,45.262041,1.834012,0.000000
2104,0.810369,0.004093,40.694190,1.841884,0.000000
2105,0.815531,0.016216,37.726037,1.832682,-0.000000
2106,0.823702,-0.001163,43.928925,1.828226,0.000000
2107,0.819929,0.033487,36.776974,1.830052,0.000000
2108,0.839446,0.012789,40.713055,1.830051,0.000000
2109,0.835090,0.023059,42.346287,1.833497,0.000000
2110,0.835774,0.009125,43.470397,1.832875,0.000000
2111,0.799497,0.004634,44.447468,1.836025,-0.000000
2112,0.833354,0.019028,42.038369,1.837261,0.000000
2113,0.836865,0.001190,43.866196,1.843771,-0.000000
2114,0.840544,0.004375,43.722542,1.847758,0.000000
2115,0.844719,0.011972,38.064878,1.830429,0.000000
2116,0.842324,0.038069,41.364579,1.820059,-0.000000
2117,0.837636,0.030104,44.787119,1.812084,-0.000000
2118,0.734539,-0.002513,58.542783,1.813227,0.000000
2119,0.710672,0.027752,32.090344,1.811726,-0.000000
2120,0.836788,0.020315,44.158673,1.797223,0.000000
2121,0.792800,0.003168,38.052252,1.791840,0.000000
2122,0.834695,-0.004448,44.652123,1.798829,-0.000000
2123,0.822842,0.006555,29.677297,1.804750,0.000000
2124,0.833228,-0.000237,41.065828,1.799712,0.000000
2125,0.837227,0.002997,43.320169,1.800320,0.000000
2126,0.843652,0.005354,39.214935,1.803741,0.000000
2127,0.843497,0.023364,43.868942,1.813805,-0.000000
2128,0.840757,0.152173,40.927749,1.820478,0.000000
2129,0.840142,-0.000429,45.059321,1.829369,0.000000
2130,0.841355,0.029753,44.367949,1.849878,0.000000
2131,0.842627,0.004030,47.769733,1.870159,-0.000000
2132,0.841776,0.093783,42.302665,1.871233,0.000000
2133,0.833134,0.002249,48.479780,1.860565,0.000000
2134,0.838558,7.959390,47.700535,1.846161,0.000000
2135,0.834513,0.044455,46.526650,1.828504,0.000000
2136,0.832761,0.357162,36.868929,1.814104,-0.000000
2137,0.784075,0.020240,43.777049,1.821210,-0.000000
2138,0.830315,0.931746,29.182904,1.830330,0.000000
2139,0.825623,0.013836,38.706942,1.822756,-0.000000
2140,0.831730,0.012823,32.296345,1.809827,-0.000000
2141,0.830571,0.001619,45.258356,1.784277,0.000000
2142,0.818100,0.345830,47.031434,1.783204,-0.000000
2143,0.791015,0.034557,43.304378,1.783109,-0.000000
2144,0.834930,0.000284,41.764000,1.783983,0.000000
2145,0.839537,0.033049,36.238909,1.794652,-0.000000
2146,0.836155,-0.002068,37.492501,1.801931,0.000000
2147,0.819141,0.023121,26.274968,1.814213,0.000000
2148,0.837103,0.019438,43.902165,1.826338,0.000000
2149,0.836816,0.009898,47.003948,1.836433,0.000000
2150,0.837815,0.000530,41.073149,1.858293,0.000000
2151,0.836695,0.004103,45.701111,1.884467,0.000000
2152,0.836230,0.084722,50.423037,1.891355,-0.000000
2153,0.835759,-0.001733,49.508158,1.910027,-0.000000
2154,0.834900,0.030636,41.430662,1.917428,0.000000
2155,0.839928,0.015936,46.182719,1.906261,-0.000000
2156,0.832665,0.052689,45.514918,1.903644,-0.000000
2157,0.837900,0.018674,45.050014,1.900695,0.000000
2158,0.835865,0.051121,44.968563,1.908342,-0.000000
2159,0.817355,-0.001346,42.184377,1.916398,-0.000000
2160,0.816111,0.009648,40.123075,1.926945,0.000000
2161,0.829536,0.059774,40.413427,1.931419,-0.000000
2162,0.829722,0.035670,42.561010,1.929383,-0.000000
2163,0.808762,0.027344,40.656022,1.920671,0.000000
2164,0.830568,-0.001669,40.940001,1.912220,0.000000
2165,0.829360,0.018852,48.161273,1.902897,0.000000
2166,0.828796,0.023474,49.971968,1.897308,0.000000
2167,0.826897,0.037849,52.646446,1.897129,0.000000
2168,0.812202,0.126090,45.974245,1.902096,-0.000000
2169,0.828315,0.005561,45.061310,1.912686,0.000000
2170,0.819434,0.015627,37.572565,1.920807,0.000000
2171,0.770030,0.009985,46.407241,1.914953,0.000000
2172,0.827294,0.014126,38.741893,1.910173,0.000000
2173,0.828409,0.001875,44.592895,1.905596,-0.000000
2174,0.828808,0.037606,38.706806,1.893702,-0.000000
2175,0.827361,0.009836,37.218558,1.886094,0.000000
2176,0.780981,0.109571,39.474959,1.881837,0.000000
2177,0.813200,-0.000244,40.546525,1.861438,-0.000000
2178,0.746782,0.022399,36.220192,1.853615,0.000000
2179,0.810764,0.005609,35.902063,1.851582,-0.000000
2180,0.826598,0.120812,42.402577,1.836415,0.000000
2181,0.835482,0.002069,36.897145,1.816634,0.000000
2182,0.833272,0.003376,41.128995,1.829813,-0.000000
2183,0.828203,0.016574,40.151204,1.845903,-0.000000
2184,0.824371,0.060366,40.499092,1.848546,-0.000000
2185,0.825235,0.014649,41.745883,1.853303,-0.000000
2186,0.805729,0.021868,36.917924,1.865986,-0.000000
2187,0.829911,0.003057,39.299880,1.878763,-0.000000
2188,0.834195,0.005691,44.302111,1.882611,0.000000
2189,0.833653,0.306312,41.006150,1.885039,0.000000
2190,0.828870,0.013589,40.406046,1.888615,-0.000000
2191,0.828871,0.035008,36.495683,1.892139,0.000000
2192,0.811122,0.000206,24.666874,1.894278,0.000000
2193,0.828210,0.011879,29.506128,1.890170,0.000000
2194,0.810290,0.000010,39.491595,1.893531,0.000000
2195,0.828825,0.039825,41.998716,1.901116,-0.000000
2196,0.827412,0.011135,45.723885,1.895192,0.000000
2197,0.827727,0.000192,41.718277,1.903537,0.000000
2198,0.781769,0.005873,31.892442,1.928026,0.000000
2199,0.823324,0.054112,42.546652,1.939509,0.000000
2200,0.802990,0.037276,37.459849,1.946776,0.000000
2201,0.802631,0.007227,42.490047,1.947168,0.000000
2202,0.829421,0.019875,38.262209,1.950069,0.000000
2203,0.828057,0.044611,36.350658,1.944027,0.000000
2204,0.829376,0.031213,37.390792,1.936478,0.000000
2205,0.819783,0.041333,35.895517,1.928078,0.000000
2206,0.805218,0.004978,37.209897,1.935693,-0.000000
2207,0.796089,0.042214,32.257655,1.947452,0.000000
2208,0.822230,0.307967,36.688602,1.938289,-0.000000
2209,0.826044,0.051358,40.674229,1.924163,0.000000
2210,0.829721,0.023693,36.285094,1.907481,0.000000
2211,0.708066,0.007702,33.629752,1.901249,0.000000
2212,0.768486,0.008181,32.941687,1.891301,0.000000
2213,0.821939,0.003045,41.423329,1.876889,-0.000000
2214,0.791998,0.028940,33.194190,1.843916,0.000000
2215,0.820707,-0.006028,37.842489,1.830375,0.000000
2216,0.797171,0.003209,33.326720,1.836703,-0.000000
2217,0.821016,0.022356,31.676548,1.834809,0.000000
2218,0.824585,0.002960,41.742516,1.834416,0.000000
2219,0.814219,0.001654,40.352982,1.845682,-0.000000
2220,0.825497,0.063584,41.257931,1.848339,0.000000
2221,0.826791,0.021583,42.735301,1.828953,-0.000000
2222,0.823385,-0.004058,47.461361,1.838755,-0.000000
2223,0.819781,0.008457,45.319706,1.860923,-0.000000
2224,0.821978,0.003578,47.134971,1.854569,0.000000
2225,0.821295,-0.001305,42.552340,1.853026,0.000000
2226,0.818878,0.003120,43.709362,1.856393,0.000000
2227,0.822245,0.044531,42.927032,1.854866,0.000000
2228,0.817089,0.043293,40.438736,1.845836,-0.000000
2229,0.816932,0.034171,40.412855,1.834561,-0.000000
2230,0.818916,0.050438,33.877226,1.816311,-0.000000
2231,0.784728,0.024899,31.577199,1.810547,0.000000
2232,0.806945,0.005507,37.726541,1.824145,0.000000
2233,0.781874,0.186473,24.433411,1.840173,-0.000000
2234,0.788248,0.052536,25.281730,1.819863,-0.000000
2235,0.783744,0.001342,33.841635,1.792555,-0.000000
2236,0.781818,0.010409,22.747310,1.793887,-0.000000
2237,0.777572,0.012493,24.356861,1.788376,0.000000
2238,0.799754,0.050889,27.922886,1.779147,0.000000
2239,0.804809,0.057154,29.399132,1.764850,0.000000
2240,0.812090,0.027555,27.961052,1.751109,-0.000000
2241,0.812662,-0.001782,39.626193,1.757847,0.000000
2242,0.814444,0.025409,35.293958,1.772023,0.000000
2243,0.808356,0.009584,31.632001,1.784927,0.000000
2244,0.818247,0.004071,26.705046,1.801451,0.000000
2245,0.816741,0.147735,22.054396,1.809693,-0.000000
2246,0.819577,0.016461,21.021218,1.809689,0.000000
2247,0.814765,0.083906,23.833342,1.794321,-0.000000
2248,0.813994,0.043975,18.168805,1.773854,0.000000
2249,0.816407,0.001401,17.192055,1.762641,0.000000
2250,0.819976,0.028081,13.795251,1.761564,0.000000
2251,0.823515,-0.000540,17.756729,1.748425,-0.000000
2252,0.822058,0.091464,31.445049,1.736097,0.000000
2253,0.822718,0.027487,25.464087,1.736301,-0.000000
2254,0.821596,0.018601,31.164686,1.728132,0.000000
2255,0.825414,0.042832,36.235579,1.724147,0.000000
2256,0.819265,0.824610,27.065785,1.741041,-0.000000
2257,0.825629,0.051945,35.054146,1.751629,0.000000
2258,0.824870,0.092813,15.807817,1.755594,0.000000
2259,0.825042,0.006892,37.287106,1.752533,-0.000000
2260,0.829401,-0.004032,31.809223,1.753781,-0.000000
2261,0.825055,0.084241,36.623074,1.760363,0.000000
2262,0.821255,0.019784,54.404639,1.774624,0.000000
2263,0.816467,0.001805,62.035098,1.783544,-0.000000
2264,0.817486,0.010540,59.920775,1.794252,0.000000
2265,0.816227,0.002973,52.881059,1.809509,-0.000000
2266,0.820296,0.028605,53.413638,1.805459,-0.000000
2267,0.805997,-0.001779,44.626497,1.801490,0.000000
2268,0.798028,0.069666,39.183325,1.804467,0.000000
2269,0.802768,0.027838,36.236259,1.809820,0.000000
2270,0.824733,0.275680,45.720783,1.807528,-0.000000
2271,0.820611,0.051260,44.179954,1.805555,-0.000000
2272,0.825207,0.010767,43.154163,1.808918,0.000000
2273,0.824829,0.010015,39.897851,1.809789,-0.000000
2274,0.822406,0.080343,34.611561,1.809948,0.000000
2275,0.808427,0.025833,32.668111,1.807269,-0.000000
2276,0.816919,0.005080,34.738626,1.797952,0.000000
2277,0.805193,0.071082,26.661900,1.803499,-0.000000
2278,0.818924,0.019036,35.847147,1.812445,0.000000
2279,0.806218,0.002907,25.299839,1.833821,-0.000000
2280,0.800548,0.068549,30.332431,1.834764,-0.000000
2281,0.821147,0.081545,32.399867,1.838702,-0.000000
2282,0.795911,-0.006260,28.240931,1.862072,0.000000
2283,0.801703,0.106062,19.445793,1.859584,0.000000
2284,0.822999,0.011087,32.144259,1.833158,-0.000000
2285,0.808884,0.044123,22.964425,1.821446,-0.000000
2286,0.823622,0.015828,47.394824,1.809050,-0.000000
2287,0.820719,0.039747,42.196064,1.817015,0.000000
2288,0.791880,0.031522,37.843822,1.820719,0.000000
2289,0.827895,0.003718,31.758493,1.816706,0.000000
2290,0.805641,0.024430,38.350851,1.822213,-0.000000
2291,0.831019,0.035966,42.970655,1.832644,-0.000000
2292,0.832661,0.070230,37.092270,1.837515,0.000000
2293,0.829628,0.033023,32.764357,1.823647,0.000000
2294,0.834168,0.005149,25.402313,1.812841,0.000000
2295,0.830990,0.011459,16.321810,1.806487,-0.000000
2296,0.834235,-0.000721,23.919219,1.804843,-0.000000
2297,0.836156,0.001175,16.590401,1.801118,0.000000
2298,0.838998,0.035873,28.626887,1.800129,-0.000000
2299,0.838545,0.032131,20.094579,1.791149,0.000000
2300,0.837729,-0.000477,22.541935,1.780164,0.000000
2301,0.844144,0.020448,28.924867,1.782134,-0.000000
2302,0.839969,0.005165,29.954600,1.785280,0.000000
2303,0.839911,0.085037,29.991966,1.814176,-0.000000
2304,0.839287,0.009044,30.100347,1.827962,0.000000
2305,0.841269,0.041828,34.234530,1.826604,0.000000
2306,0.840095,0.011371,25.102485,1.815789,0.000000
2307,0.839306,0.002824,31.608558,1.816397,0.000000
2308,0.838073,0.000922,36.464209,1.822463,-0.000000
2309,0.830692,0.035821,39.888372,1.821844,-0.000000
2310,0.831555,0.002122,37.312602,1.824932,0.000000
2311,0.836459,0.050507,41.689814,1.838843,-0.000000
2312,0.836785,0.031149,34.451124,1.830034,0.000000
2313,0.828040,0.021305,38.677196,1.822029,0.000000
2314,0.827414,0.017444,38.733256,1.816329,0.000000
2315,0.832319,0.008862,32.937716,1.805073,-0.000000
2316,0.832356,0.009184,37.594386,1.801361,-0.000000
2317,0.835091,0.026846,41.336479,1.801847,-0.000000
2318,0.837844,0.144000,40.448151,1.796864,-0.000000
2319,0.841002,0.081804,38.964769,1.808453,0.000000
2320,0.842234,-0.000606,37.129892,1.826135,0.000000
2321,0.841018,0.003238,41.569557,1.831399,-0.000000
2322,0.840923,0.009674,43.493623,1.849207,-0.000000
2323,0.845839,0.015994,40.995993,1.867066,-0.000000
2324,0.846809,-0.001266,37.574451,1.850972,0.000000
2325,0.846258,0.013155,53.261765,1.834484,-0.000000
2326,0.846988,0.003646,59.374672,1.828830,-0.000000
2327,0.847506,0.046748,52.055154,1.817500,0.000000
2328,0.845217,0.013452,43.183719,1.802615,0.000000
2329,0.841152,0.002634,36.874630,1.795694,-0.000000
2330,0.808176,0.162004,54.422842,1.786546,0.000000
2331,0.838828,0.009785,53.096997,1.794863,-0.000000
2332,0.840976,0.014960,48.778187,1.807986,-0.000000
2333,0.843603,0.008576,40.878239,1.814930,0.000000
2334,0.840351,0.030362,35.348548,1.820211,0.000000
2335,0.837147,0.043511,43.221309,1.818718,-0.000000
2336,0.838023,0.069455,44.725042,1.802868,-0.000000
2337,0.844789,0.044481,50.300134,1.771134,0.000000
2338,0.848908,0.006260,48.896200,1.763525,0.000000
2339,0.845967,-0.001722,50.848399,1.771465,-0.000000
2340,0.841264,0.017294,47.787359,1.769262,0.000000
2341,0.844420,0.008563,39.598686,1.765642,0.000000
2342,0.846607,0.053143,32.732467,1.766570,0.000000
2343,0.846415,0.004070,38.723600,1.767603,0.000000
2344,0.845463,0.013396,37.504591,1.784106,0.000000
2345,0.844489,0.006437,36.069016,1.794856,0.000000
2346,0.823446,0.059658,39.719645,1.803478,-0.000000
2347,0.846100,0.119072,50.938016,1.813188,-0.000000
2348,0.844354,0.012227,48.521419,1.809917,-0.000000
2349,0.845536,0.016144,49.131277,1.810551,-0.000000
2350,0.843837,0.021917,32.925101,1.815821,-0.000000
2351,0.841829,-0.007010,28.096859,1.830438,-0.000000
2352,0.846948,0.126074,33.417188,1.840473,0.000000
2353,0.842851,0.126827,28.123581,1.834607,0.000000
2354,0.849854,0.094520,27.218900,1.832793,0.000000
2355,0.852102,0.018249,46.247342,1.832356,-0.000000
2356,0.848670,0.000613,59.422350,1.827055,0.000000
2357,0.850331,0.000088,36.715636,1.829639,-0.000000
2358,0.849536,0.028277,30.268955,1.820935,-0.000000
2359,0.851521,0.024113,18.667679,1.798307,0.000000
2360,0.849255,0.227781,13.034879,1.778184,-0.000000
2361,0.846823,0.020693,16.470463,1.754433,-0.000000
2362,0.849700,0.008289,25.247522,1.741893,0.000000
2363,0.852265,0.007123,42.367461,1.742784,-0.000000
2364,0.851762,-0.000710,30.997177,1.747985,0.000000
2365,0.851340,0.005985,43.097407,1.748472,0.000000
2366,0.850937,0.043651,49.577738,1.740978,0.000000
2367,0.849833,0.001147,59.692455,1.750561,0.000000
2368,0.852167,0.091109,40.559836,1.780081,0.000000
2369,0.847071,0.027523,47.718288,1.806246,-0.000000
2370,0.846772,0.020473,31.073021,1.791073,0.000000
2371,0.854213,-0.002744,43.529497,1.768976,0.000000
2372,0.852887,0.022359,39.327531,1.772928,0.000000
2373,0.851587,0.039620,43.535602,1.790298,0.000000
2374,0.850573,0.036090,55.581662,1.798657,-0.000000
2375,0.851047,0.418939,58.062007,1.800314,0.000000
2376,0.850574,0.021974,60.551604,1.799954,0.000000
2377,0.847317,0.011068,53.654464,1.807651,0.000000
2378,0.834792,0.059375,43.940692,1.824776,-0.000000
2379,0.846195,0.007879,41.506501,1.829875,-0.000000
2380,0.847884,0.050902,53.630888,1.828312,0.000000
2381,0.844127,-0.000523,47.150747,1.830528,0.000000
2382,0.845566,-0.000870,53.051962,1.832732,0.000000
2383,0.848503,0.002629,51.527664,1.864916,0.000000
2384,0.847157,0.028751,46.584967,1.894791,-0.000000
2385,0.847247,0.005975,50.990185,1.893216,-0.000000
2386,0.842135,0.036857,50.164633,1.888027,0.000000
2387,0.846215,0.020250,48.373120,1.895559,0.000000
2388,0.842401,0.047147,49.376733,1.897709,-0.000000
2389,0.828985,0.104335,40.606193,1.877415,-0.000000
2390,0.828128,0.004064,31.440209,1.863781,0.000000
2391,0.837509,0.515430,24.226741,1.858809,-0.000000
2392,0.847114,0.004613,47.071321,1.859678,-0.000000
2393,0.842936,0.030242,39.245339,1.862473,-0.000000
2394,0.797700,0.050323,30.840602,1.853844,-0.000000
2395,0.825064,0.080393,33.072566,1.857510,0.000000
2396,0.840475,-0.002063,46.520819,1.869105,-0.000000
2397,0.839981,0.198405,44.555921,1.894311,-0.000000
2398,0.827355,0.003025,37.196128,1.911647,0.000000
2399,0.838587,0.020394,35.854620,1.913933,-0.000000
2400,0.842261,0.026261,46.642358,1.907578,-0.000000
2401,0.748752,0.023503,49.266175,1.902869,-0.000000
2402,0.846759,0.042435,47.565684,1.906690,0.000000
2403,0.849769,0.009420,47.798394,1.900953,0.000000
2404,0.847106,0.001175,41.060673,1.888012,-0.000000
2405,0.847145,0.015669,33.668696,1.883454,-0.000000
2406,0.812407,0.075212,40.481558,1.869467,0.000000
2407,0.728582,-0.002878,40.139533,1.862632,-0.000000
2408,0.804566,0.012997,32.680660,1.852921,0.000000
2409,0.836178,0.002657,29.023449,1.826739,0.000000
2410,0.851746,0.019849,36.344723,1.812266,0.000000
2411,0.837859,0.004097,27.187249,1.807641,0.000000
2412,0.849330,0.010479,35.950837,1.785367,0.000000
2413,0.850866,0.004531,38.613153,1.767115,-0.000000
2414,0.853226,0.013867,48.016663,1.760268,0.000000
2415,0.851583,0.008007,57.949117,1.759332,-0.000000
2416,0.850589,0.002967,43.686929,1.758746,0.000000
2417,0.851898,0.003841,50.243948,1.758736,-0.000000
2418,0.849549,0.005280,46.346233,1.775335,0.000000
2419,0.833828,0.063898,36.313863,1.779331,-0.000000
2420,0.850398,0.089475,44.532448,1.771738,-0.000000
2421,0.852653,0.008019,43.028306,1.769331,-0.000000
2422,0.851261,-0.002518,49.873931,1.775493,-0.000000
2423,0.851015,0.000994,42.130741,1.786167,-0.000000
2424,0.850946,0.002595,54.994315,1.782783,0.000000
2425,0.850499,0.008565,44.871583,1.776802,0.000000
2426,0.847621,0.006661,30.414553,1.783852,-0.000000
2427,0.847994,0.010384,28.402962,1.799342,-0.000000
2428,0.853247,0.005623,32.040259,1.805459,-0.000000
2429,0.842107,0.007661,37.609526,1.800487,0.000000
2430,0.846297,0.033927,36.441610,1.789916,0.000000
2431,0.848272,0.020221,36.658245,1.791485,0.000000
2432,0.848444,0.008356,45.873358,1.792618,-0.000000
2433,0.845998,0.025886,40.335438,1.799492,0.000000
2434,0.850255,0.040856,36.999558,1.809242,-0.000000
2435,0.844187,0.007518,45.184860,1.810307,0.000000
2436,0.847144,0.022613,43.155274,1.801066,-0.000000
2437,0.836931,0.025353,46.469804,1.781558,-0.000000
2438,0.811654,0.019631,45.305869,1.771721,0.000000
2439,0.842481,0.027311,39.565779,1.778950,0.000000
2440,0.826197,0.003063,30.478862,1.786149,-0.000000
2441,0.831058,0.017479,24.530590,1.790430,0.000000
2442,0.821946,0.013382,26.514172,1.793013,-0.000000
2443,0.836979,0.001602,37.398529,1.788185,0.000000
2444,0.793700,0.109476,39.714331,1.798804,0.000000
2445,0.789702,0.001088,34.078329,1.807996,0.000000
2446,0.801195,0.059645,40.086446,1.811375,-0.000000
2447,0.848182,0.040338,42.090197,1.797965,-0.000000
2448,0.829278,0.077359,38.709609,1.807016,0.000000
2449,0.847799,0.029427,38.940179,1.831440,0.000000
2450,0.842680,0.046592,39.893293,1.826280,-0.000000
2451,0.826917,0.006159,38.899838,1.829871,-0.000000
2452,0.848173,0.077080,38.017784,1.839581,-0.000000
2453,0.844919,0.004368,40.072500,1.832912,0.000000
2454,0.820096,0.019554,28.715260,1.829704,0.000000
2455,0.819726,0.008129,26.519212,1.827221,0.000000
2456,0.838682,0.071604,41.471600,1.812109,0.000000
2457,0.844843,0.021592,42.261108,1.802537,0.000000
2458,0.838655,0.028332,42.552033,1.803560,-0.000000
2459,0.846848,0.103925,44.737482,1.794856,0.000000
2460,0.846916,0.003320,41.548138,1.783221,0.000000
2461,0.839060,-0.000878,39.916763,1.772030,0.000000
2462,0.838186,-0.001184,42.730764,1.753555,0.000000
2463,0.814932,0.001093,39.638009,1.751936,0.000000
2464,0.839759,0.009455,40.730248,1.759001,0.000000
2465,0.842782,-0.000027,28.898256,1.771665,-0.000000
2466,0.838846,0.011561,38.880390,1.776415,0.000000
2467,0.843572,0.888933,39.571846,1.775045,0.000000
2468,0.840857,0.155800,30.762595,1.770405,0.000000
2469,0.845634,0.053395,32.325414,1.764322,0.000000
2470,0.843050,0.008021,43.453827,1.757978,-0.000000
2471,0.846329,0.005354,52.157996,1.768300,0.000000
2472,0.842581,0.020860,45.107813,1.768757,0.000000
2473,0.847082,0.014248,47.046862,1.768669,-0.000000
2474,0.845626,-0.004567,40.354695,1.775686,0.000000
2475,0.847782,0.001399,45.704273,1.797581,-0.000000
2476,0.843434,0.028055,44.632040,1.797175,-0.000000
2477,0.846669,0.009722,47.365621,1.785764,-0.000000
2478,0.849467,0.003957,43.409407,1.794250,-0.000000
2479,0.844330,0.003509,44.091588,1.813439,0.000000
2480,0.844512,0.036754,42.644936,1.820911,0.000000
2481,0.847504,-0.000888,40.609887,1.828105,0.000000
2482,0.843393,0.021171,43.593367,1.824465,0.000000
2483,0.839649,0.046851,47.813205,1.829006,0.000000
2484,0.846680,0.046425,44.414432,1.834690,0.000000
2485,0.847404,0.032697,46.443244,1.834466,0.000000
2486,0.841145,-0.001200,46.974160,1.849573,-0.000000
2487,0.842274,0.011795,44.755083,1.874641,0.000000
2488,0.844699,0.092997,42.728354,1.885465,0.000000
2489,0.845232,0.029288,43.389120,1.888045,-0.000000
2490,0.841311,0.003257,41.792213,1.900103,0.000000
2491,0.841577,0.165567,41.862269,1.904492,0.000000
2492,0.836569,0.016258,46.718283,1.904416,0.000000
2493,0.825336,0.029765,48.705563,1.907846,0.000000
2494,0.840314,0.179366,43.654412,1.899052,0.000000
2495,0.782581,-0.003436,62.753584,1.892285,0.000000
2496,0.786529,0.017194,45.429462,1.899711,0.000000
2497,0.788320,0.027475,46.797373,1.900367,-0.000000
2498,0.839561,0.200422,43.783756,1.891312,0.000000
2499,0.825584,0.010117,40.220290,1.875197,0.000000
2500,0.792706,0.197968,36.185370,1.871257,-0.000000
2501,0.837977,0.022497,42.049778,1.890858,-0.000000
2502,0.839376,0.250513,40.576662,1.889075,-0.000000
2503,0.837406,0.131109,41.623048,1.869313,0.000000
2504,0.842795,0.005735,38.445206,1.871006,-0.000000
2505,0.838239,0.075943,37.939468,1.876201,-0.000000
2506,0.765007,0.034565,40.996942,1.871672,-0.000000
2507,0.764735,0.077074,32.980078,1.862230,-0.000000
2508,0.820160,0.010670,42.845894,1.849612,0.000000
2509,0.838529,0.010636,38.715635,1.838307,-0.000000
2510,0.793024,0.020961,37.651808,1.838493,-0.000000
2511,0.835188,0.005316,41.881813,1.832876,0.000000
2512,0.821300,0.008862,38.390356,1.819897,0.000000
2513,0.832779,0.026222,45.210454,1.824868,-0.000000
2514,0.836868,0.030586,40.639577,1.834088,0.000000
2515,0.829876,0.013333,42.035763,1.821085,-0.000000
2516,0.836441,0.006000,45.047190,1.797740,0.000000
2517,0.764059,0.081948,48.922012,1.773365,0.000000
2518,0.787933,0.015834,38.341827,1.768923,-0.000000
2519,0.791102,0.027288,38.030654,1.751768,-0.000000
2520,0.840123,0.050800,29.798505,1.742760,-0.000000
2521,0.838411,0.009553,38.883969,1.748320,-0.000000
2522,0.825907,0.029667,44.352975,1.752363,0.000000
2523,0.828318,0.003326,35.826584,1.752870,-0.000000
2524,0.846209,-0.002610,46.643297,1.759649,-0.000000
2525,0.846653,0.001189,41.184308,1.777336,-0.000000
2526,0.832621,0.021058,39.922324,1.780082,0.000000
2527,0.835624,0.000473,41.974146,1.778950,0.000000
2528,0.845867,0.246823,45.952484,1.785221,-0.000000
2529,0.846747,0.141693,42.015214,1.777745,-0.000000
2530,0.848003,0.022767,42.231559,1.773687,-0.000000
2531,0.849024,-0.001682,43.584285,1.786267,-0.000000
2532,0.847945,0.012079,39.763900,1.798349,-0.000000
2533,0.851102,0.013652,35.421601,1.786401,0.000000
2534,0.838283,-0.000948,27.789987,1.782464,-0.000000
2535,0.852104,-0.000019,43.258910,1.787589,-0.000000
2536,0.851270,0.027569,28.744857,1.797792,-0.000000
2537,0.851529,0.011641,36.530909,1.802591,-0.000000
2538,0.851437,0.008228,32.619516,1.807638,-0.000000
2539,0.847833,0.017352,32.123949,1.793040,-0.000000
2540,0.850284,0.015057,26.819145,1.780664,-0.000000
2541,0.852634,0.026609,40.121228,1.765506,-0.000000
2542,0.850139,0.014729,27.549521,1.756941,0.000000
2543,0.849712,0.015916,38.453385,1.751474,-0.000000
2544,0.855025,0.018080,38.002314,1.740949,0.000000
2545,0.850162,0.005816,48.143822,1.737509,0.000000
2546,0.851953,0.063764,55.248572,1.746014,-0.000000
2547,0.852733,-0.002583,56.344784,1.756490,-0.000000
2548,0.849142,0.006671,48.509126,1.760249,-0.000000
2549,0.846110,0.065018,52.069178,1.751500,-0.000000
2550,0.851479,-0.001025,35.611627,1.757403,-0.000000
2551,0.844618,-0.006864,53.999520,1.775837,-0.000000
2552,0.847117,0.002806,54.732769,1.776078,0.000000
2553,0.852125,0.027511,45.733814,1.781273,0.000000
2554,0.850559,0.092884,42.006144,1.788931,-0.000000
2555,0.847277,0.074337,40.529897,1.791990,0.000000
2556,0.846527,0.038382,32.627748,1.786345,0.000000
2557,0.846252,0.168113,44.091234,1.782705,0.000000
2558,0.846632,0.007701,41.831355,1.793119,0.000000
2559,0.845742,0.002251,39.831362,1.797926,0.000000
2560,0.848877,0.009727,48.245423,1.801618,0.000000
2561,0.847688,0.002039,57.277351,1.817556,0.000000
2562,0.848794,0.048863,55.512217,1.850999,-0.000000
2563,0.846483,0.009631,46.940841,1.871181,0.000000
2564,0.845084,0.034943,45.792385,1.869094,0.000000
2565,0.850561,0.290530,46.563946,1.850879,0.000000
2566,0.849171,0.029392,42.159394,1.832993,-0.000000
2567,0.848970,0.018582,48.190719,1.827892,0.000000
2568,0.847381,0.048158,50.576381,1.821680,-0.000000
2569,0.851930,0.002911,48.218918,1.819734,-0.000000
2570,0.851378,0.005143,44.863227,1.824782,-0.000000
2571,0.845040,0.033849,43.445664,1.823224,-0.000000
2572,0.806172,0.003752,43.180807,1.817874,0.000000
2573,0.844758,0.021529,40.555008,1.807518,0.000000
2574,0.822069,0.004835,36.792671,1.801165,-0.000000
2575,0.842219,0.007068,40.485307,1.798490,-0.000000
2576,0.846139,0.009927,43.502788,1.795568,0.000000
2577,0.837050,0.006336,49.264157,1.810597,-0.000000
2578,0.844693,0.008282,45.928081,1.810124,0.000000
2579,0.842961,0.005776,39.255333,1.813432,0.000000
2580,0.847623,0.015338,38.553384,1.817367,-0.000000
2581,0.840126,0.002164,39.073394,1.800669,0.000000
2582,0.828393,0.013691,41.482299,1.787443,0.000000
2583,0.821805,0.087180,40.226367,1.790773,0.000000
2584,0.839507,0.009712,37.069174,1.796961,-0.000000
2585,0.844211,0.031900,36.548831,1.799946,0.000000
2586,0.837558,0.077329,43.316716,1.800806,-0.000000
2587,0.845956,0.177557,34.848133,1.804480,-0.000000
2588,0.833953,0.008565,41.768873,1.808482,-0.000000
2589,0.839826,0.008077,37.206920,1.824920,0.000000
2590,0.840096,0.007293,40.816095,1.833589,-0.000000
2591,0.841367,0.343079,40.781759,1.837074,-0.000000
2592,0.835059,0.010282,47.465042,1.837093,0.000000
2593,0.838485,0.006979,37.273500,1.828279,0.000000
2594,0.842818,0.068580,44.161369,1.827961,-0.000000
2595,0.842945,0.028304,43.030154,1.825825,-0.000000
2596,0.845354,0.025872,41.719785,1.830330,-0.000000
2597,0.839528,0.129802,45.666733,1.832153,-0.000000
2598,0.839635,0.018554,40.989489,1.824330,-0.000000
2599,0.835027,0.003720,40.459075,1.813949,-0.000000
2600,0.814701,0.202435,37.961345,1.806324,0.000000
2601,0.833703,0.082875,41.195799,1.808926,0.000000
2602,0.838559,0.049674,40.592819,1.813088,0.000000
2603,0.834890,0.000002,42.082308,1.828418,0.000000
2604,0.835338,0.064715,35.779921,1.825844,-0.000000
2605,0.834660,0.000683,38.579595,1.818802,0.000000
2606,0.830111,0.005320,47.336435,1.835656,-0.000000
2607,0.835170,0.004827,50.178725,1.851140,-0.000000
2608,0.838073,0.040108,45.880934,1.857616,0.000000
2609,0.833506,0.044682,40.934817,1.847956,0.000000
2610,0.835402,0.000073,47.013585,1.847110,-0.000000
2611,0.830623,0.076570,48.359969,1.851678,0.000000
2612,0.795009,0.162228,43.985596,1.845588,0.000000
2613,0.829040,0.063041,45.236891,1.850243,-0.000000
2614,0.830265,0.001090,42.685780,1.853144,0.000000
2615,0.831105,0.004904,32.203316,1.857457,0.000000
2616,0.830454,0.009236,36.673503,1.876936,0.000000
2617,0.826743,0.131410,43.460991,1.873037,-0.000000
2618,0.828583,0.032452,54.263519,1.856216,-0.000000
2619,0.832402,-0.003419,36.220808,1.866382,0.000000
2620,0.832069,0.030731,52.731453,1.883985,0.000000
2621,0.832314,0.063902,44.010895,1.872173,0.000000
2622,0.815182,0.004324,36.348142,1.878071,-0.000000
2623,0.832608,0.027700,43.775203,1.891424,-0.000000
2624,0.831105,0.130951,44.996847,1.886520,0.000000
2625,0.829784,0.006267,51.647086,1.884738,0.000000
2626,0.829693,0.039633,46.801413,1.887917,0.000000
2627,0.833407,0.009141,42.414269,1.874916,0.000000
2628,0.832418,0.031342,39.428001,1.864526,0.000000
2629,0.836254,0.005279,52.967077,1.857512,0.000000
2630,0.829161,0.050111,56.577449,1.865875,0.000000
2631,0.826708,0.008159,46.715413,1.871124,0.000000
2632,0.805117,-0.003853,34.261500,1.892818,-0.000000
2633,0.808140,0.459980,41.983508,1.880549,0.000000
2634,0.825686,0.200951,44.677792,1.860576,0.000000
2635,0.831953,-0.003163,35.474971,1.864436,0.000000
2636,0.827111,-0.001367,41.411974,1.879515,0.000000
2637,0.834166,0.009233,41.946120,1.887062,-0.000000
2638,0.829416,0.032182,46.149039,1.886300,0.000000
2639,0.832547,0.012840,45.755859,1.876149,-0.000000
2640,0.830818,-0.003294,49.257062,1.885369,0.000000
2641,0.833914,0.043911,42.308155,1.900022,0.000000
2642,0.834329,0.001090,46.465843,1.912019,0.000000
2643,0.833481,0.116079,50.449995,1.924767,-0.000000
2644,0.835145,0.058037,50.877567,1.929206,0.000000
2645,0.831869,0.037071,48.670638,1.925574,0.000000
2646,0.830667,0.230356,36.359464,1.923188,0.000000
2647,0.832996,0.015470,37.480661,1.935865,-0.000000
2648,0.829772,0.194361,37.989882,1.948485,0.000000
2649,0.832492,0.000022,33.605734,1.965752,-0.000000
2650,0.831194,0.067003,49.229185,1.991271,-0.000000
2651,0.831359,-0.001386,40.113397,1.998296,0.000000
2652,0.831627,0.047082,49.356111,1.999637,-0.000000
2653,0.830097,0.005373,49.407207,2.004897,0.000000
2654,0.834311,0.043656,47.873393,2.003946,-0.000000
2655,0.837189,0.014334,44.862563,2.001493,0.000000
2656,0.834823,0.017302,44.973212,1.997429,-0.000000
2657,0.836187,0.101193,42.640087,2.009988,-0.000000
2658,0.835500,0.627432,42.365947,2.023103,0.000000
2659,0.836435,0.004227,42.124119,2.017837,-0.000000
2660,0.835937,0.033379,43.006735,2.013161,-0.000000
2661,0.838222,0.020783,40.413982,2.007561,0.000000
2662,0.832791,0.007463,41.025255,1.994964,0.000000
2663,0.833232,0.109911,43.729097,1.981632,-0.000000
2664,0.830976,0.023357,42.041394,1.967273,0.000000
2665,0.836241,0.004850,46.074370,1.956438,-0.000000
2666,0.834063,0.037560,35.502855,1.956233,-0.000000
2667,0.831936,0.020502,44.753227,1.961666,0.000000
2668,0.831388,0.012240,40.296146,1.966033,0.000000
2669,0.829500,0.038432,40.990016,1.964176,-0.000000
2670,0.834495,0.102814,40.267889,1.948332,0.000000
2671,0.835735,0.009005,37.726706,1.947988,0.000000
2672,0.828683,0.018243,41.218066,1.948352,-0.000000
2673,0.825432,0.064173,42.195608,1.933171,0.000000
2674,0.812341,0.005232,41.652557,1.928861,-0.000000
2675,0.817441,0.012525,34.257195,1.925852,0.000000
2676,0.839781,0.003723,41.306448,1.905701,-0.000000
2677,0.840645,0.108146,40.845790,1.885522,-0.000000
2678,0.841286,0.098343,41.368019,1.876461,0.000000
2679,0.830521,0.027777,35.997016,1.871817,0.000000
2680,0.829306,0.009525,31.881313,1.867762,-0.000000
2681,0.834712,0.014961,31.308222,1.857501,0.000000
2682,0.835868,0.090314,34.383234,1.844060,0.000000
2683,0.830794,0.026369,35.907380,1.841421,0.000000
2684,0.824865,-0.001230,34.703733,1.831784,-0.000000
2685,0.780300,0.040484,39.203800,1.823350,0.000000
2686,0.780220,-0.000651,29.934962,1.810717,0.000000
2687,0.828244,0.007757,36.978914,1.805265,-0.000000
2688,0.819150,-0.006634,29.055805,1.821052,-0.000000
2689,0.839899,0.011436,35.509680,1.842509,0.000000
2690,0.836487,0.018503,24.584271,1.847976,-0.000000
2691,0.839079,0.055056,27.049282,1.852135,-0.000000
2692,0.835261,0.014724,33.924886,1.847721,0.000000
2693,0.838819,0.029815,44.020583,1.838602,-0.000000
2694,0.839337,0.003250,49.735835,1.842193,0.000000
2695,0.840403,-0.000283,52.490365,1.851481,0.000000
2696,0.843595,0.020273,51.719117,1.855718,0.000000
2697,0.838906,0.015798,43.857044,1.857332,0.000000
2698,0.836436,0.012697,47.896613,1.849995,0.000000
2699,0.836720,0.002881,39.018188,1.838313,0.000000
2700,0.837078,0.013992,49.285373,1.847446,0.000000
2701,0.835953,-0.000546,52.745319,1.865936,-0.000000
2702,0.820816,-0.000944,45.016394,1.883426,-0.000000
2703,0.837798,-0.003456,47.956267,1.903687,0.000000
2704,0.832892,0.191758,46.223895,1.930811,0.000000
2705,0.834217,0.016952,32.322897,1.935786,0.000000
2706,0.842640,0.021012,43.320953,1.922871,0.000000
2707,0.843367,0.043388,45.389875,1.917716,-0.000000
2708,0.834933,0.002613,45.294787,1.911983,0.000000
2709,0.832932,0.011958,45.760550,1.894515,0.000000
2710,0.829095,0.000082,42.630951,1.884903,-0.000000
2711,0.817369,0.007357,44.002520,1.889881,-0.000000
2712,0.836351,0.039504,40.001853,1.894292,0.000000
2713,0.829625,0.008801,37.639974,1.888399,-0.000000
2714,0.807020,0.040003,38.326772,1.895557,-0.000000
2715,0.833643,0.040189,37.120020,1.906277,-0.000000
2716,0.746991,0.231480,49.999661,1.917538,0.000000
2717,0.782144,0.007695,46.678282,1.917810,0.000000
2718,0.836767,0.022440,42.190980,1.910566,0.000000
2719,0.828808,0.214322,41.309596,1.911216,0.000000
2720,0.781419,0.368099,55.049903,1.913487,-0.000000
2721,0.788575,0.012829,51.838922,1.905795,-0.000000
2722,0.835473,0.015258,49.697590,1.897592,0.000000
2723,0.835126,0.058238,45.965106,1.912932,-0.000000
2724,0.793262,0.052939,55.717159,1.915776,-0.000000
2725,0.791032,0.000726,47.854736,1.907200,0.000000
2726,0.839900,0.047047,43.314401,1.907708,-0.000000
2727,0.799147,0.010193,48.582504,1.923932,0.000000
2728,0.835393,-0.000811,39.707938,1.946558,0.000000
2729,0.837907,0.016732,42.718523,1.954819,-0.000000
2730,0.795142,0.004694,50.651114,1.945685,0.000000
2731,0.839286,0.043357,41.914800,1.930175,-0.000000
2732,0.821184,0.017057,40.681306,1.911268,0.000000
2733,0.836489,0.007052,38.612835,1.904636,0.000000
2734,0.833696,0.000479,35.575946,1.937127,-0.000000
2735,0.832488,0.005629,35.687985,1.958788,0.000000
2736,0.835912,0.001152,43.799897,1.974187,0.000000
2737,0.836237,-0.002317,44.480266,2.001492,-0.000000
2738,0.836564,0.059967,42.681685,2.018009,-0.000000
2739,0.841015,0.123451,45.313776,2.009795,0.000000
2740,0.840426,0.004530,33.333971,1.989305,0.000000
2741,0.841230,0.011086,38.007636,1.978247,0.000000
2742,0.840561,0.138773,51.332756,1.966269,0.000000
2743,0.842554,0.053362,45.370788,1.970271,-0.000000
2744,0.845540,0.004530,44.831597,1.982818,-0.000000
2745,0.834292,0.067668,44.983550,1.974619,0.000000
2746,0.835358,0.008692,40.069060,1.958778,-0.000000
2747,0.834339,0.116187,33.244398,1.959738,0.000000
2748,0.828104,0.016742,28.607368,1.957648,0.000000
2749,0.837665,-0.001127,27.421735,1.966736,0.000000
2750,0.828849,0.002114,25.901064,1.976759,0.000000
2751,0.799891,0.016747,40.182785,1.972875,-0.000000
2752,0.730849,0.046305,31.550788,1.950766,0.000000
2753,0.791878,0.029487,21.508373,1.937328,0.000000
2754,0.828744,0.023180,24.304957,1.931545,0.000000
2755,0.834135,0.014914,21.098965,1.910224,0.000000
2756,0.836397,0.020022,20.184603,1.891218,0.000000
2757,0.819117,-0.001961,28.415891,1.883952,0.000000
2758,0.837392,0.009400,29.441689,1.889880,0.000000
2759,0.837778,0.015963,30.404590,1.897474,-0.000000
2760,0.841839,0.016870,42.101509,1.909193,0.000000
2761,0.835057,0.047248,25.758013,1.926542,-0.000000
2762,0.838607,0.002758,28.450098,1.919612,-0.000000
2763,0.836093,0.071212,36.098617,1.918191,0.000000
2764,0.838207,0.010417,30.855363,1.940041,-0.000000
2765,0.840132,0.070871,29.390912,1.947787,0.000000
2766,0.837051,0.006099,38.609631,1.946689,-0.000000
2767,0.833994,0.022675,42.742678,1.953350,0.000000
2768,0.834037,0.005772,48.093893,1.957486,0.000000
2769,0.817770,0.011682,42.439653,1.962698,0.000000
2770,0.835983,-0.004332,48.815674,1.980073,-0.000000
2771,0.828937,0.017689,45.794977,1.989864,0.000000
2772,0.828662,0.025096,42.067365,1.992447,0.000000
2773,0.828522,0.002083,37.878042,2.000822,0.000000
2774,0.807903,0.004683,28.870194,2.011688,0.000000
2775,0.830931,0.046157,52.360186,2.017954,-0.000000
2776,0.827375,0.020860,47.395069,2.006552,-0.000000
2777,0.824965,0.016635,34.233816,1.991770,-0.000000
2778,0.829093,0.021668,27.633609,1.980196,-0.000000
2779,0.827625,0.046363,27.765330,1.964179,-0.000000
2780,0.825729,0.032777,22.120854,1.951105,0.000000
2781,0.831980,0.010478,36.901732,1.964009,0.000000
2782,0.826748,0.007195,29.298990,1.975495,0.000000
2783,0.826919,0.002257,27.679131,1.981276,0.000000
2784,0.787875,0.021252,28.557778,1.987627,0.000000
2785,0.837506,0.030655,21.873593,1.965901,-0.000000
2786,0.828062,0.003925,27.657148,1.939680,0.000000
2787,0.826250,0.046243,34.327544,1.939546,0.000000
2788,0.823484,0.012933,48.924783,1.939101,-0.000000
2789,0.827141,0.096445,45.314170,1.930524,0.000000
2790,0.828522,0.042244,47.620752,1.924601,0.000000
2791,0.823891,0.018453,47.697829,1.923519,-0.000000
2792,0.825026,0.085615,45.601536,1.906061,0.000000
2793,0.819227,0.276843,43.375216,1.889488,0.000000
2794,0.828047,0.027254,32.143500,1.875051,0.000000
2795,0.803105,0.010107,38.529853,1.869945,-0.000000
2796,0.824191,1.769057,40.610305,1.875200,-0.000000
2797,0.807301,0.067919,35.548364,1.866838,0.000000
2798,0.780500,0.006713,39.122796,1.858106,0.000000
2799,0.810439,0.003523,33.513631,1.863166,0.000000
2800,0.829107,0.076058,42.977061,1.879478,-0.000000
2801,0.828058,0.043526,40.801600,1.873922,-0.000000
2802,0.823173,0.001333,42.633083,1.861925,-0.000000
2803,0.779038,0.031039,39.210792,1.870518,0.000000
2804,0.823982,0.423539,38.140360,1.891398,0.000000
2805,0.807945,0.004666,38.736429,1.901717,0.000000
2806,0.828593,0.062643,39.272147,1.889724,-0.000000
2807,0.813241,0.096731,29.073921,1.881106,-0.000000
2808,0.828201,0.014454,38.244819,1.877256,0.000000
2809,0.830261,0.014492,35.505842,1.882171,0.000000
2810,0.830438,0.026442,32.340651,1.879323,0.000000
2811,0.831891,0.009531,30.983617,1.879566,-0.000000
2812,0.826022,0.007243,34.759356,1.880115,0.000000
2813,0.828115,0.019450,38.128862,1.895630,0.000000
2814,0.824638,0.000797,47.107912,1.908093,-0.000000
2815,0.827868,-0.005362,43.511717,1.909040,-0.000000
2816,0.823206,0.001732,44.881804,1.925287,0.000000
2817,0.832206,0.003074,44.181185,1.937845,-0.000000
2818,0.828698,0.011342,40.424677,1.951335,0.000000
2819,0.818788,0.020389,38.652477,1.960761,0.000000
2820,0.797651,0.044402,35.982253,1.962605,0.000000
2821,0.825743,0.004765,36.552201,1.951490,-0.000000
2822,0.824107,0.002938,23.945069,1.947927,-0.000000
2823,0.788133,0.024921,27.550555,1.950201,-0.000000
2824,0.808932,0.169480,24.297754,1.941551,-0.000000
2825,0.822884,0.010520,34.887563,1.940140,0.000000
2826,0.822707,0.011293,41.655518,1.956703,-0.000000
2827,0.824873,0.031393,34.428176,1.951263,0.000000
2828,0.828181,-0.001275,30.667270,1.942083,0.000000
2829,0.828480,0.114672,27.332607,1.942786,-0.000000
2830,0.829520,0.019885,45.045601,1.950999,0.000000
2831,0.829125,0.037672,44.309026,1.959913,0.000000
2832,0.826348,0.007471,48.865844,1.975241,-0.000000
2833,0.827416,-0.001148,43.184379,1.983382,-0.000000
2834,0.830861,0.015397,32.181196,1.986301,-0.000000
2835,0.833361,0.035232,42.702854,1.992795,-0.000000
2836,0.826927,0.013814,35.772450,1.979476,0.000000
2837,0.786932,0.018466,33.284443,1.964784,0.000000
2838,0.822421,0.062444,38.848773,1.952449,0.000000
2839,0.803341,0.015268,31.120882,1.935810,-0.000000
2840,0.820973,0.030227,36.627467,1.927207,-0.000000
2841,0.822072,0.011271,38.405279,1.917646,-0.000000
2842,0.827345,0.007918,34.945337,1.889449,0.000000
2843,0.824866,0.075423,43.510850,1.875527,-0.000000
2844,0.810481,0.020388,45.469171,1.879722,0.000000
2845,0.831401,0.025373,42.116048,1.887376,0.000000
2846,0.831103,0.092489,34.551147,1.896145,0.000000
2847,0.829429,0.012585,39.063580,1.907247,0.000000
2848,0.829554,0.033097,42.127239,1.904163,0.000000
2849,0.830377,0.049563,34.893745,1.910664,-0.000000
2850,0.826505,0.022111,39.995110,1.932587,0.000000
2851,0.828391,0.089035,52.896728,1.960381,-0.000000
2852,0.825933,0.008226,48.811717,1.969771,0.000000
2853,0.822839,0.011082,37.485545,1.984568,-0.000000
2854,0.823840,0.007284,41.971361,2.008791,-0.000000
2855,0.822015,0.021672,41.089335,2.022929,0.000000
2856,0.823304,0.011992,39.901029,2.028280,0.000000
2857,0.822781,0.562220,44.437204,2.041046,-0.000000
2858,0.823824,0.042531,43.544466,2.058835,-0.000000
2859,0.825981,0.091053,49.319675,2.064010,-0.000000
2860,0.824370,0.119683,55.740160,2.049576,0.000000
2861,0.823953,0.019872,49.124791,2.052179,-0.000000
2862,0.823706,0.012764,39.322321,2.065099,0.000000
2863,0.818417,0.017421,39.487870,2.082424,0.000000
2864,0.817810,2.242062,41.173122,2.094240,-0.000000
2865,0.821374,0.031491,44.617786,2.084878,-0.000000
2866,0.818331,0.047041,37.736102,2.091522,-0.000000
2867,0.819514,0.025788,31.906762,2.103291,-0.000000
2868,0.816202,0.137415,27.367028,2.085486,0.000000
2869,0.813929,0.018900,38.719481,2.075757,-0.000000
2870,0.819344,0.011553,43.615300,2.075685,0.000000
2871,0.815468,0.026542,31.226885,2.076330,-0.000000
2872,0.816580,-0.001957,46.472556,2.080023,-0.000000
2873,0.815736,0.022245,40.213368,2.086246,-0.000000
2874,0.815933,0.021702,23.728146,2.083395,0.000000
2875,0.817258,0.037373,31.891109,2.069411,0.000000
2876,0.816828,0.038888,38.985964,2.075457,-0.000000
2877,0.818510,0.019202,33.944337,2.073011,-0.000000
2878,0.820570,0.032784,40.261487,2.051718,-0.000000
2879,0.811038,0.022891,43.826156,2.030700,0.000000
2880,0.811125,0.110781,41.036926,2.030590,-0.000000
2881,0.809494,0.003460,42.330146,2.036639,-0.000000
2882,0.814819,0.003128,39.362293,2.037780,-0.000000
2883,0.814598,0.049655,37.537714,2.032738,0.000000
2884,0.807872,0.031133,48.930898,2.020455,-0.000000
2885,0.815079,0.009123,46.245877,2.021613,-0.000000
2886,0.817010,0.003542,42.020709,2.030231,0.000000
2887,0.814611,0.084099,35.316354,2.028323,-0.000000
2888,0.813019,0.012669,49.146717,2.019029,0.000000
2889,0.819989,0.004414,49.470238,2.028155,0.000000
2890,0.812849,0.024967,44.799121,2.037535,-0.000000
2891,0.816675,0.024734,35.175501,2.038293,-0.000000
2892,0.813229,0.052852,34.681283,2.035285,0.000000
2893,0.812382,0.048337,30.368527,2.032259,0.000000
2894,0.809962,0.027753,24.677103,2.037762,-0.000000
2895,0.814317,0.034219,42.681492,2.044955,-0.000000
2896,0.806521,0.194637,29.565209,2.044516,0.000000
2897,0.809894,0.002420,34.211409,2.041350,0.000000
2898,0.814604,0.006745,29.693257,2.044436,-0.000000
2899,0.812285,0.049174,27.435265,2.050142,0.000000
2900,0.820390,0.006657,23.060321,2.042197,-0.000000
2901,0.818036,0.070426,22.669391,2.022546,0.000000
2902,0.814988,0.218498,22.036181,2.006454,0.000000
2903,0.742494,0.013591,27.956198,1.993790,0.000000
2904,0.810744,0.007866,20.792657,1.984717,0.000000
2905,0.805674,0.094912,30.524258,1.991212,0.000000
2906,0.783712,0.075497,16.565330,1.982272,-0.000000
2907,0.804976,0.014171,24.283111,1.958237,-0.000000
2908,0.810647,0.266587,39.846241,1.961874,0.000000
2909,0.763139,0.085177,24.868045,1.970388,0.000000
2910,0.803981,0.006247,37.297100,1.976654,0.000000
2911,0.805254,0.001975,30.662814,1.986481,0.000000
2912,0.808549,0.067075,30.918399,1.972913,0.000000
2913,0.803479,-0.003512,30.130889,1.963938,-0.000000
2914,0.808014,0.034931,43.275704,1.976118,0.000000
2915,0.810999,0.182529,40.263586,1.978846,0.000000
2916,0.809275,0.006101,48.892551,1.964096,0.000000
2917,0.806524,-0.001021,44.114211,1.969209,0.000000
2918,0.806008,0.011445,34.413643,1.977584,-0.000000
2919,0.809531,0.050752,55.511937,1.975213,-0.000000
2920,0.804964,0.028999,50.295306,1.971483,-0.000000
2921,0.804774,0.057426,53.326468,1.960188,0.000000
2922,0.808546,0.006939,48.523951,1.946959,-0.000000
2923,0.802920,0.011587,46.034001,1.939317,-0.000000
2924,0.804399,0.001721,41.484603,1.932410,-0.000000
2925,0.805048,0.005744,39.811975,1.934126,0.000000
2926,0.805840,0.018111,35.519621,1.932401,-0.000000
2927,0.807343,0.126865,29.539513,1.917179,0.000000
2928,0.805502,0.009167,21.814336,1.913516,-0.000000
2929,0.778993,0.003233,28.601818,1.920049,0.000000
2930,0.802238,0.044758,27.130414,1.920971,-0.000000
2931,0.772003,0.021250,19.606930,1.909123,-0.000000
2932,0.799248,0.003718,24.539942,1.911196,0.000000
2933,0.798885,0.041875,23.791387,1.917293,-0.000000
2934,0.801196,0.003250,19.263224,1.932421,0.000000
2935,0.804625,0.005833,27.756586,1.943792,0.000000
2936,0.809023,0.007157,40.834768,1.947100,0.000000
2937,0.805572,0.022168,34.893070,1.938801,0.000000
2938,0.807312,0.030611,21.757570,1.919672,0.000000
2939,0.806930,2.769331,34.498978,1.908246,-0.000000
2940,0.803540,0.014341,38.204897,1.907550,-0.000000
2941,0.804730,0.010457,32.773966,1.909527,-0.000000
2942,0.803386,-0.001344,46.523615,1.912591,-0.000000
2943,0.801014,0.061748,29.627770,1.907910,0.000000
2944,0.802568,0.449098,13.945453,1.898410,-0.000000
2945,0.802486,0.009005,14.634276,1.897097,0.000000
2946,0.806847,0.019459,28.135055,1.891204,0.000000
2947,0.804272,0.024852,51.351379,1.876166,0.000000
2948,0.807993,0.002914,43.289781,1.894814,-0.000000
2949,0.802202,-0.000028,42.134994,1.920241,0.000000
2950,0.802406,0.046998,41.662508,1.933974,-0.000000
2951,0.803925,0.044445,41.403065,1.947137,-0.000000
2952,0.804223,0.002977,38.734176,1.972172,-0.000000
2953,0.806275,0.041940,36.485510,1.990354,-0.000000
2954,0.805293,0.100347,36.542447,1.978006,0.000000
2955,0.804840,0.037183,38.826746,1.969824,-0.000000
2956,0.800605,0.026215,40.495301,1.971696,0.000000
2957,0.799681,0.140398,37.576864,1.973423,0.000000
2958,0.796397,0.002241,37.793377,1.961381,0.000000
2959,0.797748,0.029473,35.254472,1.946804,0.000000
2960,0.790967,0.014339,31.993806,1.945783,-0.000000
2961,0.796443,0.009781,25.887497,1.954432,-0.000000
2962,0.795995,0.006649,29.403713,1.969136,0.000000
2963,0.792558,0.121841,27.628659,1.975952,-0.000000
2964,0.795557,0.049516,29.253770,1.979140,-0.000000
2965,0.801764,0.026026,39.745712,1.981991,0.000000
2966,0.803644,0.050160,31.535512,1.970047,-0.000000
2967,0.804750,0.002688,13.473575,1.952639,0.000000
2968,0.810512,0.015996,14.040326,1.944507,0.000000
2969,0.814486,0.018010,19.877591,1.934249,0.000000
2970,0.807847,0.017456,20.381286,1.916635,0.000000
2971,0.812670,0.022508,18.536120,1.908515,0.000000
2972,0.810214,0.045513,18.777654,1.904124,0.000000
2973,0.807808,0.044529,13.447073,1.899494,-0.000000
2974,0.812946,0.195027,18.329109,1.891140,-0.000000
2975,0.810170,0.016002,15.656544,1.884514,0.000000
2976,0.811546,0.010137,14.912854,1.887654,0.000000
2977,0.809999,0.021012,13.730312,1.885710,-0.000000
2978,0.806924,0.285251,18.224325,1.858793,-0.000000
2979,0.807232,0.234642,27.761096,1.836265,-0.000000
2980,0.804260,0.025772,17.716943,1.837425,0.000000
2981,0.806608,0.031589,14.730806,1.823922,0.000000
2982,0.808587,0.020330,22.531949,1.802638,-0.000000
2983,0.810086,0.012243,23.757053,1.805216,0.000000
2984,0.814089,0.030356,17.523770,1.811850,0.000000
2985,0.816006,0.002968,13.976057,1.815124,-0.000000
2986,0.816316,0.092783,26.954931,1.816180,-0.000000
2987,0.815356,0.005636,35.400641,1.811847,-0.000000
2988,0.815436,0.008402,25.262498,1.808644,-0.000000
2989,0.818892,0.010799,21.554610,1.792424,-0.000000
2990,0.816698,0.003120,19.474658,1.782889,-0.000000
2991,0.817398,0.005438,22.325672,1.778370,0.000000
2992,0.817974,0.048701,20.202380,1.763325,-0.000000
2993,0.816942,0.102213,15.752099,1.749511,0.000000
2994,0.816634,0.002777,34.693859,1.750972,-0.000000
2995,0.817602,0.006660,32.851605,1.759326,0.000000
2996,0.819456,0.016948,28.384050,1.760236,0.000000
2997,0.818637,-0.001879,25.720790,1.758481,0.000000
2998,0.817035,0.017028,29.585149,1.767518,0.000000
2999,0.816537,0.003765,13.606343,1.765255,0.000000
3000,0.812920,0.016525,18.705316,1.742232,-0.000000
3001,0.817604,0.002499,20.570706,1.715916,0.000000
3002,0.817741,0.008680,18.483875,1.709460,-0.000000
3003,0.819428,0.008470,28.063001,1.711428,0.000000
3004,0.823047,0.004244,22.830702,1.717135,-0.000000
3005,0.823767,0.000865,31.697018,1.714960,-0.000000
3006,0.827296,0.008792,31.993689,1.709939,0.000000
3007,0.823680,0.011343,36.723033,1.710594,-0.000000
3008,0.826380,0.039246,59.769829,1.710961,0.000000
3009,0.826084,0.012590,43.831843,1.712474,-0.000000
3010,0.823019,-0.000150,48.631379,1.714886,-0.000000
3011,0.825018,0.003273,39.714302,1.723072,0.000000
3012,0.819473,0.003882,52.080640,1.734582,-0.000000
3013,0.823064,0.090496,38.793510,1.742163,0.000000
3014,0.821432,-0.000094,44.587462,1.755394,0.000000
3015,0.821472,0.064021,41.165979,1.760131,0.000000
3016,0.817838,0.045985,42.847390,1.751745,-0.000000
3017,0.815557,0.174018,54.074547,1.755272,0.000000
3018,0.818084,0.005107,46.292391,1.767457,0.000000
3019,0.817601,0.025089,45.385088,1.771932,0.000000
3020,0.817081,0.065603,37.728966,1.756667,0.000000
3021,0.819826,0.004597,40.700634,1.743181,0.000000
3022,0.820873,0.013982,35.167291,1.735956,0.000000
3023,0.822844,0.294814,29.486891,1.735463,0.000000
3024,0.817264,0.038351,32.349452,1.718216,-0.000000
3025,0.813897,0.008035,32.344720,1.705108,0.000000
3026,0.818476,0.009955,35.093981,1.708444,0.000000
3027,0.814728,0.047539,31.096377,1.710916,-0.000000
3028,0.812932,-0.000342,31.465140,1.703468,-0.000000
3029,0.751568,0.015613,22.985423,1.699304,-0.000000
3030,0.782263,0.102867,24.080733,1.695418,-0.000000
3031,0.810377,0.007019,37.333908,1.683260,0.000000
3032,0.811580,0.001026,32.902314,1.679458,0.000000
3033,0.806582,0.045216,38.666548,1.687718,-0.000000
3034,0.806801,0.047905,32.944062,1.699839,0.000000
3035,0.813410,0.020744,38.697848,1.704644,-0.000000
3036,0.815561,0.004514,37.503523,1.707586,0.000000
3037,0.807491,0.019076,34.392720,1.702896,0.000000
3038,0.807432,0.012510,26.691915,1.692938,-0.000000
3039,0.815209,0.004118,34.812952,1.696130,0.000000
3040,0.814229,0.008551,27.029069,1.704818,-0.000000
3041,0.819005,0.094210,34.646971,1.720344,-0.000000
3042,0.816286,-0.002411,22.298910,1.737631,-0.000000
3043,0.815784,0.029631,25.513241,1.743731,0.000000
3044,0.812898,0.013457,24.285587,1.732204,-0.000000
3045,0.820515,0.028726,41.897273,1.719017,-0.000000
3046,0.821013,0.114392,29.424691,1.722527,0.000000
3047,0.818876,0.039680,25.295509,1.733252,-0.000000
3048,0.817242,0.036681,33.715294,1.739639,-0.000000
3049,0.815379,0.045075,34.140476,1.754536,0.000000
3050,0.824585,0.009316,41.480659,1.761326,0.000000
3051,0.818855,0.010512,43.943491,1.778263,-0.000000
3052,0.818470,0.271957,44.679912,1.793294,-0.000000
3053,0.822943,0.012443,48.474553,1.776687,-0.000000
3054,0.820934,0.100975,51.260247,1.762079,-0.000000
3055,0.814143,0.010167,47.755402,1.771018,0.000000
3056,0.816706,-0.001202,38.677396,1.790200,-0.000000
3057,0.818565,0.013274,44.930944,1.795283,0.000000
3058,0.820735,0.004424,38.469037,1.785708,-0.000000
3059,0.817350,0.021411,37.465752,1.773324,-0.000000
3060,0.806919,0.064238,37.797232,1.747152,0.000000
3061,0.789623,0.021070,35.547216,1.730008,0.000000
3062,0.784141,0.008482,32.228996,1.725900,0.000000
3063,0.768305,0.428337,37.302933,1.721464,-0.000000
3064,0.815277,0.004571,37.513765,1.719846,0.000000
3065,0.818673,0.020330,40.068913,1.731326,0.000000
3066,0.819246,-0.003057,38.243828,1.743148,-0.000000
3067,0.821791,0.017381,37.593047,1.749644,-0.000000
3068,0.816148,0.008737,35.614939,1.753793,-0.000000
3069,0.784834,0.094238,29.159558,1.751359,0.000000
3070,0.792131,0.015079,28.608636,1.745010,-0.000000
3071,0.796201,0.007958,29.312918,1.739424,-0.000000
3072,0.813822,0.005959,39.141434,1.732656,-0.000000
3073,0.800717,0.030755,30.082261,1.728560,0.000000
3074,0.809388,0.008089,29.335298,1.725148,-0.000000
3075,0.791684,0.011186,25.567340,1.707901,0.000000
3076,0.819947,-0.002857,32.127165,1.699553,0.000000
3077,0.812342,0.022596,32.102538,1.681133,-0.000000
3078,0.751763,0.118565,17.365372,1.658173,-0.000000
3079,0.806897,0.039925,26.138233,1.641892,-0.000000
3080,0.811888,0.030566,28.794942,1.629944,-0.000000
3081,0.823722,0.062626,35.982785,1.629877,0.000000
3082,0.819768,0.015894,36.694670,1.636071,-0.000000
3083,0.820564,-0.002293,36.701528,1.634998,0.000000
3084,0.827345,0.006498,39.105526,1.642754,0.000000
3085,0.830074,0.000537,43.888544,1.666964,-0.000000
3086,0.831102,-0.007214,41.931673,1.683101,0.000000
3087,0.834960,-0.000901,43.877485,1.693328,0.000000
3088,0.826279,0.000570,41.709717,1.705165,0.000000
3089,0.829014,0.002265,39.413116,1.720134,-0.000000
3090,0.828367,0.515490,44.490510,1.723978,-0.000000
3091,0.799254,0.006549,40.523379,1.721609,0.000000
3092,0.800960,0.001329,42.910670,1.720183,0.000000
3093,0.799451,-0.003027,34.894433,1.733901,0.000000
3094,0.793993,0.010560,43.992456,1.740914,0.000000
3095,0.818094,0.000915,31.843486,1.736371,0.000000
3096,0.819323,0.000054,37.217342,1.733131,0.000000
3097,0.818965,-0.002257,49.489152,1.738474,0.000000
3098,0.815141,0.055115,42.218387,1.747982,-0.000000
3099,0.815829,0.010229,44.190999,1.754131,0.000000
3100,0.812423,0.067276,44.844416,1.752842,0.000000
3101,0.812242,0.027035,37.619084,1.742086,0.000000
3102,0.815928,0.002372,36.148638,1.744980,-0.000000
3103,0.818622,0.061367,28.441206,1.759462,0.000000
3104,0.820774,0.126666,27.280149,1.759830,0.000000
3105,0.825138,0.149875,27.227111,1.756930,0.000000
3106,0.823633,0.039955,23.379774,1.752872,0.000000
3107,0.824712,0.020942,35.083503,1.762050,-0.000000
3108,0.822280,0.012579,38.687334,1.757646,0.000000
3109,0.818755,0.052735,41.499118,1.744316,0.000000
3110,0.796199,0.005395,39.096601,1.739881,0.000000
3111,0.820466,-0.001140,40.892981,1.739830,-0.000000
3112,0.817559,0.003401,40.757687,1.739818,-0.000000
3113,0.816518,6.404473,43.147218,1.732973,-0.000000
3114,0.813618,0.006097,46.073122,1.713365,0.000000
3115,0.790715,0.220894,34.151902,1.705385,0.000000
3116,0.812118,-0.002295,39.324781,1.713356,-0.000000
3117,0.788106,-0.000404,36.414133,1.721469,0.000000
3118,0.811698,0.011061,33.920084,1.730902,0.000000
3119,0.812582,0.028842,33.376773,1.727799,0.000000
3120,0.813699,-0.000618,40.285084,1.724362,0.000000
3121,0.816320,0.005569,33.310210,1.740289,-0.000000
3122,0.817251,0.011989,35.539866,1.754832,-0.000000
3123,0.812326,0.012265,41.538815,1.752357,0.000000
3124,0.816645,0.001835,41.634471,1.751792,-0.000000
3125,0.808719,0.009168,39.197740,1.750784,-0.000000
3126,0.813039,0.005911,37.931197,1.745196,0.000000
3127,0.804310,0.022566,35.044587,1.742008,-0.000000
3128,0.808734,0.011697,33.101551,1.745511,0.000000
3129,0.817430,0.011503,39.683772,1.751372,-0.000000
3130,0.817803,0.006429,27.983449,1.751432,-0.000000
3131,0.816210,0.186178,26.280468,1.751488,-0.000000
3132,0.820864,0.008150,27.831098,1.753807,0.000000
3133,0.824499,0.079385,9.693646,1.746628,0.000000
3134,0.819463,0.001941,5.979864,1.723189,-0.000000
3135,0.819370,0.024756,10.425497,1.708526,0.000000
3136,0.817998,0.097574,6.948435,1.692877,0.000000
3137,0.820599,0.017600,9.845977,1.670743,-0.000000
3138,0.809068,0.023708,5.624010,1.643654,0.000000
3139,0.807690,0.007681,6.298985,1.616003,0.000000
3140,0.820760,0.021786,11.317797,1.601234,0.000000
3141,0.822719,0.003713,16.474810,1.587326,0.000000
3142,0.829765,0.004467,23.526396,1.593081,-0.000000
3143,0.826013,0.114539,12.214670,1.593448,0.000000
3144,0.831739,0.005336,27.949724,1.586298,-0.000000
3145,0.830794,-0.003059,20.977369,1.590238,-0.000000
3146,0.830342,0.032356,19.369478,1.591920,0.000000
3147,0.833485,0.009245,33.557742,1.601791,-0.000000
3148,0.826532,0.004577,19.799085,1.614716,0.000000
3149,0.823820,0.019604,21.528442,1.608193,0.000000
3150,0.827439,0.005028,32.751443,1.595443,0.000000
3151,0.828482,0.056799,35.494694,1.606211,-0.000000
3152,0.826218,0.007283,37.209175,1.628843,0.000000
3153,0.830620,0.005642,44.245448,1.624996,0.000000
3154,0.832193,0.237893,52.293300,1.629827,0.000000
3155,0.829459,0.011505,52.023310,1.639728,-0.000000
3156,0.833151,0.000370,44.599558,1.653250,-0.000000
3157,0.827678,0.025549,43.703986,1.679405,0.000000
3158,0.830633,0.036794,39.567653,1.700379,0.000000
3159,0.833373,0.007336,43.629299,1.714581,-0.000000
3160,0.834834,-0.000360,41.945812,1.715138,0.000000
3161,0.837002,0.114532,39.755948,1.711977,0.000000
3162,0.836960,0.019299,36.062289,1.698980,-0.000000
3163,0.832689,0.019037,31.589820,1.695240,-0.000000
3164,0.831190,0.006192,26.922961,1.694044,0.000000
3165,0.831303,0.042017,29.928052,1.675765,-0.000000
3166,0.831128,0.002935,33.484560,1.667726,-0.000000
3167,0.833897,0.019110,33.008834,1.674134,0.000000
3168,0.831515,0.000921,27.420370,1.685707,0.000000
3169,0.827799,0.001472,30.842918,1.691028,-0.000000
3170,0.826050,0.069881,27.291482,1.694807,0.000000
3171,0.829403,2.750038,26.106775,1.690249,-0.000000
3172,0.825707,0.011565,31.833633,1.689812,0.000000
3173,0.823400,0.037107,31.064696,1.694000,0.000000
3174,0.818713,0.002455,32.869874,1.693081,0.000000
3175,0.821815,0.016722,26.908051,1.699535,0.000000
3176,0.814645,0.007270,25.718076,1.711660,0.000000
3177,0.817525,0.003523,30.330338,1.704435,0.000000
3178,0.814153,0.045243,26.720584,1.709795,-0.000000
3179,0.818676,0.002558,23.314584,1.708527,0.000000
3180,0.823018,0.042413,24.429869,1.720026,-0.000000
3181,0.804227,0.014702,22.999673,1.725669,0.000000
3182,0.797347,0.026197,23.728230,1.724650,0.000000
3183,0.820884,0.040302,24.775127,1.721417,-0.000000
3184,0.795885,0.004576,29.140312,1.716824,0.000000
3185,0.817512,0.017315,36.370050,1.719096,0.000000
3186,0.817643,0.019133,24.493595,1.713668,0.000000
3187,0.821935,0.008434,23.646840,1.706417,0.000000
3188,0.825229,0.054824,21.020654,1.707435,0.000000
3189,0.817039,0.011811,25.807319,1.718277,0.000000
3190,0.821017,-0.000179,23.081726,1.745414,0.000000
3191,0.818448,0.008498,23.356881,1.761341,-0.000000
3192,0.817421,0.033587,26.712168,1.780569,-0.000000
3193,0.813891,0.074388,37.617758,1.784762,-0.000000
3194,0.808112,0.032583,38.263905,1.771657,0.000000
3195,0.815313,0.005668,31.843732,1.772602,0.000000
3196,0.813721,0.009039,36.076283,1.779582,-0.000000
3197,0.813643,0.021895,26.738837,1.793470,-0.000000
3198,0.809554,0.053843,30.449820,1.799275,-0.000000
3199,0.810852,0.045020,28.507310,1.796233,0.000000
3200,0.809656,0.017576,35.971289,1.791648,-0.000000
3201,0.814906,0.292244,37.844332,1.781518,0.000000
3202,0.812503,0.008356,47.015751,1.775892,0.000000
3203,0.805233,0.005953,43.750976,1.774681,0.000000
3204,0.806997,0.081315,38.616959,1.776576,-0.000000
3205,0.810114,0.010594,35.159362,1.773547,0.000000
3206,0.804836,0.010804,36.411694,1.784555,-0.000000
3207,0.810208,0.000724,33.131706,1.795651,0.000000
3208,0.737401,0.006862,29.990375,1.793837,0.000000
3209,0.799893,0.063024,37.656156,1.792253,0.000000
3210,0.807220,0.013339,38.123979,1.789622,-0.000000
3211,0.797354,0.031720,36.491174,1.791317,0.000000
3212,0.802567,0.043132,28.823329,1.781304,-0.000000
3213,0.815090,0.017850,32.537566,1.781183,-0.000000
3214,0.808288,0.009403,28.204222,1.785511,-0.000000
3215,0.817785,0.048501,20.412698,1.774641,-0.000000
3216,0.810914,0.017358,26.694627,1.755402,-0.000000
3217,0.810751,0.058719,30.267673,1.743789,-0.000000
3218,0.804142,0.009065,26.363770,1.736224,0.000000
3219,0.804273,0.003046,17.638176,1.732799,0.000000
3220,0.802904,1.317379,17.636619,1.722860,-0.000000
3221,0.795024,0.015895,24.120704,1.709430,0.000000
3222,0.766693,0.008293,20.015056,1.703756,-0.000000
3223,0.783177,0.030721,15.527062,1.684146,-0.000000
3224,0.812316,0.104141,26.074074,1.672519,-0.000000
3225,0.808104,0.036165,47.743373,1.676203,0.000000
3226,0.812029,0.010863,49.601408,1.671551,-0.000000
3227,0.816062,-0.003467,48.503072,1.682103,-0.000000
3228,0.798360,-0.003607,38.535240,1.702815,-0.000000
3229,0.824927,0.016889,39.759046,1.714695,-0.000000
3230,0.806670,0.011931,31.744786,1.710136,0.000000
3231,0.823729,0.170310,41.032067,1.694731,0.000000
3232,0.823982,0.013196,36.955803,1.686266,-0.000000
3233,0.823198,0.068733,39.736950,1.689438,0.000000
3234,0.817999,0.005745,19.704548,1.687887,-0.000000
3235,0.816634,0.008795,27.016597,1.668302,0.000000
3236,0.812134,-0.002148,26.685511,1.670750,-0.000000
3237,0.821269,0.100436,34.150489,1.682345,0.000000
3238,0.825507,0.013657,43.178950,1.682457,-0.000000
3239,0.834272,0.009126,33.613671,1.686272,-0.000000
3240,0.818779,0.001607,29.618689,1.689726,0.000000
3241,0.834494,0.003986,35.924929,1.703666,0.000000
3242,0.836750,0.008220,42.352856,1.718323,-0.000000
3243,0.831081,0.022630,47.240957,1.715643,-0.000000
3244,0.813526,0.004630,44.455041,1.722248,0.000000
3245,0.815587,0.008126,38.489519,1.726246,0.000000
3246,0.836270,0.064167,29.448970,1.713020,0.000000
3247,0.835870,0.026156,24.181841,1.683301,0.000000
3248,0.834300,0.010881,24.124707,1.676143,-0.000000
3249,0.829170,0.011629,40.148169,1.675272,0.000000
3250,0.826580,-0.000165,40.467472,1.663430,0.000000
3251,0.836800,0.078735,47.593451,1.663558,0.000000
3252,0.809066,0.003052,52.545440,1.677905,-0.000000
3253,0.832234,-0.000933,30.740197,1.707227,0.000000
3254,0.814186,-0.000276,37.367389,1.712340,0.000000
3255,0.837511,0.012735,37.682447,1.717517,0.000000
3256,0.839971,-0.001349,49.859802,1.723697,0.000000
3257,0.838310,0.000575,40.001110,1.729564,-0.000000
3258,0.830994,0.039744,28.928817,1.749112,-0.000000
3259,0.835594,0.007381,41.550066,1.757096,0.000000
3260,0.837193,0.004374,45.319794,1.766017,-0.000000
3261,0.835558,0.064043,52.292014,1.778595,-0.000000
3262,0.835585,0.002733,44.399407,1.792878,0.000000
3263,0.838662,0.009169,37.686607,1.814561,0.000000
3264,0.833554,-0.003234,51.127136,1.833980,-0.000000
3265,0.831930,0.020213,51.973381,1.840151,-0.000000
3266,0.828531,-0.000095,41.272022,1.834088,0.000000
3267,0.827534,0.015096,47.775150,1.846322,-0.000000
3268,0.827337,0.002906,44.098039,1.860923,0.000000
3269,0.829543,0.020358,46.418737,1.866658,0.000000
3270,0.828286,0.006269,43.543631,1.887139,0.000000
3271,0.832554,0.007098,44.660373,1.911166,0.000000
3272,0.827537,0.119161,38.527685,1.914093,-0.000000
3273,0.830255,0.002679,32.487604,1.909248,0.000000
3274,0.829206,0.014109,43.947660,1.908207,0.000000
3275,0.825657,0.044549,43.579262,1.911090,0.000000
3276,0.827924,0.006024,42.765035,1.913951,-0.000000
3277,0.830816,0.056807,44.078387,1.915046,-0.000000
3278,0.829291,0.006591,43.939144,1.914723,0.000000
3279,0.814576,-0.000795,33.390866,1.908933,0.000000
3280,0.832770,0.003361,48.992330,1.911688,0.000000
3281,0.833734,-0.002689,42.174212,1.928311,0.000000
3282,0.835628,0.003866,40.016005,1.945325,-0.000000
3283,0.835132,-0.000813,47.506328,1.968226,0.000000
3284,0.835330,0.132865,46.237356,1.984965,0.000000
3285,0.835816,0.119487,44.682391,1.980668,-0.000000
3286,0.837375,-0.000859,47.082646,1.976826,-0.000000
3287,0.833301,0.007950,45.991807,1.981766,0.000000
3288,0.834094,0.007118,45.709980,1.976749,0.000000
3289,0.834851,0.016029,43.628340,1.973850,-0.000000
3290,0.838660,0.410948,42.109627,1.985230,-0.000000
3291,0.839425,0.001570,35.216704,2.002381,0.000000
3292,0.838041,-0.003151,41.601591,2.028145,0.000000
3293,0.837729,0.022820,51.095832,2.036486,0.000000
3294,0.841066,0.009421,51.364500,2.033695,-0.000000
3295,0.839974,0.049016,46.267008,2.034128,-0.000000
3296,0.842724,0.006743,46.485548,2.035531,-0.000000
3297,0.840008,0.040676,45.100441,2.026973,0.000000
3298,0.839777,0.036078,39.955062,2.020062,-0.000000
3299,0.840077,0.007608,43.912921,2.016960,0.000000
3300,0.836913,0.021218,43.354003,2.005582,0.000000
3301,0.838639,0.087452,44.811816,1.993766,0.000000
3302,0.793782,0.044248,44.379596,2.005985,0.000000
3303,0.758619,0.012850,42.188644,2.018530,0.000000
3304,0.814752,0.033213,40.818407,2.002521,0.000000
3305,0.786305,0.072804,39.447364,1.975911,-0.000000
3306,0.831843,0.777356,35.261882,1.962483,0.000000
3307,0.748011,0.012096,34.641100,1.961952,-0.000000
3308,0.832836,0.014634,39.777280,1.952492,-0.000000
3309,0.788388,0.056529,32.416549,1.939400,-0.000000
3310,0.836913,0.105823,27.912754,1.930532,-0.000000
3311,0.835451,0.038789,37.750511,1.908987,-0.000000
3312,0.824851,0.022347,37.767477,1.896118,0.000000
3313,0.843479,0.034214,40.290058,1.890790,-0.000000
3314,0.843991,0.000440,36.898184,1.879817,-0.000000
3315,0.843051,0.024272,38.048531,1.856137,0.000000
3316,0.846319,0.029068,35.816062,1.836396,-0.000000
3317,0.845419,0.053020,37.798974,1.832931,0.000000
3318,0.840984,0.031957,39.517662,1.824446,0.000000
3319,0.841822,0.070743,41.632788,1.814998,-0.000000
3320,0.841009,0.023672,38.281725,1.805931,-0.000000
3321,0.839367,0.011597,38.864590,1.810968,0.000000
3322,0.841688,0.006253,36.872935,1.824379,0.000000
3323,0.824892,0.015064,29.699180,1.825030,0.000000
3324,0.841909,0.033456,34.833565,1.817547,-0.000000
3325,0.838227,-0.001651,21.883210,1.813995,0.000000
3326,0.845278,0.002443,27.271286,1.824818,0.000000
3327,0.850221,0.014150,26.323262,1.819902,-0.000000
3328,0.850769,0.014842,30.388497,1.808351,-0.000000
3329,0.845171,0.023406,30.649859,1.796185,0.000000
3330,0.846602,0.960952,31.148078,1.776751,-0.000000
3331,0.845300,0.042784,30.562916,1.767350,0.000000
3332,0.840665,0.000397,22.113338,1.773812,-0.000000
3333,0.840753,0.013938,31.798986,1.800552,0.000000
3334,0.846703,0.023823,19.941345,1.802187,-0.000000
3335,0.846147,0.002128,30.381468,1.798752,-0.000000
3336,0.829372,0.003635,29.172159,1.817224,0.000000
3337,0.844081,1.065282,32.731643,1.820911,-0.000000
3338,0.843930,0.061529,14.350638,1.812368,0.000000
3339,0.844797,-0.001475,20.996133,1.801787,0.000000
3340,0.846852,0.022413,32.600519,1.816355,-0.000000
3341,0.846218,0.044671,40.449302,1.836211,-0.000000
3342,0.846265,-0.003641,47.122173,1.847115,0.000000
3343,0.846814,0.004321,57.449371,1.865643,-0.000000
3344,0.849972,0.001155,49.888682,1.877967,0.000000
3345,0.844756,0.092164,47.371231,1.876802,0.000000
3346,0.844191,0.001325,44.034956,1.873326,0.000000
3347,0.843314,0.007368,47.898342,1.882519,0.000000
3348,0.842551,0.121398,51.843495,1.894155,-0.000000
3349,0.842453,0.078565,54.246109,1.884265,-0.000000
3350,0.843724,0.042372,53.110782,1.877290,0.000000
3351,0.844286,0.005558,44.024374,1.898453,0.000000
3352,0.835579,0.031770,51.609229,1.915084,-0.000000
3353,0.765075,0.034951,49.540222,1.906822,-0.000000
3354,0.787865,0.074670,50.083564,1.891406,-0.000000
3355,0.816670,0.092601,38.751287,1.865334,-0.000000
3356,0.836307,0.012050,45.958967,1.846600,-0.000000
3357,0.834190,0.010904,46.352927,1.855086,0.000000
3358,0.835228,0.033747,43.564398,1.850883,-0.000000
3359,0.839539,0.012858,40.289675,1.841619,0.000000
3360,0.843539,0.015781,40.555683,1.829203,0.000000
3361,0.840015,0.028705,43.260518,1.830383,-0.000000
3362,0.835773,0.021804,37.186950,1.833741,-0.000000
3363,0.824516,0.012578,33.040353,1.836028,0.000000
3364,0.808977,0.010495,22.972464,1.849163,0.000000
3365,0.715732,0.054780,36.138351,1.849192,0.000000
3366,0.745411,0.076873,26.208056,1.838046,0.000000
3367,0.802742,0.217586,20.332497,1.808198,0.000000
3368,0.774206,0.009255,26.008153,1.774573,0.000000
3369,0.830808,0.018197,24.807048,1.755702,0.000000
3370,0.831770,0.069046,23.843746,1.732653,-0.000000
3371,0.836181,0.034945,22.064268,1.723025,-0.000000
3372,0.834483,-0.001448,35.307176,1.740014,-0.000000
3373,0.835689,0.014045,28.159983,1.754511,0.000000
3374,0.838272,0.045073,28.594006,1.753560,0.000000
3375,0.836238,0.014280,31.489637,1.745087,-0.000000
3376,0.841190,0.092467,33.644432,1.744838,0.000000
3377,0.838284,0.139031,36.012385,1.763485,0.000000
3378,0.835918,0.002852,25.317668,1.769558,-0.000000
3379,0.837510,0.015497,23.351935,1.762438,-0.000000
3380,0.841556,0.004222,22.846481,1.753381,0.000000
3381,0.839431,0.002645,22.036067,1.747321,-0.000000
3382,0.845694,0.016841,32.195372,1.733307,0.000000
3383,0.845697,0.000981,30.986776,1.744127,-0.000000
3384,0.849058,0.022458,48.188096,1.763160,-0.000000
3385,0.846856,0.029364,23.982440,1.765988,0.000000
3386,0.845219,0.005997,49.732082,1.759381,0.000000
3387,0.842486,0.019149,49.326507,1.742195,0.000000
3388,0.843532,0.023307,47.928992,1.725827,0.000000
3389,0.845846,0.026451,54.395998,1.722712,-0.000000
3390,0.825494,0.008146,47.952355,1.723570,-0.000000
3391,0.806388,0.005035,22.056935,1.716104,0.000000
3392,0.803447,-0.001392,17.121554,1.711161,-0.000000
3393,0.810886,0.016723,7.627957,1.714732,0.000000
3394,0.782904,0.025777,21.685016,1.714866,-0.000000
3395,0.807244,0.053691,10.769804,1.713621,0.000000
3396,0.828736,0.010698,13.919648,1.714521,0.000000
3397,0.827366,0.038263,20.277887,1.695752,-0.000000
3398,0.799340,0.143736,31.420686,1.684648,-0.000000
3399,0.838239,0.049732,30.084460,1.686628,0.000000
3400,0.844627,0.015097,30.731835,1.667355,-0.000000
3401,0.842980,0.052721,45.302925,1.656203,-0.000000
3402,0.849947,0.012921,57.164554,1.656999,-0.000000
3403,0.835093,0.035958,48.043654,1.665349,0.000000
3404,0.847773,0.151637,47.206317,1.660703,-0.000000
3405,0.844745,0.047834,40.355672,1.649611,0.000000
3406,0.850867,0.022466,44.959223,1.645344,0.000000
3407,0.849422,0.011211,38.836892,1.638397,-0.000000
3408,0.842953,0.191812,34.078592,1.612959,-0.000000
3409,0.848695,-0.002290,39.050416,1.602338,0.000000
3410,0.846430,0.004819,38.477747,1.595227,0.000000
3411,0.844443,-0.002538,31.322114,1.581864,0.000000
3412,0.842527,0.007111,34.678901,1.572674,-0.000000
3413,0.838546,0.088915,31.356979,1.559655,0.000000
3414,0.842557,0.027988,27.033500,1.559721,-0.000000
3415,0.843780,0.012100,35.296967,1.569668,0.000000
3416,0.846096,0.048372,34.127055,1.583726,-0.000000
3417,0.847580,0.021721,29.072042,1.574135,0.000000
3418,0.848189,0.004269,30.605718,1.561098,0.000000
3419,0.846612,0.012132,33.301052,1.574561,0.000000
3420,0.844998,0.020779,28.770052,1.577496,0.000000
3421,0.844591,0.007282,40.444303,1.573935,-0.000000
3422,0.847634,0.004093,55.546909,1.581121,-0.000000
3423,0.847370,0.005536,60.862175,1.577720,-0.000000
3424,0.848400,0.040710,54.508604,1.590982,-0.000000
3425,0.847827,0.001517,46.399666,1.616621,-0.000000
3426,0.844386,0.052827,46.123972,1.640314,-0.000000
3427,0.843881,0.012649,42.437944,1.654775,0.000000
3428,0.850353,0.047455,40.087262,1.655513,0.000000
3429,0.848709,0.002223,40.646368,1.663887,0.000000
3430,0.841155,0.036272,23.038573,1.666611,-0.000000
3431,0.850296,0.005617,29.393665,1.657299,-0.000000
3432,0.841463,0.020622,30.924922,1.665784,0.000000
3433,0.846869,0.010742,41.132074,1.674512,0.000000
3434,0.847269,0.010038,44.083754,1.684163,0.000000
3435,0.850465,-0.002566,53.140835,1.707352,-0.000000
3436,0.830705,0.002809,41.603258,1.720668,-0.000000
3437,0.843436,0.042062,59.434934,1.735392,-0.000000
3438,0.846592,0.001459,48.708504,1.736161,0.000000
3439,0.843230,0.010351,45.304376,1.722722,0.000000
3440,0.845344,0.029889,19.168951,1.715578,-0.000000
3441,0.849651,0.090426,17.956845,1.716104,0.000000
3442,0.755378,-0.005726,48.217608,1.720401,0.000000
3443,0.845246,0.025316,37.142198,1.720110,0.000000
3444,0.804043,0.003902,37.544334,1.714502,0.000000
3445,0.826340,0.002965,32.120548,1.700251,0.000000
3446,0.845157,0.045509,46.259900,1.698672,-0.000000
3447,0.847218,0.067082,44.829057,1.717682,-0.000000
3448,0.848240,0.068562,44.235264,1.725599,-0.000000
3449,0.843972,-0.000260,39.489944,1.721457,-0.000000
3450,0.847102,0.002750,40.049568,1.735178,0.000000
3451,0.829379,0.062775,37.571050,1.749188,0.000000
3452,0.846532,0.006897,43.993537,1.755246,0.000000
3453,0.840807,0.050306,37.742505,1.743085,-0.000000
3454,0.839965,0.349144,29.143287,1.719385,0.000000
3455,0.836916,0.095869,26.147874,1.697486,-0.000000
3456,0.838062,0.075044,26.044531,1.693575,0.000000
3457,0.835248,0.025479,29.393632,1.699294,-0.000000
3458,0.818384,0.011660,26.171874,1.688201,0.000000
3459,0.811998,0.000894,32.012868,1.682312,-0.000000
3460,0.743866,0.059878,32.470139,1.687548,0.000000
3461,0.808201,0.005703,27.621434,1.683842,0.000000
3462,0.765803,0.023045,38.235853,1.680220,-0.000000
3463,0.818911,0.010136,33.402694,1.670907,-0.000000
3464,0.809812,0.017708,33.197394,1.641229,0.000000
3465,0.825798,0.000456,29.536653,1.633159,0.000000
3466,0.804505,0.005554,30.170585,1.643269,-0.000000
3467,0.828922,-0.004231,32.720116,1.650798,0.000000
3468,0.828538,0.036393,33.732558,1.656672,0.000000
3469,0.826413,0.014905,41.024290,1.653933,-0.000000
3470,0.824357,-0.000745,42.460264,1.649115,0.000000
3471,0.825890,0.014516,35.407547,1.663988,0.000000
3472,0.825959,0.031246,35.204597,1.686982,-0.000000
3473,0.825588,0.002302,25.209195,1.699438,0.000000
3474,0.821522,0.005521,22.508102,1.714234,-0.000000
3475,0.795627,0.016773,30.781215,1.733461,0.000000
3476,0.817452,0.004376,25.416281,1.738716,0.000000
3477,0.803367,0.028740,21.792878,1.738590,-0.000000
3478,0.806518,0.003145,20.816056,1.750412,0.000000
3479,0.820838,0.065591,26.555470,1.770971,0.000000
3480,0.818762,-0.001203,36.833915,1.800437,0.000000
3481,0.823270,0.014954,38.164841,1.825004,0.000000
3482,0.796827,0.046432,35.062097,1.826894,-0.000000
3483,0.821777,0.064803,26.133070,1.812275,-0.000000
3484,0.823701,0.016227,22.428079,1.784137,0.000000
3485,0.824906,0.052154,19.538373,1.763161,0.000000
3486,0.800733,0.023363,19.903170,1.747002,0.000000
3487,0.813950,0.021661,24.528056,1.744952,0.000000
3488,0.815052,-0.007473,26.342160,1.747978,0.000000
3489,0.813365,0.001765,29.506738,1.764437,0.000000
3490,0.812650,0.256497,36.032703,1.757796,-0.000000
3491,0.811077,0.014554,33.365323,1.739734,0.000000
3492,0.812020,-0.000093,33.256259,1.752169,0.000000
3493,0.812827,0.003537,31.432522,1.779300,0.000000
3494,0.806602,0.029576,45.389669,1.808073,0.000000
3495,0.808799,0.026835,49.149590,1.823179,0.000000
3496,0.810310,0.004543,47.562503,1.811638,-0.000000
3497,0.798676,0.014509,43.393885,1.823244,-0.000000
3498,0.803397,-0.002400,33.939819,1.841342,-0.000000
3499,0.808842,0.024733,39.906109,1.872549,-0.000000
3500,0.805495,0.173430,28.835080,1.887710,-0.000000
3501,0.807415,0.016287,39.956477,1.879429,0.000000
3502,0.812040,0.050366,34.732130,1.884534,-0.000000
3503,0.809610,0.062199,19.336612,1.903109,-0.000000
3504,0.813583,0.061162,36.117171,1.912477,0.000000
3505,0.810417,0.033434,30.405734,1.925501,-0.000000
3506,0.799419,0.030449,33.521739,1.937614,0.000000
3507,0.816326,0.013352,36.011677,1.944785,0.000000
3508,0.812380,0.042619,28.752562,1.944122,-0.000000
3509,0.805409,0.035210,31.332514,1.947017,0.000000
3510,0.817163,0.055681,27.899126,1.949442,0.000000
3511,0.797550,0.182614,25.449315,1.933771,0.000000
3512,0.798391,0.024229,40.705474,1.927594,-0.000000
3513,0.808810,-0.005871,31.622083,1.948016,0.000000
3514,0.814363,0.057505,32.089483,1.960877,-0.000000
3515,0.794564,0.017364,29.066800,1.951162,0.000000
3516,0.813090,0.027822,42.905199,1.946789,0.000000
3517,0.813606,0.011088,46.706968,1.944495,-0.000000
3518,0.815468,0.004008,48.816744,1.951546,0.000000
3519,0.812093,0.000298,46.042348,1.971771,0.000000
3520,0.814961,0.009784,45.841314,2.003106,0.000000
3521,0.809185,0.041162,45.840843,2.019128,0.000000
3522,0.814744,-0.002095,43.965468,2.004816,0.000000
3523,0.814374,0.071014,43.373559,1.986359,0.000000
3524,0.820454,0.011419,39.298124,1.979604,-0.000000
3525,0.822210,0.462178,31.004900,1.977999,0.000000
3526,0.826976,0.003762,39.388782,1.977489,0.000000
3527,0.816214,0.022672,31.303475,1.977277,-0.000000
3528,0.824719,0.012443,33.499132,1.959713,0.000000
3529,0.820645,0.006804,29.839034,1.945729,0.000000
3530,0.816371,0.010491,24.854475,1.937212,-0.000000
3531,0.812915,0.028021,20.579896,1.931645,0.000000
3532,0.811647,0.016226,18.215739,1.928430,0.000000
3533,0.794782,0.013851,23.988269,1.925878,0.000000
3534,0.800786,0.017020,25.952632,1.916303,-0.000000
3535,0.799184,0.049306,29.450149,1.929486,0.000000
3536,0.802024,0.025740,35.114646,1.943160,0.000000
3537,0.814386,0.003506,30.019600,1.934379,0.000000
3538,0.817450,0.019342,35.280438,1.931357,0.000000
3539,0.822304,0.028936,43.510635,1.924493,-0.000000
3540,0.815099,0.231826,44.269681,1.910379,0.000000
3541,0.817410,0.077972,38.583893,1.887841,-0.000000
3542,0.817556,0.007784,41.645513,1.881219,-0.000000
3543,0.821240,-0.004106,42.702407,1.902501,-0.000000
3544,0.822228,0.011990,42.789908,1.915876,0.000000
3545,0.814704,0.069941,41.657749,1.905248,-0.000000
3546,0.809255,0.051533,40.748510,1.912064,-0.000000
3547,0.793143,0.066510,36.716228,1.915227,0.000000
3548,0.815419,0.017053,39.070771,1.895908,0.000000
3549,0.720334,0.021732,43.019453,1.879512,-0.000000
3550,0.755760,0.056781,33.974197,1.878755,0.000000
3551,0.805500,0.013674,31.761215,1.886961,-0.000000
3552,0.813939,0.022410,30.453950,1.883487,-0.000000
3553,0.822044,0.003450,38.828278,1.878860,-0.000000
3554,0.821930,0.013325,41.748676,1.888679,-0.000000
3555,0.821193,0.021954,39.034833,1.889596,0.000000
3556,0.830311,0.000988,37.432055,1.873707,-0.000000
3557,0.823300,0.063780,35.340519,1.870813,0.000000
3558,0.827748,-0.003221,33.921310,1.872812,0.000000
3559,0.830973,0.013399,41.709492,1.867467,-0.000000
3560,0.835229,0.059392,37.037697,1.858313,0.000000
3561,0.835489,0.014218,41.065193,1.851554,-0.000000
3562,0.837820,0.229603,40.945974,1.857149,-0.000000
3563,0.837279,0.017835,30.665845,1.866432,0.000000
3564,0.830479,0.015403,45.840138,1.892135,0.000000
3565,0.810132,0.013371,43.122559,1.912223,0.000000
3566,0.818299,0.019767,44.130542,1.903020,-0.000000
3567,0.794596,0.066293,48.207842,1.893900,0.000000
3568,0.832043,0.062114,48.167159,1.901959,-0.000000
3569,0.832140,0.000966,45.528043,1.913569,0.000000
3570,0.826807,0.017796,43.027964,1.919570,-0.000000
3571,0.812154,0.012517,39.501999,1.913245,-0.000000
3572,0.828579,0.009122,43.277359,1.921793,0.000000
3573,0.816976,2.794293,38.565305,1.919967,-0.000000
3574,0.819162,0.014549,42.503860,1.925356,-0.000000
3575,0.833252,0.016850,40.910806,1.921776,-0.000000
3576,0.833816,0.002155,39.880644,1.908630,0.000000
3577,0.830864,0.020813,38.888003,1.900991,-0.000000
3578,0.832125,0.059329,44.356620,1.883966,-0.000000
3579,0.815879,-0.004439,36.695708,1.879196,0.000000
3580,0.835662,-0.000245,43.789440,1.880886,0.000000
3581,0.810458,0.016506,36.654293,1.874616,-0.000000
3582,0.808844,0.003333,30.694087,1.870417,-0.000000
3583,0.810849,-0.000121,34.967752,1.875356,-0.000000
3584,0.810394,0.071835,35.930575,1.868555,-0.000000
3585,0.831975,0.025619,39.952031,1.852593,-0.000000
3586,0.840247,0.007513,40.919611,1.851169,0.000000
3587,0.799721,0.018411,44.991039,1.845063,-0.000000
3588,0.827785,0.016073,35.608617,1.832325,-0.000000
3589,0.833911,0.014350,45.885398,1.826856,-0.000000
3590,0.808802,0.204757,36.949452,1.826033,0.000000
3591,0.825066,0.030948,45.578051,1.826129,0.000000
3592,0.827061,0.007359,38.815348,1.812669,0.000000
3593,0.821438,0.004268,35.879123,1.811718,0.000000
3594,0.826924,0.011214,37.743155,1.818350,-0.000000
3595,0.806887,0.004854,35.057254,1.807765,0.000000
3596,0.826286,0.010996,34.024964,1.785095,0.000000
3597,0.825771,0.005337,42.237291,1.784927,0.000000
3598,0.827105,0.010662,39.963135,1.800924,-0.000000
3599,0.826917,0.004405,40.672754,1.824707,0.000000
3600,0.829307,0.005402,41.491798,1.835021,0.000000
3601,0.831346,0.020107,43.340560,1.834890,-0.000000
3602,0.830908,0.053066,37.210920,1.823624,-0.000000
3603,0.828476,0.226798,39.129523,1.820366,0.000000
3604,0.825939,0.009630,39.661483,1.819586,0.000000
3605,0.816595,0.012919,45.291091,1.823806,-0.000000
3606,0.789600,0.010733,32.652018,1.831088,0.000000
3607,0.793118,0.028018,32.018759,1.829784,-0.000000
3608,0.790800,0.009672,40.545093,1.823855,-0.000000
3609,0.815717,0.151703,41.321391,1.823854,-0.000000
3610,0.819475,0.000099,43.776924,1.840085,0.000000
3611,0.819602,0.094394,42.564528,1.858105,0.000000
3612,0.813736,0.062520,48.119859,1.866793,0.000000
3613,0.819914,0.032772,38.138322,1.871851,-0.000000
3614,0.812300,0.023836,38.510437,1.875103,-0.000000
3615,0.809763,0.015050,36.787403,1.885874,-0.000000
3616,0.810003,0.002443,31.300971,1.893375,-0.000000
3617,0.810931,0.006386,42.556230,1.894821,0.000000
3618,0.811939,0.047828,43.239343,1.889453,-0.000000
3619,0.818170,0.041102,44.019712,1.885625,-0.000000
3620,0.806131,0.022301,43.024832,1.889273,-0.000000
3621,0.806401,0.001422,43.908816,1.895721,0.000000
3622,0.740712,0.017174,43.018323,1.885125,0.000000
3623,0.776227,-0.001219,39.227779,1.889481,0.000000
3624,0.811727,0.003718,40.906632,1.913126,-0.000000
3625,0.739312,0.020042,35.136944,1.923917,0.000000
3626,0.805457,0.020848,30.862182,1.915995,-0.000000
3627,0.799859,0.025634,31.961283,1.905067,-0.000000
3628,0.806654,0.067089,31.688127,1.908592,0.000000
3629,0.813801,0.014282,34.487760,1.913110,0.000000
3630,0.810353,0.010395,38.053883,1.913289,0.000000
3631,0.815501,-0.000935,38.656846,1.918051,0.000000
3632,0.816177,0.002618,35.954553,1.936483,-0.000000
3633,0.818780,0.051835,32.232375,1.951036,-0.000000
3634,0.812125,0.014506,35.649951,1.947986,0.000000
3635,0.820551,0.025298,33.049822,1.951374,-0.000000
3636,0.818128,0.038749,41.551736,1.956303,-0.000000
3637,0.819787,0.032163,41.029214,1.945641,0.000000
3638,0.825200,0.014123,43.596826,1.936062,0.000000
3639,0.822018,0.004452,44.272794,1.934368,0.000000
3640,0.820943,0.032937,39.846688,1.935513,0.000000
3641,0.820819,-0.003091,39.496265,1.952892,0.000000
3642,0.822285,-0.000741,40.010028,1.961558,-0.000000
3643,0.816362,0.006139,40.609773,1.953002,-0.000000
3644,0.824697,0.178011,45.187097,1.965342,-0.000000
3645,0.816048,0.015115,36.539571,1.988187,-0.000000
3646,0.821171,0.025195,34.977309,1.991803,-0.000000
3647,0.804903,0.107203,33.740341,1.976695,0.000000
3648,0.784524,0.033787,32.898519,1.969284,-0.000000
3649,0.815017,0.057421,31.990679,1.953444,-0.000000
3650,0.812930,0.042789,34.005771,1.930564,-0.000000
3651,0.809092,0.048740,34.126768,1.921290,-0.000000
3652,0.807093,0.009793,33.571432,1.912275,-0.000000
3653,0.815819,0.006473,25.174522,1.894699,0.000000
3654,0.814639,0.021198,27.142977,1.885956,0.000000
3655,0.815361,0.008883,27.880984,1.869399,-0.000000
3656,0.815909,0.018687,26.764440,1.857213,-0.000000
3657,0.818223,-0.000968,36.443154,1.860822,-0.000000
3658,0.813509,0.035004,36.405931,1.874804,0.000000
3659,0.816533,0.009766,35.327162,1.880394,0.000000
3660,0.816976,0.001591,32.803221,1.883862,-0.000000
3661,0.818028,0.039077,30.949593,1.881555,-0.000000
3662,0.817485,0.024980,33.299918,1.873147,0.000000
3663,0.814608,0.004316,38.775025,1.860330,0.000000
3664,0.817343,0.015665,39.383014,1.856198,0.000000
3665,0.815799,0.012684,38.598253,1.861829,0.000000
3666,0.815093,0.060789,35.048584,1.863382,0.000000
3667,0.815069,-0.000988,30.800715,1.859661,0.000000
3668,0.819002,0.024653,28.330361,1.847922,-0.000000
3669,0.792095,0.023515,26.340969,1.828303,0.000000
3670,0.793670,0.008466,26.541945,1.827223,-0.000000
3671,0.813791,-0.000889,26.089606,1.830093,-0.000000
3672,0.813586,0.112375,42.678524,1.818852,-0.000000
3673,0.821261,0.011652,47.264070,1.814256,-0.000000
3674,0.824023,0.007535,38.342336,1.817966,-0.000000
3675,0.818000,0.005088,25.031842,1.818009,0.000000
3676,0.812634,0.025879,28.967517,1.809308,-0.000000
3677,0.819944,-0.004617,39.344121,1.808782,0.000000
3678,0.823781,0.042775,36.266476,1.823570,-0.000000
3679,0.824167,0.010831,36.464892,1.829834,0.000000
3680,0.822698,0.000722,43.812884,1.834349,0.000000
3681,0.827026,0.039852,36.978986,1.843846,0.000000
3682,0.828917,0.009045,29.661465,1.862682,0.000000
3683,0.828709,0.005703,19.628481,1.866398,-0.000000
3684,0.831846,0.022584,29.576206,1.838773,-0.000000
3685,0.831765,-0.001861,22.774007,1.817056,0.000000
3686,0.831402,0.001192,25.838716,1.816987,0.000000
3687,0.836232,0.003663,42.600330,1.827741,-0.000000
3688,0.832317,0.013800,43.470125,1.836753,-0.000000
3689,0.832925,0.000396,21.973844,1.845923,0.000000
3690,0.832933,-0.000508,28.795873,1.849365,-0.000000
3691,0.826650,0.005495,43.795695,1.853818,-0.000000
3692,0.823408,0.004184,32.823794,1.853576,-0.000000
3693,0.829939,0.228714,50.065711,1.851765,0.000000
3694,0.834814,0.112167,52.097649,1.854020,0.000000
3695,0.832503,0.023206,32.200787,1.853121,-0.000000
3696,0.831332,0.030345,34.784078,1.849728,0.000000
3697,0.815354,0.019852,41.305126,1.829615,0.000000
3698,0.829406,0.012407,36.662056,1.816664,0.000000
3699,0.831533,0.015424,31.102917,1.826081,0.000000
3700,0.832874,0.002792,33.963696,1.824850,-0.000000
3701,0.837556,0.016585,26.898797,1.821402,-0.000000
3702,0.838606,0.002034,34.378598,1.830022,0.000000
3703,0.839135,0.000785,48.806360,1.827318,0.000000
3704,0.832181,0.018503,45.147229,1.820039,0.000000
3705,0.839447,0.135520,50.043403,1.804992,0.000000
3706,0.842361,0.015028,36.135221,1.789587,0.000000
3707,0.824096,0.011560,42.782972,1.784675,-0.000000
3708,0.843247,0.024415,47.394519,1.791135,-0.000000
3709,0.836630,0.004199,41.111200,1.789740,0.000000
3710,0.824431,0.004649,38.003193,1.768444,-0.000000
3711,0.841159,-0.001431,39.220162,1.764172,0.000000
3712,0.843774,0.653120,34.191669,1.771515,-0.000000
3713,0.836413,0.044627,39.302005,1.768407,-0.000000
3714,0.821996,0.019767,32.549715,1.763152,0.000000
3715,0.831265,0.014934,46.727851,1.751446,0.000000
3716,0.840134,0.010003,36.602598,1.739016,-0.000000
3717,0.821523,0.000505,43.925175,1.738033,0.000000
3718,0.834044,0.001003,38.512971,1.740392,-0.000000
3719,0.838026,0.013448,33.865518,1.732223,0.000000
3720,0.837122,-0.001658,23.247649,1.748668,-0.000000
3721,0.826180,0.004120,30.296997,1.771760,0.000000
3722,0.836512,-0.001542,26.955572,1.777508,0.000000
3723,0.837546,0.094361,37.609943,1.794953,0.000000
3724,0.837227,0.011135,37.148901,1.797721,0.000000
3725,0.834873,0.006533,36.608475,1.788749,0.000000
3726,0.840539,0.017861,32.786981,1.792303,0.000000
3727,0.837203,0.007233,48.734447,1.786539,-0.000000
3728,0.836477,0.004786,40.755913,1.794835,0.000000
3729,0.840383,0.015890,47.576908,1.801204,-0.000000
3730,0.838829,0.034904,41.713048,1.786491,0.000000
3731,0.840655,0.110190,44.860954,1.776504,0.000000
3732,0.842766,0.047157,38.548012,1.785165,0.000000
3733,0.840675,0.008756,29.977973,1.781662,-0.000000
3734,0.841160,0.014600,29.612270,1.780127,0.000000
3735,0.844797,0.008802,30.934181,1.787039,-0.000000
3736,0.836191,0.010654,39.679771,1.770754,0.000000
3737,0.831786,0.022062,43.032777,1.738576,0.000000
3738,0.840220,0.000223,31.797692,1.726324,0.000000
3739,0.831438,0.009950,36.191790,1.738807,0.000000
3740,0.832419,0.026229,19.150198,1.734748,0.000000
3741,0.831934,0.005537,18.686004,1.713240,-0.000000
3742,0.810036,0.008345,25.977663,1.707220,-0.000000
3743,0.833668,0.361672,12.538039,1.710965,0.000000
3744,0.830709,0.043680,27.343440,1.702984,-0.000000
3745,0.831355,0.011676,30.315734,1.704640,0.000000
3746,0.830840,0.019778,41.788141,1.713527,0.000000
3747,0.833444,0.082988,36.539861,1.720237,0.000000
3748,0.836481,0.004067,43.081602,1.732166,0.000000
3749,0.838544,0.005486,35.080342,1.726824,-0.000000
3750,0.834745,0.016793,30.313044,1.711078,-0.000000
3751,0.830139,0.006658,32.500881,1.721463,-0.000000
3752,0.832845,0.003846,46.971092,1.752145,-0.000000
3753,0.830184,0.010900,41.288518,1.777778,0.000000
3754,0.831740,-0.005100,30.150482,1.797683,0.000000
3755,0.828889,0.563208,44.012478,1.813049,0.000000
3756,0.832647,0.024358,46.298670,1.827600,0.000000
3757,0.829592,0.014306,35.370479,1.832215,-0.000000
3758,0.824869,0.009091,42.973054,1.818967,0.000000
3759,0.826327,0.105066,49.748468,1.795231,0.000000
3760,0.828668,0.009879,41.988736,1.783863,-0.000000
3761,0.826986,0.003908,39.513337,1.796613,-0.000000
3762,0.806451,-0.004413,36.855157,1.799042,0.000000
3763,0.829583,0.008742,43.065662,1.789503,-0.000000
3764,0.838185,0.019237,35.364573,1.797583,-0.000000
3765,0.834389,0.004598,36.579399,1.807304,0.000000
3766,0.837603,0.029291,31.014458,1.806225,-0.000000
3767,0.836462,0.008196,29.232884,1.799233,0.000000
3768,0.835478,0.050819,25.356437,1.797064,0.000000
3769,0.830281,0.002669,31.807671,1.804216,-0.000000
3770,0.827897,0.010509,31.266817,1.812977,0.000000
3771,0.835089,0.124479,46.241699,1.812565,0.000000
3772,0.832193,0.006867,42.900213,1.812817,-0.000000
3773,0.840270,0.038539,44.077434,1.801076,0.000000
3774,0.836806,0.010128,41.051041,1.791747,-0.000000
3775,0.837196,0.013242,45.147632,1.795878,0.000000
3776,0.839986,-0.002257,52.371993,1.784534,-0.000000
3777,0.844036,0.018990,45.541257,1.772916,-0.000000
3778,0.845145,0.033923,53.018457,1.771680,-0.000000
3779,0.823043,-0.001417,40.009461,1.772750,-0.000000
3780,0.843884,0.012783,49.459386,1.804201,0.000000
3781,0.839347,0.000296,43.324177,1.828900,-0.000000
3782,0.823502,0.005277,37.253076,1.824756,-0.000000
3783,0.797960,0.011277,38.959261,1.839348,0.000000
3784,0.841795,0.014177,37.394264,1.834738,-0.000000
3785,0.840919,0.016514,24.986206,1.809900,-0.000000
3786,0.838735,0.001586,33.469581,1.800932,0.000000
3787,0.838119,0.005379,24.490823,1.824097,0.000000
3788,0.843702,0.018980,27.253001,1.853413,-0.000000
3789,0.819486,0.041691,31.635646,1.858254,0.000000
3790,0.839392,0.013060,42.694355,1.854175,-0.000000
3791,0.836465,0.074146,46.163814,1.852591,0.000000
3792,0.836108,0.000939,28.179856,1.841344,0.000000
3793,0.821349,0.007871,41.206241,1.841524,-0.000000
3794,0.841195,0.010869,49.469330,1.850625,-0.000000
3795,0.834809,0.008101,46.582353,1.871156,0.000000
3796,0.839282,0.004278,30.700619,1.875191,0.000000
3797,0.820253,0.039298,35.972520,1.856293,-0.000000
3798,0.831558,0.015277,35.322546,1.847805,0.000000
3799,0.839711,0.040962,37.640758,1.835023,0.000000
3800,0.836754,0.017777,41.457763,1.822719,-0.000000
3801,0.813931,0.014656,27.196776,1.823173,0.000000
3802,0.833438,0.028921,31.262104,1.818193,-0.000000
3803,0.837831,0.002787,42.045563,1.794448,-0.000000
3804,0.834917,0.090024,38.253174,1.772180,-0.000000
3805,0.834196,-0.002097,45.896902,1.776402,0.000000
3806,0.836059,0.004365,43.341275,1.782406,0.000000
3807,0.835128,0.986968,45.853480,1.794543,0.000000
3808,0.836016,0.004091,41.954338,1.817822,0.000000
3809,0.836520,0.003100,32.465745,1.811785,0.000000
3810,0.833985,0.009603,44.963092,1.806496,-0.000000
3811,0.829116,0.020720,42.634184,1.810769,0.000000
3812,0.831307,0.008517,45.736945,1.813406,0.000000
3813,0.834399,0.008682,37.300277,1.813186,0.000000
3814,0.832775,0.001078,35.647895,1.819401,-0.000000
3815,0.832276,0.070665,40.422194,1.836849,-0.000000
3816,0.829978,0.114927,42.398650,1.840468,0.000000
3817,0.836324,0.000219,43.270083,1.833809,-0.000000
3818,0.832561,0.006878,41.254600,1.837323,0.000000
3819,0.833696,0.186915,42.824787,1.852795,0.000000
3820,0.828254,0.007257,43.324958,1.862477,0.000000
3821,0.836519,0.018388,53.152349,1.855110,-0.000000
3822,0.832253,0.207153,46.372383,1.849273,-0.000000
3823,0.833342,0.054639,48.007777,1.862865,0.000000
3824,0.831624,0.004691,36.345088,1.870587,0.000000
3825,0.833125,0.008598,41.223194,1.862565,0.000000
3826,0.833211,0.046310,39.320132,1.852541,-0.000000
3827,0.831690,0.000562,42.637210,1.867280,0.000000
3828,0.831823,0.006124,40.024020,1.874563,0.000000
3829,0.832491,0.478431,36.638707,1.859814,-0.000000
3830,0.828114,0.040952,38.809783,1.847185,0.000000
3831,0.825092,0.010620,39.046894,1.852960,0.000000
3832,0.817029,0.052906,36.313292,1.854733,0.000000
3833,0.830339,0.005006,38.263362,1.851623,-0.000000
3834,0.829204,0.025317,40.028548,1.848632,0.000000
3835,0.832027,-0.000319,36.778996,1.828198,0.000000
3836,0.835796,0.054535,38.977662,1.805972,-0.000000
3837,0.835613,-0.005159,38.455500,1.817547,0.000000
3838,0.837381,0.021535,43.529474,1.814912,0.000000
3839,0.839196,0.025772,44.445820,1.796000,0.000000
3840,0.838945,-0.001573,43.160245,1.803027,-0.000000
3841,0.836990,0.018003,43.392475,1.805764,-0.000000
3842,0.830105,0.013390,36.963514,1.784464,0.000000
3843,0.833271,0.001896,33.793728,1.788224,0.000000
3844,0.817956,0.044149,35.671240,1.806243,-0.000000
3845,0.833429,0.005557,45.364056,1.813682,0.000000
3846,0.833132,0.104097,30.295455,1.810786,-0.000000
3847,0.811399,0.014820,38.049194,1.812882,0.000000
3848,0.840123,0.006217,44.790924,1.818428,0.000000
3849,0.838622,0.042496,43.320768,1.820578,0.000000
3850,0.838491,0.015242,37.732391,1.826989,0.000000
3851,0.834631,0.004768,39.149858,1.850845,0.000000
3852,0.843708,0.019154,35.934199,1.866758,0.000000
3853,0.842059,0.028931,39.180852,1.874559,0.000000
3854,0.842898,0.012652,39.039045,1.885788,-0.000000
3855,0.840424,0.044624,35.756294,1.872734,-0.000000
3856,0.841358,0.016375,41.042904,1.852002,-0.000000
3857,0.842626,0.067717,46.001604,1.849281,0.000000
3858,0.842382,0.009041,37.380728,1.829651,0.000000
3859,0.843552,0.125411,43.414257,1.815146,0.000000
3860,0.842732,0.030485,42.656620,1.812787,-0.000000
3861,0.848588,0.011082,37.904860,1.813250,-0.000000
3862,0.847889,0.013628,23.921327,1.824177,-0.000000
3863,0.833337,0.008343,18.323165,1.829069,0.000000
3864,0.846310,0.001496,29.824890,1.840007,-0.000000
3865,0.846750,0.028431,19.138831,1.850628,-0.000000
3866,0.851146,0.005462,24.569145,1.830200,-0.000000
3867,0.852757,0.010264,46.121834,1.813595,0.000000
3868,0.855297,0.017427,45.855613,1.816165,-0.000000
3869,0.850844,0.032737,35.311756,1.799581,0.000000
3870,0.850578,0.132793,25.396603,1.781396,-0.000000
3871,0.850237,0.030892,16.332661,1.768338,-0.000000
3872,0.849175,0.303889,20.314256,1.744514,0.000000
3873,0.843882,-0.000470,24.835173,1.729690,0.000000
3874,0.845337,0.028763,45.315472,1.727799,-0.000000
3875,0.847199,0.001522,21.438405,1.732085,-0.000000
3876,0.844390,0.040760,26.021704,1.738623,0.000000
3877,0.845807,0.010564,21.428059,1.739696,-0.000000
3878,0.849458,0.142399,42.178310,1.758582,-0.000000
3879,0.851968,0.002729,50.257480,1.777550,-0.000000
3880,0.847949,0.032581,48.534243,1.773938,0.000000
3881,0.843854,0.006956,47.130263,1.763066,0.000000
3882,0.844630,0.058211,45.998661,1.750254,0.000000
3883,0.848295,0.001199,37.037486,1.751024,0.000000
3884,0.845357,0.008965,43.292758,1.762763,-0.000000
3885,0.845310,0.052670,37.878231,1.771370,0.000000
3886,0.848133,0.005019,35.905724,1.778917,0.000000
3887,0.847813,0.059358,36.373190,1.780964,0.000000
3888,0.847745,0.030470,43.810405,1.763911,0.000000
3889,0.846971,0.001470,37.514271,1.748928,0.000000
3890,0.845357,0.015130,35.980391,1.737589,-0.000000
3891,0.842233,0.008919,36.399246,1.727835,0.000000
3892,0.828322,0.000227,43.045475,1.727853,-0.000000
3893,0.843202,0.007736,49.455010,1.738315,0.000000
3894,0.841799,0.164688,42.527636,1.744786,-0.000000
3895,0.828952,0.040598,35.260854,1.744745,-0.000000
3896,0.831346,0.036292,30.967134,1.755508,-0.000000
3897,0.802175,0.015989,41.576382,1.757464,-0.000000
3898,0.826993,0.078515,27.488810,1.753694,-0.000000
3899,0.845314,0.001176,33.973730,1.757953,-0.000000
3900,0.828853,-0.001666,34.608754,1.766375,0.000000
3901,0.843181,0.012852,36.278908,1.776788,0.000000
3902,0.826141,0.140739,38.715087,1.773656,-0.000000
3903,0.842722,0.010657,40.189799,1.767488,0.000000
3904,0.820192,0.025314,34.520737,1.758442,-0.000000
3905,0.826647,0.040924,33.254455,1.734989,0.000000
3906,0.839401,0.080052,39.313309,1.737585,0.000000
3907,0.836420,0.002635,45.521940,1.749779,0.000000
3908,0.837651,0.000717,44.464474,1.755185,0.000000
3909,0.842710,0.068827,46.001771,1.764099,0.000000
3910,0.844517,0.011336,40.101241,1.763466,-0.000000
3911,0.840701,0.035996,40.795299,1.751382,-0.000000
3912,0.840816,-0.001689,46.005869,1.751327,0.000000
3913,0.842036,0.009980,33.231131,1.766139,0.000000
3914,0.834036,0.040347,37.652887,1.770620,-0.000000
3915,0.822949,0.025695,33.987638,1.779131,0.000000
3916,0.841254,0.001278,33.023828,1.777420,0.000000
3917,0.843012,0.005540,32.746364,1.768310,-0.000000
3918,0.837308,0.032992,30.669154,1.761428,-0.000000
3919,0.818937,0.005346,33.925538,1.752121,0.000000
3920,0.841550,0.006461,30.566507,1.760140,0.000000
3921,0.841280,0.000520,27.994595,1.772608,0.000000
3922,0.835513,0.014750,40.250799,1.776076,0.000000
3923,0.843440,0.022277,36.259475,1.761796,0.000000
3924,0.846370,0.024280,37.320226,1.749758,0.000000
3925,0.842741,0.023810,33.252328,1.758221,-0.000000
3926,0.846882,0.007172,36.268003,1.769763,0.000000
3927,0.845792,0.040270,28.238105,1.760949,-0.000000
3928,0.838703,0.064257,29.057824,1.741354,0.000000
3929,0.841315,0.028193,44.902936,1.725461,0.000000
3930,0.823529,-0.001949,47.059812,1.728178,0.000000
3931,0.842999,0.004925,48.209479,1.730175,0.000000
3932,0.848102,0.016044,48.744306,1.729462,0.000000
3933,0.844477,0.006581,44.234210,1.751051,0.000000
3934,0.841810,0.008534,34.308294,1.768230,0.000000
3935,0.836112,0.010441,37.262449,1.776115,0.000000
3936,0.839311,0.003330,46.083229,1.786298,-0.000000
3937,0.842832,0.042801,46.997939,1.803484,0.000000
3938,0.842681,0.008954,45.095543,1.801586,0.000000
3939,0.840278,-0.008974,28.560342,1.823137,-0.000000
3940,0.837019,0.024288,35.097244,1.839310,-0.000000
3941,0.820502,0.013888,36.909888,1.835367,-0.000000
3942,0.837980,0.009328,41.651347,1.828209,0.000000
3943,0.841536,-0.001296,45.044684,1.826346,0.000000
3944,0.832767,-0.001810,44.855141,1.829964,0.000000
3945,0.836987,0.000021,47.289566,1.837909,-0.000000
3946,0.823319,0.008009,39.810427,1.841167,0.000000
3947,0.792997,0.014272,48.367961,1.847121,0.000000
3948,0.766201,0.002116,45.990851,1.857154,0.000000
3949,0.839166,0.003415,35.888099,1.865031,-0.000000
3950,0.837662,0.025630,40.967284,1.846592,0.000000
3951,0.836941,0.003584,41.678907,1.837121,0.000000
3952,0.839432,0.014389,38.848105,1.832239,0.000000
3953,0.822241,0.050842,38.136278,1.831613,0.000000
3954,0.835717,0.011208,35.209347,1.833796,-0.000000
3955,0.838453,0.036347,39.804856,1.823136,-0.000000
3956,0.840026,0.023331,37.781349,1.813798,0.000000
3957,0.795839,0.037914,36.797610,1.809527,0.000000
3958,0.835894,0.068929,31.405162,1.813886,-0.000000
3959,0.835961,0.022392,42.109426,1.822263,0.000000
3960,0.839137,0.058085,39.064218,1.823065,0.000000
3961,0.836263,0.003021,42.508014,1.810855,0.000000
3962,0.834147,0.030738,43.332633,1.797471,0.000000
3963,0.838948,1.483917,45.851216,1.785200,0.000000
3964,0.838593,-0.002507,41.441498,1.792154,-0.000000
3965,0.836109,0.003914,42.908153,1.813540,0.000000
3966,0.836059,0.023978,40.628731,1.805128,-0.000000
3967,0.832892,0.006767,38.401818,1.805790,-0.000000
3968,0.836861,0.057510,36.553439,1.804366,0.000000
3969,0.835540,0.011059,36.650474,1.790408,-0.000000
3970,0.833023,0.008118,36.573027,1.785770,0.000000
3971,0.812870,0.019095,37.284456,1.780082,0.000000
3972,0.834255,0.008600,27.266859,1.781462,0.000000
3973,0.833944,0.048114,21.857631,1.785128,-0.000000
3974,0.836697,0.008447,36.416654,1.775684,-0.000000
3975,0.835653,0.026929,21.802296,1.772909,-0.000000
3976,0.837308,0.037188,32.463225,1.770379,0.000000
3977,0.835671,0.022831,43.311817,1.773331,-0.000000
3978,0.833550,-0.001276,40.078078,1.780257,0.000000
3979,0.833489,0.005212,44.910711,1.791020,0.000000
3980,0.832766,0.021535,41.084212,1.793711,0.000000
3981,0.833933,0.001912,43.825394,1.814499,-0.000000
3982,0.832408,0.016351,44.809469,1.830336,-0.000000
3983,0.832288,0.835034,35.798147,1.836222,0.000000
3984,0.833338,0.014552,41.517257,1.835879,0.000000
3985,0.835273,0.114887,36.848620,1.832549,0.000000
3986,0.829847,-0.001865,40.796188,1.841359,-0.000000
3987,0.825337,-0.001513,42.146659,1.858896,0.000000
3988,0.828927,0.722312,37.962497,1.862099,0.000000
3989,0.829521,0.008987,36.331471,1.856905,-0.000000
3990,0.830717,-0.003884,34.665303,1.856767,-0.000000
3991,0.823344,0.003980,56.712135,1.858802,0.000000
3992,0.827201,0.000708,45.546704,1.844322,0.000000
3993,0.823305,0.066377,44.781330,1.841190,0.000000
3994,0.823583,0.004194,51.472872,1.850454,-0.000000
3995,0.825596,0.023468,55.404059,1.843203,0.000000
3996,0.825023,-0.000949,41.327988,1.842260,-0.000000
3997,0.828986,0.022777,43.269003,1.861883,0.000000
3998,0.825464,0.002789,54.823323,1.866475,-0.000000
3999,0.825053,0.020476,50.186595,1.858654,-0.000000
4000,0.824885,0.021100,45.151722,1.846879,0.000000
4001,0.825405,0.031449,42.078924,1.848184,-0.000000
4002,0.823963,0.005944,47.491794,1.859824,-0.000000
4003,0.825106,0.062634,45.230939,1.865890,0.000000
4004,0.825136,0.000864,45.334525,1.857359,-0.000000
4005,0.826439,0.016828,36.985161,1.850215,0.000000
4006,0.825641,-0.004172,37.217661,1.863929,0.000000
4007,0.819045,0.067496,37.752025,1.878465,-0.000000
4008,0.820604,0.004092,40.068465,1.885226,0.000000
4009,0.822732,0.016425,32.032035,1.903796,0.000000
4010,0.817197,0.001339,41.937933,1.922563,-0.000000
4011,0.818695,0.057241,45.601868,1.922238,-0.000000
4012,0.819271,0.005220,48.599828,1.915257,0.000000
4013,0.820229,0.028324,43.770311,1.905356,0.000000
4014,0.814842,-0.000033,40.730336,1.894987,0.000000
4015,0.820827,0.042395,32.802553,1.899837,0.000000
4016,0.815341,0.016647,43.246782,1.895665,0.000000
4017,0.818734,-0.000334,40.544845,1.892767,0.000000
4018,0.816457,0.004995,41.744584,1.894042,0.000000
4019,0.820324,0.003465,36.624188,1.898435,0.000000
4020,0.815593,0.008062,43.577479,1.916076,-0.000000
4021,0.815470,0.016842,43.227975,1.918258,-0.000000
4022,0.811602,0.018108,40.679749,1.914267,0.000000
4023,0.808417,0.021740,35.158146,1.915884,0.000000
4024,0.812186,0.010504,29.580820,1.906362,0.000000
4025,0.812289,0.033720,32.629266,1.896593,-0.000000
4026,0.811078,0.006534,39.471664,1.894431,0.000000
4027,0.804829,0.157319,28.537539,1.901900,0.000000
4028,0.814450,0.013623,32.923786,1.904649,-0.000000
4029,0.814091,0.040456,31.019244,1.908498,0.000000
4030,0.819617,0.009161,34.430233,1.907653,0.000000
4031,0.815782,0.016677,40.375577,1.896041,0.000000
4032,0.819976,0.041410,35.705169,1.884407,-0.000000
4033,0.820821,0.012531,39.202499,1.870507,0.000000
4034,0.820521,0.043880,38.844541,1.855094,-0.000000
4035,0.818769,0.002082,38.389375,1.855511,0.000000
4036,0.818655,0.020418,39.060184,1.851551,-0.000000
4037,0.814892,0.080839,38.747382,1.839496,0.000000
4038,0.814082,0.007897,36.375326,1.847022,-0.000000
4039,0.796634,0.103585,35.302554,1.866457,0.000000
4040,0.812196,0.002874,31.336892,1.861705,0.000000
4041,0.811680,0.032067,35.501560,1.870502,0.000000
4042,0.809567,0.040944,36.079361,1.899411,-0.000000
4043,0.788963,0.071419,35.137361,1.914074,0.000000
4044,0.816366,0.009717,31.267673,1.923491,0.000000
4045,0.808391,0.003560,31.978038,1.941191,-0.000000
4046,0.755084,0.004868,40.386934,1.949414,-0.000000
4047,0.806894,0.072242,39.538815,1.947479,0.000000
4048,0.806038,-0.002633,45.016509,1.936343,0.000000
4049,0.803675,0.015914,42.693250,1.953456,0.000000
4050,0.806887,0.004603,37.897377,1.982823,0.000000
4051,0.809773,0.038343,38.397813,1.988388,0.000000
4052,0.796102,0.093785,36.273849,1.985094,0.000000
4053,0.800354,0.018815,38.220167,1.982656,0.000000
4054,0.773553,0.048115,29.351153,1.971884,-0.000000
4055,0.801489,0.006343,37.408614,1.968435,-0.000000
4056,0.794945,0.007896,30.855907,1.983810,0.000000
4057,0.804774,0.002650,33.663365,1.985863,-0.000000
4058,0.802962,0.019861,28.831994,1.990429,0.000000
4059,0.795460,0.012418,30.387495,1.997473,0.000000
4060,0.805349,0.034308,26.749892,2.001744,0.000000
4061,0.772265,0.160159,35.783627,2.002986,-0.000000
4062,0.770578,0.064738,30.620048,1.989866,-0.000000
4063,0.803102,0.030520,28.563495,1.978215,-0.000000
4064,0.778108,0.008488,25.755604,1.978901,0.000000
4065,0.803392,0.004879,19.858288,1.970374,-0.000000
4066,0.778689,0.048422,25.278088,1.975402,-0.000000
4067,0.794237,0.507160,18.268024,1.974073,-0.000000
4068,0.805152,0.020792,29.179557,1.967075,-0.000000
4069,0.804349,0.027376,25.056114,1.951145,-0.000000
4070,0.807462,0.036389,36.223540,1.927814,0.000000
4071,0.809270,0.030944,48.205175,1.908298,-0.000000
4072,0.811147,0.028548,29.817807,1.890266,-0.000000
4073,0.809474,0.044660,39.867167,1.883954,0.000000
4074,0.808558,0.091990,34.562715,1.886125,0.000000
4075,0.814637,0.007396,50.140489,1.890628,-0.000000
4076,0.803641,0.003248,36.785336,1.889712,0.000000
4077,0.816969,0.027594,22.437645,1.885884,-0.000000
4078,0.818069,-0.007460,43.821537,1.897471,0.000000
4079,0.811099,-0.001903,48.977732,1.907122,0.000000
4080,0.761327,0.017584,47.059795,1.906276,0.000000
4081,0.811539,0.006762,45.355835,1.922979,0.000000
4082,0.767884,0.056246,52.559299,1.956162,-0.000000
4083,0.798013,0.039461,40.766013,1.970809,-0.000000
4084,0.803625,0.127599,35.522895,1.946505,0.000000
4085,0.789488,0.013722,39.558549,1.922434,-0.000000
4086,0.787401,0.016176,38.410145,1.910060,0.000000
4087,0.788200,0.007527,34.853416,1.910983,0.000000
4088,0.813157,0.002736,38.762394,1.906413,0.000000
4089,0.815620,0.243100,36.703242,1.920671,-0.000000
4090,0.814328,0.013625,35.855861,1.942328,-0.000000
4091,0.811165,0.007093,37.067887,1.938725,0.000000
4092,0.814199,0.035318,30.231346,1.933143,0.000000
4093,0.815535,0.023740,41.571594,1.932612,0.000000
4094,0.821352,-0.003245,42.279657,1.923872,0.000000
4095,0.813690,0.007185,42.476020,1.930738,0.000000
4096,0.812807,0.026862,38.979642,1.939036,0.000000
4097,0.815269,0.020977,34.661520,1.942017,0.000000
4098,0.809382,0.065472,34.066710,1.931904,-0.000000
4099,0.818325,0.079489,38.991760,1.923047,0.000000
4100,0.802372,0.015376,36.799136,1.929575,0.000000
4101,0.818090,0.011405,40.914690,1.922559,-0.000000
4102,0.818462,-0.001150,40.567627,1.914870,0.000000
4103,0.817851,0.000058,34.810757,1.936025,-0.000000
4104,0.813475,0.020118,41.039684,1.940964,0.000000
4105,0.815029,0.075780,37.783074,1.926546,-0.000000
4106,0.816239,0.020646,32.272929,1.925137,0.000000
4107,0.819869,0.024766,31.302024,1.926693,0.000000
4108,0.818592,0.018021,32.940766,1.933699,-0.000000
4109,0.818952,0.048828,29.607392,1.930202,-0.000000
4110,0.818305,0.145382,25.082141,1.916465,0.000000
4111,0.825430,0.120686,30.048279,1.903534,0.000000
4112,0.827671,0.018695,29.990693,1.874951,0.000000
4113,0.827311,0.014295,32.521748,1.853281,-0.000000
4114,0.821373,0.038739,32.177424,1.845233,0.000000
4115,0.818916,0.013713,33.265080,1.845263,-0.000000
4116,0.820851,0.020517,42.388181,1.846053,0.000000
4117,0.818860,0.052164,36.627801,1.844873,-0.000000
4118,0.821318,0.090754,36.811089,1.832232,0.000000
4119,0.821550,0.004179,41.840718,1.815176,-0.000000
4120,0.823430,0.012891,40.533369,1.796678,-0.000000
4121,0.825348,-0.003635,44.847829,1.784112,0.000000
4122,0.831987,0.021703,42.215907,1.792092,-0.000000
4123,0.828168,0.000777,54.403817,1.805613,-0.000000
4124,0.831255,0.105522,47.328211,1.808264,-0.000000
4125,0.833306,0.017868,43.886628,1.812818,0.000000
4126,0.833190,0.010660,33.404228,1.819679,-0.000000
4127,0.835139,0.079002,30.029021,1.824978,0.000000
4128,0.834593,0.014771,26.431972,1.827265,-0.000000
4129,0.838947,0.040611,21.886611,1.833659,-0.000000
4130,0.836605,0.028229,24.397555,1.851466,0.000000
4131,0.833985,0.028033,39.757030,1.856501,0.000000
4132,0.835378,0.023144,44.911605,1.858764,0.000000
4133,0.835544,0.039378,36.405771,1.871294,-0.000000
4134,0.832104,0.182245,38.407937,1.874775,-0.000000
4135,0.830266,0.010842,29.647742,1.874077,0.000000
4136,0.833328,0.117265,24.657082,1.876315,-0.000000
4137,0.836751,0.027621,22.035932,1.860065,-0.000000
4138,0.832650,0.014359,33.310061,1.838868,-0.000000
4139,0.833441,-0.004649,37.766642,1.844926,0.000000
4140,0.832249,0.007278,42.491378,1.862144,-0.000000
4141,0.836900,0.022518,51.184219,1.866094,-0.000000
4142,0.831066,0.006687,52.276831,1.862507,0.000000
4143,0.831363,0.005918,39.122532,1.858803,-0.000000
4144,0.837942,0.007195,45.296258,1.857795,-0.000000
4145,0.834583,0.468122,42.084855,1.856344,0.000000
4146,0.831956,0.873189,33.453208,1.851076,0.000000
4147,0.836584,0.000934,37.341904,1.849898,0.000000
4148,0.832634,0.001415,45.160222,1.853802,-0.000000
4149,0.833475,0.002282,50.566906,1.871808,-0.000000
4150,0.832842,0.003229,52.039799,1.897717,-0.000000
4151,0.829321,0.012280,45.377612,1.906862,0.000000
4152,0.831305,0.006474,37.473095,1.910188,-0.000000
4153,0.830747,0.008878,38.038453,1.907597,0.000000
4154,0.828635,0.076981,37.134354,1.900616,0.000000
4155,0.828092,0.068582,38.758068,1.879427,0.000000
4156,0.825966,0.023919,36.431600,1.873592,0.000000
4157,0.823863,0.025482,37.744042,1.886483,-0.000000
4158,0.820459,0.013216,35.229288,1.905972,0.000000
4159,0.813661,0.003648,29.719899,1.907638,0.000000
4160,0.815516,0.002058,35.834195,1.910082,-0.000000
4161,0.816555,0.007686,44.494532,1.922396,0.000000
4162,0.821338,0.025598,41.092111,1.945886,0.000000
4163,0.822442,0.004316,37.695692,1.953047,0.000000
4164,0.824238,0.009654,35.171779,1.938757,-0.000000
4165,0.819811,5.209069,37.976641,1.916870,0.000000
4166,0.819893,0.005162,33.184073,1.908119,-0.000000
4167,0.822477,0.009357,36.958391,1.908928,0.000000
4168,0.793770,0.017032,36.523936,1.915378,-0.000000
4169,0.818391,0.009267,42.614910,1.922880,0.000000
4170,0.762688,0.018283,38.575480,1.906836,0.000000
4171,0.766940,0.016000,41.481930,1.888424,0.000000
4172,0.792325,0.012100,31.794753,1.871805,0.000000
4173,0.822213,0.489043,30.399170,1.849874,0.000000
4174,0.793746,-0.003625,31.488021,1.834029,-0.000000
4175,0.825860,0.010325,29.082075,1.825426,0.000000
4176,0.829672,0.083646,31.027646,1.812610,-0.000000
4177,0.826969,0.098320,29.594813,1.784121,-0.000000
4178,0.829947,0.038433,30.914301,1.783366,0.000000
4179,0.833155,0.003052,32.786674,1.787609,0.000000
4180,0.834847,0.013510,36.149896,1.776984,-0.000000
4181,0.835356,0.018783,35.069033,1.776991,-0.000000
4182,0.837868,0.007397,31.342801,1.784752,0.000000
4183,0.824881,0.013973,37.762589,1.793592,0.000000
4184,0.840083,0.005666,46.000750,1.792066,0.000000
4185,0.839093,0.000508,44.147600,1.794308,0.000000
4186,0.836786,0.016074,45.759083,1.797300,0.000000
4187,0.839230,0.111930,38.747151,1.789947,0.000000
4188,0.839418,0.005926,51.103671,1.792085,0.000000
4189,0.838210,0.004439,50.993737,1.800805,0.000000
4190,0.822710,0.008715,42.044280,1.808939,-0.000000
4191,0.837199,0.000456,47.608936,1.806299,-0.000000
4192,0.838160,0.183426,42.513438,1.792183,-0.000000
4193,0.840424,-0.002386,42.489964,1.790733,-0.000000
4194,0.844911,-0.003263,40.805815,1.800909,0.000000
4195,0.830933,0.007743,39.298698,1.803735,0.000000
4196,0.775305,0.025465,56.944961,1.794630,-0.000000
4197,0.841964,0.007413,31.219530,1.788683,0.000000
4198,0.826366,0.024024,35.294169,1.786271,0.000000
4199,0.840485,0.028817,31.441444,1.778358,0.000000
4200,0.847675,0.000626,38.334592,1.768605,-0.000000
4201,0.849044,0.309582,35.405697,1.765602,0.000000
4202,0.829914,0.003946,35.563169,1.771613,0.000000
4203,0.845334,0.003516,40.154744,1.785309,-0.000000
4204,0.843045,0.021315,39.595741,1.782140,-0.000000
4205,0.826411,0.007823,38.922585,1.773315,0.000000
4206,0.845843,0.413770,37.037190,1.772868,-0.000000
4207,0.843487,0.035059,39.618747,1.777235,-0.000000
4208,0.828632,0.003087,51.579096,1.773263,0.000000
4209,0.803616,0.016452,45.103363,1.765970,0.000000
4210,0.800322,0.018539,52.865692,1.761910,0.000000
4211,0.830087,0.004467,42.696202,1.770796,-0.000000
4212,0.845394,0.145942,44.215478,1.778308,-0.000000
4213,0.828575,0.034833,46.776926,1.790739,-0.000000
4214,0.834857,0.003002,49.271254,1.799521,0.000000
4215,0.850057,0.014398,50.066875,1.802945,0.000000
4216,0.849868,0.051315,40.498059,1.799176,-0.000000
4217,0.851544,0.005771,42.782885,1.804232,0.000000
4218,0.845839,0.001800,50.096147,1.829231,-0.000000
4219,0.847164,0.045300,61.554081,1.838619,0.000000
4220,0.830800,0.016928,58.718251,1.848816,0.000000
4221,0.827931,0.011180,57.222813,1.860487,0.000000
4222,0.782119,0.295597,54.558838,1.862272,0.000000
4223,0.805621,0.332785,46.922618,1.860340,-0.000000
4224,0.831252,0.021486,45.319873,1.846361,-0.000000
4225,0.847883,0.004305,43.050793,1.831635,-0.000000
4226,0.846632,0.004789,41.199384,1.829661,-0.000000
4227,0.848820,0.011681,44.221956,1.830395,0.000000
4228,0.850242,0.000870,43.803082,1.831400,0.000000
4229,0.848394,-0.000137,43.386640,1.829212,-0.000000
4230,0.847799,0.008414,46.541196,1.826997,0.000000
4231,0.848629,0.001330,47.118102,1.829728,0.000000
4232,0.849956,0.140210,46.228981,1.831852,-0.000000
4233,0.844051,0.024390,44.726541,1.813786,0.000000
4234,0.846791,0.057272,44.928772,1.788553,0.000000
4235,0.842850,0.022155,48.146845,1.770747,-0.000000
4236,0.851330,0.027219,33.664392,1.757002,-0.000000
4237,0.843094,0.014099,37.992785,1.761140,0.000000
4238,0.846330,-0.001581,43.808050,1.777895,0.000000
4239,0.847484,0.011250,48.255036,1.783448,0.000000
4240,0.846460,0.058647,37.270277,1.783462,-0.000000
4241,0.845359,0.016326,49.650193,1.796732,-0.000000
4242,0.798562,0.010176,60.066476,1.787165,0.000000
4243,0.829414,0.009218,46.945065,1.790809,-0.000000
4244,0.847939,0.030924,46.263863,1.794925,0.000000
4245,0.844144,0.008890,45.920925,1.800596,0.000000
4246,0.799919,0.025008,57.764354,1.792922,0.000000
4247,0.847661,0.011813,44.945696,1.769465,0.000000
4248,0.830084,0.015126,45.352134,1.750852,0.000000
4249,0.844036,0.009884,43.105746,1.741075,-0.000000
4250,0.853345,0.019673,40.748920,1.747013,0.000000
4251,0.836500,0.118498,38.008603,1.741064,0.000000
4252,0.839199,-0.001926,31.861708,1.742850,-0.000000
4253,0.847287,0.000395,51.553017,1.766349,0.000000
4254,0.845435,0.005430,41.235907,1.783489,0.000000
4255,0.846557,0.051718,41.819580,1.790155,0.000000
4256,0.848636,0.012266,43.916148,1.793830,0.000000
4257,0.845881,0.012348,48.441497,1.789400,0.000000
4258,0.849316,0.005537,43.262963,1.784966,-0.000000
4259,0.850196,0.005079,50.303891,1.807328,0.000000
4260,0.850401,0.013618,46.479995,1.823039,0.000000
4261,0.846535,0.029922,44.171864,1.818023,0.000000
4262,0.837594,0.005863,39.166645,1.832981,0.000000
4263,0.840791,0.037009,32.342492,1.856402,-0.000000
4264,0.838927,0.001527,24.922502,1.860764,0.000000
4265,0.760744,0.052261,38.511681,1.867475,-0.000000
4266,0.839317,0.086916,30.042771,1.876265,0.000000
4267,0.841146,0.020788,32.569110,1.871645,0.000000
4268,0.794415,0.110214,55.951873,1.867938,0.000000
4269,0.840202,0.022631,48.839670,1.869532,-0.000000
4270,0.847458,0.018132,49.135101,1.864880,0.000000
4271,0.847098,0.019458,49.384973,1.849332,0.000000
4272,0.848762,0.005573,47.861971,1.843250,0.000000
4273,0.840638,0.013574,47.063278,1.863266,0.000000
4274,0.848393,0.024718,53.922201,1.873915,0.000000
4275,0.845571,0.058557,48.418242,1.871683,-0.000000
4276,0.844098,0.015724,41.419890,1.858592,0.000000
4277,0.805163,0.006341,53.428489,1.851698,-0.000000
4278,0.836604,0.109847,44.193410,1.856069,0.000000
4279,0.847373,0.017583,44.709510,1.847105,0.000000
4280,0.846366,0.031917,41.001829,1.829249,0.000000
4281,0.849656,0.012120,37.469294,1.822560,0.000000
4282,0.850345,0.022344,35.063601,1.831195,0.000000
4283,0.851364,0.000830,30.694072,1.834788,0.000000
4284,0.845580,0.035158,28.904404,1.835674,-0.000000
4285,0.801539,0.005379,29.944593,1.826439,-0.000000
4286,0.844821,0.009902,30.171785,1.820154,-0.000000
4287,0.848260,0.089599,39.945664,1.806648,0.000000
4288,0.834516,0.017179,26.549349,1.801725,-0.000000
4289,0.851374,0.035526,45.237350,1.814824,0.000000
4290,0.856586,0.059077,47.096043,1.820628,0.000000
4291,0.851823,0.019442,50.217333,1.829835,0.000000
4292,0.851096,-0.000434,34.653218,1.852044,0.000000
4293,0.851755,0.001405,28.949853,1.872610,-0.000000
4294,0.850352,0.211808,46.875590,1.884425,-0.000000
4295,0.852496,0.606387,47.786483,1.878291,-0.000000
4296,0.851494,0.011727,50.519440,1.883067,0.000000
4297,0.850325,0.024242,50.186753,1.900663,0.000000
4298,0.852556,0.050850,43.426188,1.902249,0.000000
4299,0.850665,0.007557,49.858789,1.893608,-0.000000
4300,0.851981,0.006974,46.357468,1.906160,0.000000
4301,0.847963,0.004931,47.998780,1.921656,0.000000
4302,0.845811,0.063193,43.317128,1.916123,0.000000
4303,0.849298,0.010870,46.142788,1.908328,0.000000
4304,0.848712,0.005008,42.907239,1.896637,-0.000000
4305,0.847366,0.004046,45.106681,1.899792,-0.000000
4306,0.846876,0.021862,49.548914,1.926645,0.000000
4307,0.847742,0.015731,46.741056,1.939784,0.000000
4308,0.844724,0.017475,36.512602,1.932971,0.000000
4309,0.842379,0.019766,39.172859,1.920798,0.000000
4310,0.839908,0.014503,45.011909,1.918968,0.000000
4311,0.840771,0.002174,44.418009,1.906040,0.000000
4312,0.843638,0.015239,56.469642,1.888334,0.000000
4313,0.844393,0.027623,44.484757,1.882468,-0.000000
4314,0.842862,0.008503,48.851378,1.890524,-0.000000
4315,0.844667,0.166388,41.305516,1.891308,0.000000
4316,0.840456,0.017581,43.975488,1.891780,-0.000000
4317,0.843516,0.013185,34.925636,1.908967,0.000000
4318,0.843190,0.005405,37.731153,1.918429,-0.000000
4319,0.835604,0.010049,23.386797,1.924451,-0.000000
4320,0.834867,0.020350,27.348873,1.932027,-0.000000
4321,0.837270,0.095899,35.654301,1.942646,-0.000000
4322,0.843734,0.033081,26.653728,1.927045,0.000000
4323,0.843750,0.008154,23.841350,1.912687,0.000000
4324,0.841607,0.032811,22.099637,1.919800,-0.000000
4325,0.839776,0.180962,18.687660,1.919099,0.000000
4326,0.841838,0.051623,22.344588,1.899022,0.000000
4327,0.721398,0.187947,37.443197,1.877668,0.000000
4328,0.662078,0.070090,29.765129,1.868445,0.000000
4329,0.578568,0.112218,23.324973,1.862457,-0.000000
4330,0.614847,0.035267,12.237917,1.854130,0.000000
4331,0.484031,0.051836,21.381661,1.842439,-0.000000
4332,0.554371,0.010461,13.369289,1.824238,0.000000
4333,0.549527,0.109649,11.951546,1.795123,-0.000000
4334,0.669878,0.057705,16.402217,1.760103,0.000000
4335,0.617024,0.062945,19.107064,1.730478,0.000000
4336,0.747270,0.011194,12.263764,1.703800,0.000000
4337,0.817207,0.046321,20.604900,1.677911,0.000000
4338,0.612389,0.069932,22.149415,1.662680,0.000000
4339,0.687570,0.054409,18.580145,1.643194,-0.000000
4340,0.716329,0.044525,19.775180,1.613411,0.000000
4341,0.774383,0.027040,21.156454,1.592087,-0.000000
4342,0.821084,0.009715,23.675023,1.587971,-0.000000
4343,0.793168,0.034753,22.655112,1.600615,-0.000000
4344,0.744104,0.015192,36.212552,1.596975,-0.000000
4345,0.753667,-0.004631,40.920793,1.593393,0.000000
4346,0.816200,0.320048,33.534212,1.606029,0.000000
4347,0.825205,0.007485,30.421699,1.589173,0.000000
4348,0.820616,-0.000646,28.694850,1.571657,0.000000
4349,0.811789,0.181066,31.341748,1.572911,0.000000
4350,0.831453,0.065675,31.531144,1.566358,-0.000000
4351,0.828319,0.033479,27.680061,1.554684,-0.000000
4352,0.828883,0.031122,28.342829,1.547579,0.000000
4353,0.815567,0.028885,33.312263,1.548682,0.000000
4354,0.830065,-0.003806,36.562978,1.559097,-0.000000
4355,0.819870,-0.001506,43.047695,1.574806,0.000000
4356,0.825042,0.036723,41.640919,1.587468,-0.000000
4357,0.827818,0.004327,39.663053,1.584153,-0.000000
4358,0.825881,0.003761,34.235192,1.605354,0.000000
4359,0.826414,-0.001271,38.149958,1.622195,0.000000
4360,0.826322,0.001629,46.940459,1.626068,0.000000
4361,0.829682,0.008254,45.398371,1.620409,-0.000000
4362,0.805642,0.003881,44.316090,1.621870,0.000000
4363,0.822593,0.023066,41.895086,1.632198,0.000000
4364,0.831208,0.020588,43.127880,1.642440,0.000000
4365,0.837036,0.046305,41.768061,1.633911,0.000000
4366,0.834446,0.005148,39.675594,1.622226,-0.000000
4367,0.829582,0.022692,33.006361,1.629409,-0.000000
4368,0.833772,0.004436,43.874594,1.650698,0.000000
4369,0.832760,0.035364,34.510411,1.670195,-0.000000
4370,0.829516,0.003984,44.705239,1.679072,0.000000
4371,0.833037,-0.003151,38.658572,1.691004,-0.000000
4372,0.834544,-0.002306,42.937339,1.696736,0.000000
4373,0.838755,0.004795,44.658442,1.702628,-0.000000
4374,0.831690,0.012478,44.695247,1.707000,0.000000
4375,0.836726,-0.005784,43.647244,1.702471,-0.000000
4376,0.835654,0.001025,42.250047,1.709989,-0.000000
4377,0.832958,-0.003674,40.092274,1.740280,0.000000
4378,0.830715,0.005186,35.264219,1.755606,-0.000000
4379,0.831015,0.005339,41.105252,1.747862,0.000000
4380,0.821744,-0.003271,33.419920,1.746188,-0.000000
4381,0.809450,0.074546,30.162123,1.754936,-0.000000
4382,0.835923,0.017705,33.120486,1.768977,0.000000
4383,0.830574,0.026307,43.063199,1.766233,-0.000000
4384,0.832068,0.018894,37.980241,1.753216,0.000000
4385,0.837496,0.007891,34.212028,1.737249,-0.000000
4386,0.839843,0.020183,39.931303,1.737933,-0.000000
4387,0.840686,0.007159,41.396481,1.756112,0.000000
4388,0.840325,0.009078,32.745735,1.761237,-0.000000
4389,0.845146,0.008156,44.006688,1.766057,0.000000
4390,0.836733,0.007839,41.561237,1.762248,-0.000000
4391,0.841060,-0.001930,42.029341,1.753354,0.000000
4392,0.842505,0.001463,43.937693,1.753460,0.000000
4393,0.839821,-0.000078,39.716486,1.768258,-0.000000
4394,0.838724,0.004158,43.126395,1.782435,0.000000
4395,0.844515,0.031620,40.881826,1.784521,-0.000000
4396,0.837667,0.009073,30.986655,1.798175,-0.000000
4397,0.836817,0.006695,32.208990,1.814183,0.000000
4398,0.840438,0.008595,31.990700,1.824443,-0.000000
4399,0.839179,0.007238,37.489740,1.847301,-0.000000
4400,0.840006,0.038244,34.255275,1.852070,0.000000
4401,0.839823,0.060562,35.640203,1.840031,-0.000000
4402,0.840968,0.005503,40.349232,1.836959,0.000000
4403,0.840427,0.002886,35.677149,1.866214,-0.000000
4404,0.840738,-0.004337,34.405234,1.897816,0.000000
4405,0.842122,0.006266,32.300213,1.911715,0.000000
4406,0.841383,0.027834,31.213419,1.904539,-0.000000
4407,0.835278,0.019689,30.939320,1.883945,-0.000000
4408,0.839299,0.001998,30.219711,1.870793,0.000000
4409,0.838188,0.049943,28.140464,1.859530,0.000000
4410,0.839516,0.041539,27.771347,1.853913,-0.000000
4411,0.835495,0.121948,26.932439,1.860403,-0.000000
4412,0.838708,0.003692,21.399030,1.861971,0.000000
4413,0.841191,0.063111,23.049323,1.851216,-0.000000
4414,0.840347,0.012053,34.566924,1.845971,-0.000000
4415,0.842174,0.006818,28.187244,1.839416,-0.000000
4416,0.838713,0.004781,28.167099,1.834523,-0.000000
4417,0.840112,0.043170,41.447681,1.843553,-0.000000
4418,0.839647,0.054532,26.149569,1.834066,0.000000
4419,0.838948,-0.004584,41.837555,1.826611,-0.000000
4420,0.843187,0.069560,48.910359,1.829660,-0.000000
4421,0.837738,0.017511,52.581454,1.820334,-0.000000
4422,0.843053,0.014012,49.721992,1.825480,-0.000000
4423,0.842243,0.007173,44.841591,1.822985,-0.000000
4424,0.826661,0.000907,38.569855,1.810785,0.000000
4425,0.840193,-0.000369,53.289412,1.806728,0.000000
4426,0.839085,0.029663,48.980264,1.801927,0.000000
4427,0.805648,-0.000853,56.384884,1.799289,0.000000
4428,0.812615,0.002232,36.517496,1.797162,0.000000
4429,0.816019,0.006390,33.987251,1.787195,-0.000000
4430,0.809283,0.038592,32.673876,1.762777,-0.000000
4431,0.828881,0.032862,33.853952,1.748863,-0.000000
4432,0.810779,0.019661,33.133732,1.747265,0.000000
4433,0.781443,0.012308,47.396340,1.738482,-0.000000
4434,0.808968,0.017844,32.289265,1.730142,0.000000
4435,0.811148,0.003905,30.797161,1.720315,0.000000
4436,0.821316,5.179776,32.717886,1.698996,-0.000000
4437,0.772866,0.103991,39.050291,1.684528,-0.000000
4438,0.808127,0.052919,34.280325,1.678534,-0.000000
4439,0.806781,0.011274,31.355610,1.658037,-0.000000
4440,0.789996,0.024914,34.329454,1.628084,-0.000000
4441,0.724061,0.048234,34.146844,1.608915,0.000000
4442,0.757240,0.022560,28.949852,1.598730,-0.000000
4443,0.698712,0.061303,23.881278,1.593202,-0.000000
4444,0.773813,0.015004,32.171542,1.585956,-0.000000
4445,0.735182,0.000116,39.758429,1.571342,-0.000000
4446,0.768506,0.019800,33.186460,1.560045,0.000000
4447,0.738676,0.008006,22.109532,1.548697,0.000000
4448,0.780176,0.005305,31.245981,1.549434,-0.000000
4449,0.796417,0.095656,30.314143,1.546515,-0.000000
4450,0.737715,0.004754,20.516026,1.542224,0.000000
4451,0.787353,0.027683,17.233770,1.533721,-0.000000
4452,0.781299,-0.000440,10.066382,1.525422,-0.000000
4453,0.802308,-0.004236,18.741902,1.525829,0.000000
4454,0.770054,0.007697,22.452468,1.527559,0.000000
4455,0.733339,0.030762,30.457993,1.542001,0.000000
4456,0.810850,0.001543,14.785399,1.534081,0.000000
4457,0.786911,0.004600,16.236985,1.525028,-0.000000
4458,0.791091,-0.003998,16.083855,1.532373,0.000000
4459,0.793939,0.005631,29.712052,1.530684,0.000000
4460,0.815884,0.038448,38.963723,1.522245,0.000000
4461,0.791213,0.002640,48.741606,1.533094,0.000000
4462,0.813112,0.000422,40.974098,1.544334,-0.000000
4463,0.822220,0.001184,45.530930,1.555300,0.000000
4464,0.823774,0.014441,44.377692,1.555377,0.000000
4465,0.817361,0.002201,50.019561,1.550306,0.000000
4466,0.821961,0.007341,41.577937,1.579729,0.000000
4467,0.818489,-0.000119,26.921243,1.604925,0.000000
4468,0.831812,0.003407,39.684728,1.580139,0.000000
4469,0.824409,0.002295,28.771886,1.573101,0.000000
4470,0.818371,0.015392,23.050041,1.582243,0.000000
4471,0.825270,0.010642,21.350799,1.573963,-0.000000
4472,0.824848,0.001601,31.797825,1.553793,0.000000
4473,0.828741,0.006108,50.134949,1.549148,0.000000
4474,0.829577,-0.006386,43.523933,1.573750,0.000000
4475,0.832782,0.034770,35.892910,1.590152,-0.000000
4476,0.827609,0.069071,42.082583,1.599095,0.000000
4477,0.825855,-0.001449,63.605192,1.618445,-0.000000
4478,0.807425,-0.004377,52.988171,1.628636,-0.000000
4479,0.827958,0.002408,50.914975,1.635751,-0.000000
4480,0.827795,-0.002118,51.119990,1.657901,0.000000
4481,0.829654,0.003756,44.320358,1.677634,-0.000000
4482,0.830059,0.035503,45.990655,1.680316,0.000000
4483,0.831217,0.005250,46.251431,1.687846,-0.000000
4484,0.836113,0.017288,42.268833,1.706400,-0.000000
4485,0.838797,0.054655,36.179031,1.711855,0.000000
4486,0.835669,0.008766,29.010819,1.714639,0.000000
4487,0.835954,0.048714,31.931318,1.722230,0.000000
4488,0.832765,0.005576,33.194177,1.734853,-0.000000
4489,0.838427,0.451788,12.350329,1.742780,0.000000
4490,0.833600,0.030212,14.157560,1.725566,0.000000
4491,0.831986,0.187371,9.705278,1.703577,0.000000
4492,0.840010,0.004928,9.930638,1.691890,-0.000000
4493,0.835513,0.040965,18.651092,1.692546,-0.000000
4494,0.843698,0.118550,11.258055,1.687179,-0.000000
4495,0.842888,-0.000620,27.020855,1.685038,0.000000
4496,0.850325,-0.000891,19.674657,1.679856,0.000000
4497,0.851370,0.016468,32.118898,1.675131,0.000000
4498,0.849085,0.028037,39.502087,1.683705,0.000000
4499,0.850683,0.007297,12.707416,1.678779,-0.000000
4500,0.849983,0.018918,11.048985,1.660642,0.000000
4501,0.851102,0.195278,22.969785,1.639774,0.000000
4502,0.853687,0.002125,16.192006,1.638868,-0.000000
4503,0.851063,0.020196,49.198086,1.639265,-0.000000
4504,0.851827,-0.003481,37.216763,1.629929,-0.000000
4505,0.849283,0.000813,45.788607,1.631030,0.000000
4506,0.854088,-0.003550,41.049553,1.628937,0.000000
4507,0.848992,0.002211,42.861223,1.623046,-0.000000
4508,0.853864,0.001651,37.225765,1.635586,-0.000000
4509,0.852961,0.008365,43.728593,1.659396,0.000000
4510,0.851687,0.078776,56.298798,1.668099,0.000000
4511,0.855203,0.013631,50.821922,1.670678,0.000000
4512,0.837096,-0.003306,57.040626,1.669322,-0.000000
4513,0.838757,0.007390,54.831632,1.670505,0.000000
4514,0.837015,0.015684,53.635756,1.685254,0.000000
4515,0.848771,0.002394,51.620442,1.694061,0.000000
4516,0.851725,-0.003050,44.661480,1.707453,0.000000
4517,0.852976,0.019462,45.121647,1.723060,-0.000000
4518,0.855973,0.000485,45.725148,1.731366,-0.000000
4519,0.852455,-0.000117,49.412908,1.735255,-0.000000
4520,0.850577,0.016223,43.536451,1.741281,0.000000
4521,0.846707,0.018374,38.973024,1.738258,-0.000000
4522,0.829505,0.008570,28.965336,1.733937,-0.000000
4523,0.841754,0.274452,33.435874,1.732467,-0.000000
4524,0.818830,0.068554,24.652476,1.726933,0.000000
4525,0.838601,0.012243,29.995369,1.707671,-0.000000
4526,0.810875,0.003009,28.134132,1.692067,0.000000
4527,0.842891,0.012927,26.757360,1.684101,-0.000000
4528,0.838297,0.019265,33.754954,1.679438,0.000000
4529,0.840517,0.005950,25.483668,1.662181,-0.000000
4530,0.840150,0.002462,25.495525,1.648299,0.000000
4531,0.835761,0.024029,38.239842,1.642092,-0.000000
4532,0.842289,0.012857,23.302874,1.640273,-0.000000
4533,0.841793,0.005862,26.157893,1.633935,0.000000
4534,0.840177,0.003336,42.950084,1.635684,0.000000
4535,0.843481,-0.001748,43.887430,1.653382,0.000000
4536,0.842589,0.004351,42.318524,1.668424,0.000000
4537,0.840625,0.022268,35.058504,1.671597,0.000000
4538,0.845962,0.016983,32.622417,1.661835,0.000000
4539,0.849196,0.007553,36.032021,1.658719,0.000000
4540,0.843216,0.007223,46.608051,1.661577,0.000000
4541,0.830445,-0.003044,44.393457,1.668865,0.000000
4542,0.846932,0.017518,43.756871,1.689333,0.000000
4543,0.841112,0.021228,38.105683,1.697032,-0.000000
4544,0.825063,-0.000969,45.406506,1.695221,-0.000000
4545,0.846984,0.001694,44.524215,1.717054,0.000000
4546,0.844729,0.016780,37.394462,1.713055,0.000000
4547,0.850744,0.032253,44.265919,1.704405,0.000000
4548,0.850606,0.010051,40.078324,1.710310,-0.000000
4549,0.849505,0.021511,52.572020,1.725257,-0.000000
4550,0.850857,0.101951,52.092428,1.735673,-0.000000
4551,0.852563,0.000922,46.889408,1.749282,0.000000
4552,0.849741,0.018209,46.163046,1.763872,0.000000
4553,0.849448,0.001573,45.164571,1.756488,0.000000
4554,0.847485,0.030748,42.812876,1.744703,-0.000000
4555,0.786196,0.013486,61.996484,1.734603,-0.000000
4556,0.841340,0.000432,41.377935,1.751457,0.000000
4557,0.812840,0.007880,44.652041,1.769749,0.000000
4558,0.830329,0.019796,40.206636,1.769500,-0.000000
4559,0.833222,0.002369,37.109192,1.778402,0.000000
4560,0.847502,0.017975,38.561418,1.797372,0.000000
4561,0.809226,0.021922,35.777131,1.794928,0.000000
4562,0.845411,0.078207,40.622962,1.783367,0.000000
4563,0.847188,0.022591,35.033051,1.776595,0.000000
4564,0.848439,0.026462,22.969857,1.777159,0.000000
4565,0.854750,0.043527,23.004263,1.784455,-0.000000
4566,0.848588,-0.004917,28.323596,1.805031,0.000000
4567,0.852830,0.012743,37.040249,1.843032,-0.000000
4568,0.845177,0.012641,43.758970,1.852553,0.000000
4569,0.844014,0.018551,29.700493,1.841987,-0.000000
4570,0.846365,0.019797,26.796646,1.844343,0.000000
4571,0.846148,0.007197,21.450678,1.849722,0.000000
4572,0.847352,0.000666,20.151938,1.864728,-0.000000
4573,0.842996,0.084350,20.225711,1.888301,-0.000000
4574,0.833535,0.132480,29.322509,1.889187,-0.000000
4575,0.846329,0.051176,17.432470,1.884852,0.000000
4576,0.844308,0.038660,19.610807,1.866413,0.000000
4577,0.833204,0.001996,27.234279,1.855939,0.000000
4578,0.848626,0.040181,18.201405,1.862193,0.000000
4579,0.849638,0.038071,17.447973,1.851793,-0.000000
4580,0.848955,0.002780,27.838818,1.855059,0.000000
4581,0.836405,0.004103,45.407750,1.875362,0.000000
4582,0.850936,0.127977,45.309006,1.891596,0.000000
4583,0.849512,0.016536,41.200964,1.896506,0.000000
4584,0.846996,0.008381,40.988553,1.906634,0.000000
4585,0.845111,0.130474,52.123482,1.916075,-0.000000
4586,0.844991,0.015193,55.310810,1.925410,-0.000000
4587,0.847407,0.004724,46.124133,1.926738,-0.000000
4588,0.845690,0.094151,44.301365,1.931079,0.000000
4589,0.846789,0.007093,28.160792,1.923674,-0.000000
4590,0.849327,0.222429,26.715422,1.896725,0.000000
4591,0.845585,0.000659,56.551542,1.877577,0.000000
4592,0.846992,-0.002719,54.631306,1.883927,-0.000000
4593,0.845232,0.171913,48.442303,1.902253,-0.000000
4594,0.842386,0.002200,43.822837,1.915890,0.000000
4595,0.843382,0.009672,42.751508,1.938464,-0.000000
4596,0.840517,0.077292,39.915537,1.930005,0.000000
4597,0.838910,0.004840,45.628309,1.913814,-0.000000
4598,0.837633,0.068804,44.612335,1.923679,0.000000
4599,0.838167,0.027791,39.484674,1.932206,0.000000
4600,0.835077,0.010627,42.318082,1.935757,0.000000
4601,0.777981,0.022732,47.306967,1.935728,-0.000000
4602,0.810718,0.059794,19.179720,1.932873,0.000000
4603,0.832409,0.018886,23.820870,1.950718,0.000000
4604,0.836743,0.035585,39.136715,1.950460,0.000000
4605,0.836278,0.013209,48.333735,1.934575,-0.000000
4606,0.842446,0.119001,48.484029,1.940727,-0.000000
4607,0.841021,0.056658,43.404463,1.933863,0.000000
4608,0.822424,0.031324,38.119752,1.921855,-0.000000
4609,0.839399,0.004819,43.348356,1.927933,-0.000000
4610,0.834335,0.034792,32.531754,1.934573,0.000000
4611,0.790023,0.010796,27.519206,1.929567,0.000000
4612,0.823643,0.020730,43.075675,1.914439,-0.000000
4613,0.843584,0.217611,23.092962,1.907808,0.000000
4614,0.770515,1.004706,50.805669,1.911592,0.000000
4615,0.845124,0.048403,52.693246,1.911841,0.000000
4616,0.837619,0.005210,38.128161,1.893752,-0.000000
4617,0.840839,0.005856,48.233118,1.872299,0.000000
4618,0.822218,0.033557,46.662877,1.863366,0.000000
4619,0.821096,0.042152,39.386517,1.850603,0.000000
4620,0.837899,0.028745,43.592622,1.841177,0.000000
4621,0.840762,0.016732,49.386740,1.829042,-0.000000
4622,0.835051,0.009334,40.285058,1.815993,0.000000
4623,0.846851,-0.001926,38.980149,1.814782,0.000000
4624,0.844248,0.008622,34.278637,1.811645,-0.000000
4625,0.844017,0.001738,25.242546,1.812564,-0.000000
4626,0.843318,-0.007154,40.265988,1.834248,-0.000000
4627,0.839188,0.097523,17.434008,1.827363,-0.000000
4628,0.842823,0.037826,41.434839,1.808134,0.000000
4629,0.845783,-0.004107,43.308703,1.817297,0.000000
4630,0.847479,0.002166,38.032075,1.837985,0.000000
4631,0.843610,0.051980,46.257278,1.849787,0.000000
4632,0.841466,0.009712,61.108061,1.853584,0.000000
4633,0.799478,0.010225,62.000606,1.860816,-0.000000
4634,0.841462,0.060223,53.634567,1.876032,0.000000
4635,0.844339,0.005560,50.417927,1.889913,0.000000
4636,0.838833,0.033135,53.239750,1.901949,0.000000
4637,0.840244,0.015721,50.057845,1.909881,0.000000
4638,0.845183,0.097144,52.125707,1.901372,0.000000
4639,0.844712,0.002353,48.757726,1.892993,0.000000
4640,0.840636,0.079033,41.495502,1.889135,-0.000000
4641,0.840269,0.012107,47.464860,1.886462,0.000000
4642,0.845580,0.118216,41.107099,1.886910,0.000000
4643,0.845838,0.049861,38.179370,1.875310,0.000000
4644,0.843899,0.001481,39.672909,1.876500,-0.000000
4645,0.818940,0.004158,41.841328,1.892536,-0.000000
4646,0.826164,0.078576,29.435476,1.896944,0.000000
4647,0.817840,0.001813,35.545136,1.899455,-0.000000
4648,0.820980,0.001869,34.615802,1.911835,-0.000000
4649,0.813458,0.005961,31.650348,1.914376,0.000000
4650,0.837536,0.010799,46.523725,1.907299,0.000000
4651,0.834450,0.015010,46.304368,1.895568,0.000000
4652,0.821631,0.012449,42.501625,1.891350,0.000000
4653,0.815403,0.060106,49.273756,1.900113,0.000000
4654,0.836520,0.020951,44.798443,1.908287,0.000000
4655,0.833017,0.003125,41.776135,1.903246,0.000000
4656,0.814432,0.080651,38.160808,1.905655,-0.000000
4657,0.788800,0.851920,35.274785,1.906639,0.000000
4658,0.776257,0.051000,30.418360,1.884026,-0.000000
4659,0.801951,0.009051,30.460601,1.869418,0.000000
4660,0.796602,0.037711,30.751447,1.874252,-0.000000
4661,0.822897,0.024453,33.650308,1.860884,0.000000
4662,0.806555,0.031707,33.522237,1.843882,0.000000
4663,0.825255,0.137271,32.182062,1.814148,0.000000
4664,0.806657,0.011823,35.606345,1.802179,0.000000
4665,0.803953,0.045121,31.011330,1.814232,-0.000000
4666,0.830856,0.051900,49.526572,1.835124,0.000000
4667,0.833344,0.022923,45.059932,1.830134,-0.000000
4668,0.830837,0.006437,42.829675,1.808576,-0.000000
4669,0.837197,0.004078,45.817587,1.790769,0.000000
4670,0.837264,-0.002759,45.827307,1.789886,0.000000
4671,0.837574,0.057602,44.376408,1.810707,0.000000
4672,0.831661,0.024140,40.186541,1.823688,0.000000
4673,0.836573,0.007985,31.516887,1.821779,-0.000000
4674,0.832790,0.016183,28.689140,1.813286,-0.000000
4675,0.829076,0.042518,34.230935,1.814192,0.000000
4676,0.831677,0.020122,32.116940,1.819035,-0.000000
4677,0.838166,0.014392,46.998404,1.819289,-0.000000
4678,0.839292,0.002783,37.484110,1.818534,-0.000000
4679,0.839511,0.002095,26.488564,1.822555,0.000000
4680,0.839512,0.001086,36.893512,1.822848,0.000000
4681,0.836488,0.005026,54.245126,1.818886,0.000000
4682,0.835398,0.003512,49.185634,1.815481,0.000000
4683,0.836216,0.010224,47.532007,1.822667,-0.000000
4684,0.836754,-0.000587,42.794875,1.840140,-0.000000
4685,0.836000,0.030108,37.866138,1.842953,-0.000000
4686,0.841671,0.004742,39.493530,1.849400,-0.000000
4687,0.842077,0.489074,41.968417,1.871753,0.000000
4688,0.835535,0.039379,47.442185,1.878048,-0.000000
4689,0.837157,0.051941,43.578516,1.878250,0.000000
4690,0.829223,0.009767,34.965722,1.878568,0.000000
4691,0.836983,0.029305,39.781543,1.873634,-0.000000
4692,0.834016,0.004693,42.902888,1.866577,0.000000
4693,0.835992,0.002512,37.242454,1.872126,0.000000
4694,0.831224,0.092421,24.342679,1.896429,-0.000000
4695,0.808371,0.001997,27.940158,1.912603,0.000000
4696,0.835817,0.026315,26.596406,1.910540,-0.000000
4697,0.829265,0.353948,30.843179,1.914746,0.000000
4698,0.832330,0.035833,30.128217,1.932078,-0.000000
4699,0.834018,0.039011,34.104282,1.930673,-0.000000
4700,0.834327,0.030113,41.115375,1.918232,0.000000
4701,0.832254,0.014454,50.112194,1.920128,-0.000000
4702,0.832347,0.009591,48.399347,1.918432,-0.000000
4703,0.836575,0.017879,41.977806,1.910022,-0.000000
4704,0.830781,0.001137,35.551136,1.909414,-0.000000
4705,0.832466,0.044398,42.493680,1.907649,0.000000
4706,0.833956,0.076223,31.071381,1.897657,-0.000000
4707,0.829264,0.011435,33.743929,1.897095,-0.000000
4708,0.826969,0.027618,37.409558,1.886446,-0.000000
4709,0.820584,0.013361,33.356627,1.860552,-0.000000
4710,0.800601,0.027331,30.516175,1.835462,0.000000
4711,0.816915,0.029874,34.833523,1.825104,-0.000000
4712,0.793559,0.045102,34.560468,1.813947,0.000000
4713,0.814900,0.005709,29.522305,1.786504,0.000000
4714,0.815355,0.048281,41.762887,1.770702,0.000000
4715,0.815025,0.029780,36.181329,1.772500,0.000000
4716,0.791960,0.012223,36.048848,1.774237,0.000000
4717,0.755223,0.005347,33.842119,1.780250,0.000000
4718,0.785792,0.101550,33.996655,1.798216,0.000000
4719,0.788389,0.021959,33.607845,1.800378,0.000000
4720,0.792595,0.013346,31.210736,1.795980,0.000000
4721,0.814294,1.125776,32.568830,1.810328,-0.000000
4722,0.815105,0.009965,28.001493,1.834818,0.000000
4723,0.810499,0.021270,34.173459,1.846714,0.000000
4724,0.782776,0.012101,38.133934,1.859442,-0.000000
4725,0.791352,0.013121,33.849971,1.861397,-0.000000
4726,0.815470,0.000055,32.204058,1.854089,0.000000
4727,0.813869,0.123820,32.111301,1.849965,-0.000000
4728,0.811769,0.010665,41.683274,1.851348,-0.000000
4729,0.818448,0.002261,40.483572,1.860152,-0.000000
4730,0.816236,-0.001561,40.554155,1.865215,0.000000
4731,0.795514,0.019937,42.581200,1.861160,-0.000000
4732,0.816683,0.002003,40.396156,1.845294,-0.000000
4733,0.818012,0.003445,39.999289,1.851094,0.000000
4734,0.817041,0.034521,33.962082,1.854281,0.000000
4735,0.817339,0.018138,35.898178,1.852339,-0.000000
4736,0.818617,0.086659,37.612079,1.866240,-0.000000
4737,0.822843,0.039722,34.957746,1.879180,-0.000000
4738,0.823706,0.006797,34.967837,1.877131,0.000000
4739,0.820957,0.004108,33.275525,1.871531,0.000000
4740,0.820786,0.010018,33.968940,1.875390,0.000000
4741,0.828807,0.022490,35.357190,1.855859,0.000000
4742,0.822973,0.111506,38.255381,1.850469,0.000000
4743,0.822159,0.109516,39.109822,1.857171,-0.000000
4744,0.823213,0.435572,39.343764,1.850554,-0.000000
4745,0.766178,0.007392,46.438783,1.854128,0.000000
4746,0.797889,0.031323,39.838335,1.868532,0.000000
4747,0.794002,0.018041,39.335161,1.873321,0.000000
4748,0.812921,0.040963,44.311977,1.874988,0.000000
4749,0.792936,0.014776,38.964158,1.867335,0.000000
4750,0.806324,0.002478,31.660547,1.858671,0.000000
4751,0.796963,0.008994,32.427933,1.871373,-0.000000
4752,0.791288,0.063179,30.079190,1.887953,-0.000000
4753,0.795532,0.017344,32.407616,1.906436,0.000000
4754,0.803498,0.024341,32.792708,1.927324,-0.000000
4755,0.789115,0.016688,28.287963,1.926910,-0.000000
4756,0.808320,0.003508,30.948461,1.936080,0.000000
4757,0.814991,0.018126,29.900840,1.945479,0.000000
4758,0.784568,0.010296,35.168060,1.951391,-0.000000
4759,0.816222,0.062269,36.865220,1.956889,-0.000000
4760,0.787406,0.022048,35.935664,1.964322,-0.000000
4761,0.812070,0.020410,37.352724,1.961647,-0.000000
4762,0.787250,0.026223,35.353805,1.951783,0.000000
4763,0.800606,0.039835,29.343177,1.948333,0.000000
4764,0.811957,0.021019,32.494901,1.960094,0.000000
4765,0.795294,0.009589,37.370313,1.977811,0.000000
4766,0.792614,0.035235,31.093243,1.988583,-0.000000
4767,0.799742,0.002643,19.935353,1.995546,0.000000
4768,0.812897,0.023663,35.440295,2.009076,0.000000
4769,0.793976,0.015150,29.911099,2.025693,-0.000000
4770,0.820223,0.050606,29.922051,2.040296,0.000000
4771,0.817462,0.128112,31.735730,2.038679,-0.000000
4772,0.811877,0.032117,22.962590,2.044244,-0.000000
4773,0.775471,0.045847,42.965331,2.040400,-0.000000
4774,0.789216,0.001624,29.996190,2.033689,-0.000000
4775,0.789326,0.634852,18.859696,2.032476,0.000000
4776,0.812818,0.025619,22.646538,2.018409,-0.000000
4777,0.806959,0.021422,32.695204,1.987965,0.000000
4778,0.770980,0.072686,41.802393,1.964885,0.000000
4779,0.675311,0.009057,28.198613,1.958462,-0.000000
4780,0.748351,0.043139,20.494708,1.950211,-0.000000
4781,0.787817,0.008545,34.346002,1.938531,0.000000
4782,0.787487,0.055283,31.961256,1.942621,-0.000000
4783,0.811608,0.145350,39.566402,1.934064,0.000000
4784,0.693700,0.016137,23.430690,1.928763,-0.000000
4785,0.698966,0.045802,24.172522,1.923079,-0.000000
4786,0.733854,0.026953,28.058392,1.911640,-0.000000
4787,0.777714,0.070995,29.572624,1.893424,0.000000
4788,0.807404,0.021647,33.834585,1.876454,-0.000000
4789,0.804839,0.537625,34.634908,1.882709,-0.000000
4790,0.807385,0.055283,29.091907,1.886379,0.000000
4791,0.802154,0.031559,32.180559,1.879060,-0.000000
4792,0.805954,0.076817,33.817583,1.869185,0.000000
4793,0.805442,0.006597,31.621522,1.873021,-0.000000
4794,0.811555,0.012603,33.297594,1.871444,-0.000000
4795,0.769046,0.008342,38.449375,1.855905,-0.000000
4796,0.812318,0.214486,35.256024,1.849154,0.000000
4797,0.802584,0.064876,34.780398,1.848908,0.000000
4798,0.813773,0.013710,33.496311,1.839448,0.000000
4799,0.818640,0.058539,34.173328,1.815978,0.000000
4800,0.818668,0.000166,31.467413,1.814574,-0.000000
4801,0.816839,0.020098,29.355959,1.822050,-0.000000
4802,0.820207,0.013378,48.211489,1.814848,0.000000
4803,0.821499,0.035784,36.217226,1.803006,0.000000
4804,0.820115,0.033410,35.135959,1.803316,0.000000
4805,0.827811,0.020012,57.149308,1.795252,0.000000
4806,0.825189,0.018894,41.406196,1.779883,-0.000000
4807,0.829897,0.006687,34.146525,1.781463,0.000000
4808,0.826702,0.017632,28.809326,1.785803,0.000000
4809,0.827069,0.007739,32.445485,1.796700,0.000000
4810,0.823447,-0.002051,46.610885,1.805125,0.000000
4811,0.825587,-0.003328,50.932342,1.814393,0.000000
4812,0.824400,0.073087,56.014774,1.823096,0.000000
4813,0.826585,0.711630,55.319384,1.813992,-0.000000
4814,0.823815,0.004389,51.506014,1.807484,0.000000
4815,0.805139,0.007458,48.446082,1.802478,0.000000
4816,0.827153,0.042739,48.043912,1.805105,0.000000
4817,0.827159,0.006706,47.073691,1.807242,0.000000
4818,0.827007,-0.002243,42.412773,1.805339,-0.000000
4819,0.827106,-0.002779,44.508139,1.821648,-0.000000
4820,0.810562,0.000982,50.012330,1.842824,0.000000
4821,0.807485,0.028033,49.765256,1.855884,-0.000000
4822,0.828936,0.012612,44.658168,1.858557,-0.000000
4823,0.829063,0.046705,30.613510,1.854259,-0.000000
4824,0.830160,0.027902,29.051893,1.866880,-0.000000
4825,0.835938,0.009830,32.160118,1.886284,0.000000
4826,0.842651,0.009366,39.610817,1.885666,0.000000
4827,0.843074,0.018437,35.628573,1.895111,-0.000000
4828,0.840452,0.665249,32.161629,1.907128,0.000000
4829,0.839955,0.007952,29.166059,1.914488,-0.000000
4830,0.844180,0.017638,40.549113,1.911666,-0.000000
4831,0.845529,0.008404,36.814313,1.907320,0.000000
4832,0.844847,-0.001492,41.595055,1.918154,0.000000
4833,0.843060,0.006864,44.223672,1.933559,0.000000
4834,0.848181,2.697605,59.849867,1.937039,-0.000000
4835,0.842641,0.007687,55.716633,1.928958,-0.000000
4836,0.843918,-0.003807,48.220857,1.921656,0.000000
4837,0.843778,0.041723,54.068330,1.926253,-0.000000
4838,0.845504,-0.002537,43.535358,1.940228,0.000000
4839,0.844820,-0.000543,56.562367,1.962978,0.000000
4840,0.845274,0.015024,44.800905,1.971667,0.000000
4841,0.844854,0.030360,47.806721,1.970973,0.000000
4842,0.845923,0.004386,42.850525,1.977398,0.000000
4843,0.844561,0.076719,45.902128,1.997073,0.000000
4844,0.841818,0.038359,43.615864,1.981679,0.000000
4845,0.791517,0.014125,52.399055,1.973043,-0.000000
4846,0.760261,0.026341,53.004235,1.988626,-0.000000
4847,0.678940,0.043940,50.691589,1.985712,-0.000000
4848,0.761254,0.198580,38.051181,1.974070,0.000000
4849,0.656941,0.222632,33.567462,1.947007,0.000000
4850,0.671656,0.064594,25.410094,1.924089,0.000000
4851,0.779959,0.133498,36.515700,1.913282,-0.000000
4852,0.751275,0.094227,40.105370,1.906252,-0.000000
4853,0.779343,0.043278,39.576541,1.902606,-0.000000
4854,0.696720,0.023866,27.092434,1.893072,-0.000000
4855,0.750853,0.022861,30.773507,1.880485,0.000000
4856,0.781226,0.014131,36.731783,1.870547,-0.000000
4857,0.638905,0.039194,21.926525,1.854052,-0.000000
4858,0.672088,0.176167,13.568253,1.838653,0.000000
4859,0.794845,0.103335,23.173289,1.803063,-0.000000
4860,0.759835,0.055211,23.827944,1.769088,-0.000000
4861,0.781762,0.005303,33.236636,1.775962,0.000000
4862,0.744777,0.016757,26.818263,1.780113,-0.000000
4863,0.692647,-0.007305,24.194843,1.771087,-0.000000
4864,0.765181,0.029947,26.856767,1.766486,-0.000000
4865,0.823171,0.005714,29.824802,1.744798,-0.000000
4866,0.788614,0.289051,36.426289,1.747402,-0.000000
4867,0.824237,0.102845,36.425408,1.736075,-0.000000
4868,0.802267,0.026741,38.073071,1.710032,-0.000000
4869,0.797748,0.031718,33.202839,1.705188,-0.000000
4870,0.784669,-0.003781,36.734003,1.709829,-0.000000
4871,0.824909,0.001594,34.160709,1.717535,0.000000
4872,0.819792,0.040139,30.958361,1.719603,-0.000000
4873,0.823209,0.001024,24.643790,1.731495,-0.000000
4874,0.828290,0.047603,24.177293,1.745066,-0.000000
4875,0.834785,0.016336,32.314487,1.732080,0.000000
4876,0.833124,0.104988,36.033597,1.711036,-0.000000
4877,0.836888,0.018172,34.572927,1.693939,-0.000000
4878,0.840372,0.023001,34.402444,1.692311,0.000000
4879,0.834508,0.018008,40.417527,1.692707,0.000000
4880,0.834246,0.003985,37.731910,1.699616,-0.000000
4881,0.813163,0.001338,38.448668,1.705556,0.000000
4882,0.830164,0.032772,42.023617,1.724059,0.000000
4883,0.808239,0.003316,41.201926,1.741242,0.000000
4884,0.794963,0.073896,44.600768,1.749399,-0.000000
4885,0.825841,0.009495,38.430680,1.746448,0.000000
4886,0.829703,0.020796,39.448502,1.745895,-0.000000
4887,0.831161,0.032059,38.607597,1.751398,0.000000
4888,0.831966,-0.000679,32.913649,1.745248,0.000000
4889,0.833569,0.033313,35.796171,1.731936,-0.000000
4890,0.833247,0.301259,34.755934,1.717388,0.000000
4891,0.791864,0.089826,45.302530,1.704930,0.000000
4892,0.812189,0.009129,39.241987,1.704090,0.000000
4893,0.830387,-0.002293,41.707122,1.725120,-0.000000
4894,0.833082,-0.003535,44.289529,1.751126,0.000000
4895,0.814426,0.005018,41.008983,1.767616,0.000000
4896,0.831174,0.005747,42.741597,1.773812,-0.000000
4897,0.830866,0.045039,42.048627,1.774887,-0.000000
4898,0.830353,0.689722,41.076115,1.766054,-0.000000
4899,0.829459,0.008252,41.634128,1.759726,-0.000000
4900,0.831346,0.072796,35.804080,1.759371,-0.000000
4901,0.751614,0.027659,50.911446,1.755043,-0.000000
4902,0.814060,0.021041,32.110076,1.744526,-0.000000
4903,0.831013,0.432347,37.908438,1.733411,0.000000
4904,0.830651,0.001296,35.602253,1.736022,-0.000000
4905,0.801724,0.005093,34.836569,1.764074,-0.000000
4906,0.810544,-0.005943,28.415311,1.776935,0.000000
4907,0.834838,-0.004737,35.488762,1.782325,-0.000000
4908,0.829677,0.043376,29.909770,1.806097,-0.000000
4909,0.787249,0.101605,37.198789,1.805319,-0.000000
4910,0.826303,0.004202,37.573865,1.793589,0.000000
4911,0.821985,0.015080,35.132178,1.771548,0.000000
4912,0.809048,0.063425,35.360766,1.735877,0.000000
4913,0.803985,0.013223,44.663372,1.717100,0.000000
4914,0.833104,0.005816,39.269158,1.711081,-0.000000
4915,0.832122,0.008598,36.672738,1.700887,-0.000000
4916,0.814665,0.022078,37.555422,1.705107,0.000000
4917,0.837927,0.028132,36.650369,1.714622,0.000000
4918,0.839041,0.015186,38.054924,1.717328,-0.000000
4919,0.837738,0.001597,41.367562,1.729625,-0.000000
4920,0.835783,0.005069,40.736390,1.739727,0.000000
4921,0.834488,0.006367,37.668619,1.751908,0.000000
4922,0.829758,0.018575,40.071511,1.760685,-0.000000
4923,0.813332,0.041232,39.390657,1.761075,-0.000000
4924,0.810094,0.008950,46.646850,1.762589,0.000000
4925,0.828290,-0.001284,36.116171,1.757019,0.000000
4926,0.830647,-0.000488,42.367947,1.757256,-0.000000
4927,0.825153,0.006832,44.419594,1.756433,-0.000000
4928,0.803945,0.062582,51.645044,1.761482,-0.000000
4929,0.826150,-0.001283,44.045771,1.764149,-0.000000
4930,0.824265,0.000231,46.351850,1.777464,-0.000000
4931,0.819473,0.022483,46.050980,1.785441,0.000000
4932,0.802266,-0.002218,45.573627,1.789663,-0.000000
4933,0.824033,0.008020,49.354062,1.800206,0.000000
4934,0.826223,0.022863,48.541439,1.817726,0.000000
4935,0.824179,0.009682,46.587343,1.824084,-0.000000
4936,0.828551,0.002100,42.525095,1.811561,0.000000
4937,0.832218,-0.000010,38.686688,1.830749,0.000000
4938,0.826966,0.012518,31.127133,1.858908,-0.000000
4939,0.825624,0.003035,39.938939,1.872834,0.000000
4940,0.828928,-0.000887,47.200672,1.871594,0.000000
4941,0.829787,0.200403,34.305446,1.871499,0.000000
4942,0.830758,0.444513,34.039296,1.871101,-0.000000
4943,0.830637,0.024033,45.311900,1.868060,-0.000000
4944,0.825926,0.009173,44.450737,1.874780,-0.000000
4945,0.826798,0.007741,43.038451,1.877223,0.000000
4946,0.828520,0.004953,41.398269,1.872647,0.000000
4947,0.835896,0.052953,40.672245,1.877537,0.000000
4948,0.831145,0.015230,41.023819,1.879074,-0.000000
4949,0.831523,0.002672,36.652909,1.878857,0.000000
4950,0.835206,0.001577,32.832148,1.884908,0.000000
4951,0.834254,0.011209,35.399198,1.872310,0.000000
4952,0.840110,0.001644,35.526143,1.882305,0.000000
4953,0.835969,0.002824,38.468892,1.908177,-0.000000
4954,0.837695,0.008866,47.162180,1.922803,0.000000
4955,0.832703,0.007938,39.994683,1.928004,0.000000
4956,0.834988,0.010734,52.989262,1.930615,0.000000
4957,0.835861,0.002156,60.459601,1.935569,-0.000000
4958,0.837992,0.036212,54.437002,1.945435,-0.000000
4959,0.838639,0.015572,46.516587,1.941191,-0.000000
4960,0.839721,0.018634,52.496793,1.931928,-0.000000
4961,0.841128,0.005825,47.363212,1.926684,0.000000
4962,0.840252,0.016204,45.305937,1.921479,-0.000000
4963,0.841377,0.027157,45.342045,1.920291,-0.000000
4964,0.840616,0.044095,45.098622,1.917867,0.000000
4965,0.840160,0.022492,43.444992,1.918590,-0.000000
4966,0.841376,0.156523,44.144917,1.919015,0.000000
4967,0.840864,0.049529,43.110487,1.897719,0.000000
4968,0.843932,0.017730,45.098643,1.885109,-0.000000
4969,0.842919,0.019547,40.605839,1.885452,-0.000000
4970,0.848476,19.054572,44.447434,1.888584,0.000000
4971,0.845333,0.105314,42.791576,1.887291,-0.000000
4972,0.843106,0.004861,41.388892,1.891218,0.000000
4973,0.838411,0.020858,45.711146,1.898568,0.000000
4974,0.835773,0.018254,38.974531,1.895389,-0.000000
4975,0.833761,0.016859,40.483899,1.880053,-0.000000
4976,0.835751,0.021669,42.498651,1.881540,0.000000
4977,0.837347,0.029493,42.538461,1.888931,-0.000000
4978,0.832070,0.014965,41.550169,1.893661,0.000000
4979,0.810915,0.006704,42.659137,1.894015,0.000000
4980,0.836106,0.080278,40.242513,1.882307,0.000000
4981,0.822649,0.012095,43.215819,1.871683,-0.000000
4982,0.838849,0.004430,42.158516,1.881896,0.000000
4983,0.842846,0.004329,39.637592,1.884818,0.000000
4984,0.842219,0.050105,42.423895,1.866931,-0.000000
4985,0.840273,0.010514,41.108952,1.870239,0.000000
4986,0.848279,0.027192,39.281841,1.889580,0.000000
4987,0.840330,-0.004299,29.370831,1.894880,0.000000
4988,0.843400,0.006949,40.942697,1.903355,0.000000
4989,0.837067,0.001432,44.648070,1.908594,0.000000
4990,0.840040,0.010473,49.357084,1.906857,0.000000
4991,0.833500,0.004020,61.105172,1.906572,-0.000000
4992,0.837197,0.050315,63.385454,1.917285,0.000000
4993,0.828581,0.001423,52.757986,1.902213,-0.000000
4994,0.838460,0.008444,51.070818,1.898138,-0.000000
4995,0.830518,0.012032,48.883485,1.917392,-0.000000
4996,0.832660,0.169316,46.416686,1.924862,0.000000
4997,0.824388,0.028976,39.822783,1.921970,-0.000000
4998,0.814350,0.006286,38.687990,1.933878,0.000000
4999,0.827338,0.012673,49.607276,1.941624,0.000000
5000,0.830152,0.003243,42.698751,1.939800,-0.000000
