batch,meanReward,policyLoss,valueLoss,entropy,meanAdvantage
1,0.509407,0.297337,17.902585,4.304780,0.000000
2,0.553903,0.306239,21.633633,4.206754,-0.000000
3,0.570999,0.230320,19.259046,4.125284,-0.000000
4,0.614171,0.443433,21.679243,4.051016,0.000000
5,0.584094,0.693339,19.142497,3.970787,0.000000
6,0.565844,0.082257,19.401990,3.906346,-0.000000
7,0.670114,0.122638,23.383046,3.861338,-0.000000
8,0.625470,0.243191,19.173191,3.793862,-0.000000
9,0.609285,1.783521,19.368094,3.726878,0.000000
10,0.645715,0.193578,19.697868,3.684231,0.000000
11,0.621730,0.211980,18.787287,3.642222,-0.000000
12,0.582847,0.071611,18.334620,3.605045,0.000000
13,0.607916,0.447136,19.552880,3.580329,0.000000
14,0.683876,0.116712,22.777158,3.522251,-0.000000
15,0.668241,0.083200,22.841224,3.456669,-0.000000
16,0.724257,0.041395,27.674355,3.416515,0.000000
17,0.762275,0.111358,29.312009,3.380728,-0.000000
18,0.706407,0.112921,29.754475,3.338193,0.000000
19,0.710947,0.066675,27.500162,3.318211,-0.000000
20,0.765598,0.091127,30.538045,3.298028,0.000000
21,0.743081,0.108345,30.439076,3.259584,0.000000
22,0.748085,0.040929,30.173182,3.245878,0.000000
23,0.766368,0.056020,31.570541,3.242282,0.000000
24,0.775060,0.023147,34.978218,3.228976,-0.000000
25,0.788804,0.049437,35.795591,3.215470,-0.000000
26,0.788443,0.026013,34.360157,3.206059,0.000000
27,0.777095,0.050359,37.989053,3.220910,-0.000000
28,0.751185,0.039062,38.234624,3.229401,0.000000
29,0.754058,0.067941,39.756360,3.203192,-0.000000
30,0.711908,0.036965,44.990539,3.181296,0.000000
31,0.729728,0.020693,47.447824,3.169425,-0.000000
32,0.688698,0.227341,48.515245,3.153595,0.000000
33,0.731060,0.104438,44.075681,3.136103,-0.000000
34,0.700363,0.076988,39.857681,3.111802,0.000000
35,0.664572,0.039646,47.910917,3.101779,-0.000000
36,0.732890,0.102514,37.899886,3.094738,-0.000000
37,0.736631,0.031767,40.915931,3.092286,-0.000000
38,0.703070,0.055512,47.967430,3.087520,-0.000000
39,0.760801,0.004617,32.273452,3.077976,0.000000
40,0.764137,0.053283,32.706617,3.053998,-0.000000
41,0.759828,0.143074,34.899564,3.036186,0.000000
42,0.754481,0.194407,31.158316,3.018968,0.000000
43,0.768936,0.359938,31.089913,3.018344,0.000000
44,0.745881,0.154455,40.333128,2.995873,-0.000000
45,0.791548,0.035028,32.332332,2.945675,-0.000000
46,0.797182,0.008904,33.136948,2.939696,-0.000000
47,0.755805,0.301174,44.419851,2.937388,-0.000000
48,0.743559,0.007540,38.797806,2.923269,0.000000
49,0.797536,0.030733,23.748703,2.921232,-0.000000
50,0.789864,0.205390,24.771211,2.914943,0.000000
51,0.669973,0.219374,72.546420,2.887651,0.000000
52,0.640851,0.027254,75.668473,2.867431,0.000000
53,0.606927,0.031971,73.579377,2.857325,-0.000000
54,0.651144,0.036473,53.651928,2.852322,0.000000
55,0.664144,0.073264,45.756019,2.835075,-0.000000
56,0.673848,0.060275,46.274715,2.793014,-0.000000
57,0.673327,1.956101,35.934146,2.757658,0.000000
58,0.569534,0.030836,53.158331,2.752022,-0.000000
59,0.563880,0.036738,46.025439,2.742534,0.000000
60,0.553317,0.073405,42.663250,2.735499,0.000000
61,0.565889,0.101789,36.098976,2.736816,0.000000
62,0.586910,0.020736,27.801757,2.713574,-0.000000
63,0.596013,0.016822,25.183906,2.693525,0.000000
64,0.593439,0.029875,22.198952,2.695399,0.000000
65,0.590438,0.108821,21.108862,2.696001,0.000000
66,0.586183,0.033054,19.426643,2.677107,-0.000000
67,0.575191,0.154247,19.646992,2.647658,0.000000
68,0.585165,0.037094,16.842351,2.610954,0.000000
69,0.609952,0.076352,17.086779,2.611517,0.000000
70,0.614329,0.064959,17.631402,2.601086,0.000000
71,0.695350,0.060754,14.749800,2.604801,0.000000
72,0.605616,0.031286,17.102914,2.606501,-0.000000
73,0.622869,0.054480,17.183718,2.606423,-0.000000
74,0.689089,0.012760,17.841628,2.589068,0.000000
75,0.694477,0.352121,11.431157,2.572254,0.000000
76,0.686210,0.040104,10.975170,2.543476,0.000000
77,0.741315,0.222134,7.713828,2.522382,-0.000000
78,0.738488,0.452881,11.674774,2.521105,0.000000
79,0.795668,0.040217,25.634737,2.526141,-0.000000
80,0.795084,0.003532,27.628437,2.530181,-0.000000
81,0.760952,0.111865,12.438859,2.530386,-0.000000
82,0.751904,0.034195,11.371361,2.531001,-0.000000
83,0.766625,0.007329,33.414726,2.538427,-0.000000
84,0.768441,0.001665,35.827801,2.546144,-0.000000
85,0.788522,0.016703,24.200603,2.537476,-0.000000
86,0.807706,0.005121,27.675677,2.540648,0.000000
87,0.799359,0.313789,36.106000,2.574012,0.000000
88,0.802513,0.027737,32.941311,2.590693,-0.000000
89,0.789131,0.199933,37.368064,2.590153,-0.000000
90,0.791297,0.024987,34.768605,2.590784,-0.000000
91,0.807359,0.004918,40.286081,2.587725,-0.000000
92,0.812321,0.029964,38.580907,2.587927,-0.000000
93,0.805945,0.031905,35.451750,2.592303,0.000000
94,0.807242,0.104349,38.898272,2.580343,0.000000
95,0.753055,0.004740,46.432676,2.588150,0.000000
96,0.796192,0.013140,38.296351,2.599245,0.000000
97,0.807984,0.003058,37.582172,2.595733,0.000000
98,0.809286,0.040629,37.285463,2.578490,-0.000000
99,0.784957,0.028876,36.321882,2.563240,-0.000000
100,0.793496,0.007654,34.249751,2.593770,-0.000000
101,0.805194,0.138873,34.614372,2.612219,0.000000
102,0.811504,0.022470,35.257687,2.600280,-0.000000
103,0.808998,0.021424,34.496667,2.587335,0.000000
104,0.813625,0.031342,35.416806,2.584425,0.000000
105,0.815867,0.006087,31.443285,2.586651,0.000000
106,0.801956,0.006557,35.990998,2.611631,0.000000
107,0.818920,0.106463,39.272271,2.636904,0.000000
108,0.819121,0.120065,39.020980,2.638657,0.000000
109,0.815464,0.044674,37.673616,2.640523,0.000000
110,0.820686,0.014554,37.642451,2.652432,0.000000
111,0.819376,0.023771,41.580598,2.653222,-0.000000
112,0.796751,0.007625,37.603845,2.646696,-0.000000
113,0.788718,-0.003713,38.297715,2.675540,-0.000000
114,0.821503,0.021800,38.754051,2.704975,0.000000
115,0.821998,0.002486,37.117397,2.709660,0.000000
116,0.816217,0.203024,43.347560,2.718699,0.000000
117,0.824525,0.040854,39.346432,2.739818,-0.000000
118,0.820880,-0.003016,38.818757,2.751809,0.000000
119,0.804846,0.032347,36.254944,2.753011,-0.000000
120,0.797299,0.092471,35.907152,2.760083,0.000000
121,0.817722,0.001839,35.535299,2.785621,-0.000000
122,0.797578,0.076421,36.882335,2.802286,0.000000
123,0.795996,0.016359,36.883172,2.824517,0.000000
124,0.816255,0.067813,39.635994,2.838591,-0.000000
125,0.814733,0.022280,35.523226,2.844520,-0.000000
126,0.802921,0.041558,33.873623,2.867864,-0.000000
127,0.820320,0.002504,39.847198,2.891384,0.000000
128,0.820564,0.057300,48.558243,2.907703,-0.000000
129,0.822300,0.311647,37.136664,2.926374,-0.000000
130,0.815446,0.108308,43.657355,2.937474,0.000000
131,0.819699,0.042733,42.357128,2.928017,-0.000000
132,0.822685,0.021333,45.787568,2.908490,-0.000000
133,0.821390,0.064085,41.706473,2.859114,-0.000000
134,0.821764,0.991446,44.301268,2.832720,-0.000000
135,0.819049,0.017971,41.417329,2.830197,0.000000
136,0.801475,0.045086,45.075384,2.815332,0.000000
137,0.818564,0.009453,44.206666,2.814614,-0.000000
138,0.818750,2.677808,41.638863,2.794900,0.000000
139,0.816124,0.009931,42.004573,2.768313,0.000000
140,0.805696,0.093168,40.252751,2.767239,0.000000
141,0.772587,0.050602,48.075889,2.754010,0.000000
142,0.770961,0.039661,45.549729,2.730569,-0.000000
143,0.779895,0.051885,46.447821,2.734359,0.000000
144,0.775497,0.041852,46.510538,2.735528,0.000000
145,0.730237,0.241075,54.555513,2.722950,0.000000
146,0.802863,0.032572,33.167481,2.702454,-0.000000
147,0.769253,0.082787,44.385392,2.686967,-0.000000
148,0.823189,0.001502,36.433795,2.693139,-0.000000
149,0.818619,0.038072,40.294078,2.696680,0.000000
150,0.825925,0.016853,43.711986,2.692875,-0.000000
151,0.822047,0.008970,42.850604,2.690786,-0.000000
152,0.804614,0.044462,42.097225,2.687047,0.000000
153,0.826068,0.010278,44.345411,2.679555,0.000000
154,0.778187,0.003457,49.077158,2.672063,0.000000
155,0.811004,0.035750,41.760245,2.662042,-0.000000
156,0.826015,0.059455,42.556722,2.651144,-0.000000
157,0.799267,0.019673,48.284185,2.644553,0.000000
158,0.824509,0.025509,43.078519,2.639758,0.000000
159,0.824241,0.029971,39.161577,2.655899,-0.000000
160,0.825782,0.009154,45.563021,2.662639,0.000000
161,0.819196,-0.000799,43.024278,2.670104,-0.000000
162,0.817806,0.009984,39.248514,2.682987,0.000000
163,0.818486,0.042352,43.092668,2.711456,-0.000000
164,0.814835,-0.000452,41.285388,2.736181,-0.000000
165,0.799578,0.081497,42.884143,2.746104,0.000000
166,0.802793,1.065716,36.833047,2.736375,0.000000
167,0.820989,0.037359,46.419589,2.715682,0.000000
168,0.820921,0.303332,45.488793,2.694399,0.000000
169,0.820801,0.010491,44.931428,2.690789,0.000000
170,0.821459,0.042965,45.091065,2.718679,0.000000
171,0.823234,0.005827,42.524400,2.734412,-0.000000
172,0.822544,0.243288,39.486355,2.728586,-0.000000
173,0.826597,0.003541,41.015279,2.728094,0.000000
174,0.825212,0.043909,42.853535,2.743007,0.000000
175,0.824226,0.049165,44.145629,2.745712,0.000000
176,0.820974,0.011630,45.402723,2.747677,0.000000
177,0.822254,0.023130,45.786440,2.747446,0.000000
178,0.801354,-0.002536,42.757419,2.726986,0.000000
179,0.820428,0.882464,44.642444,2.714869,-0.000000
180,0.801697,0.037303,43.062609,2.681771,0.000000
181,0.821656,0.019952,42.995917,2.668224,0.000000
182,0.817157,0.025323,41.758471,2.676896,-0.000000
183,0.823011,0.024458,41.276767,2.674097,-0.000000
184,0.823208,0.056102,39.719050,2.670519,-0.000000
185,0.824432,0.155837,39.729821,2.645478,-0.000000
186,0.825548,0.016479,48.902960,2.644735,0.000000
187,0.808947,0.015124,47.495971,2.660043,-0.000000
188,0.823788,0.033055,46.619112,2.653299,-0.000000
189,0.825623,0.080425,44.004122,2.636160,0.000000
190,0.823744,0.007651,44.857271,2.625587,0.000000
191,0.746323,0.200921,59.319593,2.613069,0.000000
192,0.803909,0.066661,34.637213,2.600954,-0.000000
193,0.807601,0.093730,40.599733,2.609348,0.000000
194,0.802823,0.044475,39.814414,2.590573,-0.000000
195,0.827309,0.010320,40.158123,2.566194,0.000000
196,0.829959,0.019868,34.251611,2.547030,-0.000000
197,0.828104,0.009191,39.849605,2.541074,0.000000
198,0.827126,0.018015,38.584069,2.542903,-0.000000
199,0.827081,0.014560,43.820590,2.543057,0.000000
200,0.779660,0.027649,55.979064,2.550199,-0.000000
201,0.728119,0.013022,63.450545,2.560227,0.000000
202,0.824979,0.019140,37.359990,2.571397,0.000000
203,0.813311,0.003786,37.543502,2.564040,0.000000
204,0.790347,0.033086,49.601728,2.556156,-0.000000
205,0.827502,0.004604,41.173941,2.555895,0.000000
206,0.782102,0.009117,46.098523,2.569501,-0.000000
207,0.826720,0.023556,41.706070,2.576743,0.000000
208,0.784385,0.008784,49.296315,2.577079,0.000000
209,0.811639,0.021222,39.369916,2.571998,-0.000000
210,0.815326,0.076806,41.490407,2.571807,-0.000000
211,0.775476,0.000377,53.081150,2.576741,0.000000
212,0.789482,0.008520,42.611172,2.570934,-0.000000
213,0.791064,0.050801,43.353970,2.572188,0.000000
214,0.812212,0.029544,43.526246,2.569892,-0.000000
215,0.794883,0.031360,53.962336,2.562311,-0.000000
216,0.724707,0.008034,42.701571,2.554046,0.000000
217,0.782678,0.032618,40.114740,2.543444,0.000000
218,0.710844,0.003697,41.603046,2.550731,0.000000
219,0.755103,0.202953,29.395170,2.553678,-0.000000
220,0.826068,0.010989,41.852813,2.548817,0.000000
221,0.804248,0.041772,35.575676,2.538381,0.000000
222,0.783255,0.032809,43.067718,2.529846,-0.000000
223,0.825071,0.023427,37.765954,2.527021,0.000000
224,0.803707,0.036479,37.034883,2.514917,-0.000000
225,0.805263,0.011342,35.014835,2.505531,0.000000
226,0.824561,0.025447,39.867601,2.500014,0.000000
227,0.827065,0.181917,40.723614,2.503834,0.000000
228,0.823363,0.018267,40.237680,2.489201,0.000000
229,0.821614,0.006612,39.398468,2.495081,-0.000000
230,0.805202,0.123405,38.638735,2.503009,-0.000000
231,0.823147,0.025521,43.843794,2.503064,0.000000
232,0.825278,-0.004484,41.559638,2.530425,0.000000
233,0.824655,0.012600,46.205313,2.555624,0.000000
234,0.824783,0.162115,45.791550,2.569246,0.000000
235,0.822632,-0.003416,46.086954,2.588057,0.000000
236,0.812061,0.040088,47.075467,2.604062,0.000000
237,0.824667,0.013368,47.576553,2.596114,-0.000000
238,0.824139,0.061022,48.895302,2.585175,0.000000
239,0.824377,0.012373,48.609428,2.590759,0.000000
240,0.725927,0.027861,57.315532,2.606484,0.000000
241,0.750363,0.024384,51.310716,2.599428,-0.000000
242,0.690353,-0.004189,46.106003,2.608486,0.000000
243,0.776054,0.004676,40.072021,2.625884,-0.000000
244,0.824296,0.024257,38.963115,2.617958,-0.000000
245,0.775145,0.014237,42.871325,2.591243,-0.000000
246,0.726201,0.024980,38.688185,2.581658,0.000000
247,0.770965,0.028138,37.277800,2.609993,0.000000
248,0.818803,0.019540,37.826797,2.619454,-0.000000
249,0.765141,0.071941,40.412749,2.605555,-0.000000
250,0.769065,-0.004086,42.951797,2.595082,0.000000
251,0.779529,-0.003609,43.137496,2.618999,0.000000
252,0.801440,0.001699,40.340010,2.637106,0.000000
253,0.821383,0.031897,40.834962,2.622971,0.000000
254,0.789313,0.019822,47.945755,2.621413,0.000000
255,0.795944,0.065127,37.647448,2.617668,-0.000000
256,0.787200,0.036026,44.009905,2.633929,-0.000000
257,0.816183,0.098913,38.576958,2.655630,0.000000
258,0.819623,0.011437,39.202478,2.666318,-0.000000
259,0.821743,0.015914,39.951161,2.675270,-0.000000
260,0.824024,0.051279,40.431534,2.671899,0.000000
261,0.829089,-0.005127,39.597437,2.672053,-0.000000
262,0.829216,0.011136,40.866122,2.673729,-0.000000
263,0.830118,0.038335,39.525411,2.686447,0.000000
264,0.827533,0.022214,41.269605,2.688383,-0.000000
265,0.827472,0.052564,40.774620,2.692333,0.000000
266,0.820646,0.022784,42.868673,2.692008,0.000000
267,0.821248,0.607609,39.831679,2.674252,0.000000
268,0.804183,0.023717,40.128151,2.669322,-0.000000
269,0.777582,0.029707,38.559415,2.672950,-0.000000
270,0.804933,0.192261,39.806539,2.646660,-0.000000
271,0.820623,0.007483,41.967016,2.626833,-0.000000
272,0.821408,0.052914,43.248923,2.641390,-0.000000
273,0.823851,0.009579,42.262265,2.651212,-0.000000
274,0.823011,0.033451,42.442305,2.657586,-0.000000
275,0.819954,0.039613,42.346717,2.661446,-0.000000
276,0.823596,0.029936,41.840550,2.673759,0.000000
277,0.819257,0.016236,42.689641,2.712754,0.000000
278,0.825200,0.007247,40.885960,2.760226,0.000000
279,0.823334,0.080583,39.600119,2.771933,-0.000000
280,0.822397,0.068625,42.930680,2.747269,0.000000
281,0.827398,0.026471,39.864096,2.735132,-0.000000
282,0.825769,0.009687,39.723879,2.727713,0.000000
283,0.826061,0.066795,40.913813,2.718077,-0.000000
284,0.827781,0.016805,43.387932,2.727687,-0.000000
285,0.823781,0.014907,42.775105,2.754658,-0.000000
286,0.805381,0.035643,40.645455,2.761663,-0.000000
287,0.819107,0.086902,43.893388,2.751439,-0.000000
288,0.779156,0.032109,52.449686,2.746921,0.000000
289,0.768241,0.016653,50.668528,2.743813,-0.000000
290,0.655663,0.344031,47.519831,2.727325,-0.000000
291,0.818539,0.007966,38.385932,2.708073,-0.000000
292,0.771640,0.107807,39.794219,2.713052,0.000000
293,0.651295,0.034203,34.732397,2.699703,-0.000000
294,0.785717,0.041056,35.358278,2.669550,-0.000000
295,0.813968,0.047234,32.849845,2.655411,-0.000000
296,0.820193,0.049374,34.577270,2.654727,0.000000
297,0.798965,0.034426,31.745628,2.640285,0.000000
298,0.794303,0.003021,42.078708,2.614068,0.000000
299,0.796369,0.006583,35.340219,2.622998,0.000000
300,0.756369,0.017550,32.810795,2.642059,-0.000000
301,0.789590,0.028675,30.521386,2.664854,0.000000
302,0.810572,0.063841,33.777309,2.649673,0.000000
303,0.812147,0.000899,38.641937,2.622675,0.000000
304,0.810987,0.200134,39.392355,2.616121,0.000000
305,0.810663,0.009078,37.870870,2.616599,0.000000
306,0.808093,0.013325,37.713805,2.636309,0.000000
307,0.776701,0.061764,45.837586,2.647454,0.000000
308,0.811197,0.014069,39.424706,2.651573,0.000000
309,0.815204,0.024270,38.307103,2.648126,0.000000
310,0.814513,-0.001543,39.862788,2.650728,0.000000
311,0.815077,0.033711,39.094647,2.645000,0.000000
312,0.766547,4.431543,42.474716,2.622165,0.000000
313,0.816217,0.017135,38.064780,2.627486,0.000000
314,0.810980,0.023507,36.505217,2.649543,0.000000
315,0.809216,0.030610,38.065504,2.649726,0.000000
316,0.816269,0.039711,33.430189,2.629475,0.000000
317,0.814931,0.007461,30.784318,2.614425,0.000000
318,0.818674,0.028015,36.669203,2.607310,-0.000000
319,0.816536,0.038093,40.107288,2.608843,0.000000
320,0.818822,0.056374,40.128005,2.619656,0.000000
321,0.812952,0.004499,36.844311,2.627040,-0.000000
322,0.800153,0.011763,44.437390,2.638445,-0.000000
323,0.815725,0.013019,42.958329,2.636813,0.000000
324,0.813711,0.085775,39.794604,2.616434,0.000000
325,0.820275,-0.001694,39.596964,2.623057,-0.000000
326,0.823262,0.010705,38.986437,2.638487,-0.000000
327,0.821669,0.048642,40.785804,2.633571,-0.000000
328,0.822204,0.013836,34.524576,2.627152,-0.000000
329,0.819703,0.049851,40.091410,2.618514,0.000000
330,0.822316,0.021582,32.823686,2.619522,0.000000
331,0.822302,0.034161,38.383710,2.640173,-0.000000
332,0.822151,0.019031,39.342881,2.675488,0.000000
333,0.816933,0.010943,32.775008,2.695014,0.000000
334,0.820329,0.086421,34.985982,2.690381,0.000000
335,0.815994,0.092845,36.181101,2.696045,-0.000000
336,0.803013,0.027770,37.732793,2.706968,0.000000
337,0.821093,0.018947,37.674860,2.700995,0.000000
338,0.824437,0.001072,38.951112,2.705484,0.000000
339,0.823020,0.006308,35.517004,2.718900,0.000000
340,0.824524,0.044709,36.397388,2.709258,0.000000
341,0.819544,0.020949,34.469233,2.697121,-0.000000
342,0.821592,-0.003922,31.289482,2.699866,0.000000
343,0.820916,0.027139,33.193380,2.706646,-0.000000
344,0.818965,0.018959,31.949167,2.718437,0.000000
345,0.823628,0.538037,35.121200,2.733380,0.000000
346,0.825745,0.026806,34.868086,2.733887,0.000000
347,0.823157,0.081083,47.152067,2.729622,0.000000
348,0.821282,0.006901,52.098279,2.719198,-0.000000
349,0.806893,0.041579,39.367344,2.717609,0.000000
350,0.809787,0.017743,44.238546,2.712339,0.000000
351,0.820712,0.006009,47.068564,2.729222,-0.000000
352,0.821671,0.078588,36.239900,2.729651,-0.000000
353,0.821804,0.011606,38.483359,2.718972,0.000000
354,0.824859,0.162514,47.814863,2.708299,-0.000000
355,0.825850,-0.003373,41.344055,2.708166,-0.000000
356,0.810980,0.002088,48.269565,2.701883,-0.000000
357,0.830832,0.008446,45.891123,2.687476,0.000000
358,0.830688,0.024849,39.657303,2.685414,0.000000
359,0.826360,0.006811,37.766782,2.684285,0.000000
360,0.787385,0.037885,50.949623,2.686913,0.000000
361,0.827491,0.039883,40.099270,2.711214,-0.000000
362,0.830711,0.060323,34.022969,2.718276,-0.000000
363,0.811291,0.106915,33.449717,2.700420,0.000000
364,0.731985,0.146944,36.102771,2.690555,0.000000
365,0.818724,0.033380,33.487389,2.688244,-0.000000
366,0.824064,0.019458,38.481864,2.690110,-0.000000
367,0.754849,0.007587,39.386759,2.696494,0.000000
368,0.823576,0.063423,46.257021,2.708606,0.000000
369,0.824106,0.006796,47.473181,2.715212,-0.000000
370,0.824029,0.150198,44.883089,2.721195,0.000000
371,0.828463,0.025280,48.935004,2.710020,0.000000
372,0.811133,-0.001004,47.342595,2.701298,-0.000000
373,0.815461,0.014400,50.871115,2.714243,0.000000
374,0.813242,0.031714,48.799430,2.716150,0.000000
375,0.828954,-0.004034,48.514764,2.713688,0.000000
376,0.827807,0.021385,49.864846,2.739528,0.000000
377,0.785053,0.174545,61.915034,2.765505,0.000000
378,0.787916,0.028492,51.864128,2.779029,0.000000
379,0.814439,0.083219,39.872554,2.783898,0.000000
380,0.830599,0.001534,54.793840,2.786714,0.000000
381,0.832530,-0.002987,55.520162,2.805962,-0.000000
382,0.830622,0.018447,53.815613,2.818658,0.000000
383,0.792612,0.008034,59.587301,2.833212,-0.000000
384,0.831693,0.073224,51.684124,2.834581,-0.000000
385,0.818013,0.019358,47.795526,2.832418,0.000000
386,0.830155,0.039463,49.569488,2.837801,-0.000000
387,0.792191,0.055558,54.886000,2.839021,-0.000000
388,0.831116,0.014087,45.863728,2.850456,0.000000
389,0.830951,0.012593,45.425074,2.855345,-0.000000
390,0.791341,0.080312,49.706245,2.849576,0.000000
391,0.816596,0.059213,44.115129,2.845361,-0.000000
392,0.812099,0.091528,41.935025,2.829376,-0.000000
393,0.827773,0.052134,44.672906,2.811809,0.000000
394,0.764338,0.028787,48.173405,2.796983,0.000000
395,0.829048,0.078566,44.971170,2.788518,-0.000000
396,0.829612,0.009164,44.079440,2.795730,-0.000000
397,0.830626,0.012559,43.104718,2.796576,-0.000000
398,0.825664,0.031673,42.646095,2.795975,-0.000000
399,0.829188,0.107727,42.747332,2.804882,0.000000
400,0.763519,0.026263,56.858484,2.800299,0.000000
401,0.774424,0.028943,55.479718,2.806974,-0.000000
402,0.705411,0.033789,50.332654,2.799571,0.000000
403,0.702753,0.077983,49.477097,2.769285,0.000000
404,0.721497,0.052304,43.124221,2.747358,0.000000
405,0.768180,0.044876,43.546839,2.744383,0.000000
406,0.815671,0.054317,37.463065,2.731333,0.000000
407,0.806721,0.034537,36.014161,2.706808,0.000000
408,0.772403,0.025606,38.922892,2.674426,0.000000
409,0.780462,0.013503,40.469851,2.644366,-0.000000
410,0.808057,0.011470,38.181721,2.629874,-0.000000
411,0.807564,0.025738,37.149611,2.631221,-0.000000
412,0.810411,0.354781,38.480561,2.638759,0.000000
413,0.778944,0.036421,39.652723,2.636846,0.000000
414,0.822345,0.045336,38.862819,2.623769,-0.000000
415,0.820154,0.022026,39.557801,2.633212,0.000000
416,0.798498,0.068649,34.305191,2.635117,-0.000000
417,0.770231,0.019356,44.843400,2.630308,-0.000000
418,0.807604,0.046999,35.552982,2.632783,-0.000000
419,0.820596,0.170255,38.207697,2.628349,0.000000
420,0.825637,0.013390,41.619253,2.612550,0.000000
421,0.820696,0.114249,41.761595,2.579929,0.000000
422,0.822039,0.010203,41.734908,2.564936,0.000000
423,0.776626,0.022843,45.684502,2.589581,0.000000
424,0.821018,0.001790,37.745129,2.603795,0.000000
425,0.821082,0.008646,37.720227,2.614762,-0.000000
426,0.803924,0.043945,41.551562,2.625447,0.000000
427,0.821395,0.005819,41.598752,2.633635,0.000000
428,0.823134,0.025903,38.006736,2.641791,0.000000
429,0.781528,0.075305,47.596597,2.639814,-0.000000
430,0.822833,0.003332,41.967190,2.642224,0.000000
431,0.825853,0.039181,37.108666,2.659234,0.000000
432,0.826501,0.022659,46.622668,2.660154,-0.000000
433,0.822686,0.003988,45.123434,2.650372,-0.000000
434,0.781733,0.062030,51.311656,2.639866,-0.000000
435,0.753480,0.001606,48.749148,2.630987,-0.000000
436,0.807273,0.041234,40.822541,2.632138,0.000000
437,0.825701,0.024522,44.763556,2.635045,0.000000
438,0.824709,0.006500,44.017684,2.636676,0.000000
439,0.808810,0.021420,46.661689,2.637037,-0.000000
440,0.720728,0.158800,39.959508,2.629555,0.000000
441,0.825468,0.009488,48.180979,2.641576,-0.000000
442,0.824142,0.000038,38.187996,2.640846,-0.000000
443,0.781324,0.104357,42.621413,2.642183,0.000000
444,0.747525,0.011447,44.736514,2.651803,0.000000
445,0.756351,0.000257,44.831497,2.647392,-0.000000
446,0.808370,0.028461,38.536448,2.642258,-0.000000
447,0.811687,0.011153,35.573268,2.644764,0.000000
448,0.819883,0.129103,38.296624,2.658304,0.000000
449,0.826639,0.237464,38.835727,2.683805,0.000000
450,0.823151,0.004633,39.741110,2.707555,0.000000
451,0.820218,0.035234,42.121716,2.705877,-0.000000
452,0.822612,0.006322,40.797197,2.705416,-0.000000
453,0.822611,0.044705,42.079693,2.715127,-0.000000
454,0.821408,-0.001158,43.416093,2.715271,-0.000000
455,0.819721,0.011231,41.244296,2.701995,-0.000000
456,0.820593,0.191055,41.783054,2.685216,0.000000
457,0.820865,0.001665,40.893790,2.673179,-0.000000
458,0.773481,0.010453,44.759672,2.652141,0.000000
459,0.819024,0.198919,42.129086,2.651138,0.000000
460,0.743069,0.016001,42.447543,2.670347,0.000000
461,0.770419,0.016159,38.518092,2.699669,0.000000
462,0.820927,0.033849,42.235802,2.703507,0.000000
463,0.819923,0.038430,39.092821,2.698739,-0.000000
464,0.822721,0.011911,40.267286,2.690173,0.000000
465,0.820033,0.037359,41.282392,2.687322,-0.000000
466,0.823123,0.029620,41.184145,2.704350,-0.000000
467,0.824323,0.114909,40.612332,2.710297,0.000000
468,0.824685,0.001271,42.216854,2.719234,0.000000
469,0.824986,0.012798,42.971888,2.744218,-0.000000
470,0.823955,0.015483,45.205357,2.750039,-0.000000
471,0.826734,0.012057,43.317472,2.735739,-0.000000
472,0.764638,0.034250,55.257977,2.725402,-0.000000
473,0.804475,0.299520,41.092554,2.727455,-0.000000
474,0.821481,0.009048,44.724188,2.738616,-0.000000
475,0.805870,0.096977,37.029892,2.741341,-0.000000
476,0.820966,0.009355,40.646542,2.730762,0.000000
477,0.824699,0.029008,43.596775,2.714903,-0.000000
478,0.827377,0.025858,41.345070,2.710131,-0.000000
479,0.828076,0.005268,42.592989,2.708953,0.000000
480,0.823765,0.089540,41.090863,2.712157,0.000000
481,0.807702,0.003973,35.606165,2.726424,-0.000000
482,0.832861,0.019996,37.836760,2.737782,-0.000000
483,0.829384,0.012301,38.076433,2.751833,0.000000
484,0.826040,0.020790,42.549806,2.753258,0.000000
485,0.826158,0.012680,39.615112,2.736376,0.000000
486,0.823121,2.881546,43.527806,2.727864,0.000000
487,0.824759,0.003278,43.229834,2.697114,0.000000
488,0.825816,0.067801,45.184837,2.671918,0.000000
489,0.824959,0.402079,45.026505,2.676610,0.000000
490,0.783792,0.028685,58.508111,2.682987,0.000000
491,0.756559,0.039548,50.509574,2.678252,0.000000
492,0.807377,0.052324,44.186103,2.676155,-0.000000
493,0.783164,0.043024,47.863769,2.687996,-0.000000
494,0.757855,0.116664,39.373003,2.688153,0.000000
495,0.815830,0.023975,35.074499,2.670537,-0.000000
496,0.812445,0.035128,34.800703,2.660255,0.000000
497,0.822591,0.023798,39.922397,2.669287,-0.000000
498,0.809257,0.034355,40.126243,2.653912,0.000000
499,0.780972,0.029306,39.188142,2.629055,0.000000
500,0.749916,0.025231,37.965076,2.621830,0.000000
501,0.822911,0.050169,38.384987,2.633402,0.000000
502,0.804853,0.003430,39.595578,2.642891,-0.000000
503,0.779302,0.000739,45.131993,2.643805,-0.000000
504,0.807286,0.015581,37.690951,2.653345,0.000000
505,0.808928,0.016951,35.946373,2.653348,-0.000000
506,0.749667,0.110156,43.312857,2.641066,-0.000000
507,0.803208,0.021474,37.301964,2.638286,-0.000000
508,0.822503,0.297116,37.883639,2.664565,0.000000
509,0.806494,0.015237,36.157973,2.673537,-0.000000
510,0.805012,0.021988,36.033073,2.669059,-0.000000
511,0.808277,0.019983,38.945177,2.674036,-0.000000
512,0.821551,0.021782,37.483357,2.673052,0.000000
513,0.823201,0.001993,38.300534,2.678474,-0.000000
514,0.822100,0.029634,37.882872,2.697811,0.000000
515,0.829647,0.008307,38.689563,2.724564,-0.000000
516,0.828896,0.002842,40.963045,2.752170,0.000000
517,0.826753,0.036313,40.567121,2.744408,0.000000
518,0.828910,-0.002850,41.589168,2.752561,-0.000000
519,0.829917,0.042978,43.259385,2.759610,0.000000
520,0.830320,0.029818,41.591661,2.756212,0.000000
521,0.832730,0.026670,40.345862,2.775769,0.000000
522,0.829246,0.060806,40.726399,2.770501,-0.000000
523,0.829361,0.001386,42.622791,2.772334,0.000000
524,0.831919,0.019717,43.645338,2.793551,0.000000
525,0.813567,0.037560,42.676996,2.806629,-0.000000
526,0.809382,0.212940,40.010134,2.803954,0.000000
527,0.808637,0.056181,43.328996,2.807356,-0.000000
528,0.826778,-0.001141,39.716165,2.828862,-0.000000
529,0.820387,0.092460,40.124681,2.846725,-0.000000
530,0.824903,0.034361,41.746661,2.855475,0.000000
531,0.806422,0.040546,44.714683,2.868776,0.000000
532,0.823766,0.075279,44.822963,2.877386,-0.000000
533,0.781325,0.107056,44.836874,2.881124,-0.000000
534,0.788513,0.034956,43.999411,2.865404,-0.000000
535,0.823531,0.009975,42.299674,2.855454,0.000000
536,0.824955,0.010107,41.343299,2.850149,0.000000
537,0.799536,0.011679,40.534394,2.858648,0.000000
538,0.818336,0.000989,38.738740,2.858173,0.000000
539,0.762560,0.037867,44.547424,2.833326,0.000000
540,0.784572,0.021431,39.329858,2.831602,-0.000000
541,0.755939,0.015955,38.833540,2.840271,0.000000
542,0.789042,0.035025,37.827616,2.820381,-0.000000
543,0.813332,0.050231,35.053010,2.801560,-0.000000
544,0.766218,0.073758,36.155867,2.789332,0.000000
545,0.786402,0.010879,38.049400,2.760360,0.000000
546,0.814920,0.039095,35.576584,2.725744,-0.000000
547,0.797764,0.015817,35.162857,2.710907,0.000000
548,0.820167,0.012837,36.132859,2.712082,0.000000
549,0.804383,0.011158,29.651099,2.718333,0.000000
550,0.820643,0.006456,36.721977,2.734128,-0.000000
551,0.816298,0.063419,36.436270,2.754057,0.000000
552,0.817693,0.018128,37.651714,2.747873,-0.000000
553,0.820331,0.003912,37.667378,2.738795,-0.000000
554,0.820290,0.017741,38.067972,2.737594,-0.000000
555,0.822592,0.002265,38.865007,2.738918,-0.000000
556,0.815190,0.016084,39.855159,2.756985,-0.000000
557,0.816742,0.015882,38.322811,2.772474,0.000000
558,0.817207,0.009694,37.956007,2.768281,0.000000
559,0.818222,0.051192,38.937800,2.764466,-0.000000
560,0.818438,0.001502,38.492811,2.789098,0.000000
561,0.764170,0.090073,39.086835,2.818395,0.000000
562,0.773700,0.049841,45.524075,2.802814,0.000000
563,0.723467,0.042265,35.394124,2.792338,0.000000
564,0.735661,0.266923,33.839572,2.795942,0.000000
565,0.733833,0.020276,32.602245,2.773063,0.000000
566,0.816328,0.397997,37.443303,2.754708,-0.000000
567,0.791315,0.047291,32.196483,2.765139,0.000000
568,0.790251,0.026153,37.605996,2.769152,0.000000
569,0.811892,0.001659,37.005925,2.764319,0.000000
570,0.793179,0.061663,35.637899,2.752067,0.000000
571,0.812563,0.051507,36.179933,2.741111,0.000000
572,0.818879,0.012146,37.590906,2.726224,-0.000000
573,0.815326,0.010005,35.865152,2.720631,0.000000
574,0.817990,0.025344,37.832881,2.724922,0.000000
575,0.817626,0.012440,37.245878,2.727728,0.000000
576,0.821315,0.036974,38.140424,2.747720,-0.000000
577,0.818212,0.053638,38.026941,2.769944,0.000000
578,0.816305,0.039377,38.197137,2.773226,-0.000000
579,0.820120,0.001910,38.143529,2.772652,-0.000000
580,0.823255,0.022270,38.137126,2.767642,0.000000
581,0.825179,0.023131,42.149610,2.768121,0.000000
582,0.821125,0.072524,39.107109,2.772988,-0.000000
583,0.824302,0.052594,40.243003,2.788258,-0.000000
584,0.825403,0.058389,41.996669,2.784792,-0.000000
585,0.826780,0.007964,40.682375,2.758450,-0.000000
586,0.829800,0.049123,39.797115,2.745832,0.000000
587,0.824891,0.006793,38.632215,2.716216,-0.000000
588,0.823167,0.032465,39.810324,2.691789,0.000000
589,0.829296,0.040270,41.049168,2.676073,0.000000
590,0.825371,0.016569,39.968441,2.664820,-0.000000
591,0.824453,0.010905,41.326912,2.674837,-0.000000
592,0.824293,0.011094,42.512665,2.686448,0.000000
593,0.827108,0.004224,42.690294,2.688034,0.000000
594,0.821764,0.017291,39.693324,2.687889,-0.000000
595,0.819226,0.024380,41.065400,2.682913,0.000000
596,0.820546,0.005108,41.110261,2.678043,-0.000000
597,0.818542,0.019651,40.394488,2.664224,0.000000
598,0.824976,-0.002668,38.099616,2.669415,0.000000
599,0.825164,0.025844,38.212418,2.697818,0.000000
600,0.821287,0.014447,39.562629,2.701374,-0.000000
601,0.820527,0.038816,40.226445,2.694691,-0.000000
602,0.813062,0.240136,36.685454,2.697692,-0.000000
603,0.815076,0.015206,37.099984,2.682623,-0.000000
604,0.812505,0.015833,36.834225,2.676306,-0.000000
605,0.814024,0.000311,36.929816,2.687342,0.000000
606,0.791599,0.005032,37.585906,2.690763,-0.000000
607,0.814010,0.002378,38.868351,2.703489,0.000000
608,0.813105,-0.001758,37.233546,2.709207,0.000000
609,0.822791,0.012439,35.946518,2.721430,-0.000000
610,0.798843,0.280356,39.160695,2.720164,0.000000
611,0.817729,0.012077,41.599824,2.701962,0.000000
612,0.820746,0.087909,44.549364,2.673966,-0.000000
613,0.819964,0.042912,44.168640,2.647981,0.000000
614,0.825881,0.033395,41.902135,2.639634,0.000000
615,0.817720,-0.002332,41.581290,2.640561,0.000000
616,0.826340,0.156308,44.014331,2.651298,-0.000000
617,0.822876,0.005088,42.840542,2.656662,-0.000000
618,0.821776,0.007261,41.382623,2.664056,-0.000000
619,0.824130,0.069656,40.185202,2.663892,0.000000
620,0.826924,0.001604,42.805690,2.671944,0.000000
621,0.823679,0.053643,44.567390,2.666634,0.000000
622,0.828710,0.017714,45.590383,2.653076,0.000000
623,0.824925,0.069598,44.451039,2.653620,0.000000
624,0.826800,0.003327,44.414822,2.645779,0.000000
625,0.826364,0.042207,44.030708,2.631730,-0.000000
626,0.828763,0.026389,44.022106,2.626128,-0.000000
627,0.832192,0.012825,43.773472,2.621825,0.000000
628,0.829766,0.019944,43.357209,2.627850,-0.000000
629,0.831706,0.079388,43.581562,2.626240,-0.000000
630,0.834924,0.030359,43.204668,2.619231,-0.000000
631,0.833468,0.006794,43.791789,2.623601,-0.000000
632,0.830740,0.043773,43.495296,2.614816,-0.000000
633,0.832896,0.004518,43.613239,2.615665,-0.000000
634,0.831305,0.045294,43.213819,2.641387,0.000000
635,0.834828,0.048772,43.627900,2.659094,-0.000000
636,0.834687,0.153929,43.581303,2.656857,0.000000
637,0.833299,0.073506,43.418418,2.638033,-0.000000
638,0.829652,0.075918,43.719901,2.616374,0.000000
639,0.789217,0.002175,51.625020,2.616239,-0.000000
640,0.783774,0.030202,51.406829,2.622715,0.000000
641,0.833470,0.012574,42.268259,2.625464,0.000000
642,0.786927,0.059652,47.293237,2.647465,0.000000
643,0.792262,0.062489,42.055079,2.656772,-0.000000
644,0.830777,0.022102,42.235073,2.648828,-0.000000
645,0.832027,0.010972,42.060945,2.631991,0.000000
646,0.790692,0.057270,42.093731,2.627160,0.000000
647,0.832948,0.012156,42.437308,2.632788,-0.000000
648,0.833627,0.024062,42.456379,2.627652,0.000000
649,0.833466,0.143864,42.330933,2.629020,-0.000000
650,0.829574,0.022633,42.702234,2.615079,0.000000
651,0.829639,0.011802,42.692909,2.596497,-0.000000
652,0.826455,0.013416,42.543599,2.599546,-0.000000
653,0.826659,0.003207,42.445472,2.615613,-0.000000
654,0.809755,0.036776,37.782363,2.619219,-0.000000
655,0.829957,0.030812,42.867535,2.591224,0.000000
656,0.828626,0.006571,42.939028,2.565976,-0.000000
657,0.831429,0.001134,42.977637,2.578193,0.000000
658,0.825623,0.035973,42.628334,2.598723,0.000000
659,0.826869,0.010683,42.301542,2.626905,-0.000000
660,0.826298,0.016430,43.153830,2.659071,-0.000000
661,0.830795,0.003506,45.085899,2.649202,-0.000000
662,0.826204,0.001005,45.229035,2.637942,0.000000
663,0.831217,0.002672,43.688507,2.639882,0.000000
664,0.829497,0.025063,42.900473,2.646091,0.000000
665,0.831934,0.065573,37.815289,2.665295,0.000000
666,0.830020,0.023719,37.157486,2.669947,-0.000000
667,0.829017,0.018579,35.163124,2.655427,0.000000
668,0.834454,0.134279,38.788030,2.662237,0.000000
669,0.832980,0.139393,37.451383,2.666083,0.000000
670,0.825428,0.059310,41.413774,2.646208,-0.000000
671,0.756334,0.010339,41.990241,2.633104,-0.000000
672,0.809464,0.106312,39.153053,2.620065,0.000000
673,0.810776,0.026458,37.824197,2.609151,-0.000000
674,0.813254,0.020101,43.473873,2.607721,-0.000000
675,0.823764,0.029306,44.367773,2.590488,0.000000
676,0.826760,0.012380,43.065578,2.576392,0.000000
677,0.782181,0.001654,50.372115,2.582071,-0.000000
678,0.829497,0.007558,40.417818,2.601048,0.000000
679,0.828118,0.008463,40.630886,2.618973,0.000000
680,0.829217,0.004527,40.211790,2.638699,0.000000
681,0.827984,0.013514,40.724873,2.637549,0.000000
682,0.817695,0.044095,41.462286,2.628219,0.000000
683,0.837572,0.019734,41.789873,2.628784,-0.000000
684,0.835819,0.025896,41.018308,2.638288,-0.000000
685,0.833162,0.008961,41.542327,2.654544,0.000000
686,0.814101,0.109194,41.538568,2.651688,0.000000
687,0.833983,0.000757,41.076909,2.651060,-0.000000
688,0.833415,0.018654,40.955710,2.641035,-0.000000
689,0.833482,0.015148,40.743331,2.639604,0.000000
690,0.833377,0.030159,40.802632,2.646633,0.000000
691,0.812027,0.053045,49.981786,2.634784,0.000000
692,0.834764,0.030651,39.169894,2.638985,-0.000000
693,0.828592,0.087515,39.518609,2.638853,-0.000000
694,0.789650,0.020691,41.892456,2.624806,0.000000
695,0.831848,0.008999,40.492186,2.632040,-0.000000
696,0.831619,0.040844,40.434417,2.643473,-0.000000
697,0.803927,0.041370,49.405653,2.667942,-0.000000
698,0.777325,0.020736,49.729983,2.676637,0.000000
699,0.811385,0.896202,39.137275,2.690620,0.000000
700,0.811007,0.039174,37.657081,2.700343,0.000000
701,0.822396,0.362256,38.355750,2.704241,0.000000
702,0.827241,0.022679,41.498808,2.709796,0.000000
703,0.822523,0.017217,40.068554,2.706737,-0.000000
704,0.825341,-0.001676,36.026863,2.703166,0.000000
705,0.798259,0.005031,30.524080,2.703321,-0.000000
706,0.825836,0.004731,42.077004,2.719474,0.000000
707,0.833600,0.008639,42.731715,2.753843,0.000000
708,0.833780,0.404311,41.275014,2.765117,0.000000
709,0.830546,0.031551,40.664483,2.782057,0.000000
710,0.833418,0.234406,40.654355,2.798272,-0.000000
711,0.833493,0.021319,42.356897,2.809580,-0.000000
712,0.834649,0.095751,41.980362,2.823561,0.000000
713,0.834448,0.022744,46.667175,2.820459,-0.000000
714,0.833122,0.009922,40.630108,2.811529,0.000000
715,0.831183,0.024124,39.180858,2.804814,0.000000
716,0.831673,0.002876,40.514780,2.801442,-0.000000
717,0.829701,0.024884,32.387522,2.801043,-0.000000
718,0.833266,0.049724,34.214854,2.804724,0.000000
719,0.834953,0.027716,40.439731,2.805335,0.000000
720,0.835312,0.050741,41.621305,2.820070,0.000000
721,0.834356,0.051681,49.851690,2.829976,0.000000
722,0.833338,0.153085,48.272394,2.847713,0.000000
723,0.835761,0.334374,45.260946,2.848293,0.000000
724,0.835984,0.063830,41.156458,2.848941,0.000000
725,0.819521,0.598307,28.029893,2.850329,0.000000
726,0.834755,0.016313,38.375812,2.843530,-0.000000
727,0.834508,0.084662,45.594612,2.844723,0.000000
728,0.835532,0.029764,39.677329,2.863956,-0.000000
729,0.833861,0.069194,45.850543,2.866014,0.000000
730,0.835406,0.306564,48.244925,2.872094,0.000000
731,0.832304,0.009680,47.469044,2.886586,-0.000000
732,0.834169,0.010084,43.967950,2.907794,-0.000000
733,0.829549,0.003861,48.382667,2.948318,-0.000000
734,0.829245,0.035906,46.721312,2.977881,-0.000000
735,0.827894,0.003173,42.754407,2.970009,0.000000
736,0.831096,0.009690,42.405202,2.969448,0.000000
737,0.828363,0.019949,36.866762,2.983914,-0.000000
738,0.826244,0.004639,41.686204,2.979960,0.000000
739,0.826327,0.115662,42.839212,2.970896,-0.000000
740,0.834114,0.012327,39.139907,2.944040,-0.000000
741,0.837077,0.025879,45.168528,2.930398,-0.000000
742,0.834451,0.031969,37.683802,2.932832,0.000000
743,0.832147,0.097119,41.157651,2.923333,0.000000
744,0.834111,0.106974,43.504701,2.931022,-0.000000
745,0.839187,0.048879,39.603814,2.931313,0.000000
746,0.836898,0.043251,35.291841,2.907796,-0.000000
747,0.828973,0.022327,40.770356,2.882624,0.000000
748,0.781547,0.042184,53.070473,2.860960,-0.000000
749,0.786892,0.244144,39.255053,2.861455,-0.000000
750,0.768052,0.075137,45.483177,2.850136,-0.000000
751,0.763174,0.043969,40.460270,2.805585,-0.000000
752,0.807371,0.053995,35.476693,2.776187,0.000000
753,0.826666,0.079648,30.856343,2.760897,-0.000000
754,0.813815,0.007338,35.453031,2.758000,0.000000
755,0.827258,0.052086,35.429007,2.750729,0.000000
756,0.827995,0.062987,39.487619,2.724656,-0.000000
757,0.832253,0.008217,42.409444,2.713627,0.000000
758,0.828857,0.020874,38.462865,2.725509,-0.000000
759,0.833389,0.020446,43.006449,2.750939,-0.000000
760,0.831860,0.026690,44.020032,2.765338,-0.000000
761,0.832385,0.008158,36.094461,2.760968,0.000000
762,0.828138,0.044141,34.710556,2.743392,0.000000
763,0.827159,0.037975,33.335953,2.723194,0.000000
764,0.812746,0.013322,41.108631,2.711422,-0.000000
765,0.811860,0.046488,31.996984,2.700104,-0.000000
766,0.813659,0.107172,40.475644,2.693327,0.000000
767,0.833710,0.080604,37.353442,2.698118,0.000000
768,0.830672,0.039742,49.225091,2.705657,0.000000
769,0.819618,0.062204,45.403261,2.704325,-0.000000
770,0.831453,0.013021,49.076384,2.710890,0.000000
771,0.765462,0.066642,60.214819,2.711898,0.000000
772,0.819726,0.064763,48.809723,2.702442,0.000000
773,0.792267,0.057054,54.666379,2.679243,-0.000000
774,0.834493,0.026961,50.965965,2.665405,-0.000000
775,0.794942,-0.000015,56.443868,2.675307,0.000000
776,0.835648,-0.000387,47.835969,2.685150,0.000000
777,0.837254,0.059409,46.696340,2.694224,0.000000
778,0.821281,0.028526,48.416625,2.700521,0.000000
779,0.837813,1.331535,49.187964,2.729034,-0.000000
780,0.836475,0.020946,49.025806,2.752370,0.000000
781,0.834208,0.020220,48.445961,2.754037,0.000000
782,0.834370,0.085333,48.213083,2.743165,-0.000000
783,0.820724,0.044899,43.276503,2.735801,0.000000
784,0.833890,0.052148,46.962358,2.729338,0.000000
785,0.836923,0.088184,42.242738,2.712250,0.000000
786,0.831828,0.012289,47.619119,2.712421,0.000000
787,0.820263,0.042737,44.613754,2.726126,0.000000
788,0.835173,0.016872,47.168528,2.731574,-0.000000
789,0.834888,0.019207,46.663827,2.729589,-0.000000
790,0.834753,0.013119,46.881125,2.721568,-0.000000
791,0.834202,0.006890,45.874809,2.728136,0.000000
792,0.833096,0.006886,47.058606,2.738651,0.000000
793,0.833710,0.003586,47.222123,2.743049,0.000000
794,0.834720,0.008206,46.660539,2.758357,0.000000
795,0.833469,0.011088,46.039826,2.767209,0.000000
796,0.833999,0.053085,43.419648,2.758320,0.000000
797,0.834364,0.015099,43.333358,2.761997,-0.000000
798,0.688975,0.043967,72.937904,2.762258,-0.000000
799,0.812526,0.166995,41.222409,2.753047,-0.000000
800,0.830804,0.017190,44.147098,2.731679,-0.000000
801,0.709810,0.013506,49.659362,2.719339,-0.000000
802,0.758023,0.019123,35.004746,2.713576,-0.000000
803,0.814816,0.024783,35.488828,2.695133,0.000000
804,0.733976,0.061602,41.105594,2.692329,-0.000000
805,0.811414,0.024177,34.386832,2.677409,0.000000
806,0.816747,0.066143,37.004705,2.652546,-0.000000
807,0.830163,0.025609,43.845320,2.622457,-0.000000
808,0.759975,0.009413,51.758145,2.619821,0.000000
809,0.814266,0.051308,38.789981,2.628169,0.000000
810,0.832468,0.024163,43.535861,2.624001,0.000000
811,0.830321,0.008446,40.927418,2.609222,0.000000
812,0.785133,-0.002763,39.901434,2.605979,0.000000
813,0.831222,0.091938,42.346116,2.609883,0.000000
814,0.833125,0.021904,41.707946,2.606574,-0.000000
815,0.830703,0.048697,44.806987,2.599348,0.000000
816,0.833417,0.015702,40.300590,2.617155,0.000000
817,0.836756,0.011685,45.479544,2.642143,0.000000
818,0.835346,0.009509,47.057904,2.663783,0.000000
819,0.834110,0.203699,43.645297,2.684140,0.000000
820,0.813377,0.089708,39.846551,2.690193,0.000000
821,0.832669,0.020697,45.262412,2.694000,-0.000000
822,0.835878,0.021867,45.726383,2.702819,0.000000
823,0.830529,0.031781,46.019760,2.725890,-0.000000
824,0.833209,0.126698,45.150295,2.740341,-0.000000
825,0.832041,0.010859,43.761251,2.759614,-0.000000
826,0.832179,0.039369,42.095124,2.762938,-0.000000
827,0.828934,0.022009,45.730457,2.765319,-0.000000
828,0.831769,0.014025,41.186584,2.756488,0.000000
829,0.830161,0.117029,42.960696,2.733020,-0.000000
830,0.829425,0.005287,42.577834,2.733802,0.000000
831,0.829144,0.066666,44.911675,2.732818,0.000000
832,0.829076,0.068498,45.002283,2.722418,-0.000000
833,0.774939,0.019040,57.517257,2.715059,0.000000
834,0.788725,0.068568,47.789551,2.701831,0.000000
835,0.781756,0.017751,56.219694,2.682259,0.000000
836,0.832945,0.017464,46.169988,2.678944,-0.000000
837,0.831548,0.111780,45.956659,2.692508,-0.000000
838,0.834737,0.014975,44.975769,2.714444,0.000000
839,0.797874,0.020412,46.342540,2.728969,0.000000
840,0.832864,0.055456,40.017038,2.724786,-0.000000
841,0.833280,0.007884,44.593574,2.713214,-0.000000
842,0.833879,0.020295,43.042750,2.717818,0.000000
843,0.836604,0.052069,44.405128,2.738796,-0.000000
844,0.816913,0.021399,42.719732,2.749180,-0.000000
845,0.831228,0.018189,41.454791,2.731072,0.000000
846,0.831814,0.005019,42.734132,2.751414,-0.000000
847,0.820013,0.066135,41.558753,2.784774,0.000000
848,0.833897,0.018031,44.610465,2.811851,0.000000
849,0.835541,0.017553,43.985384,2.828754,0.000000
850,0.833018,0.083976,45.531340,2.829100,-0.000000
851,0.833748,0.018780,45.139472,2.834351,-0.000000
852,0.832828,0.025573,47.969375,2.849673,0.000000
853,0.800254,0.077432,46.657014,2.866583,-0.000000
854,0.817831,0.050116,41.124375,2.881056,-0.000000
855,0.830766,0.090150,46.777858,2.871312,-0.000000
856,0.835939,0.072433,45.623826,2.870844,0.000000
857,0.824575,0.002348,42.880261,2.881992,0.000000
858,0.821138,0.000038,39.137256,2.890553,-0.000000
859,0.794432,0.008916,50.897013,2.896242,0.000000
860,0.832962,0.056434,41.538075,2.878423,0.000000
861,0.832944,0.001378,43.090815,2.869662,0.000000
862,0.833062,0.089117,42.325520,2.877447,0.000000
863,0.834015,0.170144,43.887215,2.882882,0.000000
864,0.834259,0.035871,41.036533,2.886722,0.000000
865,0.814041,0.099213,38.676885,2.887771,-0.000000
866,0.665145,0.008930,40.285274,2.873293,0.000000
867,0.735976,0.046060,37.123077,2.875531,0.000000
868,0.774641,0.118619,41.861819,2.871833,-0.000000
869,0.784703,0.033774,47.128939,2.852326,0.000000
870,0.816353,0.164845,36.141277,2.834406,-0.000000
871,0.784236,0.145809,31.891675,2.828847,0.000000
872,0.826283,0.027188,42.031334,2.821025,-0.000000
873,0.812549,-0.002205,32.714017,2.833775,0.000000
874,0.783509,0.080074,43.276125,2.849150,0.000000
875,0.829547,0.025695,38.407244,2.843663,0.000000
876,0.828431,0.004398,39.017449,2.842761,-0.000000
877,0.829138,0.018476,38.768840,2.840301,0.000000
878,0.797231,0.029062,45.371055,2.840545,-0.000000
879,0.831494,0.384318,43.068559,2.836101,0.000000
880,0.811468,0.019383,49.371885,2.844979,0.000000
881,0.803912,0.479670,48.897123,2.851744,0.000000
882,0.830760,0.003807,40.784394,2.838799,-0.000000
883,0.818715,0.020896,36.820466,2.822996,-0.000000
884,0.830331,0.022421,42.193517,2.808027,-0.000000
885,0.828788,0.061229,41.783924,2.792619,0.000000
886,0.834112,0.148513,40.969057,2.784214,-0.000000
887,0.833839,0.062501,38.151771,2.783246,0.000000
888,0.832254,0.068921,43.973150,2.778241,-0.000000
889,0.834437,0.017143,41.619562,2.772330,0.000000
890,0.830532,-0.000571,41.496614,2.771039,-0.000000
891,0.831968,2.824604,40.351321,2.772622,-0.000000
892,0.816154,1.837562,42.166470,2.768616,0.000000
893,0.820795,0.039009,39.892749,2.750200,-0.000000
894,0.834900,-0.001685,38.036011,2.764823,0.000000
895,0.827215,0.016640,34.116534,2.782437,0.000000
896,0.834255,0.119216,41.172542,2.762266,-0.000000
897,0.835765,0.037525,35.808763,2.745678,0.000000
898,0.837178,0.013773,33.937560,2.743394,-0.000000
899,0.837998,0.021084,30.356775,2.739459,-0.000000
900,0.841548,0.048679,30.422820,2.722796,0.000000
901,0.826078,0.042950,33.815626,2.710544,0.000000
902,0.838628,0.030691,32.621369,2.694520,-0.000000
903,0.825787,-0.000358,29.394632,2.682959,0.000000
904,0.840711,0.016243,33.958215,2.660666,-0.000000
905,0.842935,0.044795,30.254697,2.653715,-0.000000
906,0.841133,0.069053,28.332044,2.664566,-0.000000
907,0.840789,0.118669,30.404399,2.668449,-0.000000
908,0.842925,0.046646,28.843481,2.645856,0.000000
909,0.842961,0.621478,47.583259,2.627472,0.000000
910,0.844863,0.006268,46.306187,2.638745,-0.000000
911,0.839859,0.008102,41.267879,2.656215,-0.000000
912,0.843933,0.015291,51.473568,2.659395,0.000000
913,0.841174,0.024092,47.795329,2.652242,0.000000
914,0.841838,-0.001265,44.501931,2.638907,0.000000
915,0.843275,0.009749,38.593500,2.644718,0.000000
916,0.838055,0.058556,42.114075,2.629718,0.000000
917,0.843561,0.384732,47.058679,2.604113,-0.000000
918,0.838364,0.025042,47.954597,2.603387,0.000000
919,0.839671,0.014071,45.053704,2.605599,-0.000000
920,0.838367,0.014239,41.179578,2.605944,-0.000000
921,0.837970,0.017655,39.287106,2.583290,0.000000
922,0.837704,0.227877,37.871924,2.562185,0.000000
923,0.837978,0.010477,44.753235,2.540880,-0.000000
924,0.839214,0.004762,38.154774,2.531170,-0.000000
925,0.838727,0.001447,34.701385,2.544160,-0.000000
926,0.838958,0.012386,29.646098,2.556120,0.000000
927,0.837883,0.014963,39.392641,2.561455,-0.000000
928,0.833417,0.000947,38.253149,2.575881,0.000000
929,0.835733,-0.001014,42.063455,2.574994,-0.000000
930,0.836837,0.008394,39.608462,2.584900,0.000000
931,0.837525,0.017359,44.282566,2.605778,0.000000
932,0.838868,0.670795,40.982460,2.619185,0.000000
933,0.837597,0.043783,42.101213,2.636840,0.000000
934,0.832878,0.007010,44.024491,2.632434,-0.000000
935,0.829650,0.020968,41.221061,2.596469,-0.000000
936,0.826768,-0.001603,44.854341,2.585697,-0.000000
937,0.827400,0.005532,42.068392,2.597810,0.000000
938,0.828607,0.050705,44.189951,2.587345,0.000000
939,0.833310,0.010226,38.213034,2.588929,-0.000000
940,0.831682,0.007790,36.036383,2.627469,-0.000000
941,0.824648,0.015107,38.169227,2.651571,-0.000000
942,0.827312,0.010717,38.637357,2.662360,0.000000
943,0.830362,0.079055,42.912923,2.665921,-0.000000
944,0.829551,0.022738,46.697028,2.647322,0.000000
945,0.830710,0.039303,46.243618,2.634035,0.000000
946,0.824216,0.002131,44.786833,2.637939,0.000000
947,0.824718,-0.000777,45.087686,2.665991,-0.000000
948,0.822478,0.057145,47.176474,2.662790,0.000000
949,0.824401,-0.000630,45.019785,2.643061,-0.000000
950,0.826559,-0.001702,50.161050,2.643985,0.000000
951,0.822860,0.095796,44.620734,2.652688,0.000000
952,0.824467,0.010437,39.210186,2.663226,0.000000
953,0.826083,0.061079,40.050153,2.668591,-0.000000
954,0.818693,0.011419,36.591308,2.676566,0.000000
955,0.819848,0.162755,34.499197,2.699444,0.000000
956,0.816522,0.011950,37.142949,2.737475,-0.000000
957,0.812691,0.078450,34.487199,2.748531,0.000000
958,0.815350,0.006076,33.531085,2.727455,0.000000
959,0.818036,0.032344,31.019060,2.705990,-0.000000
960,0.814863,0.079339,34.117266,2.694890,0.000000
961,0.798883,0.021044,34.876837,2.680625,-0.000000
962,0.822954,0.011795,36.876923,2.673377,-0.000000
963,0.820747,0.339520,37.876007,2.671887,-0.000000
964,0.818696,0.038252,39.767861,2.668833,0.000000
965,0.822193,0.080814,32.695721,2.667807,0.000000
966,0.818528,0.000834,31.965089,2.666904,0.000000
967,0.798990,0.052208,33.232112,2.664110,0.000000
968,0.821332,0.007050,32.044819,2.662464,0.000000
969,0.817730,0.018914,29.022134,2.671403,0.000000
970,0.749773,0.074240,48.161145,2.649887,0.000000
971,0.815160,0.013721,40.118175,2.627839,0.000000
972,0.820841,0.005318,43.705719,2.642361,-0.000000
973,0.816298,0.009479,45.872641,2.643767,-0.000000
974,0.815772,0.010077,44.805710,2.631905,0.000000
975,0.816669,0.031872,47.427786,2.638873,-0.000000
976,0.814283,0.033513,43.175385,2.635751,0.000000
977,0.815842,0.048263,41.166370,2.641084,0.000000
978,0.819328,0.032174,41.921587,2.636708,0.000000
979,0.818549,0.038282,40.566110,2.626927,-0.000000
980,0.818561,0.015127,35.750656,2.623229,0.000000
981,0.815929,0.117608,37.347386,2.623774,-0.000000
982,0.813410,0.049091,33.675335,2.619670,0.000000
983,0.809619,0.014373,35.037674,2.606532,-0.000000
984,0.812305,0.103138,32.652306,2.592963,0.000000
985,0.808237,0.055770,31.616915,2.576811,0.000000
986,0.814783,0.048124,34.146312,2.576707,-0.000000
987,0.815921,0.000296,33.585353,2.597556,-0.000000
988,0.817401,0.026690,29.837325,2.598489,-0.000000
989,0.816463,0.016261,35.661560,2.579368,-0.000000
990,0.812969,0.008931,35.816256,2.559931,0.000000
991,0.810385,0.047043,38.213682,2.547948,0.000000
992,0.813402,0.037678,30.984924,2.557124,-0.000000
993,0.826712,0.029433,33.895412,2.570939,-0.000000
994,0.819639,0.013293,33.711544,2.577272,0.000000
995,0.821664,0.093417,40.137644,2.581448,0.000000
996,0.823309,0.002465,32.652621,2.588341,-0.000000
997,0.816970,0.011044,39.889777,2.585319,-0.000000
998,0.812269,0.056351,40.998356,2.573148,0.000000
999,0.815180,0.007350,40.487660,2.547027,-0.000000
1000,0.813904,0.013349,37.808261,2.554244,-0.000000
1001,0.816817,0.052728,37.008100,2.578262,-0.000000
1002,0.817777,0.216487,34.102712,2.605430,0.000000
1003,0.809569,0.016219,32.013358,2.619472,-0.000000
1004,0.810652,0.010803,26.220957,2.613623,-0.000000
1005,0.811805,0.075197,26.951341,2.614393,-0.000000
1006,0.814589,0.008039,28.208478,2.623055,0.000000
1007,0.806470,0.072014,26.635908,2.606845,-0.000000
1008,0.812384,0.073613,32.981067,2.580943,-0.000000
1009,0.809998,0.015703,25.344169,2.565024,-0.000000
1010,0.819918,0.001011,27.625595,2.552992,0.000000
1011,0.772457,0.064855,34.331350,2.552729,0.000000
1012,0.771208,0.067049,28.851061,2.530936,-0.000000
1013,0.817132,0.010766,30.720926,2.509066,-0.000000
1014,0.814518,0.096832,27.324738,2.513099,-0.000000
1015,0.792043,0.004790,26.792911,2.518923,0.000000
1016,0.794162,0.009960,22.981733,2.518738,0.000000
1017,0.794886,-0.003832,25.148338,2.541427,0.000000
1018,0.790190,0.129244,24.945519,2.566949,-0.000000
1019,0.812046,0.036696,25.044580,2.567981,-0.000000
1020,0.820584,0.152459,22.924720,2.580850,0.000000
1021,0.814962,0.088311,24.284271,2.575835,-0.000000
1022,0.815125,-0.001362,32.412033,2.565120,-0.000000
1023,0.817216,0.073836,32.721679,2.563552,0.000000
1024,0.813879,0.002128,28.196629,2.558918,-0.000000
1025,0.816856,0.008502,27.859178,2.556534,-0.000000
1026,0.818324,1.390987,25.637449,2.566200,-0.000000
1027,0.797421,0.041340,25.196018,2.574847,-0.000000
1028,0.808760,0.002172,27.400083,2.589493,0.000000
1029,0.813902,0.009879,32.747731,2.616271,-0.000000
1030,0.811096,0.012379,33.205663,2.619070,0.000000
1031,0.817656,0.024749,35.409637,2.604886,-0.000000
1032,0.820192,0.057232,32.000574,2.588195,0.000000
1033,0.795322,0.060443,27.920689,2.568521,0.000000
1034,0.813615,0.026057,36.955271,2.555368,0.000000
1035,0.813048,0.015806,37.103126,2.542587,0.000000
1036,0.810064,0.003336,47.081627,2.526970,-0.000000
1037,0.819432,0.029223,44.928432,2.524867,0.000000
1038,0.812098,-0.000032,30.050376,2.537667,-0.000000
1039,0.814306,0.008488,39.326830,2.535945,-0.000000
1040,0.810890,0.009084,31.893021,2.511865,0.000000
1041,0.822294,0.042949,36.285059,2.493546,0.000000
1042,0.820896,0.033889,37.347746,2.481478,-0.000000
1043,0.822310,0.011368,40.396878,2.471555,0.000000
1044,0.821146,-0.001140,42.734179,2.489496,-0.000000
1045,0.818035,0.004256,42.746768,2.518852,-0.000000
1046,0.817740,0.020306,48.059980,2.532722,-0.000000
1047,0.818493,0.001603,42.695810,2.546967,0.000000
1048,0.818407,0.006271,41.023556,2.546418,0.000000
1049,0.817523,0.023332,38.631618,2.545852,0.000000
1050,0.816747,0.024860,27.687775,2.546689,-0.000000
1051,0.815529,0.031545,29.357453,2.540684,0.000000
1052,0.813690,0.048541,33.458157,2.541920,-0.000000
1053,0.817891,0.006685,29.352158,2.556866,-0.000000
1054,0.818636,0.029814,33.088689,2.561212,0.000000
1055,0.817112,0.184879,30.353406,2.538217,-0.000000
1056,0.820571,0.006692,32.649661,2.524208,0.000000
1057,0.823271,0.025121,36.910341,2.523521,0.000000
1058,0.820666,0.007889,25.269035,2.514269,0.000000
1059,0.814974,0.006690,29.735242,2.503039,0.000000
1060,0.815820,-0.002054,38.391038,2.501438,0.000000
1061,0.819790,0.005454,34.792070,2.507053,0.000000
1062,0.819368,0.497718,32.571483,2.523063,0.000000
1063,0.818533,0.021985,21.148022,2.542446,0.000000
1064,0.814912,0.009148,23.257020,2.560465,0.000000
1065,0.813635,0.055612,25.092552,2.555759,-0.000000
1066,0.812684,0.028282,33.073366,2.543448,-0.000000
1067,0.808004,0.058312,28.232380,2.521398,0.000000
1068,0.809137,0.024105,23.266877,2.510270,0.000000
1069,0.810442,0.069279,22.737475,2.522093,-0.000000
1070,0.813389,-0.003130,19.839969,2.532541,0.000000
1071,0.805000,0.003877,24.303618,2.535495,0.000000
1072,0.804129,0.039274,24.859039,2.544549,0.000000
1073,0.800206,0.017544,17.475452,2.552270,0.000000
1074,0.800453,0.043023,17.481272,2.554865,0.000000
1075,0.801392,0.011504,17.133202,2.550517,0.000000
1076,0.791960,0.017938,17.995180,2.527814,0.000000
1077,0.791119,0.008157,18.345126,2.509734,-0.000000
1078,0.791993,0.044505,15.197418,2.482101,-0.000000
1079,0.787487,0.015375,21.257215,2.444684,-0.000000
1080,0.787159,0.016825,23.420317,2.423533,-0.000000
1081,0.787803,0.020689,20.004260,2.420839,-0.000000
1082,0.784263,0.021072,17.060333,2.427169,-0.000000
1083,0.781278,0.013780,15.632247,2.427486,0.000000
1084,0.782810,0.032078,12.133957,2.419420,-0.000000
1085,0.778375,0.041882,8.960331,2.390819,0.000000
1086,0.780334,0.012991,10.725812,2.352320,-0.000000
1087,0.776818,0.008688,9.537565,2.324135,0.000000
1088,0.773025,0.011313,9.865590,2.306276,-0.000000
1089,0.767529,0.013495,7.385199,2.285052,0.000000
1090,0.767887,0.021062,9.816993,2.273951,0.000000
1091,0.767468,0.030073,6.781499,2.270417,-0.000000
1092,0.766982,0.024344,7.418485,2.247090,0.000000
1093,0.749797,0.008385,7.059793,2.229411,-0.000000
1094,0.752098,0.013810,7.243491,2.216783,-0.000000
1095,0.751838,0.061413,7.391982,2.193709,0.000000
1096,0.749562,0.026208,6.660628,2.170538,0.000000
1097,0.758366,0.039470,6.591051,2.159783,0.000000
1098,0.754125,0.014934,7.526877,2.159683,0.000000
1099,0.745151,0.007454,6.796457,2.167250,0.000000
1100,0.739984,0.068939,4.545762,2.161277,-0.000000
1101,0.745655,0.001291,6.299360,2.135564,0.000000
1102,0.735551,0.029867,5.094307,2.110599,0.000000
1103,0.731388,0.030540,5.774745,2.089686,-0.000000
1104,0.727523,0.008493,4.510252,2.062186,0.000000
1105,0.727660,0.023571,5.229738,2.039898,0.000000
1106,0.722661,0.016443,6.013082,2.029436,-0.000000
1107,0.729281,0.002360,7.800465,2.028430,-0.000000
1108,0.731180,0.044475,5.626762,2.028397,0.000000
1109,0.719581,0.018901,3.904541,2.027349,0.000000
1110,0.703500,0.003128,5.946126,2.024044,0.000000
1111,0.716812,0.056540,5.029007,2.005615,-0.000000
1112,0.707988,0.006216,4.831722,2.000681,0.000000
1113,0.699944,0.004593,5.608556,1.998590,-0.000000
1114,0.703191,0.007646,6.041110,1.999834,-0.000000
1115,0.700986,0.045821,4.270053,1.997541,-0.000000
1116,0.692345,0.010221,3.427022,1.981786,0.000000
1117,0.703716,0.019294,8.346097,1.974164,0.000000
1118,0.698223,0.005749,3.862645,1.985537,0.000000
1119,0.695020,0.320598,3.463491,1.999794,-0.000000
1120,0.682903,0.012075,3.520260,1.997319,0.000000
1121,0.672438,0.001381,4.453761,1.985448,0.000000
1122,0.664702,0.019972,5.124560,1.979276,-0.000000
1123,0.664262,0.015187,2.799376,1.964241,0.000000
1124,0.653607,0.030128,2.647824,1.928497,0.000000
1125,0.659077,-0.002998,3.592453,1.904700,-0.000000
1126,0.646302,0.003557,8.075738,1.883540,0.000000
1127,0.661948,0.033308,4.607153,1.890054,0.000000
1128,0.637890,0.145591,2.160200,1.894936,-0.000000
1129,0.638314,0.030307,2.748498,1.879694,0.000000
1130,0.632438,0.017262,1.903159,1.871202,0.000000
1131,0.618697,0.040628,2.645183,1.853471,0.000000
1132,0.611426,0.006003,1.742141,1.852692,-0.000000
1133,0.597272,-0.000885,4.996897,1.859707,0.000000
1134,0.603475,-0.003441,6.846268,1.861322,-0.000000
1135,0.629188,0.008402,2.753637,1.858840,0.000000
1136,0.637100,-0.002317,3.286314,1.824600,-0.000000
1137,0.648393,0.002334,3.411782,1.829729,-0.000000
1138,0.650064,0.005947,2.683141,1.851869,-0.000000
1139,0.655572,0.005713,2.923296,1.859980,0.000000
1140,0.661111,0.003833,2.609860,1.868062,-0.000000
1141,0.661350,0.033652,2.714793,1.875969,-0.000000
1142,0.656080,0.001089,2.679982,1.867614,0.000000
1143,0.660380,0.067182,2.111299,1.852117,0.000000
1144,0.656203,0.020249,2.021104,1.837473,0.000000
1145,0.669813,0.022296,2.615414,1.802386,0.000000
1146,0.671854,0.021820,2.624930,1.775118,-0.000000
1147,0.681914,0.001921,2.713008,1.770056,-0.000000
1148,0.672660,0.008864,2.475925,1.765136,-0.000000
1149,0.667919,0.015810,1.867569,1.757618,-0.000000
1150,0.683277,0.001940,2.907330,1.762268,0.000000
1151,0.678129,0.038716,1.986436,1.765769,-0.000000
1152,0.669759,0.027553,5.063054,1.763909,-0.000000
1153,0.656212,0.002153,3.121100,1.736487,0.000000
1154,0.671858,0.183545,3.982788,1.723755,-0.000000
1155,0.647568,-0.002710,5.468016,1.730941,0.000000
1156,0.670022,0.005234,2.929489,1.738791,-0.000000
1157,0.659763,0.044395,3.196044,1.738932,0.000000
1158,0.677480,0.007664,2.992496,1.737416,0.000000
1159,0.672785,0.045193,3.983005,1.721666,0.000000
1160,0.675459,0.002572,2.728188,1.711871,-0.000000
1161,0.679264,-0.003561,3.483888,1.707530,-0.000000
1162,0.664791,-0.000184,3.506610,1.708038,0.000000
1163,0.684006,-0.001590,4.285210,1.704729,-0.000000
1164,0.698689,0.003768,9.168128,1.714376,-0.000000
1165,0.703429,0.008816,6.250819,1.735389,0.000000
1166,0.679741,0.040123,3.238341,1.715441,0.000000
1167,0.686881,0.001933,7.312861,1.697687,0.000000
1168,0.698635,-0.004077,5.070018,1.713313,0.000000
1169,0.702552,0.003219,5.548672,1.738679,0.000000
1170,0.710791,-0.002982,6.350157,1.757678,0.000000
1171,0.705212,-0.002671,6.049731,1.775456,-0.000000
1172,0.703677,0.006067,5.729065,1.793909,0.000000
1173,0.711700,-0.002143,7.448992,1.823087,-0.000000
1174,0.712378,0.150953,8.180445,1.853705,0.000000
1175,0.716378,0.012409,5.943266,1.867902,0.000000
1176,0.705640,0.043207,4.256836,1.859683,0.000000
1177,0.703795,0.014482,5.491135,1.863675,-0.000000
1178,0.707930,0.011119,3.748403,1.871949,-0.000000
1179,0.703636,-0.006346,4.467692,1.893782,-0.000000
1180,0.707355,0.070960,4.266178,1.909789,-0.000000
1181,0.705637,0.001578,7.312840,1.911062,-0.000000
1182,0.712443,0.002913,12.438911,1.925426,-0.000000
1183,0.722732,-0.001736,6.508305,1.941035,0.000000
1184,0.702489,0.009693,4.657550,1.938838,-0.000000
1185,0.716711,0.174522,5.446463,1.936644,0.000000
1186,0.690220,0.004578,4.053049,1.934090,0.000000
1187,0.697061,0.013799,4.561993,1.924801,0.000000
1188,0.682552,0.018150,5.841969,1.935689,0.000000
1189,0.676424,0.011148,2.548780,1.936366,0.000000
1190,0.688073,-0.002757,3.138606,1.940134,0.000000
1191,0.693711,0.019979,5.656556,1.964948,-0.000000
1192,0.695464,0.016929,2.016774,1.974258,-0.000000
1193,0.673935,0.017848,3.589264,1.967150,0.000000
1194,0.667535,0.017806,2.531244,1.950676,0.000000
1195,0.703840,-0.000094,4.761123,1.942525,-0.000000
1196,0.682774,0.001414,1.876244,1.949727,0.000000
1197,0.658679,-0.001169,7.687716,1.949082,0.000000
1198,0.696978,0.008340,6.518894,1.968337,0.000000
1199,0.700043,0.001324,7.530800,1.988434,-0.000000
1200,0.700865,0.043554,4.083036,1.989904,0.000000
1201,0.713177,0.016650,5.338371,1.988361,0.000000
1202,0.719470,-0.001492,5.450273,2.005152,-0.000000
1203,0.751437,0.032439,7.708244,1.995872,-0.000000
1204,0.758405,0.012017,14.132110,1.979209,0.000000
1205,0.747317,0.855440,10.890472,1.990402,0.000000
1206,0.763573,0.008501,5.932350,2.002807,0.000000
1207,0.726650,0.006964,14.054989,2.001674,-0.000000
1208,0.717953,0.037637,7.626718,1.997777,-0.000000
1209,0.747502,0.012489,6.357965,2.006486,-0.000000
1210,0.758278,0.179879,7.413827,2.013720,-0.000000
1211,0.713060,0.015782,12.920490,2.006384,0.000000
1212,0.770111,-0.000167,26.077413,2.007845,-0.000000
1213,0.769354,0.004191,20.599391,2.012898,0.000000
1214,0.797477,0.002143,24.352008,2.032831,-0.000000
1215,0.769354,0.016755,10.590627,2.038905,0.000000
1216,0.777602,-0.000680,30.446375,2.040924,-0.000000
1217,0.741032,0.067993,33.683093,2.058243,0.000000
1218,0.773562,0.049101,20.082375,2.075382,0.000000
1219,0.764459,0.008880,28.500924,2.099291,0.000000
1220,0.771582,0.116454,23.986288,2.117363,-0.000000
1221,0.763588,0.003059,12.310517,2.112225,0.000000
1222,0.793274,-0.012075,22.083507,2.115430,-0.000000
1223,0.742207,0.219538,23.608097,2.145159,0.000000
1224,0.766232,0.014392,13.789571,2.155950,-0.000000
1225,0.775398,0.123615,50.476158,2.147742,-0.000000
1226,0.727984,0.004206,20.268437,2.154366,0.000000
1227,0.749584,0.142041,10.936158,2.159251,-0.000000
1228,0.709598,0.200953,3.297574,2.149223,0.000000
1229,0.719118,0.020145,13.406961,2.132637,0.000000
1230,0.732396,0.147708,4.808010,2.114141,-0.000000
1231,0.788575,0.101597,24.395004,2.110913,0.000000
1232,0.724776,0.023185,4.046724,2.106171,-0.000000
1233,0.730492,0.022142,7.154264,2.076962,0.000000
1234,0.740510,0.002274,13.364770,2.061062,0.000000
1235,0.768457,0.014647,26.402925,2.062249,0.000000
1236,0.768829,0.006521,33.156891,2.060296,0.000000
1237,0.758538,0.020403,2.282978,2.050572,0.000000
1238,0.737479,0.163128,13.502201,2.048231,0.000000
1239,0.752027,0.008308,1.688044,2.039549,0.000000
1240,0.769713,0.010195,17.082679,2.049840,-0.000000
1241,0.732782,0.041241,1.301832,2.049246,0.000000
1242,0.760704,0.027269,5.002925,2.050654,0.000000
1243,0.772764,0.006604,9.672021,2.059215,-0.000000
1244,0.799003,-0.003815,15.807783,2.057485,0.000000
1245,0.796094,0.007691,17.513717,2.053431,-0.000000
1246,0.775246,-0.005574,9.264195,2.062703,-0.000000
1247,0.762008,0.023774,8.578992,2.092209,-0.000000
1248,0.762436,0.054626,34.120124,2.100697,0.000000
1249,0.788487,0.034085,11.103538,2.108030,0.000000
1250,0.822287,-0.004620,22.167240,2.105951,0.000000
1251,0.816522,0.003847,12.200781,2.111066,0.000000
1252,0.824968,0.008718,34.967204,2.119758,0.000000
1253,0.790516,0.208554,7.265547,2.119548,0.000000
1254,0.782933,0.024078,13.866838,2.113545,0.000000
1255,0.776612,0.027071,21.723359,2.116145,-0.000000
1256,0.827941,0.002451,35.318353,2.128043,-0.000000
1257,0.796967,-0.001416,15.352934,2.145714,0.000000
1258,0.781125,0.012868,4.146111,2.157380,0.000000
1259,0.759907,0.037614,2.452398,2.142635,0.000000
1260,0.728515,0.015328,2.122954,2.136554,-0.000000
1261,0.736987,0.067608,3.331571,2.136477,0.000000
1262,0.787004,0.045843,22.757237,2.129121,0.000000
1263,0.790162,-0.000921,25.621957,2.150708,-0.000000
1264,0.774471,0.003296,19.806042,2.169443,0.000000
1265,0.790275,0.008096,6.460513,2.155649,0.000000
1266,0.800207,0.011333,33.045401,2.171716,0.000000
1267,0.745405,0.829423,21.063374,2.191798,0.000000
1268,0.818760,0.055173,21.445619,2.182169,-0.000000
1269,0.820468,-0.009164,37.140779,2.190177,0.000000
1270,0.810126,0.006751,12.684010,2.218586,0.000000
1271,0.817213,-0.002091,23.428710,2.231190,-0.000000
1272,0.779288,0.021201,5.129404,2.233709,-0.000000
1273,0.796487,0.018849,14.752346,2.232314,0.000000
1274,0.797180,0.013190,9.371295,2.228063,-0.000000
1275,0.793814,0.016059,4.567077,2.218613,-0.000000
1276,0.795827,0.086900,7.994594,2.202086,0.000000
1277,0.808960,0.004040,11.484769,2.194967,0.000000
1278,0.809805,0.004019,19.928793,2.201775,-0.000000
1279,0.829764,0.014947,40.589233,2.233778,-0.000000
1280,0.833757,0.009375,56.233544,2.265927,0.000000
1281,0.830084,-0.004471,46.972299,2.309551,0.000000
1282,0.796034,0.190673,53.382297,2.325722,-0.000000
1283,0.831824,0.238308,42.681325,2.310511,-0.000000
1284,0.836145,0.021889,49.367700,2.307718,0.000000
1285,0.835035,0.046596,29.859200,2.307285,-0.000000
1286,0.838333,0.128915,41.090199,2.293444,-0.000000
1287,0.832132,0.012973,26.652043,2.278992,0.000000
1288,0.837659,0.018529,37.798931,2.273398,-0.000000
1289,0.822814,-0.000508,37.830842,2.273440,-0.000000
1290,0.836426,0.039354,28.476828,2.270949,-0.000000
1291,0.836148,0.035485,21.850025,2.253329,0.000000
1292,0.830181,0.032496,16.004747,2.247452,0.000000
1293,0.834830,0.017330,39.322141,2.254327,-0.000000
1294,0.834914,0.048480,29.304169,2.260360,-0.000000
1295,0.839090,0.012261,37.374061,2.240932,-0.000000
1296,0.833857,0.001135,28.139524,2.219758,-0.000000
1297,0.834437,0.011045,49.750816,2.237000,-0.000000
1298,0.832008,0.029015,43.078926,2.253148,0.000000
1299,0.744207,0.037866,40.590550,2.253135,0.000000
1300,0.767732,0.012761,47.928358,2.255227,0.000000
1301,0.832337,0.026541,34.323495,2.240426,0.000000
1302,0.828711,0.004229,41.897830,2.221808,-0.000000
1303,0.816591,0.031064,42.418861,2.199696,0.000000
1304,0.837794,0.013654,44.933643,2.178058,0.000000
1305,0.832425,0.037182,33.853628,2.185208,0.000000
1306,0.829425,0.005055,48.592611,2.196127,0.000000
1307,0.826544,1.077479,40.357910,2.222538,0.000000
1308,0.782922,0.063634,45.721857,2.239662,0.000000
1309,0.731180,0.012024,42.340215,2.252958,0.000000
1310,0.785465,-0.001543,36.952133,2.267692,0.000000
1311,0.830807,0.007294,29.990761,2.270090,-0.000000
1312,0.832543,0.033765,30.976817,2.281879,0.000000
1313,0.828124,0.000341,27.558592,2.294684,0.000000
1314,0.824690,0.000834,27.756601,2.292770,0.000000
1315,0.822356,0.001943,46.772607,2.290057,-0.000000
1316,0.785592,0.010769,38.284243,2.300853,-0.000000
1317,0.808641,0.007134,36.273651,2.315647,-0.000000
1318,0.827356,0.010243,39.848484,2.349130,0.000000
1319,0.830666,-0.000036,45.259667,2.358911,-0.000000
1320,0.824968,0.026062,44.414857,2.335308,0.000000
1321,0.827699,0.037832,36.964484,2.320386,-0.000000
1322,0.812868,0.008837,32.356361,2.322995,-0.000000
1323,0.827147,0.001890,36.218692,2.336119,-0.000000
1324,0.828355,0.176928,48.321668,2.338569,0.000000
1325,0.828539,0.007159,43.800528,2.345690,-0.000000
1326,0.830797,-0.004629,45.378201,2.375676,-0.000000
1327,0.831697,0.034688,40.108237,2.407646,0.000000
1328,0.820721,0.077247,40.050509,2.407489,0.000000
1329,0.822846,0.008130,39.925170,2.402298,-0.000000
1330,0.827284,0.069155,41.520373,2.422079,0.000000
1331,0.823063,0.003921,43.559786,2.435085,0.000000
1332,0.823040,0.042657,48.387971,2.448298,-0.000000
1333,0.824649,-0.004458,49.602596,2.460281,-0.000000
1334,0.826157,0.051182,47.538659,2.460237,-0.000000
1335,0.829909,0.012494,44.452087,2.456624,0.000000
1336,0.825756,0.005768,49.106161,2.471303,-0.000000
1337,0.824744,0.265173,40.560498,2.475986,-0.000000
1338,0.797706,0.014984,45.453603,2.487490,0.000000
1339,0.794607,0.001881,43.602961,2.501502,-0.000000
1340,0.751298,0.004294,45.174211,2.486275,-0.000000
1341,0.772463,0.029510,43.180715,2.461125,-0.000000
1342,0.814430,0.031976,38.391010,2.468429,0.000000
1343,0.817103,0.147802,36.308940,2.463162,0.000000
1344,0.819105,0.013107,46.018766,2.447985,0.000000
1345,0.820259,0.278178,43.524383,2.447321,0.000000
1346,0.825774,-0.001864,45.788870,2.456649,0.000000
1347,0.823139,0.962308,33.495555,2.459549,0.000000
1348,0.823933,0.014402,35.828322,2.465516,0.000000
1349,0.824641,0.005531,30.459420,2.474961,-0.000000
1350,0.806867,0.036012,38.580111,2.484796,0.000000
1351,0.830145,0.005542,34.729936,2.497606,0.000000
1352,0.830280,0.014601,48.926047,2.503197,-0.000000
1353,0.826865,0.005381,42.043650,2.522670,0.000000
1354,0.813232,0.009038,49.085601,2.546364,-0.000000
1355,0.827026,0.006844,44.682758,2.569072,-0.000000
1356,0.813631,0.008886,48.026443,2.587726,-0.000000
1357,0.812867,0.006684,51.376118,2.582035,0.000000
1358,0.827218,0.059968,48.608535,2.577658,0.000000
1359,0.830109,0.004825,51.101878,2.587635,-0.000000
1360,0.831496,0.014221,41.690162,2.603397,-0.000000
1361,0.823230,0.018295,46.010796,2.617741,0.000000
1362,0.814887,0.015722,38.973273,2.628585,0.000000
1363,0.828478,0.008614,50.481566,2.644719,0.000000
1364,0.830850,0.176461,45.177912,2.659603,0.000000
1365,0.829826,0.004305,41.898646,2.654306,0.000000
1366,0.833793,0.075815,39.080185,2.663512,0.000000
1367,0.832980,0.036801,35.521758,2.654852,-0.000000
1368,0.833049,0.256976,47.559776,2.633066,0.000000
1369,0.835880,0.010472,50.529264,2.625445,0.000000
1370,0.834621,8.902872,46.866231,2.628254,0.000000
1371,0.835033,0.002565,45.920621,2.631472,0.000000
1372,0.835573,0.058859,49.739589,2.633872,-0.000000
1373,0.832999,-0.000208,45.384122,2.632867,-0.000000
1374,0.829139,0.544872,46.423365,2.628888,0.000000
1375,0.830893,0.007078,44.741635,2.631854,0.000000
1376,0.827873,0.436463,38.747747,2.639013,-0.000000
1377,0.823755,0.018091,45.818219,2.656714,0.000000
1378,0.801498,0.025472,45.311297,2.656514,-0.000000
1379,0.798397,0.009251,42.336835,2.645705,0.000000
1380,0.814144,0.018381,41.792257,2.655461,-0.000000
1381,0.804579,0.038643,42.030011,2.667240,-0.000000
1382,0.802317,0.024372,39.864983,2.681435,-0.000000
1383,0.825751,0.018181,44.257307,2.676365,-0.000000
1384,0.826807,0.026886,45.356573,2.678734,0.000000
1385,0.753722,0.343094,51.390339,2.688309,0.000000
1386,0.829474,0.022608,43.554028,2.687494,-0.000000
1387,0.822390,0.117426,43.630945,2.695737,-0.000000
1388,0.826786,0.050071,42.713376,2.698391,-0.000000
1389,0.810573,0.001145,43.061427,2.701081,-0.000000
1390,0.822679,0.024971,42.354881,2.711020,0.000000
1391,0.822336,0.000211,42.159758,2.717651,-0.000000
1392,0.822425,0.022890,41.067791,2.715531,0.000000
1393,0.823129,0.033015,45.127212,2.715768,-0.000000
1394,0.812396,0.024303,42.991678,2.722486,-0.000000
1395,0.815218,0.057458,40.343930,2.729100,0.000000
1396,0.815262,0.026260,45.820654,2.726359,-0.000000
1397,0.739399,0.044962,47.633292,2.728829,-0.000000
1398,0.774412,0.056353,37.567442,2.736766,-0.000000
1399,0.741382,0.009352,40.822125,2.735253,-0.000000
1400,0.819872,0.013452,43.976580,2.714960,0.000000
1401,0.824365,0.050157,42.482585,2.696998,0.000000
1402,0.822964,0.018052,38.370638,2.721101,-0.000000
1403,0.826732,0.008145,40.287355,2.744691,0.000000
1404,0.826569,0.021595,36.361261,2.753260,0.000000
1405,0.824118,0.025202,39.407629,2.766505,0.000000
1406,0.821682,0.056032,45.611161,2.781961,-0.000000
1407,0.826041,0.039562,45.536417,2.781736,-0.000000
1408,0.826992,0.014080,43.742545,2.776427,0.000000
1409,0.827617,0.013375,44.966539,2.783161,-0.000000
1410,0.824603,0.030158,41.286929,2.792644,0.000000
1411,0.825631,0.033502,32.174805,2.789925,0.000000
1412,0.766009,0.036870,40.553247,2.782175,0.000000
1413,0.817087,0.003457,36.372870,2.783384,-0.000000
1414,0.815578,0.053447,28.678030,2.766998,0.000000
1415,0.811534,0.185100,30.505922,2.740682,-0.000000
1416,0.750948,0.208614,34.901682,2.723862,0.000000
1417,0.750359,0.023037,33.357639,2.701498,0.000000
1418,0.755894,0.010261,32.099125,2.694067,-0.000000
1419,0.813758,0.119719,42.792059,2.707464,0.000000
1420,0.817951,0.030337,46.786061,2.717374,-0.000000
1421,0.815015,0.014049,43.705855,2.729920,0.000000
1422,0.812036,0.022594,40.448298,2.738117,-0.000000
1423,0.816910,0.038354,39.628025,2.735647,0.000000
1424,0.749991,0.023603,53.237200,2.719080,0.000000
1425,0.712115,0.037846,45.698553,2.695559,-0.000000
1426,0.732348,0.064223,27.686604,2.669502,0.000000
1427,0.811024,0.033217,42.542460,2.649718,0.000000
1428,0.761944,0.016798,36.595370,2.640441,0.000000
1429,0.806393,0.036702,34.938013,2.636606,0.000000
1430,0.753608,0.045982,31.982637,2.638943,0.000000
1431,0.754895,0.012953,33.722902,2.635329,0.000000
1432,0.807655,0.025505,35.159557,2.646041,0.000000
1433,0.816178,0.027643,37.977525,2.657323,0.000000
1434,0.817848,0.263772,34.360509,2.650490,-0.000000
1435,0.800831,0.035886,36.318775,2.629198,0.000000
1436,0.804848,0.080590,36.290539,2.604119,0.000000
1437,0.806282,0.133000,36.790792,2.578826,0.000000
1438,0.800540,0.037337,37.504832,2.566172,0.000000
1439,0.772714,0.080696,37.779305,2.565566,-0.000000
1440,0.799773,0.016532,45.695695,2.566740,-0.000000
1441,0.801284,0.050185,42.214259,2.564455,0.000000
1442,0.799493,0.328828,39.388440,2.576872,0.000000
1443,0.809021,0.067245,36.601898,2.582345,0.000000
1444,0.820260,0.120569,37.011032,2.585962,0.000000
1445,0.817265,0.043094,38.972626,2.602949,-0.000000
1446,0.811388,0.049999,37.845712,2.596703,-0.000000
1447,0.805148,0.024023,45.157396,2.575982,0.000000
1448,0.817197,0.022874,35.731168,2.564693,0.000000
1449,0.797263,0.015660,34.032365,2.552820,-0.000000
1450,0.818005,0.049088,31.214633,2.544781,-0.000000
1451,0.824520,0.050042,28.101975,2.545445,-0.000000
1452,0.829338,0.510178,26.041646,2.543119,-0.000000
1453,0.831497,0.011967,32.028547,2.549352,-0.000000
1454,0.828405,0.072088,28.331763,2.555087,0.000000
1455,0.831313,0.091062,21.664705,2.541261,0.000000
1456,0.826824,0.061124,32.731584,2.535771,0.000000
1457,0.830922,0.011980,28.083331,2.541738,0.000000
1458,0.829798,0.041063,42.144148,2.545524,-0.000000
1459,0.820534,0.006730,45.533670,2.546882,0.000000
1460,0.820364,0.058157,37.824017,2.529424,-0.000000
1461,0.823995,0.002581,28.250576,2.516765,-0.000000
1462,0.823501,-0.002095,27.156192,2.549295,-0.000000
1463,0.830105,0.339801,26.047059,2.567094,0.000000
1464,0.823892,0.059328,25.780052,2.570170,0.000000
1465,0.822082,0.009760,41.825775,2.584075,0.000000
1466,0.826093,-0.000680,32.078819,2.581157,-0.000000
1467,0.821914,0.019026,31.938209,2.569926,0.000000
1468,0.821287,0.044645,26.142632,2.561715,-0.000000
1469,0.825277,0.026589,31.093599,2.544859,0.000000
1470,0.822957,0.013710,39.963390,2.511489,-0.000000
1471,0.824786,0.012297,46.573388,2.494004,-0.000000
1472,0.828656,0.003184,47.981082,2.495395,0.000000
1473,0.830742,0.006699,50.858894,2.505260,-0.000000
1474,0.828220,0.000326,42.700702,2.515905,0.000000
1475,0.823252,0.005008,41.996526,2.513667,0.000000
1476,0.824170,0.019185,37.749015,2.506217,0.000000
1477,0.821363,0.027794,43.413132,2.495280,0.000000
1478,0.822636,0.008225,49.227726,2.506091,0.000000
1479,0.823677,0.058459,40.347808,2.512084,0.000000
1480,0.822830,0.042786,39.912619,2.504106,-0.000000
1481,0.820303,0.057947,35.966890,2.520246,0.000000
1482,0.819852,0.002340,38.363894,2.563181,-0.000000
1483,0.819702,0.012182,38.927502,2.578945,0.000000
1484,0.825849,0.044543,38.073109,2.549482,-0.000000
1485,0.828318,0.019058,37.729585,2.505866,0.000000
1486,0.828735,0.015468,38.331109,2.474416,0.000000
1487,0.829287,0.010458,37.796491,2.455721,-0.000000
1488,0.830552,0.037282,38.602976,2.441496,0.000000
1489,0.830071,0.055983,38.888739,2.433113,0.000000
1490,0.829538,0.044780,34.148761,2.448942,-0.000000
1491,0.800739,0.007464,33.978312,2.461080,0.000000
1492,0.782062,0.025297,39.967721,2.478175,0.000000
1493,0.798348,0.051189,28.748249,2.493483,-0.000000
1494,0.824605,0.040576,28.913779,2.505615,-0.000000
1495,0.824766,0.100614,34.495655,2.511475,0.000000
1496,0.829417,0.007485,30.297800,2.494022,-0.000000
1497,0.828722,0.017222,22.732989,2.481208,0.000000
1498,0.804045,0.118171,26.994619,2.465161,-0.000000
1499,0.824065,0.002894,26.963642,2.463091,-0.000000
1500,0.825872,0.010441,31.027218,2.476556,0.000000
1501,0.828134,0.050260,38.377418,2.485827,-0.000000
1502,0.825647,-0.001237,41.736025,2.494272,-0.000000
1503,0.821509,0.003273,50.631857,2.508905,-0.000000
1504,0.822594,0.003420,48.667178,2.542546,-0.000000
1505,0.822343,0.014609,47.659716,2.564555,0.000000
1506,0.820468,0.013311,47.016978,2.574397,0.000000
1507,0.826312,0.006732,45.609606,2.571989,-0.000000
1508,0.827446,0.248927,44.656997,2.569009,-0.000000
1509,0.825483,0.023942,41.913397,2.565967,-0.000000
1510,0.825569,0.029470,26.277946,2.557386,-0.000000
1511,0.821779,0.008161,46.528960,2.571236,0.000000
1512,0.817004,0.009130,46.145490,2.577849,0.000000
1513,0.819619,0.019484,37.128438,2.557493,0.000000
1514,0.817640,0.103859,38.359791,2.530758,-0.000000
1515,0.821961,0.042483,30.114010,2.523868,-0.000000
1516,0.818366,1.460646,29.948462,2.540643,0.000000
1517,0.812084,0.024933,40.298788,2.535832,0.000000
1518,0.819861,0.001967,42.311518,2.503976,0.000000
1519,0.821967,0.043334,24.829225,2.473365,0.000000
1520,0.811148,0.003170,39.303010,2.454647,-0.000000
1521,0.803401,0.002048,39.945206,2.467740,-0.000000
1522,0.820614,0.036473,41.838926,2.488722,-0.000000
1523,0.822400,0.002322,45.665077,2.500933,0.000000
1524,0.822789,0.133559,44.163822,2.507847,-0.000000
1525,0.822554,0.029157,39.070597,2.524718,0.000000
1526,0.821246,0.033492,37.634115,2.544418,-0.000000
1527,0.823294,0.014807,36.256633,2.541049,-0.000000
1528,0.823030,0.000174,41.529043,2.564472,0.000000
1529,0.821534,0.010218,42.449156,2.596416,-0.000000
1530,0.825563,0.033170,36.569302,2.591705,0.000000
1531,0.818400,0.015709,37.988252,2.590515,-0.000000
1532,0.816251,0.010988,34.325043,2.597138,0.000000
1533,0.817572,0.015187,31.160044,2.599881,-0.000000
1534,0.814104,0.031952,30.410886,2.607022,0.000000
1535,0.810030,0.017035,20.116508,2.619136,0.000000
1536,0.812639,0.010817,22.818854,2.618986,0.000000
1537,0.815776,0.028355,21.735144,2.609491,0.000000
1538,0.820655,0.052484,20.981004,2.585988,-0.000000
1539,0.816461,0.079668,24.527074,2.574905,0.000000
1540,0.818425,-0.001130,22.714417,2.592870,0.000000
1541,0.818845,0.013050,31.410600,2.595511,-0.000000
1542,0.816427,0.047825,32.491068,2.579273,0.000000
1543,0.809496,0.026499,23.115125,2.586392,-0.000000
1544,0.813309,0.012387,27.862744,2.606945,0.000000
1545,0.809935,0.030673,16.673640,2.602501,0.000000
1546,0.811955,0.017906,17.207644,2.588540,0.000000
1547,0.809713,0.009518,14.036627,2.582333,-0.000000
1548,0.809021,0.038601,14.235419,2.575471,0.000000
1549,0.806684,-0.001625,18.711092,2.563284,-0.000000
1550,0.807997,0.019855,25.851508,2.565753,0.000000
1551,0.807650,0.009007,11.870890,2.572975,0.000000
1552,0.807265,0.008613,13.294908,2.571856,0.000000
1553,0.806936,0.012725,15.397814,2.562532,-0.000000
1554,0.801784,0.036036,12.423179,2.547450,-0.000000
1555,0.809132,0.100215,22.462998,2.543476,0.000000
1556,0.809777,0.009371,11.867589,2.548322,0.000000
1557,0.806006,0.009752,13.794862,2.546630,0.000000
1558,0.805411,0.071842,14.610218,2.552625,0.000000
1559,0.799767,0.191033,16.797948,2.542402,-0.000000
1560,0.801021,1.166851,16.863417,2.543551,-0.000000
1561,0.790946,0.013040,17.913749,2.553131,-0.000000
1562,0.796950,0.055648,22.234923,2.551954,0.000000
1563,0.793267,0.001503,19.249753,2.570669,0.000000
1564,0.795613,0.032080,18.930794,2.583317,0.000000
1565,0.801245,0.030816,18.872068,2.597860,0.000000
1566,0.793810,0.011141,14.188641,2.600678,-0.000000
1567,0.792095,0.002237,13.877599,2.596842,0.000000
1568,0.795235,0.006232,14.650935,2.586216,-0.000000
1569,0.796097,0.062229,10.877016,2.603645,-0.000000
1570,0.794192,0.043578,8.564049,2.639261,0.000000
1571,0.797732,0.014868,8.585989,2.658784,0.000000
1572,0.797884,0.041024,10.078832,2.665896,-0.000000
1573,0.789297,0.011905,8.758060,2.664265,0.000000
1574,0.791771,0.011984,11.263175,2.673778,0.000000
1575,0.791768,0.056635,13.165767,2.677532,-0.000000
1576,0.799410,0.009540,12.054542,2.679028,0.000000
1577,0.796136,0.018526,16.658311,2.676632,-0.000000
1578,0.793667,0.010442,11.386720,2.665046,-0.000000
1579,0.802790,0.028981,9.592397,2.640081,0.000000
1580,0.805646,0.039314,14.282237,2.611249,-0.000000
1581,0.802904,0.011058,17.995167,2.592520,0.000000
1582,0.796432,0.013808,13.019394,2.587901,-0.000000
1583,0.803699,0.022456,11.118281,2.573472,-0.000000
1584,0.799853,0.048262,8.743725,2.555118,0.000000
1585,0.796561,0.021432,9.134122,2.540972,-0.000000
1586,0.790847,0.162161,7.068365,2.531124,-0.000000
1587,0.791502,0.258885,6.972447,2.521814,0.000000
1588,0.788953,0.030941,11.299674,2.506081,-0.000000
1589,0.785517,0.034656,9.142065,2.486634,-0.000000
1590,0.787694,0.018454,11.808166,2.474337,0.000000
1591,0.797359,0.000412,13.796174,2.488012,-0.000000
1592,0.802106,0.008754,22.029298,2.516061,-0.000000
1593,0.799611,0.041894,13.077132,2.514803,0.000000
1594,0.794835,0.005781,12.679049,2.519492,0.000000
1595,0.801543,0.008597,14.831773,2.525149,0.000000
1596,0.796374,0.320756,10.880040,2.506448,-0.000000
1597,0.794987,0.060297,21.217836,2.501403,0.000000
1598,0.793263,0.026562,11.018200,2.477376,-0.000000
1599,0.793222,0.056532,8.566872,2.457757,0.000000
1600,0.787451,0.025043,6.953905,2.440512,0.000000
1601,0.788434,0.031295,7.192334,2.412730,-0.000000
1602,0.791839,0.067720,9.307550,2.389599,0.000000
1603,0.789923,0.082374,10.513059,2.384418,-0.000000
1604,0.789083,-0.000490,7.186346,2.380182,-0.000000
1605,0.790823,0.021409,7.548015,2.367838,0.000000
1606,0.795011,0.010282,7.848719,2.379235,-0.000000
1607,0.787908,0.007540,5.868497,2.387948,-0.000000
1608,0.792057,0.057487,5.829252,2.376128,0.000000
1609,0.792014,0.012464,9.119190,2.385671,-0.000000
1610,0.789862,0.002422,6.419039,2.382944,0.000000
1611,0.792580,0.005769,6.378183,2.375229,0.000000
1612,0.792447,0.008024,3.560103,2.361278,0.000000
1613,0.788350,0.026980,3.463296,2.347652,0.000000
1614,0.783831,0.062264,4.156541,2.326304,0.000000
1615,0.793991,0.036168,2.531206,2.326205,0.000000
1616,0.794251,0.009245,2.566017,2.326595,0.000000
1617,0.795746,0.041934,1.794833,2.327379,0.000000
1618,0.786736,0.017056,1.415057,2.302887,-0.000000
1619,0.785392,0.022664,2.464217,2.260774,0.000000
1620,0.776903,0.019909,2.498583,2.228579,0.000000
1621,0.790533,0.002679,6.717030,2.210612,-0.000000
1622,0.807113,0.014054,10.965701,2.201970,0.000000
1623,0.801297,0.022044,5.079674,2.191532,-0.000000
1624,0.800264,0.020850,2.813671,2.172389,-0.000000
1625,0.799145,0.016239,3.117520,2.170283,0.000000
1626,0.796832,0.005900,4.195954,2.167840,-0.000000
1627,0.796250,0.001871,2.722343,2.154810,-0.000000
1628,0.790211,0.030133,2.373294,2.120260,-0.000000
1629,0.803359,0.001525,7.317690,2.098131,-0.000000
1630,0.798106,0.003756,3.847818,2.118188,-0.000000
1631,0.802967,0.022078,5.987754,2.119050,0.000000
1632,0.807435,0.000817,7.400740,2.140199,0.000000
1633,0.806607,0.049657,4.634070,2.171332,0.000000
1634,0.810457,0.016693,3.071919,2.189867,0.000000
1635,0.807479,0.016950,4.330434,2.211206,0.000000
1636,0.807977,0.112736,2.696492,2.207931,0.000000
1637,0.813333,0.007154,8.526717,2.214961,-0.000000
1638,0.818132,0.013092,9.969548,2.231547,0.000000
1639,0.816303,0.032910,11.028593,2.244179,0.000000
1640,0.816879,0.013399,4.398460,2.259584,0.000000
1641,0.815239,0.024924,2.748134,2.263059,0.000000
1642,0.816006,0.013629,5.362479,2.261807,0.000000
1643,0.808555,0.606523,3.295162,2.240993,-0.000000
1644,0.815962,0.003716,7.387868,2.230324,-0.000000
1645,0.813301,0.044973,3.515079,2.222016,0.000000
1646,0.807987,0.017773,1.900305,2.181750,-0.000000
1647,0.811042,0.044042,2.779876,2.146017,0.000000
1648,0.808228,0.013209,6.862679,2.112257,0.000000
1649,0.808135,0.077749,7.813556,2.105545,0.000000
1650,0.808976,0.044046,5.598194,2.116435,-0.000000
1651,0.807416,0.025843,7.141104,2.114637,0.000000
1652,0.803215,0.014243,4.161045,2.103821,0.000000
1653,0.801731,0.069996,3.204795,2.068359,-0.000000
1654,0.804647,0.017439,3.470245,2.041370,-0.000000
1655,0.805363,-0.003210,4.234303,2.026621,0.000000
1656,0.802350,0.024175,5.634342,1.989229,0.000000
1657,0.806286,0.007711,6.362818,1.971331,-0.000000
1658,0.809203,0.000731,6.369950,1.979951,0.000000
1659,0.801534,0.076237,3.370679,1.996481,0.000000
1660,0.806454,0.004554,7.618548,2.003782,0.000000
1661,0.812703,-0.002775,8.069632,2.000891,-0.000000
1662,0.809441,0.005649,4.097320,1.978394,-0.000000
1663,0.817779,0.002220,13.775960,1.955647,0.000000
1664,0.814038,0.003959,7.045682,1.958712,0.000000
1665,0.823782,-0.003898,5.962676,1.975691,0.000000
1666,0.817000,0.010747,8.068891,1.990274,0.000000
1667,0.820911,-0.002235,16.779563,1.986055,0.000000
1668,0.820538,-0.001300,10.086373,1.987107,0.000000
1669,0.818723,-0.000110,5.917992,1.996273,0.000000
1670,0.819023,0.001545,4.878830,2.018417,-0.000000
1671,0.823333,0.072722,11.890540,2.043614,-0.000000
1672,0.823384,0.020169,5.744310,2.053980,0.000000
1673,0.822681,0.009509,6.540993,2.051926,0.000000
1674,0.826601,-0.001787,14.511007,2.066787,-0.000000
1675,0.825642,0.012557,8.704510,2.096751,0.000000
1676,0.821073,0.018974,3.192280,2.102578,0.000000
1677,0.823726,-0.001925,4.084563,2.090101,0.000000
1678,0.819684,0.015917,3.501514,2.084648,0.000000
1679,0.827134,-0.000819,7.962108,2.085869,0.000000
1680,0.826841,0.005947,8.121843,2.077473,0.000000
1681,0.825464,0.023655,2.950375,2.048183,0.000000
1682,0.831710,0.001191,12.332125,2.065624,0.000000
1683,0.830577,-0.001604,15.954856,2.087227,-0.000000
1684,0.834259,0.004141,21.444775,2.087550,0.000000
1685,0.829869,0.005854,5.855032,2.099506,-0.000000
1686,0.825698,0.070391,7.359150,2.101377,0.000000
1687,0.827400,0.015719,3.234759,2.074168,-0.000000
1688,0.829538,-0.004138,9.231446,2.054120,0.000000
1689,0.819909,0.141410,2.616222,2.045431,0.000000
1690,0.814571,0.017745,3.208015,2.014370,-0.000000
1691,0.822029,0.005418,9.351705,1.990265,0.000000
1692,0.816099,0.002059,22.809399,1.967097,-0.000000
1693,0.820222,0.052601,23.247290,1.955144,-0.000000
1694,0.815023,0.113118,8.460714,1.964233,-0.000000
1695,0.810383,-0.005581,8.783342,1.963530,-0.000000
1696,0.832450,0.000673,50.075356,1.962790,0.000000
1697,0.829625,0.001549,42.883474,1.973777,0.000000
1698,0.830516,0.000740,35.760310,1.997033,-0.000000
1699,0.804685,-0.002029,24.838259,2.010430,0.000000
1700,0.826108,0.012555,15.610455,2.014477,0.000000
1701,0.819090,0.004317,32.260031,2.026040,-0.000000
1702,0.822646,0.096066,15.300439,2.031490,-0.000000
1703,0.828637,0.015017,38.355710,2.041583,0.000000
1704,0.817584,0.050138,12.527594,2.042031,-0.000000
1705,0.820571,0.007268,24.977024,2.034765,0.000000
1706,0.823287,0.011904,37.512065,2.027784,-0.000000
1707,0.822213,0.012000,44.623839,2.035162,-0.000000
1708,0.830460,0.067738,47.621175,2.033418,0.000000
1709,0.813854,0.008411,45.524734,2.030907,-0.000000
1710,0.829181,0.005640,48.543115,2.040229,0.000000
1711,0.832679,0.000038,47.150477,2.066832,-0.000000
1712,0.835711,0.001341,44.530625,2.069620,-0.000000
1713,0.837906,0.000595,41.888768,2.048480,0.000000
1714,0.840353,0.086342,37.727436,2.045844,0.000000
1715,0.833306,0.001943,45.781864,2.056083,-0.000000
1716,0.834597,-0.002372,36.001826,2.040161,0.000000
1717,0.830412,-0.003444,45.531767,2.020155,0.000000
1718,0.831793,-0.000747,45.106137,2.026104,-0.000000
1719,0.833421,-0.000712,49.921472,2.044530,-0.000000
1720,0.836926,0.010609,39.898646,2.075244,0.000000
1721,0.832757,0.001882,32.616272,2.102313,-0.000000
1722,0.832772,0.026583,33.791331,2.104190,0.000000
1723,0.830230,0.046726,40.994101,2.122777,0.000000
1724,0.829830,0.022742,44.783767,2.161493,0.000000
1725,0.830423,-0.001108,41.061676,2.176608,-0.000000
1726,0.829915,0.001170,46.671790,2.205621,0.000000
1727,0.830056,0.009930,40.694719,2.231704,-0.000000
1728,0.828219,0.010030,39.281809,2.219980,0.000000
1729,0.831883,0.110286,32.034509,2.193993,-0.000000
1730,0.813127,0.002401,34.270397,2.184858,0.000000
1731,0.826801,0.014477,45.985555,2.196896,-0.000000
1732,0.825714,0.017260,38.524497,2.194474,-0.000000
1733,0.834704,0.001071,40.639000,2.179540,-0.000000
1734,0.827687,0.048083,38.346105,2.172388,0.000000
1735,0.825361,-0.001951,48.728009,2.179732,-0.000000
1736,0.829337,0.007546,46.534810,2.195013,0.000000
1737,0.824563,0.003062,44.186361,2.204184,-0.000000
1738,0.827654,0.008347,44.078976,2.198691,-0.000000
1739,0.831039,0.017542,42.785204,2.197467,-0.000000
1740,0.828981,0.009931,46.348867,2.222683,0.000000
1741,0.824863,0.016765,43.052311,2.240408,0.000000
1742,0.832039,0.035185,44.301902,2.248972,-0.000000
1743,0.832170,0.006918,42.739946,2.264907,0.000000
1744,0.829296,0.004184,38.484716,2.277225,0.000000
1745,0.823436,0.018070,37.704265,2.275560,0.000000
1746,0.833237,-0.001671,32.307305,2.295392,0.000000
1747,0.820584,0.149822,32.845140,2.306884,0.000000
1748,0.819039,0.070886,35.233340,2.291983,0.000000
1749,0.819229,0.013315,34.252470,2.302788,0.000000
1750,0.829078,0.040059,29.905143,2.312105,-0.000000
1751,0.823276,0.045694,34.034156,2.293808,0.000000
1752,0.821216,0.000590,37.512173,2.297645,-0.000000
1753,0.817777,0.034258,37.086232,2.304411,0.000000
1754,0.795124,0.012736,32.471064,2.281384,0.000000
1755,0.825369,0.005790,29.845926,2.253375,-0.000000
1756,0.821804,0.067736,31.370643,2.261053,0.000000
1757,0.819498,-0.002357,34.792638,2.292425,-0.000000
1758,0.805697,0.002535,26.632997,2.329881,-0.000000
1759,0.832387,0.152205,29.223976,2.357601,0.000000
1760,0.810050,0.003128,28.966048,2.382147,-0.000000
1761,0.822297,0.011158,31.465574,2.394232,0.000000
1762,0.822477,0.011139,31.379366,2.393112,-0.000000
1763,0.819919,0.011043,37.877693,2.396213,0.000000
1764,0.803432,0.019380,30.261541,2.385500,0.000000
1765,0.805692,0.012517,43.003497,2.377747,0.000000
1766,0.802876,0.032541,36.925189,2.369890,-0.000000
1767,0.822110,-0.002423,42.098457,2.360867,0.000000
1768,0.817763,0.005777,41.627323,2.378367,-0.000000
1769,0.816724,0.019519,39.051500,2.406052,0.000000
1770,0.820343,0.018922,37.570834,2.427730,0.000000
1771,0.826290,0.013392,42.952184,2.431476,-0.000000
1772,0.815169,0.008815,38.694169,2.434639,-0.000000
1773,0.818944,0.023751,41.946170,2.431711,-0.000000
1774,0.818872,0.010327,42.822241,2.428632,0.000000
1775,0.823150,0.044339,42.560552,2.439767,0.000000
1776,0.818178,0.037474,38.666992,2.459545,-0.000000
1777,0.793818,0.005282,37.846939,2.487233,0.000000
1778,0.809532,0.021908,24.807825,2.492795,0.000000
1779,0.818857,0.020764,38.137861,2.509908,-0.000000
1780,0.790462,0.053379,34.387804,2.535418,0.000000
1781,0.814221,0.026981,42.080383,2.546626,-0.000000
1782,0.819175,0.053426,43.466410,2.558679,-0.000000
1783,0.814840,0.208992,39.342963,2.549336,0.000000
1784,0.772876,0.031570,58.840646,2.548420,0.000000
1785,0.812491,0.013266,32.890718,2.547272,-0.000000
1786,0.804293,0.044700,40.309633,2.557137,-0.000000
1787,0.817009,0.073097,29.824411,2.557730,0.000000
1788,0.812194,0.024415,31.234887,2.530445,0.000000
1789,0.819538,0.059883,38.638316,2.514746,0.000000
1790,0.772221,0.139797,44.347477,2.516462,0.000000
1791,0.824408,0.009902,44.866835,2.499709,-0.000000
1792,0.784006,0.002613,54.562454,2.495708,0.000000
1793,0.789605,0.015355,48.871394,2.495354,-0.000000
1794,0.826065,0.029771,31.508634,2.496815,0.000000
1795,0.824003,0.020665,27.342010,2.497318,-0.000000
1796,0.804496,0.025653,28.698499,2.478837,-0.000000
1797,0.718756,0.023055,36.726107,2.441861,0.000000
1798,0.810141,0.002021,38.565360,2.423511,0.000000
1799,0.825448,0.010573,44.247690,2.423232,0.000000
1800,0.824008,0.010360,34.159024,2.409161,0.000000
1801,0.829817,0.005505,40.628770,2.409634,-0.000000
1802,0.822980,0.007395,36.337875,2.419862,0.000000
1803,0.830205,0.005777,38.389421,2.420948,-0.000000
1804,0.833384,-0.002791,39.969766,2.431537,0.000000
1805,0.822067,0.041790,29.005505,2.433157,0.000000
1806,0.828073,0.069738,26.867205,2.432508,0.000000
1807,0.812310,0.009888,43.444036,2.434725,-0.000000
1808,0.810371,0.017528,53.520374,2.453463,-0.000000
1809,0.804344,0.046043,42.231283,2.469283,-0.000000
1810,0.779625,0.073592,46.102938,2.464094,0.000000
1811,0.804857,0.014044,39.148458,2.466538,0.000000
1812,0.781973,0.022806,41.460688,2.482910,-0.000000
1813,0.779491,0.005199,41.743007,2.484101,0.000000
1814,0.826464,0.022252,37.924745,2.490420,-0.000000
1815,0.808326,-0.000367,38.575661,2.530165,-0.000000
1816,0.826304,0.053802,45.475083,2.548706,0.000000
1817,0.823836,0.010573,42.312942,2.535209,0.000000
1818,0.816071,0.091962,43.681889,2.520274,0.000000
1819,0.797228,0.093761,38.675788,2.497505,0.000000
1820,0.766154,0.091025,44.388475,2.486372,-0.000000
1821,0.818944,0.082051,43.307000,2.477028,0.000000
1822,0.768895,0.028679,42.670236,2.465999,-0.000000
1823,0.781333,0.083297,35.316942,2.461303,0.000000
1824,0.800758,0.017136,34.758920,2.465504,0.000000
1825,0.830248,0.053248,43.578234,2.483845,0.000000
1826,0.824513,0.012853,42.978208,2.502128,-0.000000
1827,0.825030,0.064887,40.707225,2.518777,0.000000
1828,0.820769,0.058015,42.615042,2.516948,0.000000
1829,0.824505,0.996736,43.007902,2.523062,0.000000
1830,0.822148,0.030101,40.981836,2.527565,-0.000000
1831,0.821426,0.010846,45.740080,2.534800,-0.000000
1832,0.827599,0.090083,42.200180,2.552151,0.000000
1833,0.822092,0.007836,40.696572,2.567109,0.000000
1834,0.828608,0.045389,32.695862,2.559944,-0.000000
1835,0.829104,0.139546,39.260432,2.542128,-0.000000
1836,0.828088,0.038326,21.837964,2.533197,-0.000000
1837,0.822473,0.018238,18.479233,2.532101,0.000000
1838,0.830946,0.049771,25.130937,2.543623,0.000000
1839,0.826264,0.062592,12.427155,2.529312,0.000000
1840,0.824224,0.004604,32.269456,2.521875,-0.000000
1841,0.827421,-0.000946,43.266995,2.540725,0.000000
1842,0.824027,0.073433,37.357613,2.549635,0.000000
1843,0.817830,0.029344,42.369768,2.532481,-0.000000
1844,0.825000,0.167452,32.634956,2.510889,0.000000
1845,0.820867,0.012277,45.628178,2.519913,0.000000
1846,0.768657,0.006131,43.093909,2.538667,-0.000000
1847,0.818224,0.010689,40.374041,2.550362,-0.000000
1848,0.828132,0.006940,36.652538,2.561496,-0.000000
1849,0.824457,0.013165,50.310155,2.577035,-0.000000
1850,0.830091,0.003194,48.086788,2.592693,0.000000
1851,0.772619,0.193617,40.307782,2.594622,0.000000
1852,0.820042,0.010023,36.655719,2.572002,-0.000000
1853,0.820593,0.011548,55.108184,2.578196,0.000000
1854,0.799818,0.010884,35.549873,2.605528,0.000000
1855,0.822577,0.408820,38.002805,2.603431,0.000000
1856,0.798218,0.017119,26.751471,2.582867,-0.000000
1857,0.819682,0.054590,26.817354,2.544980,-0.000000
1858,0.776610,0.005853,50.393532,2.541722,-0.000000
1859,0.822851,0.095704,27.148519,2.551114,-0.000000
1860,0.824656,0.023115,43.236843,2.560136,-0.000000
1861,0.825364,0.004529,43.024465,2.548418,-0.000000
1862,0.825278,0.009113,46.009903,2.526447,0.000000
1863,0.826072,0.011543,38.346469,2.518198,-0.000000
1864,0.823813,0.076529,44.884270,2.508899,0.000000
1865,0.828815,0.092141,42.910572,2.484113,0.000000
1866,0.828583,0.010354,43.144239,2.479366,-0.000000
1867,0.825465,0.034338,42.821337,2.482025,0.000000
1868,0.814938,0.021684,40.210620,2.482600,0.000000
1869,0.829118,0.030103,44.033378,2.470989,0.000000
1870,0.831913,0.246754,37.065785,2.453961,-0.000000
1871,0.832742,0.005607,40.967071,2.459026,-0.000000
1872,0.829075,0.004012,37.070945,2.469596,-0.000000
1873,0.827566,0.008370,43.327276,2.478517,0.000000
1874,0.827172,0.005310,34.527015,2.493646,0.000000
1875,0.828435,0.632250,38.050972,2.499303,0.000000
1876,0.789417,0.021322,37.524288,2.490984,-0.000000
1877,0.833351,0.014934,41.786322,2.487755,0.000000
1878,0.829261,0.010119,46.380449,2.498384,0.000000
1879,0.833301,0.011957,45.275064,2.476410,-0.000000
1880,0.833547,0.000256,44.391179,2.454777,-0.000000
1881,0.828825,0.045372,37.750563,2.463436,-0.000000
1882,0.825852,0.027436,34.190982,2.466790,0.000000
1883,0.826952,0.012417,38.170024,2.479511,-0.000000
1884,0.830396,0.013936,40.602062,2.509257,-0.000000
1885,0.834183,0.023656,40.657726,2.517213,-0.000000
1886,0.827529,0.054454,38.674483,2.510529,0.000000
1887,0.817073,0.261288,45.647818,2.510246,-0.000000
1888,0.829650,0.151462,33.316036,2.509374,0.000000
1889,0.827526,0.021994,23.932621,2.506297,-0.000000
1890,0.826144,0.466807,23.615112,2.490245,0.000000
1891,0.831433,0.014777,29.663187,2.495709,0.000000
1892,0.827848,-0.001523,48.568528,2.512734,-0.000000
1893,0.833522,0.012576,43.807171,2.522060,0.000000
1894,0.832120,0.023657,44.630138,2.522883,-0.000000
1895,0.820127,0.010112,45.603475,2.530121,-0.000000
1896,0.832749,0.004565,49.043668,2.550363,0.000000
1897,0.834774,0.071081,42.273205,2.566324,0.000000
1898,0.832224,0.039647,51.502941,2.564920,0.000000
1899,0.797870,0.014726,54.110232,2.559869,0.000000
1900,0.829904,0.185821,43.280900,2.546822,0.000000
1901,0.832619,0.060071,44.109816,2.520733,0.000000
1902,0.768374,0.004691,57.125570,2.514924,0.000000
1903,0.833658,0.106372,43.296130,2.512022,-0.000000
1904,0.815244,0.034276,44.495924,2.515952,-0.000000
1905,0.829565,0.279766,39.993586,2.545193,-0.000000
1906,0.832224,0.118161,49.738419,2.549498,0.000000
1907,0.839833,0.009794,50.378264,2.542818,0.000000
1908,0.833687,0.053662,39.832398,2.540148,-0.000000
1909,0.834763,0.009093,38.187455,2.533719,0.000000
1910,0.835766,0.034132,40.917954,2.518488,-0.000000
1911,0.832980,0.048787,42.973982,2.494144,0.000000
1912,0.801153,0.042270,53.035752,2.488724,0.000000
1913,0.770876,0.476628,55.368640,2.492372,0.000000
1914,0.837397,0.007167,40.705681,2.487404,-0.000000
1915,0.833493,0.067653,39.488456,2.492706,-0.000000
1916,0.831098,0.006568,47.662370,2.495665,-0.000000
1917,0.832514,-0.001046,46.617013,2.511494,0.000000
1918,0.819911,0.039129,45.728753,2.508371,-0.000000
1919,0.774869,0.097904,52.274533,2.476053,0.000000
1920,0.824630,0.001986,42.169110,2.439628,-0.000000
1921,0.837599,0.275603,46.176792,2.429251,0.000000
1922,0.841868,0.036310,40.491159,2.438440,0.000000
1923,0.839471,0.011503,39.955223,2.453668,0.000000
1924,0.839872,0.033386,31.128193,2.472550,0.000000
1925,0.838813,-0.000384,38.108467,2.489613,-0.000000
1926,0.841511,0.010156,43.271879,2.489294,-0.000000
1927,0.841063,0.012300,32.977832,2.478247,0.000000
1928,0.836699,0.023358,41.633357,2.488433,0.000000
1929,0.836957,0.002015,32.497762,2.495574,0.000000
1930,0.835146,0.016992,26.648003,2.501293,-0.000000
1931,0.832779,0.213272,32.326626,2.506009,-0.000000
1932,0.836530,0.005995,30.466137,2.517993,-0.000000
1933,0.833407,0.009543,42.253262,2.529914,-0.000000
1934,0.832777,0.008260,47.967107,2.555579,-0.000000
1935,0.819683,0.016502,44.214515,2.562187,0.000000
1936,0.832471,0.041448,46.660127,2.561381,0.000000
1937,0.835559,0.014313,46.802739,2.572543,-0.000000
1938,0.833987,0.019149,49.390977,2.574045,0.000000
1939,0.830208,0.009644,48.427564,2.568518,0.000000
1940,0.837630,0.081136,46.026353,2.561038,-0.000000
1941,0.831670,0.003507,42.828533,2.568381,-0.000000
1942,0.835130,0.048022,37.067390,2.576011,0.000000
1943,0.836230,0.008868,43.856320,2.571321,-0.000000
1944,0.838365,0.124909,38.441706,2.560628,0.000000
1945,0.832444,0.026935,39.187082,2.556455,0.000000
1946,0.832744,0.000667,41.560186,2.567009,0.000000
1947,0.829986,0.103872,39.108404,2.562250,-0.000000
1948,0.833026,0.081822,48.693470,2.540909,-0.000000
1949,0.831621,0.010324,47.151501,2.543006,-0.000000
1950,0.833107,0.006411,42.279575,2.549099,-0.000000
1951,0.833847,0.013164,47.709560,2.543614,0.000000
1952,0.833995,0.019570,43.786868,2.542448,0.000000
1953,0.827126,0.034142,46.213190,2.548579,0.000000
1954,0.827981,0.027035,45.757959,2.527990,-0.000000
1955,0.829316,0.068308,41.527538,2.516100,-0.000000
1956,0.764213,0.017334,69.250890,2.529065,0.000000
1957,0.825107,0.075491,46.840862,2.522629,-0.000000
1958,0.814414,0.023507,41.295433,2.497661,0.000000
1959,0.827457,0.522701,34.069762,2.491439,-0.000000
1960,0.813243,0.036891,43.129249,2.479775,-0.000000
1961,0.829958,0.031848,44.967396,2.484772,0.000000
1962,0.812671,0.003156,39.229007,2.494239,0.000000
1963,0.829396,0.074640,43.967944,2.480022,0.000000
1964,0.828620,0.184703,43.717004,2.460873,0.000000
1965,0.833260,-0.003151,41.381121,2.460337,-0.000000
1966,0.833286,0.049841,42.042767,2.476080,0.000000
1967,0.831939,0.013509,39.336891,2.499238,0.000000
1968,0.829504,0.048980,39.385924,2.506041,-0.000000
1969,0.831323,0.013430,34.138193,2.509934,-0.000000
1970,0.830638,0.002662,35.823271,2.511592,0.000000
1971,0.832941,0.030640,37.840570,2.502134,0.000000
1972,0.812943,0.003539,37.239123,2.507974,0.000000
1973,0.830582,0.013705,38.355481,2.513491,0.000000
1974,0.836408,0.049407,38.319912,2.509616,-0.000000
1975,0.836904,0.087985,32.755770,2.508736,0.000000
1976,0.835931,0.026549,35.314301,2.511724,-0.000000
1977,0.837158,0.025524,31.772592,2.512879,0.000000
1978,0.837678,0.068477,32.481134,2.516921,-0.000000
1979,0.829710,0.016854,34.220722,2.528216,-0.000000
1980,0.830431,0.012125,35.990695,2.552185,0.000000
1981,0.836076,0.060446,37.176615,2.575110,0.000000
1982,0.829233,0.388975,37.042185,2.590035,0.000000
1983,0.831672,0.077368,38.327297,2.606564,-0.000000
1984,0.833587,0.014007,36.971856,2.620453,0.000000
1985,0.828954,0.011176,41.943756,2.625968,0.000000
1986,0.827355,0.105077,44.076787,2.618651,0.000000
1987,0.828489,0.002561,38.831640,2.605370,-0.000000
1988,0.829634,0.029338,38.870654,2.584658,0.000000
1989,0.828314,0.059431,35.366850,2.560699,-0.000000
1990,0.833863,0.023490,40.122599,2.552723,-0.000000
1991,0.816984,0.030909,35.152822,2.566860,-0.000000
1992,0.819191,0.012386,36.762454,2.565711,0.000000
1993,0.602510,0.024631,24.133611,2.527022,0.000000
1994,0.707596,0.054479,25.578625,2.472237,-0.000000
1995,0.587034,0.465955,9.641535,2.432652,0.000000
1996,0.685056,0.045642,18.616339,2.396886,0.000000
1997,0.624647,0.026424,17.597412,2.369694,0.000000
1998,0.629300,0.087606,18.361444,2.361103,0.000000
1999,0.584894,0.010059,6.780087,2.349703,-0.000000
2000,0.752125,0.052635,19.322476,2.338035,-0.000000
