batch,meanReward,policyLoss,valueLoss,entropy,meanAdvantage
1,0.529529,0.184782,21.811972,2.859083,0.000000
2,0.560994,0.185672,22.389270,2.766770,-0.000000
3,0.621865,0.092632,25.089320,2.694864,0.000000
4,0.486630,0.072369,12.475261,2.641712,0.000000
5,0.525320,0.067681,17.611202,2.586334,0.000000
6,0.655806,0.213214,22.465328,2.524271,-0.000000
7,0.652717,0.142866,21.114357,2.468355,-0.000000
8,0.726782,0.126868,26.519635,2.437260,0.000000
9,0.739157,0.175684,25.434471,2.408135,-0.000000
10,0.672056,0.685944,22.138064,2.388357,0.000000
11,0.664258,0.041187,19.469757,2.377635,0.000000
12,0.677019,0.057907,22.799937,2.365066,-0.000000
13,0.639035,0.045792,24.395115,2.346396,-0.000000
14,0.679854,0.089871,25.344425,2.331199,0.000000
15,0.665394,0.030317,24.454247,2.310196,0.000000
16,0.580358,0.159946,25.379838,2.284505,0.000000
17,0.605622,0.087264,27.164964,2.244491,0.000000
18,0.594587,0.015401,27.466776,2.226662,-0.000000
19,0.625439,1.080209,26.110205,2.223984,0.000000
20,0.631089,0.057565,20.600384,2.215510,-0.000000
21,0.571414,0.008486,6.381670,2.208326,-0.000000
22,0.704536,0.189209,17.592059,2.208105,-0.000000
23,0.706945,0.232630,28.187664,2.193965,-0.000000
24,0.733009,0.145884,11.642077,2.161187,0.000000
25,0.764920,0.029475,25.877838,2.128978,0.000000
26,0.760797,0.045319,23.739821,2.107912,0.000000
27,0.799131,0.005082,26.508664,2.086152,0.000000
28,0.771716,0.092098,16.836852,2.068228,0.000000
29,0.722155,0.028668,6.504591,2.032588,0.000000
30,0.752359,0.039400,6.735177,1.986844,-0.000000
31,0.776378,0.012482,51.519454,1.967583,-0.000000
32,0.786089,-0.000653,52.049706,1.978885,-0.000000
33,0.766290,0.076601,59.211763,1.977870,0.000000
34,0.791794,-0.001580,51.624309,1.989239,0.000000
35,0.832351,0.003924,43.046704,2.007490,0.000000
36,0.832304,0.040475,43.292296,2.012523,-0.000000
37,0.831673,0.014950,42.661105,2.006590,0.000000
38,0.816429,0.042226,31.179979,1.990602,0.000000
39,0.827744,0.012152,44.147252,1.987369,0.000000
40,0.820203,0.014677,44.434278,1.979336,-0.000000
41,0.789544,0.025838,67.831213,1.973925,0.000000
42,0.819069,0.015798,52.402113,1.967596,-0.000000
43,0.821758,0.026969,47.171553,1.958851,-0.000000
44,0.752519,0.018372,73.234950,1.942975,-0.000000
45,0.755815,0.043986,69.976878,1.927189,0.000000
46,0.774438,0.001174,59.349037,1.918919,0.000000
47,0.702900,0.021405,79.655006,1.899803,0.000000
48,0.846288,0.021447,39.770947,1.895106,-0.000000
49,0.831456,0.065178,39.789570,1.895859,0.000000
50,0.843397,0.015108,36.189000,1.882825,0.000000
51,0.845302,0.005284,37.233472,1.876189,0.000000
52,0.833788,0.024980,36.127506,1.880748,-0.000000
53,0.848911,0.017507,41.698685,1.861038,-0.000000
54,0.808966,0.003984,57.448953,1.848831,-0.000000
55,0.739750,0.020346,84.422972,1.834974,0.000000
56,0.848158,0.012316,40.805445,1.812729,-0.000000
57,0.850295,0.018924,39.966592,1.806526,-0.000000
58,0.849015,0.099855,35.119767,1.802587,-0.000000
59,0.842952,0.022491,22.417719,1.785843,-0.000000
60,0.695122,0.025699,90.067015,1.787022,0.000000
61,0.831568,0.030596,13.885083,1.781029,0.000000
62,0.781421,0.102048,61.183396,1.764424,-0.000000
63,0.596725,0.472414,122.744655,1.751094,0.000000
64,0.697375,0.410166,74.122120,1.741852,0.000000
65,0.613697,0.001145,91.103635,1.746834,-0.000000
66,0.620147,0.005794,80.230610,1.758502,-0.000000
67,0.710432,0.013510,43.440996,1.767999,-0.000000
68,0.810473,0.053929,17.270467,1.754554,-0.000000
69,0.820679,0.043478,13.094160,1.730303,0.000000
70,0.693362,0.036712,62.257437,1.723196,0.000000
71,0.809895,0.040634,22.932654,1.709417,-0.000000
72,0.801689,0.088823,6.397610,1.675896,0.000000
73,0.807379,0.009631,8.904167,1.653979,0.000000
74,0.777610,-0.003067,52.352470,1.651787,-0.000000
75,0.806920,0.005476,34.627480,1.644413,-0.000000
76,0.827727,0.075579,32.033839,1.628087,-0.000000
77,0.820983,0.008402,35.247162,1.613216,0.000000
78,0.842777,0.005259,31.861355,1.622358,-0.000000
79,0.831261,0.015839,18.330412,1.630953,-0.000000
80,0.827724,0.022198,17.602851,1.624281,0.000000
81,0.837437,0.005025,35.381228,1.639060,-0.000000
82,0.826895,0.003365,45.940351,1.650606,0.000000
83,0.822883,0.085243,48.271638,1.631225,-0.000000
84,0.826432,0.002222,47.721269,1.625808,-0.000000
85,0.847304,0.021262,46.637875,1.638667,0.000000
86,0.828382,0.002273,47.293831,1.643039,0.000000
87,0.846361,-0.001079,45.775415,1.642249,-0.000000
88,0.845753,-0.000504,40.273300,1.646516,-0.000000
89,0.847209,0.001744,42.788609,1.650896,-0.000000
90,0.851293,0.354250,50.314061,1.660336,0.000000
91,0.847890,0.219843,49.439340,1.665489,-0.000000
92,0.837754,0.003840,50.047239,1.682251,0.000000
93,0.848996,0.126701,39.947168,1.692720,0.000000
94,0.851828,0.000121,41.188602,1.700337,0.000000
95,0.850694,0.002104,36.494352,1.728726,-0.000000
96,0.806179,0.031460,74.243094,1.752691,0.000000
97,0.854484,0.029364,42.352051,1.764976,0.000000
98,0.835960,0.063891,46.736716,1.768286,0.000000
99,0.758785,0.036515,81.865870,1.758997,-0.000000
100,0.836672,0.003125,47.417502,1.774940,0.000000
101,0.838018,0.031505,45.592407,1.795984,0.000000
102,0.849778,0.003092,41.757258,1.789069,-0.000000
103,0.757720,0.032582,75.647156,1.780202,-0.000000
104,0.849607,0.001816,40.148740,1.780079,0.000000
105,0.851005,0.019720,40.562783,1.768976,-0.000000
106,0.852152,0.931873,43.146227,1.753004,0.000000
107,0.803455,0.001398,52.187270,1.749247,-0.000000
108,0.756268,0.028293,65.644682,1.745699,0.000000
109,0.845238,0.002678,40.478136,1.728326,-0.000000
110,0.803132,0.021764,49.362476,1.719763,0.000000
111,0.844663,0.026484,41.630885,1.721186,0.000000
112,0.844704,0.018671,42.678508,1.731016,0.000000
113,0.780144,0.100684,60.902088,1.727764,0.000000
114,0.826005,-0.001659,40.734280,1.717474,0.000000
115,0.837306,0.007482,41.563325,1.732323,0.000000
116,0.818384,0.016520,41.885298,1.742646,0.000000
117,0.804362,0.034887,52.924809,1.744728,0.000000
118,0.827543,0.004875,42.032485,1.749919,0.000000
119,0.826460,0.040306,42.249550,1.767111,-0.000000
120,0.824355,0.007340,41.891743,1.775290,-0.000000
121,0.846766,0.024547,42.639034,1.776379,-0.000000
122,0.847685,0.008044,41.781128,1.772722,0.000000
123,0.843388,0.026057,45.723894,1.767818,0.000000
124,0.843279,-0.001116,44.253644,1.761314,0.000000
125,0.824086,-0.002579,42.694099,1.756792,0.000000
126,0.841599,0.015856,42.668587,1.754072,0.000000
127,0.799454,0.020572,52.691680,1.757597,0.000000
128,0.825567,0.003700,41.104532,1.764980,0.000000
129,0.841594,0.040462,41.817229,1.774635,0.000000
130,0.817068,0.014823,42.700783,1.773870,0.000000
131,0.758320,-0.000833,60.931023,1.776247,0.000000
132,0.788340,-0.002767,48.459724,1.780979,0.000000
133,0.838562,0.002087,39.085202,1.776719,0.000000
134,0.795651,0.012508,49.063790,1.770420,0.000000
135,0.820480,0.007811,39.029442,1.776610,-0.000000
136,0.836894,0.009550,39.489219,1.784345,-0.000000
137,0.835684,0.006556,39.266337,1.796624,0.000000
138,0.833450,-0.000681,41.523313,1.814582,0.000000
139,0.833223,0.004637,38.329716,1.814417,-0.000000
140,0.819505,0.037885,42.644974,1.805464,0.000000
141,0.838513,0.042097,38.714850,1.781050,-0.000000
142,0.818434,0.010447,44.759337,1.766935,-0.000000
143,0.840715,0.013776,41.134216,1.773665,0.000000
144,0.834125,0.657964,40.606911,1.768751,-0.000000
145,0.837121,0.012161,41.334377,1.756935,0.000000
146,0.836918,0.000550,41.535844,1.756044,0.000000
147,0.808845,0.020786,49.818544,1.751078,0.000000
148,0.816217,0.015515,41.110569,1.757202,0.000000
149,0.834512,0.008851,40.959142,1.761060,-0.000000
150,0.816742,0.057520,43.213871,1.748763,0.000000
151,0.839157,0.002586,41.139198,1.755571,0.000000
152,0.817289,0.864600,42.350701,1.754094,-0.000000
153,0.814572,0.305200,42.739237,1.748728,-0.000000
154,0.817990,0.121732,43.420343,1.738239,-0.000000
155,0.832039,0.012409,43.060477,1.742776,0.000000
156,0.761379,0.005812,62.593179,1.757082,-0.000000
157,0.774320,0.038392,51.041329,1.780174,-0.000000
158,0.723315,0.025578,57.316256,1.788324,0.000000
159,0.650179,0.012852,69.142414,1.787498,-0.000000
160,0.665746,0.056129,62.960458,1.794353,0.000000
161,0.586458,0.324296,67.108543,1.788126,0.000000
162,0.592637,0.045833,59.040514,1.779211,-0.000000
163,0.568339,0.049720,51.991423,1.771520,0.000000
164,0.607310,0.102472,40.376496,1.759228,0.000000
165,0.721509,0.047418,34.177469,1.758988,-0.000000
166,0.724757,0.053812,34.660456,1.743342,-0.000000
167,0.757220,0.018223,31.910785,1.725488,0.000000
168,0.765545,0.007418,34.124457,1.721858,0.000000
169,0.761246,-0.005702,36.636035,1.707817,-0.000000
170,0.820996,0.032662,30.593177,1.692060,-0.000000
171,0.814656,0.007658,32.404425,1.698679,-0.000000
172,0.818842,0.015234,33.546239,1.712554,-0.000000
173,0.819568,0.421551,34.768246,1.698806,0.000000
174,0.822872,0.101585,35.927394,1.688621,0.000000
175,0.821139,0.042322,37.462917,1.698058,0.000000
176,0.820070,0.038642,36.559597,1.714376,0.000000
177,0.784850,0.020236,46.381621,1.711792,-0.000000
178,0.800712,0.014217,37.278488,1.707421,-0.000000
179,0.756253,0.000148,45.154656,1.714835,-0.000000
180,0.725148,0.031145,51.753392,1.739460,0.000000
181,0.788686,0.000520,43.237219,1.764560,-0.000000
182,0.818677,0.006838,35.728918,1.764779,0.000000
183,0.821480,0.002531,38.102745,1.753432,-0.000000
184,0.820354,0.013249,37.970663,1.754257,0.000000
185,0.830388,0.004333,38.058736,1.770446,0.000000
186,0.816613,0.003166,40.213550,1.794073,0.000000
187,0.817672,0.003768,40.077077,1.809191,-0.000000
188,0.796654,0.025430,46.685365,1.820139,-0.000000
189,0.812258,0.004090,35.560623,1.830104,0.000000
190,0.810263,0.020475,35.338289,1.842445,0.000000
191,0.794726,0.010320,45.440007,1.856415,-0.000000
192,0.829484,0.009124,34.724545,1.867793,0.000000
193,0.829617,0.032411,36.801884,1.865154,0.000000
194,0.823971,0.062678,37.337268,1.875082,-0.000000
195,0.824436,-0.001582,38.329715,1.894489,-0.000000
196,0.824092,0.022420,36.988486,1.908650,0.000000
197,0.830590,0.002705,37.486058,1.903751,-0.000000
198,0.827861,0.029431,36.682783,1.895262,0.000000
199,0.829080,0.008662,39.049655,1.893706,-0.000000
200,0.829379,-0.002858,38.075586,1.902743,-0.000000
201,0.827452,0.009895,37.985443,1.924827,0.000000
202,0.805921,0.012657,38.452536,1.934646,-0.000000
203,0.775006,0.004007,46.623461,1.933013,0.000000
204,0.778650,0.027545,45.034820,1.935238,0.000000
205,0.739847,0.016914,49.894856,1.934732,0.000000
206,0.778636,0.005924,42.494821,1.932729,-0.000000
207,0.767781,0.001268,37.898665,1.936789,-0.000000
208,0.808471,0.014205,31.843451,1.927389,0.000000
209,0.802113,0.007456,32.895019,1.902344,0.000000
210,0.790834,0.033531,44.030188,1.889259,-0.000000
211,0.826344,-0.004506,35.399493,1.880731,0.000000
212,0.830007,0.012843,36.644049,1.869967,-0.000000
213,0.781080,0.154332,46.911356,1.864970,-0.000000
214,0.824779,0.016091,36.957047,1.866195,0.000000
215,0.735726,0.048157,59.463775,1.867112,-0.000000
216,0.826410,0.018728,36.962631,1.852579,-0.000000
217,0.793519,0.001595,45.306350,1.832164,0.000000
218,0.830891,0.016304,37.541905,1.825630,-0.000000
219,0.774636,0.007940,46.563163,1.831703,0.000000
220,0.831963,0.037441,37.920717,1.839526,-0.000000
221,0.679834,0.035035,60.140062,1.824490,0.000000
222,0.712453,0.002010,48.871746,1.810543,0.000000
223,0.773446,0.042934,36.615948,1.805626,0.000000
224,0.714708,0.006620,47.125943,1.801878,-0.000000
225,0.775960,0.031851,40.316443,1.798067,-0.000000
226,0.826064,0.021475,37.197457,1.788415,-0.000000
227,0.835646,-0.003881,38.291247,1.786753,0.000000
228,0.826891,0.041301,39.897577,1.794795,-0.000000
229,0.823950,0.042227,39.537709,1.791878,-0.000000
230,0.813870,0.004370,39.263418,1.793675,-0.000000
231,0.799997,0.020430,39.975751,1.807873,0.000000
232,0.753162,0.076962,43.606803,1.822182,-0.000000
233,0.806469,0.092506,40.069203,1.825541,-0.000000
234,0.794135,0.053107,36.647512,1.824402,0.000000
235,0.812836,0.000328,38.912732,1.824336,-0.000000
236,0.756894,0.018050,47.749734,1.825004,0.000000
237,0.783192,0.020398,36.246087,1.835121,0.000000
238,0.814905,0.038387,40.764271,1.844500,0.000000
239,0.697143,0.003051,56.237716,1.840595,0.000000
240,0.720230,-0.003547,44.360337,1.850685,0.000000
241,0.801121,0.011941,33.135940,1.861166,0.000000
242,0.811269,0.003400,39.810655,1.858967,-0.000000
243,0.803581,0.010169,37.316937,1.863843,0.000000
244,0.809637,0.447401,34.155990,1.859018,-0.000000
245,0.795225,0.019038,36.858505,1.860904,-0.000000
246,0.769563,0.001115,38.132773,1.873327,-0.000000
247,0.794999,0.025984,35.868496,1.883886,-0.000000
248,0.792564,0.024794,37.131809,1.888856,-0.000000
249,0.795494,0.051014,40.423338,1.899702,-0.000000
250,0.785296,0.040950,32.805454,1.908857,-0.000000
251,0.774912,0.028981,37.239301,1.909994,0.000000
252,0.771625,0.009928,30.931785,1.905897,0.000000
253,0.770517,0.590920,29.771447,1.894021,0.000000
254,0.761783,0.002938,27.187490,1.904710,-0.000000
255,0.760961,0.040866,30.554979,1.913067,0.000000
256,0.770266,0.006193,25.652560,1.922081,-0.000000
257,0.769253,0.025987,25.888175,1.926288,0.000000
258,0.740837,0.013059,21.948078,1.910034,0.000000
259,0.743028,0.035858,20.467014,1.907137,-0.000000
260,0.744216,0.096918,23.792957,1.922222,-0.000000
261,0.740006,0.035974,19.975661,1.930993,0.000000
262,0.643314,0.016707,12.879260,1.929697,0.000000
263,0.686113,0.063768,13.530503,1.926864,0.000000
264,0.746187,0.011927,15.708065,1.919477,0.000000
265,0.741782,0.065501,13.443022,1.909527,0.000000
266,0.773041,0.064471,13.561381,1.903821,0.000000
267,0.781391,0.040933,13.670959,1.903463,0.000000
268,0.791943,0.076434,18.941470,1.899050,0.000000
269,0.804405,0.012311,18.668386,1.902583,-0.000000
270,0.805039,0.002598,19.210479,1.932935,0.000000
271,0.806745,0.003324,19.178540,1.949471,0.000000
272,0.804513,0.020805,13.244400,1.954929,0.000000
273,0.815706,0.029222,21.022716,1.963302,0.000000
274,0.804352,0.003581,14.019960,1.983192,-0.000000
275,0.793830,0.005291,12.111091,2.011984,0.000000
276,0.807283,-0.000055,21.214914,2.019063,0.000000
277,0.800331,0.116779,12.355852,2.013747,-0.000000
278,0.818114,0.014027,21.972782,2.025132,-0.000000
279,0.792279,0.022489,9.524185,2.032623,-0.000000
280,0.799248,0.095774,31.684033,2.017947,-0.000000
281,0.816069,0.053297,35.141600,2.010719,-0.000000
282,0.821483,0.041389,26.404775,2.009832,0.000000
283,0.829248,0.055061,44.028205,2.015068,-0.000000
284,0.769600,-0.000625,82.267824,2.029773,-0.000000
285,0.795521,0.013558,63.137293,2.041458,0.000000
286,0.763565,0.110079,55.598670,2.036249,-0.000000
287,0.830129,0.031860,29.026300,2.026263,0.000000
288,0.820741,0.074492,38.581585,2.023208,-0.000000
289,0.832537,0.044262,22.821307,2.023493,0.000000
290,0.835646,0.127701,31.542540,2.018672,0.000000
291,0.803114,-0.002939,53.792644,2.015918,0.000000
292,0.840288,0.047613,17.993019,2.029373,0.000000
293,0.844605,0.005823,20.145735,2.035317,-0.000000
294,0.841669,0.015697,19.058245,2.027517,0.000000
295,0.836222,0.002438,19.656232,2.016315,0.000000
296,0.837897,0.047609,10.155486,2.002082,0.000000
297,0.831625,0.057199,47.208055,1.975586,0.000000
298,0.846604,0.011649,35.065926,1.962443,-0.000000
299,0.844123,0.001597,27.858357,1.967754,-0.000000
300,0.848459,0.033233,39.388217,1.978792,0.000000
301,0.842119,0.049962,38.681344,1.974693,0.000000
302,0.840190,0.015356,23.230038,1.986066,0.000000
303,0.799783,0.025555,44.271564,2.016037,-0.000000
304,0.829255,0.044872,13.388350,2.005468,-0.000000
305,0.799000,0.229321,32.282065,1.977424,0.000000
306,0.665504,0.041235,69.632174,1.965946,-0.000000
307,0.663289,0.027273,53.872998,1.952889,-0.000000
308,0.798498,0.024580,18.568506,1.918124,-0.000000
309,0.796364,0.039529,18.387743,1.898575,0.000000
310,0.799838,0.046055,8.455714,1.885237,-0.000000
311,0.799773,0.021296,8.072859,1.852663,0.000000
312,0.810141,0.008081,8.268770,1.832133,-0.000000
313,0.825189,0.012103,18.020290,1.826978,-0.000000
314,0.793729,0.108210,19.892962,1.822105,0.000000
315,0.806088,0.032039,8.528765,1.802967,0.000000
316,0.796024,0.034498,8.478445,1.768610,0.000000
317,0.804459,0.139260,10.382446,1.749793,-0.000000
318,0.770615,0.005296,29.681533,1.746237,0.000000
319,0.761181,0.051218,27.531539,1.735876,-0.000000
320,0.792578,0.014044,6.064522,1.705790,0.000000
321,0.816724,0.022904,5.088545,1.683939,0.000000
322,0.817229,0.012781,4.367185,1.677628,-0.000000
323,0.813039,0.007392,5.754828,1.646314,-0.000000
324,0.847297,0.100974,45.630276,1.622498,-0.000000
325,0.833038,0.002860,45.449201,1.639675,0.000000
326,0.844946,0.209447,37.203162,1.650996,0.000000
327,0.841311,0.000224,28.977146,1.660159,0.000000
328,0.802078,0.001882,63.639898,1.670276,0.000000
329,0.749031,-0.000984,54.914461,1.682109,-0.000000
330,0.806807,0.019812,40.498103,1.685213,0.000000
331,0.835449,0.002396,7.668195,1.687727,0.000000
332,0.829879,0.008474,28.437252,1.691568,0.000000
333,0.844605,0.006298,22.666606,1.691260,0.000000
334,0.858565,0.029459,43.608706,1.693035,-0.000000
335,0.851832,-0.003823,28.833889,1.699144,-0.000000
336,0.849819,0.034536,50.551160,1.702464,0.000000
337,0.855802,0.013602,47.921568,1.695476,0.000000
338,0.851249,0.009161,53.362240,1.690003,0.000000
339,0.854407,0.013712,30.417722,1.694341,-0.000000
340,0.855451,0.008111,40.953556,1.694797,-0.000000
341,0.859621,0.000593,49.767136,1.702329,-0.000000
342,0.849449,0.005926,51.178590,1.724737,0.000000
343,0.854593,0.001628,47.749205,1.743560,-0.000000
344,0.855917,0.008120,42.830497,1.740987,-0.000000
345,0.854460,0.004426,32.888147,1.733852,0.000000
346,0.854444,0.127152,49.895421,1.742503,0.000000
347,0.844778,0.000758,50.031050,1.738656,-0.000000
348,0.855389,0.016587,49.272360,1.720016,-0.000000
349,0.830488,0.010939,58.669559,1.725197,-0.000000
350,0.857475,0.000187,47.128732,1.736829,-0.000000
351,0.854729,-0.002350,46.385585,1.741681,0.000000
352,0.855841,0.001555,46.032335,1.748846,0.000000
353,0.853368,0.070116,46.147852,1.752181,0.000000
354,0.843487,0.015273,45.207003,1.752885,0.000000
355,0.858412,0.002171,42.676833,1.766172,0.000000
356,0.854565,0.010831,44.072987,1.778295,0.000000
357,0.853684,0.019103,45.611606,1.771531,0.000000
358,0.856776,0.000306,45.675486,1.766144,0.000000
359,0.818373,0.111574,56.269255,1.762324,-0.000000
360,0.806538,0.006813,62.921026,1.756984,-0.000000
361,0.841692,0.000794,43.069785,1.767029,-0.000000
362,0.856553,0.072531,44.380065,1.779639,0.000000
363,0.857934,0.000267,37.951306,1.786537,-0.000000
364,0.857433,0.293472,46.500482,1.794858,-0.000000
365,0.855628,0.013666,41.946285,1.799690,-0.000000
366,0.843172,0.082547,42.374189,1.802257,-0.000000
367,0.841686,0.011400,43.132588,1.803066,0.000000
368,0.855589,0.026077,43.342247,1.813397,0.000000
369,0.838686,0.091390,42.442848,1.819502,-0.000000
370,0.841213,-0.003020,44.419614,1.841796,0.000000
371,0.854427,0.007164,46.305594,1.853195,0.000000
372,0.846713,0.001307,43.868711,1.849048,0.000000
373,0.856914,0.009112,43.836393,1.863298,-0.000000
374,0.854065,0.055529,46.396499,1.875039,0.000000
375,0.843275,0.029636,45.373625,1.859002,0.000000
376,0.841292,0.008014,44.834480,1.861276,-0.000000
377,0.855458,0.003579,44.757226,1.858707,0.000000
378,0.852988,0.003281,45.362223,1.864979,-0.000000
379,0.854213,0.003625,42.755130,1.878683,-0.000000
380,0.814906,0.019202,50.438428,1.887242,0.000000
381,0.835316,0.005708,38.930398,1.912961,0.000000
382,0.852262,0.069845,40.850150,1.940837,0.000000
383,0.851191,0.008307,45.076666,1.956796,0.000000
384,0.850081,0.000796,40.033685,1.953086,0.000000
385,0.837816,0.015611,36.624296,1.950855,-0.000000
386,0.815379,0.019447,47.838877,1.962379,0.000000
387,0.840387,0.009048,38.036274,1.974052,-0.000000
388,0.840851,0.013528,38.060532,1.980560,0.000000
389,0.853358,0.014972,39.655211,1.991953,-0.000000
390,0.835670,0.023499,42.176999,1.990963,0.000000
391,0.834903,0.004634,42.683925,1.960873,0.000000
392,0.840898,-0.000777,37.936713,1.957151,0.000000
393,0.847775,0.105529,39.657259,1.963373,0.000000
394,0.847100,0.024493,46.487950,1.972283,-0.000000
395,0.814372,0.088822,49.297906,1.985959,0.000000
396,0.847399,0.151929,44.963988,1.994082,0.000000
397,0.846733,0.032232,41.874085,1.986056,0.000000
398,0.849506,0.010601,41.413003,1.980786,-0.000000
399,0.834432,0.042346,41.134555,1.967826,-0.000000
400,0.848235,0.003299,42.846848,1.950048,0.000000
401,0.846693,0.381447,39.944782,1.953020,0.000000
402,0.843000,0.085404,32.597037,1.953959,0.000000
403,0.837374,0.016446,34.636208,1.948716,0.000000
404,0.841497,0.019509,37.241057,1.940226,0.000000
405,0.839156,0.046161,33.957111,1.939703,0.000000
406,0.840913,0.018460,35.806759,1.937125,0.000000
407,0.835892,0.028000,26.574586,1.926819,-0.000000
408,0.825169,0.026425,35.078487,1.920840,0.000000
409,0.783005,0.041335,39.172888,1.908930,0.000000
410,0.822029,0.023405,27.205094,1.888778,-0.000000
411,0.842375,0.044188,34.063869,1.878450,-0.000000
412,0.838621,0.002323,40.328395,1.894328,-0.000000
413,0.830895,0.033309,26.091032,1.906378,-0.000000
414,0.836465,0.025691,26.245377,1.898699,0.000000
415,0.829221,0.005397,39.714510,1.887167,0.000000
416,0.836117,0.000846,46.741399,1.881389,0.000000
417,0.837689,0.023318,44.921546,1.879281,-0.000000
418,0.822172,0.137694,47.488147,1.868206,0.000000
419,0.799947,0.070511,50.778516,1.850438,-0.000000
420,0.848860,0.015280,35.170861,1.836222,-0.000000
421,0.852830,0.031455,48.916407,1.835385,0.000000
422,0.844872,0.011928,36.885685,1.847983,-0.000000
423,0.776362,0.001906,48.529387,1.850222,0.000000
424,0.834098,0.005846,36.339358,1.848789,0.000000
425,0.848942,0.005357,38.190089,1.842847,0.000000
426,0.850812,0.002454,45.517328,1.838606,-0.000000
427,0.852633,0.014643,40.338355,1.842239,-0.000000
428,0.846956,0.010849,39.813587,1.843121,-0.000000
429,0.848812,0.027052,42.298179,1.839803,-0.000000
430,0.848082,0.017932,48.349795,1.844866,0.000000
431,0.815976,0.014378,62.806678,1.841170,0.000000
432,0.837866,0.126930,47.324023,1.839055,0.000000
433,0.853080,0.016111,48.865385,1.839660,-0.000000
434,0.846926,0.014242,47.867274,1.826393,0.000000
435,0.852687,-0.000564,46.181529,1.828415,0.000000
436,0.853153,0.006558,47.530891,1.833993,-0.000000
437,0.847482,0.010690,37.070640,1.823859,-0.000000
438,0.850687,0.019091,35.105023,1.823591,0.000000
439,0.842960,0.019902,35.350820,1.832901,0.000000
440,0.832106,0.031175,42.123681,1.834062,0.000000
441,0.852215,0.023860,42.438945,1.829053,0.000000
442,0.855080,0.000069,47.806002,1.835106,-0.000000
443,0.850635,0.007487,46.436362,1.851692,0.000000
444,0.840582,0.066931,37.476380,1.847299,-0.000000
445,0.851696,-0.004110,39.534285,1.842929,-0.000000
446,0.850430,0.020977,20.930631,1.862269,-0.000000
447,0.857941,0.018731,26.838141,1.862054,-0.000000
448,0.846782,0.048116,38.930242,1.865313,-0.000000
449,0.811591,0.174029,50.349641,1.863810,-0.000000
450,0.850151,0.039350,38.607270,1.846570,-0.000000
451,0.838857,0.133357,39.732892,1.826444,0.000000
452,0.852789,0.022560,33.529613,1.823653,-0.000000
453,0.852720,0.003272,32.369658,1.833621,0.000000
454,0.856293,0.000010,32.950685,1.843021,-0.000000
455,0.857400,0.025205,24.169861,1.850398,0.000000
456,0.856190,0.008505,25.226610,1.850809,-0.000000
457,0.856614,0.000864,37.973504,1.855152,0.000000
458,0.856505,0.003161,35.904252,1.862382,0.000000
459,0.857409,0.021692,19.714826,1.857867,-0.000000
460,0.856177,0.001111,37.111528,1.846543,0.000000
461,0.847009,-0.000001,57.241532,1.851721,-0.000000
462,0.859258,0.057018,54.320956,1.848392,-0.000000
463,0.859811,0.007148,49.420626,1.829625,0.000000
464,0.857293,0.041858,68.853535,1.811147,0.000000
465,0.802293,0.006634,88.964121,1.811676,-0.000000
466,0.792235,0.011355,66.077126,1.825440,-0.000000
467,0.851358,0.017653,41.843111,1.828508,-0.000000
468,0.835927,0.154142,31.787237,1.813565,0.000000
469,0.840734,0.009730,33.449544,1.813213,0.000000
470,0.854810,0.256498,46.032763,1.830701,0.000000
471,0.798409,0.004780,54.367760,1.835260,0.000000
472,0.761782,0.016413,70.520835,1.837915,-0.000000
473,0.682449,0.044060,51.441141,1.833129,-0.000000
474,0.840567,0.090776,34.132363,1.830703,-0.000000
475,0.794053,0.038970,52.739561,1.828928,0.000000
476,0.853166,0.018678,47.981042,1.829965,0.000000
477,0.839070,0.016453,39.071710,1.817506,0.000000
478,0.838746,0.072212,37.911565,1.799145,-0.000000
479,0.785055,0.034374,43.326824,1.795311,-0.000000
480,0.850013,0.039797,38.396321,1.801126,0.000000
481,0.849329,0.003815,35.693361,1.809887,-0.000000
482,0.832227,0.008722,38.503650,1.823810,0.000000
483,0.806384,0.018880,38.706785,1.820714,-0.000000
484,0.847666,0.009435,40.324374,1.810860,-0.000000
485,0.845567,0.031193,38.542348,1.790732,-0.000000
486,0.833240,0.003054,36.644117,1.793089,0.000000
487,0.842048,0.003560,43.298597,1.813521,-0.000000
488,0.839343,0.002351,40.353225,1.825786,-0.000000
489,0.843404,-0.002083,34.690625,1.842958,-0.000000
490,0.817624,0.007280,31.500937,1.872726,-0.000000
491,0.832035,0.010466,26.535194,1.876411,0.000000
492,0.815498,0.032519,26.349636,1.863290,-0.000000
493,0.801893,0.022574,44.668345,1.848265,0.000000
494,0.815344,0.000772,33.285358,1.821801,0.000000
495,0.833023,0.032388,42.982836,1.794405,-0.000000
496,0.820760,0.015821,36.744554,1.781354,0.000000
497,0.841400,0.006783,40.284391,1.783219,-0.000000
498,0.840976,0.109149,33.403500,1.785819,-0.000000
499,0.848157,0.036057,25.276836,1.792462,0.000000
500,0.841848,0.025810,28.765754,1.804072,-0.000000
501,0.839279,0.007068,23.491366,1.815096,-0.000000
502,0.843307,0.014545,29.332536,1.826728,-0.000000
503,0.837190,0.009775,23.082589,1.824647,0.000000
504,0.837320,0.011905,32.701710,1.817543,0.000000
505,0.825440,0.001940,40.296836,1.827827,0.000000
506,0.844507,0.019716,51.360490,1.828979,-0.000000
507,0.830973,0.003176,46.211447,1.828194,0.000000
508,0.847494,0.016197,46.855514,1.838732,0.000000
509,0.844105,0.006952,50.962488,1.844856,-0.000000
510,0.840274,0.011235,46.648010,1.860443,0.000000
511,0.821522,0.003605,47.482150,1.868302,0.000000
512,0.841854,0.004199,44.186903,1.858694,-0.000000
513,0.840405,0.039637,40.793053,1.850635,-0.000000
514,0.842641,0.005907,38.810782,1.851402,0.000000
515,0.827402,0.056078,41.526077,1.857581,-0.000000
516,0.793978,1.505072,48.446448,1.853431,0.000000
517,0.839994,0.039317,41.058477,1.856041,0.000000
518,0.823848,0.048819,42.815492,1.854021,-0.000000
519,0.842620,0.051218,44.720092,1.848554,0.000000
520,0.821372,0.011840,40.964582,1.861354,0.000000
521,0.836613,0.030900,48.658105,1.876840,0.000000
522,0.830661,0.013967,47.417951,1.879183,0.000000
523,0.834462,0.002705,47.348591,1.890736,-0.000000
524,0.838518,0.010055,42.161042,1.912377,0.000000
525,0.837558,0.011879,46.056701,1.918176,-0.000000
526,0.836048,0.027353,42.570860,1.912607,0.000000
527,0.816547,0.024056,41.329462,1.892632,0.000000
528,0.822720,0.008755,40.928675,1.887950,-0.000000
529,0.839537,0.010274,41.935993,1.891253,0.000000
530,0.839408,0.044071,44.086444,1.897881,-0.000000
531,0.831670,0.009978,39.800959,1.905511,0.000000
532,0.815166,0.008518,43.814253,1.904321,-0.000000
533,0.816882,0.018624,37.083279,1.895543,-0.000000
534,0.817962,0.070379,35.298973,1.878704,0.000000
535,0.820890,0.014128,35.095970,1.869840,-0.000000
536,0.837528,0.013141,34.837417,1.872370,0.000000
537,0.835629,0.000757,40.737378,1.882126,-0.000000
538,0.838375,0.002594,40.230567,1.898094,-0.000000
539,0.834616,0.022202,38.008521,1.908453,-0.000000
540,0.834854,-0.001475,37.127390,1.916509,-0.000000
541,0.839649,0.020678,32.500800,1.899929,-0.000000
542,0.836835,0.141608,37.491556,1.882171,-0.000000
543,0.836211,0.003949,37.093046,1.879806,0.000000
544,0.830844,0.038116,36.964587,1.897356,0.000000
545,0.832043,0.012276,37.059297,1.914390,-0.000000
546,0.741169,0.006451,52.678007,1.920531,-0.000000
547,0.778984,0.010987,34.663874,1.917110,-0.000000
548,0.829047,0.020827,39.711592,1.910516,0.000000
549,0.825665,0.017131,41.384427,1.885898,-0.000000
550,0.800258,0.005566,44.699712,1.881189,-0.000000
551,0.824248,0.096229,40.735966,1.893618,0.000000
552,0.808976,0.035531,36.511074,1.890783,0.000000
553,0.832433,0.023179,36.331729,1.883572,-0.000000
554,0.830632,0.014649,41.385339,1.881720,0.000000
555,0.822017,0.006423,36.014994,1.879225,0.000000
556,0.831262,0.049072,34.655989,1.879625,0.000000
557,0.830447,0.010401,36.654862,1.901289,0.000000
558,0.836019,0.039018,40.526313,1.919666,0.000000
559,0.832376,0.014614,32.104004,1.930084,0.000000
560,0.837928,0.049141,37.126650,1.933743,-0.000000
561,0.833540,0.069181,35.496548,1.922114,0.000000
562,0.815926,0.006213,33.850079,1.901960,0.000000
563,0.811029,0.012132,36.749313,1.864194,-0.000000
564,0.821947,0.009400,39.285739,1.833293,0.000000
565,0.830478,0.053021,41.843718,1.824237,-0.000000
566,0.804080,0.012858,45.727778,1.812121,0.000000
567,0.824049,0.033119,37.135364,1.804966,0.000000
568,0.757525,0.099922,42.007810,1.799438,0.000000
569,0.797004,0.028920,33.667743,1.791011,-0.000000
570,0.803811,0.029639,33.980753,1.791855,0.000000
571,0.823072,0.016863,34.626125,1.789843,0.000000
572,0.825752,0.000958,33.704877,1.794483,-0.000000
573,0.823706,0.087099,35.789521,1.801651,-0.000000
574,0.811382,0.003082,33.144306,1.787550,-0.000000
575,0.756134,0.016763,48.767420,1.771895,0.000000
576,0.817411,0.006783,33.320544,1.742382,0.000000
577,0.813510,0.010177,36.455238,1.722021,-0.000000
578,0.796129,0.035227,32.344532,1.710655,0.000000
579,0.801587,-0.001161,31.712442,1.717110,0.000000
580,0.792391,0.018895,35.886277,1.727667,0.000000
581,0.787052,0.013287,32.945123,1.736927,0.000000
582,0.815570,0.734230,26.247215,1.757902,-0.000000
583,0.815497,1.680277,28.653144,1.758986,0.000000
584,0.810711,0.086418,28.638965,1.745530,-0.000000
585,0.808434,0.047212,28.366434,1.735094,-0.000000
586,0.784283,0.053564,26.416959,1.735520,0.000000
587,0.719085,0.061631,38.688269,1.742375,0.000000
588,0.785504,0.004182,26.670506,1.750343,0.000000
589,0.776811,-0.001456,27.731457,1.752600,-0.000000
590,0.801400,0.051209,32.245707,1.756736,-0.000000
591,0.808328,1.188064,30.335356,1.761718,-0.000000
592,0.802597,0.012305,39.547632,1.757733,0.000000
593,0.779735,0.024496,30.854035,1.752783,0.000000
594,0.798863,0.005677,25.187038,1.752830,-0.000000
595,0.779107,-0.003017,26.762543,1.769796,-0.000000
596,0.797624,0.012898,30.898580,1.794916,0.000000
597,0.771486,0.010064,29.185808,1.816985,-0.000000
598,0.762804,0.011515,28.490855,1.839601,-0.000000
599,0.767388,0.071972,26.440958,1.855077,-0.000000
600,0.792123,0.019728,18.575974,1.849394,0.000000
601,0.794633,0.019524,20.614890,1.846348,0.000000
602,0.796465,0.008670,21.284780,1.860233,0.000000
603,0.796145,0.013290,28.012638,1.872424,-0.000000
604,0.798645,0.031678,19.311077,1.876015,-0.000000
605,0.802525,0.018898,27.097120,1.870885,0.000000
606,0.798988,0.013455,17.669672,1.869813,-0.000000
607,0.800651,0.062912,20.692271,1.858973,0.000000
608,0.803096,0.025547,17.200146,1.828081,0.000000
609,0.803796,0.001369,15.087936,1.805991,-0.000000
610,0.808320,0.072351,12.458350,1.801271,-0.000000
611,0.805909,0.010630,15.538491,1.790602,0.000000
612,0.811516,0.086893,19.758063,1.766264,0.000000
613,0.817059,0.006526,26.356953,1.753636,-0.000000
614,0.811492,0.002983,26.331684,1.765377,0.000000
615,0.800950,0.013875,25.661744,1.778717,0.000000
616,0.803385,0.014819,41.740140,1.782118,0.000000
617,0.809466,0.112328,28.962634,1.773603,0.000000
618,0.806871,-0.002807,29.909668,1.770541,0.000000
619,0.803831,0.026785,26.439658,1.761211,0.000000
620,0.797473,0.003539,28.747812,1.738565,-0.000000
621,0.795120,0.010034,24.137595,1.723356,0.000000
622,0.806365,0.009958,34.058680,1.727909,0.000000
623,0.797354,0.015327,24.459666,1.749242,0.000000
624,0.768694,0.309001,18.910763,1.746610,0.000000
625,0.783321,0.018671,14.984681,1.739216,0.000000
626,0.756349,-0.005499,17.767470,1.746347,0.000000
627,0.740199,0.092591,26.941499,1.748778,-0.000000
628,0.749841,0.054647,17.644308,1.743565,-0.000000
629,0.778463,0.005317,17.677586,1.739377,0.000000
630,0.776668,0.058477,15.809826,1.733174,-0.000000
631,0.772693,-0.005539,18.240222,1.734667,-0.000000
632,0.750685,0.014515,15.873623,1.743738,0.000000
633,0.754843,0.022273,17.450277,1.754478,0.000000
634,0.745427,0.037284,12.701028,1.751431,0.000000
635,0.768026,0.059642,11.513282,1.738742,0.000000
636,0.773558,0.014053,18.974429,1.731471,-0.000000
637,0.771506,0.081800,14.565530,1.729823,-0.000000
638,0.759658,0.003066,11.554575,1.728033,0.000000
639,0.770205,0.000311,11.079262,1.731215,0.000000
640,0.760909,0.021573,16.830736,1.733812,-0.000000
641,0.762938,0.003647,11.371239,1.734473,0.000000
642,0.748927,-0.000216,9.575960,1.741116,-0.000000
643,0.756971,0.000651,14.051738,1.747479,-0.000000
644,0.756381,-0.000256,11.472820,1.744247,0.000000
645,0.753390,0.005712,10.560018,1.744478,0.000000
646,0.747863,0.038565,7.937492,1.737080,-0.000000
647,0.735978,0.323633,7.774190,1.737253,0.000000
648,0.741028,0.075520,7.192729,1.733880,-0.000000
649,0.722697,0.043540,8.119896,1.720302,-0.000000
650,0.746089,0.108862,8.231315,1.710322,-0.000000
651,0.715512,0.015579,7.175819,1.713195,-0.000000
652,0.727051,0.028619,6.457625,1.702735,0.000000
653,0.749668,-0.000960,6.387441,1.700550,-0.000000
654,0.742600,0.046667,6.573144,1.704113,-0.000000
655,0.742458,0.017752,5.635024,1.694287,0.000000
656,0.746471,0.015261,8.066094,1.690121,0.000000
657,0.748663,-0.003204,10.315462,1.706642,-0.000000
658,0.748920,0.545698,16.427363,1.713415,-0.000000
659,0.745400,0.035824,12.039202,1.716103,0.000000
660,0.745376,0.002918,11.796966,1.721891,-0.000000
661,0.740253,0.039839,10.858034,1.713316,-0.000000
662,0.743390,0.003795,8.512433,1.692140,0.000000
663,0.745167,0.019607,8.779409,1.682806,0.000000
664,0.739840,0.008118,13.393331,1.687492,0.000000
665,0.743330,0.034528,14.378387,1.701275,-0.000000
666,0.737282,0.381995,11.216707,1.697051,0.000000
667,0.731764,0.002596,7.182917,1.694304,0.000000
668,0.736589,0.016565,8.702552,1.692618,-0.000000
669,0.737692,0.000674,8.794915,1.703877,-0.000000
670,0.738599,0.029753,9.493222,1.720125,0.000000
671,0.733300,0.001041,10.761990,1.728713,-0.000000
672,0.735848,0.044675,6.663508,1.727669,0.000000
673,0.729937,0.009807,7.741457,1.717951,0.000000
674,0.731099,-0.001461,5.915501,1.721403,0.000000
675,0.722776,0.015598,7.756487,1.719263,0.000000
676,0.724058,0.040144,8.255241,1.704000,-0.000000
677,0.718596,0.073204,7.926018,1.691281,0.000000
678,0.712604,0.043670,7.286529,1.682713,0.000000
679,0.707013,0.014151,4.951064,1.679020,-0.000000
680,0.701013,0.002390,6.346761,1.659163,-0.000000
681,0.702165,0.002137,6.331402,1.646687,0.000000
682,0.699721,0.059198,5.512014,1.642306,-0.000000
683,0.701023,0.005456,3.490732,1.622072,0.000000
684,0.684132,0.058535,7.801255,1.594754,-0.000000
685,0.698560,0.034860,5.986201,1.576929,0.000000
686,0.679998,0.705220,17.647368,1.564780,0.000000
687,0.687540,0.009806,7.850787,1.574476,0.000000
688,0.685281,0.082103,8.161661,1.587734,0.000000
689,0.686879,0.063296,5.588677,1.573038,0.000000
690,0.696107,0.010084,6.412240,1.565447,-0.000000
691,0.669234,0.025380,3.303064,1.543734,0.000000
692,0.685803,-0.004303,5.474219,1.528465,-0.000000
693,0.688707,0.022951,4.805090,1.538308,-0.000000
694,0.677118,0.006127,5.636715,1.540382,-0.000000
695,0.692979,-0.000606,8.489932,1.545452,-0.000000
696,0.697627,0.025047,4.973738,1.550056,-0.000000
697,0.689187,0.037394,4.721081,1.547899,0.000000
698,0.697695,-0.005822,6.168337,1.568269,-0.000000
699,0.689237,0.018682,6.136248,1.570319,0.000000
700,0.680765,0.000369,2.338197,1.552592,0.000000
701,0.690121,0.010560,4.136881,1.532116,0.000000
702,0.679957,0.006583,3.095779,1.518891,0.000000
703,0.685091,0.105680,5.960140,1.515877,0.000000
704,0.680568,0.001996,2.847162,1.508945,0.000000
705,0.656966,-0.000434,4.453936,1.496870,0.000000
706,0.667154,0.006328,6.233761,1.492594,0.000000
707,0.659630,-0.002489,4.621377,1.511499,-0.000000
708,0.653589,0.010782,2.616097,1.521081,0.000000
709,0.634602,0.026872,2.386734,1.519724,0.000000
710,0.626915,0.103237,2.202025,1.497866,0.000000
711,0.619101,0.081554,2.613714,1.476366,0.000000
712,0.631492,0.007297,1.801789,1.477305,0.000000
713,0.634191,0.010910,2.122841,1.462548,-0.000000
714,0.641088,0.054175,2.141147,1.449354,0.000000
715,0.629188,0.005644,0.988255,1.451626,-0.000000
716,0.637842,0.003301,1.611921,1.453197,-0.000000
717,0.659664,0.016690,4.678726,1.459520,-0.000000
718,0.668976,0.006859,2.725268,1.470672,0.000000
719,0.654858,0.005288,2.778989,1.484184,-0.000000
720,0.667697,0.031762,1.401371,1.512506,-0.000000
721,0.658698,0.006402,1.741565,1.530564,0.000000
722,0.655086,0.030611,0.893293,1.523709,0.000000
723,0.657051,0.022777,1.436505,1.513330,0.000000
724,0.662297,0.038672,1.817395,1.508498,0.000000
725,0.677026,0.002777,1.842189,1.520600,0.000000
726,0.675145,0.006700,3.881569,1.538411,0.000000
727,0.678702,0.044818,3.501069,1.529669,0.000000
728,0.695581,0.008544,3.380581,1.527854,-0.000000
729,0.692109,0.007907,3.785466,1.533088,-0.000000
730,0.707922,-0.003590,2.507537,1.534375,0.000000
731,0.684929,0.003198,5.832079,1.541155,0.000000
732,0.713252,0.049542,3.994626,1.534025,0.000000
733,0.727408,0.012527,6.696723,1.531736,0.000000
734,0.756808,0.006758,19.108397,1.533923,0.000000
735,0.722113,0.014498,1.453085,1.524893,-0.000000
736,0.737321,0.069834,6.470552,1.506916,-0.000000
737,0.738695,0.006884,2.017163,1.501715,-0.000000
738,0.729234,0.000286,2.098713,1.484565,0.000000
739,0.749803,0.009079,4.230747,1.475540,0.000000
740,0.756294,-0.003481,6.805319,1.481145,-0.000000
741,0.761082,0.017629,5.091470,1.485719,0.000000
742,0.748199,0.007185,2.699086,1.471013,-0.000000
743,0.743447,0.003136,2.335552,1.462845,-0.000000
744,0.753941,0.003260,8.580205,1.461080,0.000000
745,0.755401,0.003750,4.845138,1.460225,-0.000000
746,0.750812,0.019472,3.547221,1.451584,0.000000
747,0.751537,1.110958,5.937006,1.426666,0.000000
748,0.747143,0.027722,2.847645,1.392200,-0.000000
749,0.748698,0.007426,2.824437,1.352370,-0.000000
750,0.754059,0.024108,3.925668,1.333742,0.000000
751,0.756971,-0.004195,4.777567,1.326887,0.000000
752,0.778117,0.002215,16.945719,1.336200,-0.000000
753,0.769066,-0.001706,9.213446,1.352285,0.000000
754,0.765312,0.012149,6.626480,1.356885,0.000000
755,0.765808,0.003909,4.610289,1.363113,0.000000
756,0.769962,-0.005858,6.433699,1.374080,0.000000
757,0.751303,0.024732,4.109138,1.370117,-0.000000
758,0.755192,0.017669,3.765057,1.346636,0.000000
759,0.735114,0.015667,2.776063,1.319701,-0.000000
760,0.736906,0.002142,7.044849,1.306776,-0.000000
761,0.763427,0.006905,12.302316,1.317541,-0.000000
762,0.767102,0.005815,8.968559,1.329284,-0.000000
763,0.772758,0.497439,7.914745,1.336414,0.000000
764,0.771464,0.005911,4.265327,1.350812,0.000000
765,0.762376,-0.001640,3.613304,1.363770,-0.000000
766,0.765689,0.008954,6.816432,1.352976,0.000000
767,0.785215,-0.003068,17.842206,1.357497,-0.000000
768,0.788800,-0.002282,13.715172,1.382699,0.000000
769,0.789656,0.006566,9.386825,1.399373,0.000000
770,0.771723,0.017042,5.156751,1.399880,-0.000000
771,0.745080,0.523354,4.111997,1.362432,-0.000000
772,0.741731,0.009137,3.648196,1.328984,0.000000
773,0.756456,0.024007,3.419603,1.329614,-0.000000
774,0.756957,0.052260,1.442711,1.324315,0.000000
775,0.753351,0.019016,1.499792,1.316331,0.000000
776,0.795805,0.004434,20.199072,1.321865,0.000000
777,0.773647,0.010159,3.565814,1.334396,-0.000000
778,0.776348,-0.002014,3.962515,1.330196,-0.000000
779,0.765247,0.028555,6.225002,1.330942,0.000000
780,0.756542,0.123026,2.865738,1.318710,0.000000
781,0.744310,0.007540,1.641832,1.313673,-0.000000
782,0.703445,0.002652,4.724488,1.306954,-0.000000
783,0.799139,-0.001250,27.305599,1.304459,0.000000
784,0.764001,0.006227,5.564003,1.320925,0.000000
785,0.790769,0.018127,14.380990,1.333757,0.000000
786,0.757952,0.003689,2.236169,1.339151,-0.000000
787,0.792919,0.004599,15.341995,1.355205,-0.000000
788,0.821408,-0.004755,42.234145,1.373839,-0.000000
789,0.811597,0.002062,18.059836,1.385632,0.000000
790,0.813575,-0.002850,17.196127,1.394288,-0.000000
791,0.809548,0.007495,4.432275,1.388524,0.000000
792,0.836905,0.264807,38.300362,1.376859,0.000000
793,0.820652,0.003435,14.708269,1.377476,-0.000000
794,0.834532,-0.003200,22.959543,1.375378,-0.000000
795,0.831768,0.006946,16.680988,1.387856,0.000000
796,0.833688,0.013991,18.547115,1.384382,-0.000000
797,0.829498,-0.002669,11.751457,1.376743,0.000000
798,0.829141,0.028842,8.003988,1.371389,0.000000
799,0.840171,0.011589,30.033026,1.356403,0.000000
800,0.846393,-0.003046,53.319275,1.356945,0.000000
801,0.845177,0.003295,49.528856,1.370431,0.000000
802,0.848700,-0.002076,30.071969,1.395960,-0.000000
803,0.850420,0.003827,39.974465,1.424038,-0.000000
804,0.839239,0.031108,6.803644,1.416388,-0.000000
805,0.849715,-0.001244,17.728726,1.401782,-0.000000
806,0.849829,0.000046,20.299850,1.409970,-0.000000
807,0.840615,0.022930,4.012113,1.414861,0.000000
808,0.847168,0.002967,16.897365,1.404085,-0.000000
809,0.854370,-0.002193,39.606805,1.409564,0.000000
810,0.851556,0.019562,28.459374,1.422639,-0.000000
811,0.851975,0.037194,26.459109,1.418715,0.000000
812,0.854566,0.003940,30.582625,1.422657,0.000000
813,0.854660,-0.002202,38.217763,1.451784,-0.000000
814,0.855901,0.022194,16.339919,1.480393,0.000000
815,0.855773,-0.001957,22.110170,1.498329,0.000000
816,0.853296,-0.002763,19.584985,1.501593,-0.000000
817,0.856724,0.000073,13.064170,1.494078,0.000000
818,0.854585,0.005195,10.714169,1.487389,-0.000000
819,0.855498,-0.001606,22.465715,1.491494,-0.000000
820,0.857624,0.008502,32.061383,1.487586,-0.000000
821,0.855586,0.004101,31.338245,1.488801,0.000000
822,0.858873,0.018311,18.260628,1.496426,-0.000000
823,0.854970,0.001685,55.202649,1.494209,0.000000
824,0.859700,0.012948,48.601657,1.503633,-0.000000
825,0.856923,0.001392,57.875492,1.518437,-0.000000
826,0.858305,0.007584,54.882988,1.522802,-0.000000
827,0.852402,-0.005897,66.413801,1.535285,0.000000
828,0.845299,0.004080,54.641480,1.542481,0.000000
829,0.855932,0.001488,54.618266,1.544408,-0.000000
830,0.855848,0.005096,44.641121,1.555719,0.000000
831,0.855165,0.017068,50.404544,1.574642,0.000000
832,0.846336,0.012325,48.432141,1.589036,-0.000000
833,0.855508,0.019523,39.661247,1.588115,0.000000
834,0.855418,0.015199,50.280626,1.583352,-0.000000
835,0.858713,0.014219,54.905812,1.583689,0.000000
836,0.855136,-0.003279,47.741469,1.581583,-0.000000
837,0.859594,-0.003410,49.529721,1.603080,0.000000
838,0.854061,0.006191,45.669380,1.629491,-0.000000
839,0.846380,0.059596,46.355064,1.624329,-0.000000
840,0.852051,0.008576,49.142151,1.627508,0.000000
841,0.851005,0.005837,49.677785,1.645162,-0.000000
842,0.850532,-0.004183,32.353875,1.658436,0.000000
843,0.849252,0.007481,43.340956,1.675355,-0.000000
844,0.849295,0.238836,42.729839,1.688067,0.000000
845,0.849643,0.005829,36.417249,1.705515,0.000000
846,0.852977,0.006347,46.549320,1.725862,0.000000
847,0.849381,0.068447,42.850981,1.737961,-0.000000
848,0.849825,0.007013,45.272028,1.739496,-0.000000
849,0.846441,0.020976,35.529617,1.727056,-0.000000
850,0.844390,0.353035,35.312924,1.709500,-0.000000
851,0.850632,0.007987,36.879053,1.699816,0.000000
852,0.853492,0.004967,40.084768,1.707645,-0.000000
853,0.849969,-0.003585,36.953956,1.728266,-0.000000
854,0.849890,0.024983,49.346821,1.743815,-0.000000
855,0.845379,0.007029,53.624516,1.740829,-0.000000
856,0.844329,-0.001297,50.275431,1.749963,0.000000
857,0.842160,0.014149,33.955448,1.757081,0.000000
858,0.850110,0.010095,54.435987,1.752204,-0.000000
859,0.838190,-0.001883,49.902432,1.765938,0.000000
860,0.851196,-0.000304,50.890002,1.787632,0.000000
861,0.851586,-0.000379,54.143582,1.811956,0.000000
862,0.847703,0.032849,48.445850,1.817327,-0.000000
863,0.848768,-0.000309,41.820576,1.810519,0.000000
864,0.852559,0.037217,39.902723,1.808451,-0.000000
865,0.852501,0.012563,51.281009,1.814819,0.000000
866,0.840867,0.029001,48.710110,1.814691,0.000000
867,0.854507,0.017606,46.971676,1.822862,-0.000000
868,0.854739,0.018951,39.116019,1.835134,0.000000
869,0.855739,0.038472,52.309082,1.838834,0.000000
870,0.856057,-0.001336,43.928467,1.852256,0.000000
871,0.854659,0.094433,46.998917,1.844073,0.000000
872,0.855320,0.060736,47.425960,1.826937,-0.000000
873,0.838037,0.007060,42.328854,1.817031,-0.000000
874,0.852904,0.031093,45.635900,1.824976,-0.000000
875,0.850706,0.003003,40.840783,1.830349,0.000000
876,0.848602,0.010321,37.129199,1.822738,0.000000
877,0.851350,0.016567,40.028697,1.822511,-0.000000
878,0.848851,0.085701,38.543523,1.822799,0.000000
879,0.849270,0.040743,40.083893,1.829613,-0.000000
880,0.845612,0.057730,39.466034,1.835897,0.000000
881,0.845475,0.056269,45.931170,1.827029,0.000000
882,0.842751,0.000848,41.775349,1.821198,0.000000
883,0.843598,-0.004659,41.266776,1.831880,0.000000
884,0.847882,0.039087,42.777191,1.827929,0.000000
885,0.845370,0.026990,41.906060,1.812390,0.000000
886,0.847926,0.003069,39.193328,1.807901,-0.000000
887,0.849314,0.005196,41.633747,1.811247,0.000000
888,0.849406,0.006845,41.295641,1.818261,-0.000000
889,0.830763,0.158502,34.179549,1.822620,0.000000
890,0.850092,0.000752,45.039885,1.821328,-0.000000
891,0.848407,0.053703,50.304772,1.824086,0.000000
892,0.851233,0.012234,40.634725,1.829683,0.000000
893,0.850288,0.072237,48.951842,1.825662,0.000000
894,0.846156,0.006398,42.265654,1.826498,0.000000
895,0.844967,0.003508,39.853461,1.842326,-0.000000
896,0.844598,0.005811,40.020005,1.845696,0.000000
897,0.842071,-0.000007,51.759030,1.854867,0.000000
898,0.840188,0.004095,46.449319,1.875170,0.000000
899,0.841045,0.106932,34.408209,1.891644,0.000000
900,0.823665,0.004460,40.383000,1.894752,0.000000
901,0.842286,0.009982,36.896913,1.885084,0.000000
902,0.843163,0.085192,36.771570,1.882504,0.000000
903,0.848339,0.001178,50.625433,1.885999,-0.000000
904,0.849563,0.084631,34.509978,1.882906,0.000000
905,0.849895,0.002728,33.749925,1.881204,0.000000
906,0.852816,0.024151,29.024549,1.875165,-0.000000
907,0.848219,0.001937,15.631949,1.880352,0.000000
908,0.846339,0.035332,11.337833,1.872372,-0.000000
909,0.846505,0.051112,5.770636,1.840591,-0.000000
910,0.845113,0.054189,3.860450,1.817521,-0.000000
911,0.842362,0.003480,11.567506,1.799467,0.000000
912,0.838608,0.006969,12.902945,1.799776,0.000000
913,0.845734,0.006283,24.561770,1.807431,-0.000000
914,0.842455,0.024641,21.935365,1.814310,0.000000
915,0.846725,0.040826,17.662832,1.828826,0.000000
916,0.849376,0.005110,17.020895,1.832623,-0.000000
917,0.847854,0.061283,9.258621,1.810637,-0.000000
918,0.848121,0.023846,6.356064,1.780211,-0.000000
919,0.848282,0.008027,7.261528,1.769224,0.000000
920,0.849411,0.011627,7.321699,1.757677,-0.000000
921,0.855048,-0.002330,25.093153,1.753889,0.000000
922,0.850479,0.028341,8.834702,1.752819,0.000000
923,0.850736,0.048475,19.052911,1.751301,-0.000000
924,0.852302,0.040688,37.467636,1.736263,-0.000000
925,0.856066,-0.001708,43.043948,1.732432,0.000000
926,0.854319,0.014258,13.046415,1.738008,0.000000
927,0.855930,0.000745,21.618123,1.737920,0.000000
928,0.853316,0.000957,15.823445,1.745393,-0.000000
929,0.853579,0.042786,26.274304,1.734182,-0.000000
930,0.859731,0.027874,29.625397,1.721797,0.000000
931,0.859088,0.080039,44.122867,1.730385,-0.000000
932,0.858864,0.033684,23.814958,1.714918,0.000000
933,0.855886,0.171899,61.831044,1.700482,0.000000
934,0.823645,-0.004085,90.982867,1.700265,-0.000000
935,0.857238,0.004811,60.685660,1.699113,0.000000
936,0.856135,0.092281,38.659866,1.679148,-0.000000
937,0.856138,0.015868,57.343382,1.677684,0.000000
938,0.794468,0.111725,78.850478,1.683455,-0.000000
939,0.769945,0.027385,64.386330,1.674840,0.000000
940,0.618635,0.018763,27.478666,1.672302,0.000000
941,0.811828,0.160599,30.552774,1.669462,-0.000000
942,0.852811,0.019323,22.401710,1.661610,-0.000000
943,0.841009,0.022776,38.749860,1.658423,0.000000
944,0.858193,0.008938,37.491960,1.649984,0.000000
945,0.855296,0.023499,35.535763,1.644094,-0.000000
946,0.853255,0.002235,40.960487,1.645224,-0.000000
947,0.836238,-0.001839,35.088491,1.648788,-0.000000
948,0.849787,-0.000030,40.570975,1.670748,0.000000
949,0.832338,0.009202,44.216711,1.702538,-0.000000
950,0.840299,0.008822,38.126620,1.723044,-0.000000
951,0.855253,0.004501,46.364131,1.709651,0.000000
952,0.856743,0.018438,37.166522,1.686780,0.000000
953,0.854752,-0.001568,43.878020,1.683009,0.000000
954,0.857444,0.012887,48.476207,1.683413,-0.000000
955,0.856336,0.210220,41.943878,1.682715,0.000000
956,0.852849,0.441636,33.102478,1.691716,-0.000000
957,0.855323,0.004101,46.353344,1.692475,0.000000
958,0.855294,0.006505,41.504423,1.686000,0.000000
959,0.853346,0.001130,41.341959,1.676911,0.000000
960,0.857009,0.033102,34.175546,1.684061,-0.000000
961,0.854554,0.037836,45.768032,1.692337,-0.000000
962,0.852029,0.003977,46.723599,1.694954,0.000000
963,0.858810,0.050856,48.612981,1.682375,-0.000000
964,0.852032,0.001159,52.965901,1.667478,0.000000
965,0.855937,0.003867,50.608140,1.665996,0.000000
966,0.839482,0.012275,44.156587,1.663896,-0.000000
967,0.851675,0.052758,46.871408,1.666789,0.000000
968,0.858701,0.047461,47.142416,1.681386,0.000000
969,0.854836,0.042422,37.614600,1.681333,0.000000
970,0.850751,0.026264,42.396803,1.685808,0.000000
971,0.852924,0.015838,32.356103,1.695231,0.000000
972,0.853638,0.004253,27.561242,1.708548,-0.000000
973,0.852932,0.028281,39.579709,1.718164,-0.000000
974,0.849247,0.005163,51.283705,1.720542,0.000000
975,0.849288,0.016237,52.032382,1.727609,0.000000
976,0.839054,0.011399,40.810437,1.730390,0.000000
977,0.784383,0.035776,62.694196,1.724499,-0.000000
978,0.851217,0.008174,31.351842,1.723370,0.000000
979,0.837835,0.003684,54.606683,1.730079,-0.000000
980,0.851244,0.006731,43.868164,1.728766,-0.000000
981,0.842749,0.022688,65.368432,1.726675,-0.000000
982,0.839616,0.017081,51.003128,1.727436,0.000000
983,0.842440,0.020298,37.912720,1.729254,-0.000000
984,0.856756,0.007289,43.938841,1.721014,-0.000000
985,0.857568,0.013944,56.678587,1.709667,0.000000
986,0.857591,0.072427,40.682059,1.696562,-0.000000
987,0.857135,0.036224,44.874091,1.695487,-0.000000
988,0.855758,0.025619,65.441640,1.690553,0.000000
989,0.853624,0.005388,65.125807,1.682560,-0.000000
990,0.841952,0.033056,51.052901,1.678807,0.000000
991,0.856529,0.023748,60.026315,1.685563,0.000000
992,0.854630,0.008002,55.708574,1.699063,-0.000000
993,0.855947,0.088352,55.076031,1.686868,0.000000
994,0.858463,0.016635,51.260298,1.669848,0.000000
995,0.857139,-0.003024,50.125955,1.673646,-0.000000
996,0.861387,0.004603,50.345610,1.678626,0.000000
997,0.858191,0.002974,53.864792,1.687133,-0.000000
998,0.855520,-0.000550,44.912590,1.697728,0.000000
999,0.860212,0.063738,43.929653,1.709162,0.000000
1000,0.796293,0.011063,65.445602,1.713435,0.000000
1001,0.845628,0.147141,45.004735,1.713139,-0.000000
1002,0.856747,0.004315,47.654113,1.717488,0.000000
1003,0.857787,0.158456,49.917977,1.726983,-0.000000
1004,0.858188,-0.000568,51.616314,1.741189,0.000000
1005,0.857975,0.004290,39.876954,1.757761,0.000000
1006,0.855081,-0.004815,50.030946,1.771373,0.000000
1007,0.853537,0.008786,52.579440,1.773308,-0.000000
1008,0.856909,0.038552,54.222149,1.775832,-0.000000
1009,0.852110,0.013810,51.045710,1.793687,-0.000000
1010,0.855201,0.029344,45.412121,1.799532,0.000000
1011,0.854204,0.018127,52.581816,1.810646,0.000000
1012,0.843056,0.025229,50.469826,1.807681,-0.000000
1013,0.836502,0.005039,42.250194,1.797500,-0.000000
1014,0.852643,0.006380,50.765017,1.784022,0.000000
1015,0.813413,0.047076,63.426192,1.773471,-0.000000
1016,0.852585,0.013031,47.522175,1.762868,0.000000
1017,0.853086,0.005896,42.517988,1.769300,-0.000000
1018,0.850914,0.044616,47.299676,1.770980,-0.000000
1019,0.851775,0.007128,47.071418,1.761480,0.000000
1020,0.853659,0.055626,39.614502,1.743894,-0.000000
1021,0.853114,0.021610,45.588383,1.724661,0.000000
1022,0.839357,0.014075,48.579869,1.725939,-0.000000
1023,0.856074,0.010342,45.368738,1.749492,0.000000
1024,0.855046,-0.001170,49.817063,1.768709,0.000000
1025,0.853528,0.011479,43.914627,1.781915,-0.000000
1026,0.857520,0.002573,33.896567,1.789232,0.000000
1027,0.849716,0.001556,48.480044,1.789444,-0.000000
1028,0.862776,0.001446,43.165585,1.790200,0.000000
1029,0.860343,0.012637,49.864762,1.803932,0.000000
1030,0.857221,0.019893,44.877439,1.812427,-0.000000
1031,0.858234,0.007494,48.857870,1.811994,-0.000000
1032,0.853939,0.051752,48.372980,1.821299,0.000000
1033,0.840140,-0.000443,38.942891,1.854400,-0.000000
1034,0.853737,-0.001858,47.549335,1.880739,0.000000
1035,0.853607,0.003485,56.868443,1.898043,-0.000000
1036,0.852715,0.027695,52.494706,1.921484,0.000000
1037,0.850991,0.004938,51.046753,1.929096,-0.000000
1038,0.856668,0.004081,41.548594,1.939443,-0.000000
1039,0.850951,0.048095,34.026306,1.936097,0.000000
1040,0.851744,0.032698,45.145257,1.917735,0.000000
1041,0.853829,0.033821,47.179119,1.905088,-0.000000
1042,0.853625,0.027783,47.582142,1.901537,-0.000000
1043,0.853038,-0.000120,48.774974,1.900705,-0.000000
1044,0.851822,0.136071,57.720886,1.911498,0.000000
1045,0.854651,0.007350,57.378414,1.916382,0.000000
1046,0.851951,0.028481,48.027640,1.910760,-0.000000
1047,0.850565,0.020625,45.393856,1.903813,-0.000000
1048,0.855013,0.015274,40.002881,1.889914,0.000000
1049,0.847691,0.083781,38.484498,1.875582,0.000000
1050,0.850814,0.044611,34.363655,1.869212,0.000000
1051,0.848971,-0.000694,37.974968,1.879513,-0.000000
1052,0.850110,0.956602,40.774409,1.890696,-0.000000
1053,0.845457,0.061031,38.769356,1.880247,0.000000
1054,0.851748,0.157944,40.960135,1.871456,-0.000000
1055,0.808753,0.006136,55.631332,1.857939,0.000000
1056,0.847649,0.053483,43.429360,1.845310,-0.000000
1057,0.842550,0.168267,45.493982,1.846108,-0.000000
1058,0.845347,0.007510,45.959598,1.840714,0.000000
1059,0.845496,0.004310,40.157600,1.831924,0.000000
1060,0.798351,0.119597,44.343162,1.822064,-0.000000
1061,0.829684,0.008710,38.431754,1.822088,0.000000
1062,0.848204,0.031439,43.442304,1.830065,0.000000
1063,0.847729,0.002301,43.629083,1.814707,0.000000
1064,0.824748,0.032544,41.542813,1.792810,-0.000000
1065,0.840593,0.026638,42.666682,1.784405,-0.000000
1066,0.841612,0.006514,39.988842,1.788167,-0.000000
1067,0.818786,0.009879,33.626464,1.806298,-0.000000
1068,0.840592,0.052885,39.820276,1.805012,0.000000
1069,0.792281,0.069894,39.625061,1.794274,-0.000000
1070,0.838508,0.014722,39.552382,1.791817,-0.000000
1071,0.848820,0.019481,37.949951,1.799169,-0.000000
1072,0.832049,0.016196,42.923580,1.828038,-0.000000
1073,0.790374,0.015947,53.716815,1.840274,-0.000000
1074,0.825597,0.030412,39.365581,1.851338,0.000000
1075,0.842907,-0.000579,45.313641,1.858535,0.000000
1076,0.835915,0.001987,41.420490,1.865464,-0.000000
1077,0.828196,0.084466,42.399942,1.877284,0.000000
1078,0.845930,0.004259,45.081472,1.875377,0.000000
1079,0.842254,0.026331,43.759703,1.874041,-0.000000
1080,0.844604,0.026232,44.012690,1.871751,-0.000000
1081,0.845957,0.119396,44.311226,1.859067,0.000000
1082,0.844610,0.004238,44.290322,1.854666,-0.000000
1083,0.845766,0.022108,46.374962,1.855558,0.000000
1084,0.845193,0.005794,45.837036,1.856870,-0.000000
1085,0.842154,0.013207,43.732367,1.865663,-0.000000
1086,0.848265,0.026295,44.728901,1.866924,-0.000000
1087,0.843923,0.007533,51.162488,1.856283,0.000000
1088,0.846728,0.004599,48.731923,1.852966,0.000000
1089,0.845176,0.003938,48.000762,1.865962,0.000000
1090,0.847543,0.056211,46.403237,1.856526,0.000000
1091,0.845480,0.010048,45.332806,1.843534,0.000000
1092,0.848223,0.016515,43.728038,1.840118,-0.000000
1093,0.845118,0.016117,44.849199,1.843530,-0.000000
1094,0.847310,0.006432,46.345102,1.846187,0.000000
1095,0.832873,0.006740,41.797701,1.861774,-0.000000
1096,0.845475,0.060371,39.734363,1.874942,0.000000
1097,0.835034,0.030032,37.561614,1.874171,0.000000
1098,0.835505,0.015415,39.779801,1.877723,0.000000
1099,0.847413,0.048466,30.760216,1.875556,0.000000
1100,0.819537,0.006767,45.682466,1.872556,-0.000000
1101,0.849983,0.028970,41.042577,1.875594,0.000000
1102,0.850450,0.031756,43.232393,1.880553,-0.000000
1103,0.849649,0.035921,29.932061,1.868845,-0.000000
1104,0.852933,0.009246,39.033896,1.850151,0.000000
1105,0.848049,0.013200,27.818831,1.846296,0.000000
1106,0.849877,0.168012,35.131999,1.842518,-0.000000
1107,0.848909,0.015590,32.504877,1.858914,0.000000
1108,0.851915,0.073117,29.988615,1.859881,-0.000000
1109,0.851282,0.033304,46.531698,1.846758,0.000000
1110,0.849440,0.032326,53.418456,1.843310,0.000000
1111,0.849335,-0.001262,57.003898,1.846873,-0.000000
1112,0.847930,0.006331,63.944947,1.849554,-0.000000
1113,0.850892,0.005209,57.312712,1.840133,-0.000000
1114,0.849449,-0.003205,51.891722,1.841470,-0.000000
1115,0.848790,0.063996,50.298837,1.846993,-0.000000
1116,0.847998,0.030096,52.050340,1.849819,0.000000
1117,0.850335,0.005479,47.637011,1.853125,0.000000
1118,0.847743,0.048935,48.690747,1.844987,-0.000000
1119,0.848099,0.007683,43.634104,1.835419,-0.000000
1120,0.849474,0.003547,38.510769,1.826492,-0.000000
1121,0.849505,0.017416,31.940498,1.815417,0.000000
1122,0.847634,0.083517,34.705967,1.811028,-0.000000
1123,0.848695,0.008381,37.863059,1.802113,0.000000
1124,0.848840,0.017400,44.076588,1.790351,0.000000
1125,0.851625,0.007281,33.447912,1.775963,-0.000000
1126,0.852093,0.000436,53.128826,1.776954,-0.000000
1127,0.850995,0.009627,56.199560,1.784354,-0.000000
1128,0.850327,0.000567,54.856875,1.784569,0.000000
1129,0.850946,-0.003966,49.464358,1.792283,0.000000
1130,0.851915,0.016638,46.525316,1.815080,-0.000000
1131,0.850308,0.021437,45.397166,1.813227,-0.000000
1132,0.851858,0.013469,40.809245,1.802348,0.000000
1133,0.847893,0.019017,15.552509,1.786375,0.000000
1134,0.853363,0.007616,23.836312,1.772006,0.000000
1135,0.852119,0.027455,19.471068,1.772994,-0.000000
1136,0.851908,0.018334,21.086715,1.763009,0.000000
1137,0.848072,0.024351,12.581305,1.736337,-0.000000
1138,0.849437,0.051890,19.236759,1.717351,-0.000000
1139,0.851266,0.066579,18.447506,1.721023,0.000000
1140,0.844219,0.000118,27.379718,1.731158,0.000000
1141,0.849882,-0.004581,38.487825,1.731206,0.000000
1142,0.850708,0.008333,34.738662,1.735262,-0.000000
1143,0.851801,0.020416,23.544373,1.735645,-0.000000
1144,0.848530,0.041946,18.216897,1.719098,-0.000000
1145,0.851629,0.005395,24.615734,1.699000,-0.000000
1146,0.849286,0.050396,42.865501,1.699103,-0.000000
1147,0.854211,-0.001958,27.528478,1.716738,0.000000
1148,0.850545,0.094503,35.870283,1.712304,0.000000
1149,0.854238,0.005128,51.312855,1.680399,-0.000000
1150,0.852251,0.011696,22.386624,1.666804,-0.000000
1151,0.856833,-0.004008,52.988672,1.672090,-0.000000
1152,0.856346,0.003246,33.421905,1.691235,-0.000000
1153,0.855451,0.024377,13.940515,1.691945,0.000000
1154,0.860044,0.041012,28.760010,1.686090,0.000000
1155,0.858052,0.000691,32.810743,1.689173,-0.000000
1156,0.857081,-0.002980,56.543223,1.714902,-0.000000
1157,0.857958,0.006582,66.109938,1.749793,-0.000000
1158,0.855332,-0.000835,59.648624,1.760321,0.000000
1159,0.853785,0.044383,51.099978,1.773673,-0.000000
1160,0.855743,0.004150,37.089043,1.781173,0.000000
1161,0.854460,0.006335,24.487928,1.778553,0.000000
1162,0.856887,0.026116,33.983370,1.773792,0.000000
1163,0.854331,0.005446,43.229341,1.774053,0.000000
1164,0.848405,0.065274,42.851143,1.798268,0.000000
1165,0.850232,0.003340,35.673055,1.808123,0.000000
1166,0.849853,0.005015,31.750526,1.817821,0.000000
1167,0.847845,0.004714,44.559976,1.811794,0.000000
1168,0.808063,0.004218,53.382241,1.793809,-0.000000
1169,0.844808,0.001752,57.738271,1.798749,0.000000
1170,0.849360,0.000813,56.284179,1.801861,0.000000
1171,0.847014,-0.000891,41.654903,1.806705,-0.000000
1172,0.846446,0.022776,40.745307,1.810868,-0.000000
1173,0.851749,0.035876,31.226047,1.780470,-0.000000
1174,0.774952,-0.006602,45.566328,1.768845,0.000000
1175,0.801416,0.015892,37.266824,1.783350,-0.000000
1176,0.842119,0.003240,41.903004,1.777083,0.000000
1177,0.846263,0.183818,55.607352,1.773019,-0.000000
1178,0.850692,-0.001917,49.260860,1.790865,0.000000
1179,0.843763,0.011136,53.473198,1.811116,0.000000
1180,0.842351,0.011871,47.940098,1.826641,-0.000000
1181,0.850491,0.004302,48.562150,1.828534,-0.000000
1182,0.845157,0.139645,46.314144,1.826383,0.000000
1183,0.844154,0.010359,38.789853,1.838198,0.000000
1184,0.846654,0.007433,40.473652,1.840630,0.000000
1185,0.847143,0.001522,54.564615,1.844809,-0.000000
1186,0.842263,0.003124,40.077709,1.844600,0.000000
1187,0.846926,0.100742,40.150698,1.841089,-0.000000
1188,0.844482,0.009927,49.485241,1.835532,0.000000
1189,0.840461,0.026496,48.105755,1.831468,-0.000000
1190,0.844400,0.022632,53.825571,1.828857,0.000000
1191,0.838998,-0.004122,47.909791,1.839207,-0.000000
1192,0.839777,0.007435,48.489650,1.848566,-0.000000
1193,0.839315,0.006125,43.845586,1.865119,-0.000000
1194,0.840984,0.302303,44.396494,1.885935,0.000000
1195,0.843742,0.049409,44.049409,1.881921,0.000000
1196,0.844533,0.099557,49.879611,1.864801,0.000000
1197,0.843385,0.053295,38.065513,1.856994,0.000000
1198,0.828475,0.023695,48.125591,1.852345,-0.000000
1199,0.843350,0.011032,46.113327,1.850040,0.000000
1200,0.842199,0.014056,36.092729,1.840895,0.000000
1201,0.780446,0.035761,66.065177,1.848242,0.000000
1202,0.833568,0.195122,52.381784,1.854188,-0.000000
1203,0.844549,0.001852,44.745542,1.846232,-0.000000
1204,0.783876,0.110135,60.377514,1.844527,0.000000
1205,0.843460,0.659654,46.945668,1.831006,-0.000000
1206,0.844751,0.001479,50.422380,1.834822,0.000000
1207,0.824103,-0.005126,51.985218,1.861643,-0.000000
1208,0.844390,0.003872,44.842903,1.869610,0.000000
1209,0.846914,0.011771,48.754599,1.866457,0.000000
1210,0.843268,-0.000230,50.085007,1.880446,0.000000
1211,0.803066,0.043286,60.772798,1.890755,-0.000000
1212,0.646315,0.065292,70.968806,1.874891,-0.000000
1213,0.562977,0.138241,33.277684,1.866102,0.000000
1214,0.559053,0.074842,10.360119,1.858073,0.000000
1215,0.541973,0.034939,3.432137,1.827570,-0.000000
1216,0.536384,0.046325,2.445000,1.787076,-0.000000
1217,0.549169,0.047481,2.103037,1.754939,-0.000000
1218,0.587690,0.031512,2.580802,1.714828,0.000000
1219,0.592657,0.021623,2.299778,1.690158,0.000000
1220,0.584407,0.082587,1.156747,1.662259,0.000000
1221,0.718677,0.148683,9.310356,1.639584,0.000000
1222,0.660375,0.017106,7.017933,1.621343,-0.000000
1223,0.695817,0.029512,10.110619,1.601234,0.000000
1224,0.729398,0.024133,11.069034,1.591834,0.000000
1225,0.796282,0.015060,27.001090,1.588462,0.000000
1226,0.843370,0.011721,32.058691,1.583697,-0.000000
1227,0.837443,0.015279,32.106666,1.582405,0.000000
1228,0.839512,0.026832,35.734347,1.581396,-0.000000
1229,0.818992,0.000868,35.351495,1.579201,-0.000000
1230,0.830291,0.047575,37.533093,1.570607,0.000000
1231,0.829105,0.008461,37.926451,1.573411,0.000000
1232,0.846654,0.043442,40.809338,1.573387,-0.000000
1233,0.844704,0.032803,42.983086,1.554657,0.000000
1234,0.826776,0.004493,39.050105,1.545127,0.000000
1235,0.849092,0.000489,45.006217,1.546614,0.000000
1236,0.851496,0.014726,43.810557,1.553756,-0.000000
1237,0.845607,0.025914,45.841152,1.546641,-0.000000
1238,0.850390,-0.007099,46.642967,1.560993,0.000000
1239,0.851110,0.013162,47.396701,1.590591,-0.000000
1240,0.854104,-0.005366,47.053917,1.606634,0.000000
1241,0.851276,-0.000645,43.857348,1.625065,-0.000000
1242,0.853382,-0.001902,38.945261,1.656518,0.000000
1243,0.854554,0.290411,46.318922,1.691873,-0.000000
1244,0.855878,-0.002326,41.597559,1.708814,0.000000
1245,0.854425,0.032903,42.905750,1.713340,-0.000000
1246,0.853400,-0.007370,36.083244,1.707715,0.000000
1247,0.852874,0.007283,42.361734,1.716070,0.000000
1248,0.849825,0.004950,50.210195,1.731604,0.000000
1249,0.847212,0.011164,37.239987,1.748931,0.000000
1250,0.847078,0.023500,41.770394,1.751823,0.000000
1251,0.844279,0.016063,46.550936,1.746768,-0.000000
1252,0.836605,0.485844,43.631484,1.742130,-0.000000
1253,0.838656,0.021028,50.574278,1.737330,-0.000000
1254,0.823926,0.001012,51.100756,1.731963,-0.000000
1255,0.841843,0.016384,52.688520,1.725936,-0.000000
1256,0.844431,0.001257,50.650773,1.730747,-0.000000
1257,0.845233,0.003690,52.072786,1.740483,-0.000000
1258,0.839409,0.038919,46.179205,1.758252,-0.000000
1259,0.844116,0.002040,48.455576,1.793978,-0.000000
1260,0.843939,0.006172,48.661468,1.812558,-0.000000
1261,0.840468,0.002260,50.589411,1.815051,0.000000
1262,0.833909,0.007527,45.761505,1.811624,0.000000
1263,0.830247,0.028367,43.965455,1.810237,0.000000
1264,0.825995,0.017221,41.427613,1.816485,0.000000
1265,0.840047,0.022932,41.314730,1.815538,0.000000
1266,0.815617,0.072381,35.880611,1.828444,0.000000
1267,0.842856,0.012954,43.570461,1.837810,-0.000000
1268,0.836167,0.005717,42.485102,1.824247,0.000000
1269,0.843740,0.061738,43.197613,1.805995,-0.000000
1270,0.842972,0.015230,41.837006,1.801782,0.000000
1271,0.843104,-0.004100,42.302839,1.815389,0.000000
1272,0.833127,0.011802,44.984131,1.844109,0.000000
1273,0.814860,0.006883,42.316625,1.856542,0.000000
1274,0.843816,0.044821,42.135377,1.863276,-0.000000
1275,0.836149,0.023505,43.057328,1.876194,0.000000
1276,0.843256,0.009339,46.092569,1.890681,0.000000
1277,0.831762,0.022274,45.049942,1.894308,-0.000000
1278,0.818710,0.028749,44.900371,1.892794,0.000000
1279,0.838883,-0.002873,44.224346,1.904956,-0.000000
1280,0.817031,0.081835,40.841587,1.912722,0.000000
1281,0.833954,0.030448,41.763843,1.911554,-0.000000
1282,0.836734,0.016278,37.923956,1.903464,0.000000
1283,0.840256,0.041780,40.748410,1.892415,0.000000
1284,0.838538,0.042233,37.871080,1.887240,-0.000000
1285,0.819343,0.044595,55.988753,1.884507,0.000000
1286,0.822040,0.011070,48.973838,1.884202,0.000000
1287,0.820068,0.003292,48.731028,1.887182,-0.000000
1288,0.838748,0.001850,43.100401,1.884826,0.000000
1289,0.836624,0.077179,49.628997,1.888378,-0.000000
1290,0.836476,0.263584,47.109048,1.886459,-0.000000
1291,0.821475,0.020471,47.165210,1.879967,-0.000000
1292,0.836834,0.025763,52.018390,1.871862,0.000000
1293,0.844278,0.012988,46.896665,1.853377,0.000000
1294,0.841765,0.019396,46.506374,1.845252,0.000000
1295,0.846634,0.019516,37.267214,1.841341,0.000000
1296,0.845911,0.034709,45.713391,1.841790,0.000000
1297,0.839136,0.007924,46.590299,1.831147,0.000000
1298,0.837220,0.027308,46.224305,1.812414,-0.000000
1299,0.813300,0.031267,47.436899,1.813239,0.000000
1300,0.840030,0.017942,48.491038,1.823942,-0.000000
1301,0.833332,0.008542,47.033013,1.832043,0.000000
1302,0.842229,0.016238,44.287555,1.836398,-0.000000
1303,0.822538,0.037169,40.554773,1.825056,0.000000
1304,0.837834,0.029794,46.776466,1.812495,0.000000
1305,0.841799,0.027602,45.777832,1.799058,-0.000000
1306,0.835826,0.171533,40.076953,1.792946,-0.000000
1307,0.839724,0.009206,41.635628,1.790963,-0.000000
1308,0.814765,0.000605,47.441286,1.793852,0.000000
1309,0.837748,0.034448,54.005098,1.793466,0.000000
1310,0.667849,0.029679,61.686086,1.785361,-0.000000
1311,0.754004,0.264485,37.012835,1.767853,-0.000000
1312,0.841508,0.007805,43.263008,1.753285,0.000000
1313,0.839039,0.001654,45.843798,1.759730,0.000000
1314,0.820709,0.000444,45.344826,1.764334,-0.000000
1315,0.847345,0.036601,41.440216,1.776903,0.000000
1316,0.845454,0.009501,44.329773,1.800065,-0.000000
1317,0.842111,0.028788,45.142351,1.802759,0.000000
1318,0.846204,0.000116,49.740584,1.801642,-0.000000
1319,0.847833,0.036339,48.224255,1.808390,-0.000000
1320,0.846262,0.012409,51.055375,1.820058,-0.000000
1321,0.846960,0.185297,50.253511,1.814649,-0.000000
1322,0.842312,0.016895,48.009707,1.807619,-0.000000
1323,0.846260,0.025409,39.224352,1.808154,-0.000000
1324,0.838661,0.002351,39.803531,1.819085,0.000000
1325,0.837553,0.015556,47.862334,1.834311,0.000000
1326,0.840328,0.018142,46.193163,1.842178,0.000000
1327,0.840705,-0.002815,40.337449,1.853594,0.000000
1328,0.845352,0.033043,47.999926,1.856056,0.000000
1329,0.845030,0.002723,34.514340,1.861266,-0.000000
1330,0.845668,0.004189,36.984927,1.860340,-0.000000
1331,0.844983,-0.001183,41.656821,1.856592,-0.000000
1332,0.847426,0.005535,27.061322,1.873965,-0.000000
1333,0.850874,0.041860,35.910306,1.882920,0.000000
1334,0.847463,0.017681,53.368132,1.880789,0.000000
1335,0.851385,0.020880,40.650411,1.883889,-0.000000
1336,0.852430,0.011755,51.139242,1.896339,-0.000000
1337,0.846717,0.015582,32.948031,1.903243,0.000000
1338,0.709154,0.026126,67.864927,1.889431,-0.000000
1339,0.666228,0.040346,55.222179,1.875284,0.000000
1340,0.778966,0.028969,48.837430,1.857035,0.000000
1341,0.847170,0.006863,44.759738,1.850407,-0.000000
1342,0.831047,0.057711,39.621457,1.850666,0.000000
1343,0.832901,0.033156,51.009381,1.857431,-0.000000
1344,0.833722,0.007619,53.338088,1.859520,-0.000000
1345,0.811098,0.026283,54.985983,1.852268,0.000000
1346,0.851624,0.002133,53.098578,1.853343,0.000000
1347,0.805716,0.054588,59.538260,1.846480,0.000000
1348,0.837138,0.066724,45.947482,1.830625,0.000000
1349,0.849783,0.013193,49.935953,1.829386,0.000000
1350,0.849376,0.034230,47.403993,1.841890,-0.000000
1351,0.848755,0.001970,50.222324,1.858029,0.000000
1352,0.846047,0.000678,52.828524,1.867139,-0.000000
1353,0.848337,0.006513,43.634993,1.863735,-0.000000
1354,0.848029,0.004064,43.040546,1.863569,0.000000
1355,0.847474,0.012137,54.650242,1.863385,-0.000000
1356,0.846331,0.002073,43.549293,1.862896,-0.000000
1357,0.844731,0.005569,43.720187,1.868795,0.000000
1358,0.848588,0.013344,41.905917,1.864765,-0.000000
1359,0.847136,0.008951,40.812405,1.849963,-0.000000
1360,0.851356,-0.000956,47.933251,1.860180,-0.000000
1361,0.852603,0.060079,38.382843,1.867789,-0.000000
1362,0.849814,0.000323,53.629173,1.858621,-0.000000
1363,0.838944,0.039596,50.916375,1.870324,-0.000000
1364,0.851143,0.027244,53.946810,1.872342,0.000000
1365,0.854450,0.024460,46.255628,1.864807,0.000000
1366,0.854670,0.011052,51.358691,1.857149,0.000000
1367,0.853483,0.067015,50.586614,1.847518,0.000000
1368,0.841842,0.005783,48.210814,1.852220,0.000000
1369,0.854999,0.003369,47.464944,1.859788,-0.000000
1370,0.847760,-0.000796,46.769520,1.863476,0.000000
1371,0.854141,0.023494,43.112363,1.863972,0.000000
1372,0.852077,0.021592,39.872225,1.853915,-0.000000
1373,0.853200,-0.000987,38.573700,1.852844,0.000000
1374,0.854669,0.028525,42.065167,1.853665,0.000000
1375,0.855324,0.092819,37.300160,1.832857,0.000000
1376,0.855952,0.013875,35.934693,1.833188,-0.000000
1377,0.853486,0.006668,36.722795,1.853783,-0.000000
1378,0.851931,0.004079,38.165765,1.850502,-0.000000
1379,0.856459,0.042963,34.408289,1.845025,-0.000000
1380,0.838463,0.082133,40.174589,1.837462,-0.000000
1381,0.852590,0.208936,36.000609,1.837387,-0.000000
1382,0.853728,0.025300,34.011622,1.838449,-0.000000
1383,0.835517,0.001866,30.717065,1.834028,-0.000000
1384,0.849553,0.024388,38.693336,1.821970,0.000000
1385,0.852721,0.060577,37.890347,1.801022,0.000000
1386,0.838326,0.095973,37.970073,1.792379,-0.000000
1387,0.851658,0.017169,32.811651,1.796401,0.000000
1388,0.813395,0.018717,45.084518,1.804308,0.000000
1389,0.841720,0.007481,44.443378,1.809888,0.000000
1390,0.853248,0.065005,53.003777,1.808477,-0.000000
1391,0.847151,0.037010,37.080575,1.804102,0.000000
1392,0.851634,0.014386,39.959000,1.797890,-0.000000
1393,0.849167,0.267432,38.808262,1.796576,0.000000
1394,0.847959,0.005155,47.801562,1.797569,0.000000
1395,0.850273,0.012188,37.884998,1.802616,0.000000
1396,0.846449,0.002441,51.538129,1.800851,0.000000
1397,0.849809,0.002492,51.117996,1.794561,0.000000
1398,0.847212,0.009778,47.037000,1.795067,-0.000000
1399,0.845253,0.007133,58.131515,1.795864,-0.000000
1400,0.848409,-0.004799,54.577333,1.804396,-0.000000
1401,0.842824,-0.002054,54.827007,1.807956,0.000000
1402,0.847711,0.020295,56.677772,1.807142,0.000000
1403,0.841555,1.249072,51.502599,1.804607,0.000000
1404,0.845354,0.045589,49.803222,1.794791,-0.000000
1405,0.845926,0.006857,46.047651,1.796390,0.000000
1406,0.842824,0.078734,48.939885,1.787744,-0.000000
1407,0.844702,0.044043,48.791548,1.784581,-0.000000
1408,0.840930,0.031845,47.934445,1.787071,-0.000000
1409,0.708585,0.013737,58.538434,1.773884,0.000000
1410,0.679580,-0.000185,49.231064,1.770577,0.000000
1411,0.624787,0.084714,27.850466,1.759390,-0.000000
1412,0.711421,0.010489,34.708421,1.741853,-0.000000
1413,0.783244,0.005761,44.799440,1.741085,-0.000000
1414,0.670863,0.085754,25.128242,1.738943,0.000000
1415,0.641302,0.051660,6.983506,1.715466,0.000000
1416,0.724544,0.124394,29.906314,1.696969,0.000000
1417,0.759711,0.092529,29.186621,1.678984,0.000000
1418,0.764764,0.061102,29.269958,1.665820,0.000000
1419,0.840585,0.005217,41.017453,1.665895,0.000000
1420,0.782590,0.009685,22.526796,1.658966,0.000000
1421,0.844226,0.000885,34.826998,1.646728,-0.000000
1422,0.801463,0.002565,37.390558,1.652640,0.000000
1423,0.848090,0.008540,36.346109,1.657532,-0.000000
1424,0.848980,0.008423,33.158083,1.665677,-0.000000
1425,0.843462,0.006836,42.134271,1.680227,0.000000
1426,0.840350,0.196497,34.468398,1.694644,0.000000
1427,0.845865,0.034263,35.507618,1.698858,0.000000
1428,0.836322,-0.001735,32.302026,1.694509,0.000000
1429,0.845396,0.005195,39.559953,1.714051,0.000000
1430,0.846411,0.021831,42.010804,1.730557,-0.000000
1431,0.843703,0.016010,43.678037,1.737779,0.000000
1432,0.838367,-0.004862,43.541966,1.740948,-0.000000
1433,0.847114,0.010094,51.738060,1.736009,-0.000000
1434,0.847534,0.005727,43.313565,1.727826,0.000000
1435,0.845138,-0.001180,44.621491,1.733502,-0.000000
1436,0.841511,0.111083,43.397328,1.733233,-0.000000
1437,0.843417,0.008915,42.058013,1.725732,-0.000000
1438,0.846524,0.057642,45.055993,1.738211,-0.000000
1439,0.844122,-0.002387,50.421310,1.750756,-0.000000
1440,0.843104,0.009641,50.081127,1.760803,0.000000
1441,0.841316,0.003051,56.371496,1.776029,0.000000
1442,0.836273,0.015171,59.017719,1.793656,-0.000000
1443,0.836866,0.011432,56.458211,1.791876,0.000000
1444,0.839315,0.004991,49.773887,1.779033,0.000000
1445,0.831066,0.037266,42.867865,1.764056,0.000000
1446,0.831698,0.010707,48.512042,1.761454,0.000000
1447,0.833884,0.035215,48.102903,1.776530,0.000000
1448,0.835180,0.014182,46.142408,1.785973,0.000000
1449,0.832147,-0.002723,44.693432,1.798514,-0.000000
1450,0.836359,0.007017,43.804328,1.809238,0.000000
1451,0.809250,0.044988,36.935384,1.799120,0.000000
1452,0.836867,0.002133,40.202901,1.791166,-0.000000
1453,0.832015,0.022675,40.361941,1.778810,0.000000
1454,0.840365,0.008903,44.004600,1.775564,0.000000
1455,0.836697,0.037651,40.678615,1.773099,0.000000
1456,0.842648,0.016673,41.929503,1.761990,-0.000000
1457,0.835675,0.047341,40.458699,1.758572,0.000000
1458,0.841517,0.023643,40.789723,1.745091,0.000000
1459,0.831081,0.007329,40.632417,1.730866,0.000000
1460,0.838509,0.010404,39.964974,1.729630,-0.000000
1461,0.825364,0.007238,42.997479,1.735926,-0.000000
1462,0.831232,0.001183,40.790833,1.747871,-0.000000
1463,0.835321,0.002998,40.110847,1.765406,-0.000000
1464,0.835865,0.002935,40.002701,1.793027,0.000000
1465,0.837502,0.001081,44.457587,1.814380,-0.000000
1466,0.832212,0.011100,42.934551,1.798168,0.000000
1467,0.835325,0.085466,43.685761,1.774172,-0.000000
1468,0.834183,0.000010,45.109574,1.772220,0.000000
1469,0.784549,0.007124,50.386784,1.759032,-0.000000
1470,0.818973,0.033651,35.442235,1.761899,0.000000
1471,0.834279,0.013742,39.588876,1.781190,-0.000000
1472,0.829768,0.055910,41.732941,1.792370,-0.000000
1473,0.815591,-0.001560,32.552458,1.789592,0.000000
1474,0.830395,0.043781,27.390813,1.804185,0.000000
1475,0.833871,0.008649,28.878840,1.817492,0.000000
1476,0.829862,0.057298,14.519441,1.813773,-0.000000
1477,0.823766,0.013696,18.807736,1.807925,0.000000
1478,0.834582,0.014274,15.289548,1.796112,0.000000
1479,0.823196,0.023789,12.984658,1.774100,-0.000000
1480,0.836909,0.031381,9.188214,1.754025,-0.000000
1481,0.828273,0.201675,9.981295,1.731604,0.000000
1482,0.830599,0.012831,33.390688,1.723348,0.000000
1483,0.841133,0.006241,39.464874,1.726562,-0.000000
1484,0.841957,-0.002188,50.277160,1.731795,-0.000000
1485,0.837625,-0.001092,48.271994,1.737714,-0.000000
1486,0.842025,0.001030,34.352249,1.754175,-0.000000
1487,0.840060,0.003231,37.488904,1.774230,0.000000
1488,0.836630,0.021630,25.913400,1.769495,-0.000000
1489,0.840997,0.009611,29.945535,1.762122,0.000000
1490,0.843268,-0.004944,26.560894,1.760680,-0.000000
1491,0.841777,0.012648,44.282430,1.761161,-0.000000
1492,0.844286,-0.004031,30.047170,1.772364,-0.000000
1493,0.847346,0.135528,54.572295,1.780011,-0.000000
1494,0.848411,0.003766,38.296527,1.774854,0.000000
1495,0.846012,0.005980,43.088812,1.791168,0.000000
1496,0.844457,0.028036,49.933611,1.808111,0.000000
1497,0.847101,0.036183,41.473187,1.808222,-0.000000
1498,0.841944,0.013594,53.421897,1.801903,-0.000000
1499,0.845832,0.011470,36.392477,1.797121,0.000000
1500,0.848961,-0.000219,23.653973,1.800314,0.000000
1501,0.846337,0.022058,40.147759,1.802142,-0.000000
1502,0.848947,0.086417,37.091674,1.825079,-0.000000
1503,0.850820,0.005409,32.674386,1.848379,-0.000000
1504,0.845815,0.013320,27.959324,1.854417,-0.000000
1505,0.828617,0.005261,43.242624,1.852382,-0.000000
1506,0.848763,0.007409,61.904443,1.859480,-0.000000
1507,0.846780,0.025767,62.304663,1.861014,-0.000000
1508,0.827806,-0.003034,56.513521,1.861055,-0.000000
1509,0.843606,0.050646,51.526358,1.881069,-0.000000
1510,0.840529,0.086682,51.846848,1.903914,0.000000
1511,0.843597,0.008893,50.652518,1.906122,0.000000
1512,0.765167,0.019320,62.532281,1.905902,0.000000
1513,0.788961,0.159936,47.364252,1.915736,-0.000000
1514,0.683506,0.016346,29.280114,1.910412,-0.000000
1515,0.736475,0.094812,33.918623,1.879418,0.000000
1516,0.793070,0.007996,37.032754,1.848849,-0.000000
1517,0.801002,0.055799,42.604621,1.822832,0.000000
1518,0.825842,0.012081,37.064747,1.782441,-0.000000
1519,0.836576,0.082735,44.073716,1.753851,0.000000
1520,0.797414,0.023085,44.223286,1.737015,-0.000000
1521,0.842967,0.010533,43.835183,1.721561,-0.000000
1522,0.840203,-0.003279,44.468064,1.721481,0.000000
1523,0.849688,0.040833,43.316401,1.735404,0.000000
1524,0.828988,0.065029,39.685073,1.736501,-0.000000
1525,0.805324,0.045573,56.312888,1.746065,0.000000
1526,0.845807,0.028925,48.156703,1.753954,0.000000
1527,0.845327,0.042221,51.431107,1.747093,0.000000
1528,0.828001,0.020368,47.203125,1.748152,0.000000
1529,0.844823,0.031532,46.655691,1.766967,0.000000
1530,0.849277,0.004719,49.459020,1.794388,-0.000000
1531,0.849774,0.004838,48.567871,1.822695,-0.000000
1532,0.849273,0.001692,51.073174,1.833217,0.000000
1533,0.844513,0.021522,50.357825,1.832315,-0.000000
1534,0.851882,0.003029,45.300318,1.837529,0.000000
1535,0.845266,0.063537,46.156922,1.841260,-0.000000
1536,0.851464,0.052073,41.817099,1.824996,-0.000000
1537,0.847308,0.005158,46.518842,1.824984,0.000000
1538,0.847632,0.021393,42.165371,1.841949,0.000000
1539,0.849956,0.121312,40.246442,1.837123,0.000000
1540,0.850013,0.008782,40.040597,1.832226,0.000000
1541,0.849479,0.023184,42.005055,1.835113,0.000000
1542,0.846579,-0.001608,40.036804,1.843962,-0.000000
1543,0.850174,-0.003743,43.793402,1.857464,0.000000
1544,0.844933,0.020635,46.091959,1.869508,0.000000
1545,0.844033,0.122741,42.306347,1.884669,-0.000000
1546,0.843951,0.026078,47.710253,1.878653,-0.000000
1547,0.848026,-0.004620,44.750976,1.865618,-0.000000
1548,0.848167,0.006173,45.647098,1.855665,-0.000000
1549,0.850204,0.015742,43.465735,1.837040,0.000000
1550,0.848105,0.020735,47.101495,1.830138,0.000000
1551,0.846875,0.001617,49.138145,1.839665,0.000000
1552,0.841007,0.028872,51.694344,1.851250,0.000000
1553,0.844185,0.002341,49.437008,1.866655,0.000000
1554,0.843749,0.012456,49.900041,1.880085,0.000000
1555,0.844033,0.039123,49.669680,1.882884,-0.000000
1556,0.842500,0.009378,49.109691,1.888105,0.000000
1557,0.831656,0.010386,42.689655,1.902390,-0.000000
1558,0.845159,0.016119,42.998420,1.917990,0.000000
1559,0.844118,0.156373,43.065802,1.913864,-0.000000
1560,0.844370,0.025187,44.305905,1.895417,-0.000000
1561,0.843932,0.108481,43.955925,1.872502,-0.000000
1562,0.844384,0.009092,48.486102,1.859529,-0.000000
1563,0.845195,0.040751,47.736809,1.859102,-0.000000
1564,0.845465,0.000622,52.503525,1.864730,0.000000
1565,0.822378,0.012642,43.850374,1.874168,-0.000000
1566,0.839896,0.020951,43.527540,1.866613,-0.000000
1567,0.841653,0.007679,46.058883,1.854264,0.000000
1568,0.838243,-0.000059,44.229646,1.850649,-0.000000
1569,0.820521,0.002780,43.275801,1.852461,-0.000000
1570,0.805017,-0.004805,49.332784,1.849295,-0.000000
1571,0.824279,0.086325,43.371641,1.861348,-0.000000
1572,0.839890,0.045545,48.379010,1.882459,0.000000
1573,0.840140,0.006535,47.558936,1.890941,0.000000
1574,0.839246,0.002043,43.144300,1.892400,0.000000
1575,0.835890,0.049173,41.806268,1.892259,0.000000
1576,0.835102,0.004051,45.929191,1.883061,0.000000
1577,0.833244,0.000756,43.756218,1.880728,-0.000000
1578,0.839193,0.030106,45.243570,1.880830,0.000000
1579,0.840500,0.016459,49.001612,1.888982,0.000000
1580,0.834441,-0.004056,39.639289,1.898290,0.000000
1581,0.838571,0.002711,48.989788,1.886860,-0.000000
1582,0.839191,0.021758,47.030846,1.882486,0.000000
1583,0.836318,0.007428,58.931215,1.887761,-0.000000
1584,0.834876,0.007650,57.817630,1.895199,0.000000
1585,0.830417,0.110450,49.929629,1.900471,0.000000
1586,0.829821,0.003234,40.800529,1.907043,0.000000
1587,0.833736,0.005324,41.682148,1.911150,-0.000000
1588,0.793564,0.304159,55.260340,1.912340,0.000000
1589,0.828797,0.018329,49.225111,1.901580,-0.000000
1590,0.830584,0.003611,43.357105,1.889886,0.000000
1591,0.831574,0.001346,46.047153,1.890447,-0.000000
1592,0.830950,-0.000521,46.484666,1.887545,0.000000
1593,0.829869,0.052195,42.987110,1.892875,-0.000000
1594,0.834143,0.084762,46.627083,1.908154,0.000000
1595,0.830775,0.002440,50.192950,1.917737,0.000000
1596,0.837338,0.001530,44.392845,1.926824,0.000000
1597,0.833907,0.009408,40.227716,1.930408,0.000000
1598,0.835225,0.022865,34.594533,1.925099,0.000000
1599,0.833440,0.020331,45.336897,1.914019,-0.000000
1600,0.834597,0.071961,31.980857,1.895805,0.000000
1601,0.828094,0.010913,35.384211,1.887012,0.000000
1602,0.832280,0.002834,36.979355,1.881838,-0.000000
1603,0.823814,0.008620,34.018105,1.885116,0.000000
1604,0.826861,0.000135,38.707480,1.878356,-0.000000
1605,0.831321,0.015935,35.563297,1.855439,-0.000000
1606,0.826120,0.006612,28.381975,1.837914,0.000000
1607,0.826396,0.006661,33.464398,1.835385,-0.000000
1608,0.826438,0.017263,22.569461,1.842549,-0.000000
1609,0.824601,0.027447,24.279068,1.834436,0.000000
1610,0.818395,0.040889,16.425934,1.822094,0.000000
1611,0.822357,0.098197,20.546543,1.800171,0.000000
1612,0.815429,0.018421,20.407648,1.785294,0.000000
1613,0.819779,0.000274,19.658349,1.779611,-0.000000
1614,0.823989,0.040322,26.507116,1.764152,0.000000
1615,0.829221,0.013734,26.884525,1.747463,0.000000
1616,0.828508,0.008080,25.812664,1.737792,0.000000
1617,0.829488,0.003162,23.996704,1.745300,-0.000000
1618,0.826868,0.041435,18.316819,1.743628,-0.000000
1619,0.832443,0.010786,24.249490,1.731436,0.000000
1620,0.832780,-0.002642,26.848826,1.740150,-0.000000
1621,0.830497,0.006212,33.071907,1.752699,-0.000000
1622,0.832684,0.011580,24.761848,1.748870,0.000000
1623,0.830566,0.013781,30.205051,1.726379,0.000000
1624,0.833204,0.024340,30.968865,1.713834,0.000000
1625,0.831484,0.003165,22.606996,1.699818,0.000000
1626,0.835164,0.370611,30.642720,1.691615,0.000000
1627,0.840086,-0.002147,35.984153,1.698440,0.000000
1628,0.837481,0.000337,50.561932,1.718498,0.000000
1629,0.836158,0.049246,48.423254,1.729346,-0.000000
1630,0.833634,0.043311,58.336039,1.739109,-0.000000
1631,0.837840,-0.001392,45.175307,1.749927,0.000000
1632,0.836558,-0.000833,47.991470,1.754503,0.000000
1633,0.834897,-0.000402,58.353761,1.784043,0.000000
1634,0.835544,-0.002214,31.727945,1.793642,0.000000
1635,0.837936,0.024860,62.483287,1.787513,-0.000000
1636,0.837300,0.117681,60.759052,1.791382,-0.000000
1637,0.835020,0.001099,75.589385,1.798491,0.000000
1638,0.838857,0.052034,56.247027,1.818405,-0.000000
1639,0.834191,0.007147,67.648911,1.835262,0.000000
1640,0.831239,0.006434,64.989476,1.822393,0.000000
1641,0.837842,-0.002409,52.154999,1.813234,-0.000000
1642,0.838320,0.042867,59.288810,1.807646,0.000000
1643,0.841136,0.090126,54.869314,1.805075,0.000000
1644,0.840597,0.038768,53.299516,1.800969,0.000000
1645,0.842251,0.008828,50.494692,1.788665,-0.000000
1646,0.842600,0.028206,45.122688,1.775978,0.000000
1647,0.845438,0.005251,46.065736,1.768652,0.000000
1648,0.842749,0.016530,39.794142,1.764937,-0.000000
1649,0.844672,0.003983,58.982890,1.771891,-0.000000
1650,0.826116,0.040780,54.370100,1.783017,-0.000000
1651,0.822348,0.008974,50.473018,1.787541,-0.000000
1652,0.839655,0.014349,50.500756,1.781480,-0.000000
1653,0.822564,0.017947,46.089962,1.785201,-0.000000
1654,0.841245,0.001184,47.170244,1.804461,-0.000000
1655,0.842345,-0.002063,44.692413,1.812368,-0.000000
1656,0.839406,0.008919,43.457632,1.806185,-0.000000
1657,0.836222,0.037841,44.913044,1.791881,0.000000
1658,0.845560,0.001086,42.638753,1.779794,0.000000
1659,0.829426,0.012471,38.287081,1.780088,0.000000
1660,0.845986,0.005504,40.993133,1.793757,0.000000
1661,0.805986,0.026606,46.818218,1.802141,0.000000
1662,0.846170,0.046061,41.945038,1.789167,0.000000
1663,0.849115,0.026197,43.277661,1.788639,0.000000
1664,0.845660,0.034453,44.784863,1.800305,-0.000000
1665,0.843715,0.069698,47.831307,1.806752,0.000000
1666,0.843943,0.002123,43.693379,1.810458,0.000000
1667,0.840531,0.057611,45.222413,1.805696,-0.000000
1668,0.839046,0.074075,40.865471,1.815952,-0.000000
1669,0.840698,0.085163,42.814011,1.827160,-0.000000
1670,0.836570,0.001011,44.181412,1.821121,0.000000
1671,0.836088,0.016152,43.559988,1.815968,0.000000
1672,0.837979,0.022074,39.861352,1.808063,0.000000
1673,0.833198,0.023347,39.334240,1.801075,0.000000
1674,0.835220,0.001637,38.582238,1.798763,0.000000
1675,0.838668,0.124330,40.131120,1.806178,0.000000
1676,0.838845,0.036427,39.292174,1.812883,0.000000
1677,0.842186,0.040120,41.428855,1.811046,0.000000
1678,0.836636,0.005919,41.234115,1.798959,0.000000
1679,0.841045,0.050344,43.752978,1.793585,-0.000000
1680,0.840641,0.026989,41.601387,1.806717,0.000000
1681,0.843167,0.018595,43.972428,1.824028,-0.000000
1682,0.837952,0.020563,42.627429,1.826271,0.000000
1683,0.838705,0.009867,42.720122,1.831393,-0.000000
1684,0.834587,0.002467,43.850822,1.839454,-0.000000
1685,0.834164,0.105623,46.830541,1.836801,-0.000000
1686,0.815044,0.002186,43.830055,1.831335,-0.000000
1687,0.812535,0.047654,43.513917,1.825775,0.000000
1688,0.787484,0.053445,45.532875,1.806285,-0.000000
1689,0.837507,1.064601,43.060240,1.782490,-0.000000
1690,0.842493,0.005618,43.909503,1.780333,0.000000
1691,0.836777,0.003658,44.908636,1.792652,0.000000
1692,0.840638,0.065228,47.159524,1.797872,-0.000000
1693,0.840315,-0.000149,48.243665,1.800589,0.000000
1694,0.841435,-0.002477,44.721832,1.820263,0.000000
1695,0.836346,0.004456,44.105921,1.831692,-0.000000
1696,0.836994,0.020729,49.557520,1.836639,-0.000000
1697,0.834891,0.012120,53.848515,1.861272,0.000000
1698,0.836862,0.003077,52.363692,1.881878,0.000000
1699,0.836653,0.059135,50.803372,1.877715,0.000000
1700,0.835518,-0.005044,50.056995,1.864627,0.000000
1701,0.832136,0.004833,48.223350,1.858851,-0.000000
1702,0.830947,0.012030,48.114454,1.864324,-0.000000
1703,0.829044,0.030794,46.878622,1.866841,-0.000000
1704,0.832047,0.071513,44.638269,1.858934,-0.000000
1705,0.810353,0.010242,37.387270,1.850650,0.000000
1706,0.831696,0.004552,43.377073,1.851163,0.000000
1707,0.830830,0.019122,44.573206,1.872414,0.000000
1708,0.833963,0.015994,43.920223,1.885536,0.000000
1709,0.831424,-0.001501,41.743116,1.900767,0.000000
1710,0.833197,0.011581,43.990767,1.908915,0.000000
1711,0.834370,0.041110,41.968571,1.902359,-0.000000
1712,0.830157,0.046730,38.770982,1.889084,-0.000000
1713,0.810293,0.106786,29.731695,1.869178,0.000000
1714,0.749818,0.018747,34.147008,1.853143,0.000000
1715,0.786339,0.077250,23.994478,1.823931,-0.000000
1716,0.814575,0.048744,22.264495,1.807672,0.000000
1717,0.810691,0.031939,32.576374,1.786217,0.000000
1718,0.807762,0.040630,35.081973,1.749177,0.000000
1719,0.824286,0.050399,27.523561,1.725403,-0.000000
1720,0.832290,0.032132,22.136951,1.701257,-0.000000
1721,0.824626,0.006402,28.663866,1.688567,-0.000000
1722,0.836784,0.031054,36.532918,1.687633,0.000000
1723,0.815150,0.014565,37.392446,1.682184,0.000000
1724,0.838520,0.012975,44.861483,1.685656,0.000000
1725,0.783335,0.014480,52.778591,1.685226,-0.000000
1726,0.771319,0.017559,35.082289,1.674081,0.000000
1727,0.833045,0.001946,45.285900,1.665045,-0.000000
1728,0.835575,-0.000629,39.318171,1.659603,-0.000000
1729,0.839740,0.024239,43.396345,1.655667,-0.000000
1730,0.812843,-0.003160,37.208059,1.647057,0.000000
1731,0.786181,-0.002156,38.261515,1.651921,-0.000000
1732,0.835525,0.023552,46.752375,1.675382,-0.000000
1733,0.812602,0.058388,39.012900,1.695795,-0.000000
1734,0.839191,0.026863,45.563083,1.688499,0.000000
1735,0.837688,0.005629,41.600802,1.677990,0.000000
1736,0.795285,0.011310,41.166527,1.678707,0.000000
1737,0.821055,0.004389,42.063251,1.683261,0.000000
1738,0.836154,0.314879,41.758657,1.687065,-0.000000
1739,0.840928,0.019955,46.059288,1.682758,0.000000
1740,0.835717,0.019812,50.027961,1.677201,0.000000
1741,0.832723,-0.005832,46.035614,1.680759,0.000000
1742,0.835466,0.003441,39.272492,1.694193,0.000000
1743,0.832643,0.024236,33.568220,1.717361,0.000000
1744,0.834253,0.001489,50.522863,1.725618,-0.000000
1745,0.818150,0.002545,44.225102,1.741170,0.000000
1746,0.838539,0.318759,47.196709,1.756764,0.000000
1747,0.840312,0.021749,41.742697,1.749782,-0.000000
1748,0.837362,0.022416,33.894836,1.740331,0.000000
1749,0.837096,0.010154,50.593055,1.732301,-0.000000
1750,0.834089,0.009635,48.042891,1.722865,-0.000000
1751,0.838692,0.006007,46.357653,1.708217,0.000000
1752,0.807708,-0.000662,38.241210,1.706379,-0.000000
1753,0.816085,0.015818,43.244088,1.711276,-0.000000
1754,0.833749,0.001873,44.641383,1.707375,0.000000
1755,0.816124,0.003762,41.124487,1.702208,0.000000
1756,0.834199,0.009481,38.646420,1.693502,-0.000000
1757,0.836818,-0.003771,45.686625,1.704869,0.000000
1758,0.817870,0.033951,45.500903,1.712812,0.000000
1759,0.839363,0.000274,41.682805,1.709935,-0.000000
1760,0.832449,0.004158,47.680210,1.722319,-0.000000
1761,0.835567,0.002960,45.629907,1.729649,0.000000
1762,0.844337,0.031382,49.341792,1.734869,-0.000000
1763,0.844004,0.020148,47.520647,1.736959,-0.000000
1764,0.843106,0.009067,44.445511,1.742168,0.000000
1765,0.841376,0.099984,44.519620,1.738360,0.000000
1766,0.836395,0.001523,46.935560,1.739686,0.000000
1767,0.830684,0.016896,48.890474,1.758234,0.000000
1768,0.834681,0.005434,47.280420,1.775538,0.000000
1769,0.834835,0.005725,44.349787,1.789572,-0.000000
1770,0.820306,-0.000177,47.207328,1.782856,-0.000000
1771,0.839603,0.016521,45.931490,1.780460,-0.000000
1772,0.820017,0.026755,49.594254,1.780990,-0.000000
1773,0.792850,0.152516,44.210477,1.776219,0.000000
1774,0.796499,0.011949,47.183454,1.777076,0.000000
1775,0.841440,0.006186,40.515660,1.778489,-0.000000
1776,0.840241,0.031777,38.999063,1.781318,0.000000
1777,0.844224,0.012925,32.588282,1.787788,-0.000000
1778,0.842864,0.027250,35.073497,1.789075,0.000000
1779,0.846761,0.032408,32.535681,1.792994,-0.000000
1780,0.846249,0.030737,33.026407,1.804723,-0.000000
1781,0.848864,0.006685,35.333624,1.802195,-0.000000
1782,0.844897,0.016781,34.465446,1.803504,0.000000
1783,0.847592,0.008462,33.452897,1.811280,0.000000
1784,0.843803,0.018040,37.086436,1.821396,0.000000
1785,0.848087,0.034047,34.974694,1.831238,0.000000
1786,0.847274,0.008336,39.808626,1.849298,0.000000
1787,0.845698,0.003319,40.225486,1.880365,-0.000000
1788,0.843245,0.004975,46.427399,1.902007,-0.000000
1789,0.842829,0.022954,42.563593,1.889498,0.000000
1790,0.799420,-0.001471,45.309538,1.867307,0.000000
1791,0.822224,0.077215,39.601879,1.868178,0.000000
1792,0.844695,0.022830,42.234555,1.858842,-0.000000
1793,0.838998,0.013758,41.247576,1.846367,0.000000
1794,0.842721,0.015955,42.466692,1.833065,-0.000000
1795,0.834522,0.021037,32.716869,1.801042,-0.000000
1796,0.840736,-0.000133,30.830477,1.784850,0.000000
1797,0.842285,0.013750,40.967315,1.789311,0.000000
1798,0.827137,0.006661,36.566198,1.772811,-0.000000
1799,0.843027,0.006170,41.363836,1.762338,0.000000
1800,0.823747,0.041239,50.514729,1.764819,-0.000000
1801,0.845074,0.017055,45.969178,1.763915,-0.000000
1802,0.841972,0.000563,44.968726,1.772824,0.000000
1803,0.844322,0.002775,37.881333,1.795016,0.000000
1804,0.838265,0.008217,44.708424,1.800455,-0.000000
1805,0.842776,0.110613,45.637075,1.799686,0.000000
1806,0.824501,-0.003054,39.507179,1.807282,0.000000
1807,0.834360,0.089942,45.637056,1.818484,0.000000
1808,0.829256,0.012018,36.915876,1.822636,-0.000000
1809,0.831057,0.028490,34.727257,1.831398,0.000000
1810,0.845662,0.051149,39.297288,1.838732,-0.000000
1811,0.837784,0.105130,43.242999,1.855972,0.000000
1812,0.824178,-0.000385,34.353412,1.855770,0.000000
1813,0.840763,0.036835,45.528382,1.853074,0.000000
1814,0.840991,0.015430,37.354964,1.856608,0.000000
1815,0.843921,0.008672,35.570606,1.860469,0.000000
1816,0.840677,0.016342,40.243827,1.865150,-0.000000
1817,0.843745,0.019328,46.040566,1.868011,0.000000
1818,0.817070,0.046242,32.838804,1.868068,-0.000000
1819,0.839059,0.024508,35.432610,1.861472,0.000000
1820,0.848221,-0.005610,41.066076,1.876940,0.000000
1821,0.842908,0.005473,44.532755,1.895342,0.000000
1822,0.843064,0.015762,43.716450,1.904578,0.000000
1823,0.843977,0.020550,46.135638,1.908474,0.000000
1824,0.845268,0.134076,38.497183,1.908348,-0.000000
1825,0.842956,0.030120,42.144356,1.896421,-0.000000
1826,0.843491,0.001704,38.583856,1.891870,-0.000000
1827,0.842902,0.000505,40.073685,1.891070,-0.000000
1828,0.842033,0.013929,34.380025,1.904193,0.000000
1829,0.841150,0.010491,38.665873,1.906944,-0.000000
1830,0.839793,0.006290,26.173069,1.907325,0.000000
1831,0.845813,0.004248,28.796906,1.924938,-0.000000
1832,0.833189,0.131852,31.427588,1.937316,0.000000
1833,0.831569,0.031496,27.425669,1.933710,0.000000
1834,0.839395,0.012297,38.165280,1.926065,0.000000
1835,0.835756,0.030104,29.491772,1.892249,-0.000000
1836,0.830408,0.039223,27.625550,1.872346,-0.000000
1837,0.807319,0.081056,22.882312,1.871692,0.000000
1838,0.826333,0.062645,29.466417,1.866534,0.000000
1839,0.830220,0.068628,31.666102,1.845713,0.000000
1840,0.825040,0.027788,34.859517,1.825130,-0.000000
1841,0.823848,0.004775,31.400669,1.818314,-0.000000
1842,0.830162,-0.001740,39.560275,1.831642,0.000000
1843,0.833811,0.177686,44.230606,1.848189,-0.000000
1844,0.825411,0.059427,39.158202,1.842098,0.000000
1845,0.830745,0.015934,39.174500,1.834290,0.000000
1846,0.823980,0.024749,36.628147,1.832551,0.000000
1847,0.834902,0.022558,35.138995,1.818031,-0.000000
1848,0.831545,0.036544,35.773408,1.802665,-0.000000
1849,0.830437,0.002851,45.690381,1.808762,-0.000000
1850,0.811020,0.080019,40.784060,1.830519,-0.000000
1851,0.831515,0.052919,35.439970,1.857893,-0.000000
1852,0.819061,0.076659,44.219514,1.867754,0.000000
1853,0.836030,-0.004082,51.652145,1.865573,-0.000000
1854,0.837915,0.005270,64.451013,1.866166,0.000000
1855,0.837082,0.001080,54.246688,1.874348,0.000000
1856,0.833215,0.005304,54.669641,1.882392,-0.000000
1857,0.835620,0.016467,53.345560,1.884085,0.000000
1858,0.839347,0.089678,50.501925,1.878308,0.000000
1859,0.836416,-0.001141,39.491601,1.874851,-0.000000
1860,0.838503,0.014912,28.206816,1.868976,-0.000000
1861,0.840485,0.007632,25.972193,1.860649,0.000000
1862,0.842246,0.014730,32.648579,1.852865,0.000000
1863,0.828931,0.025752,32.724497,1.827498,0.000000
1864,0.830277,0.030238,28.271169,1.797372,-0.000000
1865,0.810814,0.067024,31.272875,1.777005,-0.000000
1866,0.832489,0.007305,35.609100,1.755957,0.000000
1867,0.832440,0.003936,50.736002,1.745959,0.000000
1868,0.836164,0.020528,46.203866,1.754921,-0.000000
1869,0.830811,0.013031,41.556156,1.765895,0.000000
1870,0.840367,0.030023,58.412123,1.756801,0.000000
1871,0.833557,0.018852,57.451502,1.765058,0.000000
1872,0.815125,0.011154,47.480504,1.783175,-0.000000
1873,0.825813,0.060439,46.936024,1.790840,0.000000
1874,0.842958,0.022524,37.569027,1.786741,0.000000
1875,0.844376,0.008965,44.872874,1.782321,-0.000000
1876,0.843607,-0.006331,46.479437,1.800986,0.000000
1877,0.842705,0.047591,33.832999,1.817851,-0.000000
1878,0.839659,-0.000956,39.718002,1.830508,0.000000
1879,0.844439,0.050985,38.623716,1.853328,-0.000000
1880,0.844359,0.024451,50.247982,1.863770,-0.000000
1881,0.843841,0.005504,49.756887,1.878992,0.000000
1882,0.843009,0.037158,48.349300,1.881615,0.000000
1883,0.840914,0.016064,44.764643,1.874407,0.000000
1884,0.837099,0.022358,40.383980,1.888606,0.000000
1885,0.843486,0.005979,41.511443,1.905321,0.000000
1886,0.814024,0.041954,49.449717,1.912039,0.000000
1887,0.833909,0.023267,47.317995,1.907954,0.000000
1888,0.836305,0.000557,48.276096,1.906152,0.000000
1889,0.826410,0.001561,44.847454,1.911634,-0.000000
1890,0.817179,-0.000614,45.948902,1.920555,0.000000
1891,0.840862,0.059597,44.035849,1.920937,0.000000
1892,0.836874,0.011659,49.203415,1.898662,-0.000000
1893,0.837981,0.007657,47.154353,1.870482,-0.000000
1894,0.834570,0.005343,43.648141,1.872837,0.000000
1895,0.836254,0.011814,42.859405,1.887042,-0.000000
1896,0.838299,0.044593,36.001590,1.880968,-0.000000
1897,0.836398,0.019059,35.102645,1.876991,-0.000000
1898,0.840443,0.043242,34.321439,1.881454,0.000000
1899,0.839708,0.020365,20.308386,1.891926,0.000000
1900,0.838287,0.052976,23.336084,1.876395,0.000000
1901,0.834170,0.032520,21.190365,1.850136,-0.000000
1902,0.838239,0.039673,22.613552,1.831259,0.000000
1903,0.836556,0.011216,19.411889,1.812652,-0.000000
1904,0.840309,0.015487,27.827608,1.785362,0.000000
1905,0.841481,0.082775,20.948515,1.772497,0.000000
1906,0.840085,0.021638,12.924941,1.755512,0.000000
1907,0.843172,0.001619,25.053823,1.748056,-0.000000
1908,0.841133,0.002760,27.990936,1.765819,-0.000000
1909,0.835096,0.000393,30.609736,1.764370,-0.000000
1910,0.843708,0.074331,35.685141,1.748028,0.000000
1911,0.842836,0.015274,43.954597,1.751438,0.000000
1912,0.842318,0.019635,53.441222,1.747978,0.000000
1913,0.846046,0.049812,25.611209,1.737503,0.000000
1914,0.848131,-0.004694,32.371621,1.746719,0.000000
1915,0.847501,0.012905,43.890272,1.765244,0.000000
1916,0.846380,0.016268,57.359385,1.779657,0.000000
1917,0.843933,0.032493,44.373852,1.782695,0.000000
1918,0.845070,0.008682,48.768760,1.770959,0.000000
1919,0.845649,0.011204,46.270142,1.778801,0.000000
1920,0.843789,0.017126,62.935813,1.792303,-0.000000
1921,0.842347,0.036309,57.197280,1.804893,0.000000
1922,0.843998,0.006305,54.712836,1.809128,0.000000
1923,0.846536,0.001117,51.647256,1.821181,-0.000000
1924,0.842440,0.054945,48.101202,1.816070,-0.000000
1925,0.832596,-0.001745,45.943256,1.814393,0.000000
1926,0.848057,0.043640,47.279244,1.821405,0.000000
1927,0.846922,0.008495,45.105611,1.812969,-0.000000
1928,0.846377,0.010458,46.457059,1.810279,0.000000
1929,0.834344,0.001037,44.090459,1.812486,0.000000
1930,0.849477,0.113367,46.757707,1.818101,-0.000000
1931,0.846728,0.000715,45.717368,1.814412,0.000000
1932,0.847740,0.025300,45.310370,1.818110,-0.000000
1933,0.848737,-0.003319,45.298378,1.823566,0.000000
1934,0.843705,0.003802,43.317575,1.833956,-0.000000
1935,0.842918,0.086153,43.471784,1.856337,0.000000
1936,0.825823,0.007153,45.114369,1.879625,-0.000000
1937,0.825401,0.006385,45.102573,1.875180,0.000000
1938,0.808461,-0.001573,44.641647,1.875859,-0.000000
1939,0.845867,0.016924,41.866327,1.885606,0.000000
1940,0.841147,0.037860,41.465312,1.885558,-0.000000
1941,0.831370,0.040054,38.256561,1.876536,-0.000000
1942,0.843047,0.036803,39.444915,1.876399,-0.000000
1943,0.844115,0.024079,38.227207,1.877360,-0.000000
1944,0.842450,0.003895,37.575708,1.889873,-0.000000
1945,0.847992,0.033758,41.207587,1.895873,0.000000
1946,0.843067,0.002338,42.990362,1.898303,0.000000
1947,0.845040,0.027315,38.195613,1.890642,0.000000
1948,0.840782,0.021676,45.788925,1.880505,0.000000
1949,0.840865,0.050863,44.268398,1.891847,0.000000
1950,0.819741,0.074895,33.054430,1.904489,0.000000
1951,0.822701,0.013649,37.374394,1.886513,-0.000000
1952,0.834773,0.275137,39.855038,1.877931,-0.000000
1953,0.835119,0.049900,40.189369,1.867137,-0.000000
1954,0.826015,0.008065,21.759266,1.863730,0.000000
1955,0.840751,0.031909,29.321315,1.860094,0.000000
1956,0.837131,0.008283,36.568603,1.868342,-0.000000
1957,0.840744,0.350741,43.541542,1.895791,0.000000
1958,0.827580,0.004472,37.067614,1.912604,-0.000000
1959,0.837952,0.143235,46.863113,1.896810,-0.000000
1960,0.823026,0.008237,38.460268,1.897557,0.000000
1961,0.843252,0.023592,48.290406,1.906631,0.000000
1962,0.837152,0.008210,41.895812,1.900933,0.000000
1963,0.838109,-0.001279,45.787493,1.911761,0.000000
1964,0.837047,0.048586,40.405792,1.920256,0.000000
1965,0.793279,-0.000443,54.191422,1.924366,-0.000000
1966,0.838666,0.006144,44.076512,1.942534,-0.000000
1967,0.795273,0.005287,49.086118,1.936794,-0.000000
1968,0.837290,0.014286,41.467408,1.924011,0.000000
1969,0.842284,0.022726,43.830652,1.921035,-0.000000
1970,0.840813,-0.000308,40.757527,1.921868,-0.000000
1971,0.837987,0.028221,41.828320,1.933206,0.000000
1972,0.839849,0.014218,46.569780,1.945890,-0.000000
1973,0.790010,0.020749,46.043713,1.950329,-0.000000
1974,0.740029,0.015306,50.127676,1.950116,-0.000000
1975,0.766777,0.005922,39.412291,1.945805,0.000000
1976,0.795851,0.024660,45.110976,1.937938,-0.000000
1977,0.764868,0.144943,50.759420,1.916826,-0.000000
1978,0.811718,0.121979,44.406399,1.900827,-0.000000
1979,0.808092,0.022737,43.092893,1.895064,-0.000000
1980,0.783068,0.007699,39.918866,1.893651,0.000000
1981,0.831413,0.124792,41.598775,1.889255,-0.000000
1982,0.834407,0.016121,42.026569,1.866781,-0.000000
1983,0.835832,0.004706,39.823846,1.852688,0.000000
1984,0.833669,0.023278,39.456333,1.856275,0.000000
1985,0.784029,0.009043,46.732241,1.864648,-0.000000
1986,0.815870,0.018407,39.900482,1.859638,-0.000000
1987,0.836483,-0.000223,38.348855,1.854808,-0.000000
1988,0.838597,0.017991,28.601600,1.878565,0.000000
1989,0.837263,0.006022,31.446265,1.883167,0.000000
1990,0.838798,0.012556,31.772916,1.878726,0.000000
1991,0.843891,0.008759,26.878781,1.887359,0.000000
1992,0.842611,0.010835,23.812531,1.886142,-0.000000
1993,0.840530,0.762898,27.449422,1.889411,-0.000000
1994,0.843365,0.077274,25.177384,1.890325,0.000000
1995,0.846105,0.016118,28.334268,1.880710,0.000000
1996,0.842958,0.062209,27.960917,1.890985,-0.000000
1997,0.846101,0.045526,31.835588,1.899266,0.000000
1998,0.841418,-0.000001,39.188958,1.897033,-0.000000
1999,0.843586,0.016729,43.646206,1.902342,-0.000000
2000,0.844252,0.017263,42.156891,1.891400,-0.000000
