batch,meanReward,policyLoss,valueLoss,entropy,meanAdvantage
1,0.441083,0.482797,8.991195,2.867864,0.000000
2,0.420611,0.177830,8.218846,2.808610,-0.000000
3,0.427698,0.232230,8.479355,2.750924,-0.000000
4,0.456329,0.181217,10.932570,2.692349,-0.000000
5,0.439860,0.102293,9.139685,2.649229,0.000000
6,0.417619,0.143319,11.878007,2.589217,0.000000
7,0.430758,0.081145,13.985757,2.548128,0.000000
8,0.395680,0.268193,18.140062,2.528002,0.000000
9,0.396398,0.459595,14.334066,2.493286,-0.000000
10,0.407189,3.412872,13.627923,2.468851,0.000000
11,0.399166,0.095317,15.127743,2.442318,0.000000
12,0.397756,0.029895,13.326460,2.412834,0.000000
13,0.398133,0.069428,13.168123,2.380191,-0.000000
14,0.406544,0.076938,12.147905,2.338802,0.000000
15,0.379007,0.038652,11.110988,2.298703,-0.000000
16,0.382479,0.078348,10.991930,2.261475,-0.000000
17,0.386370,0.115120,10.860423,2.226493,0.000000
18,0.387932,0.036107,9.375265,2.202656,0.000000
19,0.380675,1.016536,8.125462,2.178808,0.000000
20,0.381243,0.092512,9.021586,2.141938,0.000000
21,0.378684,0.045309,6.831719,2.109840,0.000000
22,0.391746,0.316696,5.913706,2.070964,0.000000
23,0.434737,0.065246,6.047286,2.042617,-0.000000
24,0.408495,0.045870,7.633513,2.017288,-0.000000
25,0.400925,0.024470,7.655857,2.008686,0.000000
26,0.403311,0.006701,6.569523,2.017011,-0.000000
27,0.417605,0.003830,5.852334,2.014752,0.000000
28,0.417048,0.026320,4.941465,2.007518,0.000000
29,0.423944,0.006127,7.187581,1.998289,0.000000
30,0.442764,0.021571,6.542812,1.986023,0.000000
31,0.488186,0.233231,9.660589,1.968347,0.000000
32,0.438412,0.009485,6.819836,1.961412,0.000000
33,0.448956,0.017640,8.556375,1.959968,0.000000
34,0.466094,0.030644,8.144113,1.943733,0.000000
35,0.498541,0.097607,6.199594,1.923915,-0.000000
36,0.515424,0.048697,9.082555,1.918214,0.000000
37,0.489081,0.079233,9.206778,1.904115,0.000000
38,0.468853,0.034055,6.309946,1.890860,-0.000000
39,0.506982,0.003372,8.334794,1.888426,0.000000
40,0.504214,0.010147,6.040470,1.874274,0.000000
41,0.468775,0.028375,14.086774,1.842865,-0.000000
42,0.474213,0.026616,11.855047,1.817287,0.000000
43,0.487572,0.081813,7.963612,1.792273,-0.000000
44,0.500554,0.010565,6.244598,1.783278,0.000000
45,0.524918,0.016479,3.288229,1.778638,0.000000
46,0.531988,0.039655,5.000775,1.761622,-0.000000
47,0.528094,0.018258,3.817331,1.742730,0.000000
48,0.498851,0.030199,2.673671,1.730691,0.000000
49,0.542842,0.035468,4.212772,1.720787,-0.000000
50,0.554530,0.005277,7.627923,1.697860,0.000000
51,0.510697,0.022402,7.129959,1.688572,0.000000
52,0.529673,0.017407,3.012633,1.669607,0.000000
53,0.508967,0.059951,4.237832,1.639766,-0.000000
54,0.549229,0.007567,8.256895,1.625530,0.000000
55,0.547093,0.106904,4.505570,1.612269,-0.000000
56,0.560418,0.062710,1.509793,1.592703,0.000000
57,0.551237,0.006068,6.941706,1.600324,-0.000000
58,0.527666,0.018190,19.281081,1.620107,0.000000
59,0.557719,0.032210,5.319286,1.611347,-0.000000
60,0.524174,0.001445,11.365033,1.600226,0.000000
61,0.581196,0.001700,4.363561,1.605762,-0.000000
62,0.553006,0.005544,11.153338,1.609212,-0.000000
63,0.581341,0.011540,5.885227,1.613482,0.000000
64,0.570052,0.016042,1.858878,1.612194,0.000000
65,0.571569,0.003791,4.564316,1.598029,0.000000
66,0.600901,0.012506,2.342228,1.579003,0.000000
67,0.585244,0.009351,6.924890,1.565839,0.000000
68,0.547684,0.009846,1.216252,1.558691,0.000000
69,0.582206,0.022409,1.479854,1.549754,0.000000
70,0.602704,0.002077,1.183436,1.530880,0.000000
71,0.585504,-0.000924,7.152388,1.536476,0.000000
72,0.584346,0.006307,18.743079,1.544486,-0.000000
73,0.577670,0.000495,9.829651,1.541070,0.000000
74,0.600889,0.038449,5.437384,1.540351,0.000000
75,0.592158,0.007960,6.283741,1.526111,-0.000000
76,0.595113,-0.000576,3.557123,1.515439,0.000000
77,0.602280,0.022441,0.619916,1.508241,0.000000
78,0.627794,-0.001952,3.545964,1.506453,0.000000
79,0.700395,0.019077,7.167007,1.510149,-0.000000
80,0.678900,0.000053,9.377406,1.492320,0.000000
81,0.648812,0.141987,3.637851,1.470826,0.000000
82,0.647247,0.013177,3.328098,1.449534,-0.000000
83,0.705738,0.005411,8.940193,1.434860,0.000000
84,0.675764,0.009224,3.733086,1.432279,-0.000000
85,0.599292,0.008518,2.214383,1.422349,0.000000
86,0.746611,-0.006552,19.354698,1.424089,-0.000000
87,0.685618,0.001599,10.974678,1.437906,-0.000000
88,0.754103,0.003176,35.329723,1.445470,-0.000000
89,0.678927,-0.002610,30.211116,1.450029,-0.000000
90,0.729370,-0.000753,19.625347,1.446701,0.000000
91,0.746285,0.072485,20.843330,1.463084,-0.000000
92,0.735970,0.032549,19.122477,1.476136,0.000000
93,0.756231,0.002165,21.214180,1.478626,0.000000
94,0.739451,0.004443,7.569494,1.476273,0.000000
95,0.732142,0.001890,17.977335,1.477189,0.000000
96,0.760013,-0.000826,22.349207,1.506670,-0.000000
97,0.778324,-0.004159,28.875238,1.529934,-0.000000
98,0.748112,-0.001911,23.002894,1.532242,-0.000000
99,0.752836,0.016945,22.658164,1.525676,0.000000
100,0.755703,0.039268,18.354405,1.509066,-0.000000
101,0.701992,0.012545,5.202727,1.483969,-0.000000
102,0.748693,-0.000442,25.275079,1.471752,0.000000
103,0.736866,0.004696,8.547654,1.462772,-0.000000
104,0.766338,0.038698,31.421370,1.454931,-0.000000
105,0.773134,-0.007333,38.111103,1.453955,0.000000
106,0.757121,0.001381,46.353276,1.454967,0.000000
107,0.757720,0.000779,25.893872,1.462800,0.000000
108,0.764439,-0.001948,30.952460,1.490871,0.000000
109,0.725092,0.017127,36.774418,1.515817,0.000000
110,0.764179,0.008233,38.822397,1.520784,-0.000000
111,0.765783,0.013912,32.375947,1.524759,-0.000000
112,0.698370,0.000060,33.246333,1.547184,0.000000
113,0.749373,0.023686,28.656871,1.591052,-0.000000
114,0.737805,0.011764,24.819699,1.622775,0.000000
115,0.759436,0.047119,27.434725,1.627379,0.000000
116,0.714448,0.008309,16.054566,1.623979,-0.000000
117,0.756739,0.172885,23.821499,1.622753,0.000000
118,0.699230,0.008469,39.751723,1.625618,-0.000000
119,0.713182,0.068575,34.939027,1.624141,0.000000
120,0.741080,0.009688,25.831400,1.610700,0.000000
121,0.680005,0.009958,15.353513,1.600729,0.000000
122,0.715885,0.022026,14.606870,1.586500,0.000000
123,0.742619,0.014139,14.306323,1.574754,-0.000000
124,0.741543,-0.001388,11.738129,1.555479,-0.000000
125,0.781705,0.012071,38.800428,1.545824,0.000000
126,0.787926,0.005412,32.170953,1.560998,-0.000000
127,0.757356,-0.000498,25.141026,1.576610,0.000000
128,0.693052,0.027596,21.528026,1.575613,0.000000
129,0.704967,0.062200,11.988370,1.562935,-0.000000
130,0.743726,0.003409,9.492577,1.560432,-0.000000
131,0.744082,0.002960,22.242687,1.566224,-0.000000
132,0.737056,0.005294,28.081899,1.571079,0.000000
133,0.750409,0.007666,16.118781,1.573611,-0.000000
134,0.728317,-0.002084,14.274443,1.593426,0.000000
135,0.773139,0.043066,22.813323,1.616781,0.000000
136,0.767487,0.041410,21.854417,1.616398,0.000000
137,0.759749,0.008146,40.428526,1.619179,0.000000
138,0.731875,0.001949,22.304482,1.631834,-0.000000
139,0.752562,0.027051,11.991798,1.630944,0.000000
140,0.713719,0.034308,24.045323,1.639819,0.000000
141,0.726607,0.106796,27.336324,1.648514,0.000000
142,0.750103,-0.007325,33.985705,1.647971,0.000000
143,0.749668,0.038938,22.172440,1.647611,-0.000000
144,0.731323,-0.001435,16.438847,1.649611,-0.000000
145,0.740322,0.026184,15.695394,1.656071,0.000000
146,0.750495,0.009487,13.636591,1.665712,0.000000
147,0.689771,0.019408,17.092397,1.681386,-0.000000
148,0.683480,0.178097,11.835840,1.671262,0.000000
149,0.706504,0.021028,7.111844,1.653951,-0.000000
150,0.756033,0.000429,10.203831,1.650538,-0.000000
151,0.739778,0.017737,13.014808,1.650531,-0.000000
152,0.664971,0.017306,20.184609,1.634447,-0.000000
153,0.573621,0.025892,24.913659,1.621929,-0.000000
154,0.648648,0.019782,10.117226,1.606290,0.000000
155,0.599639,0.056110,14.660639,1.600395,0.000000
156,0.653340,0.115795,6.803499,1.609283,-0.000000
157,0.631814,0.085788,8.558885,1.606765,0.000000
158,0.595124,0.029479,6.120418,1.605361,0.000000
159,0.556805,0.007866,14.419237,1.606748,-0.000000
160,0.609072,0.032508,3.700931,1.600544,0.000000
161,0.692329,0.012651,2.201705,1.588507,-0.000000
162,0.657561,0.007898,5.035045,1.571274,0.000000
163,0.680878,0.005624,1.201911,1.556202,-0.000000
164,0.700606,0.034007,8.753210,1.538060,-0.000000
165,0.706074,0.021844,4.650367,1.536218,0.000000
166,0.727210,0.005003,8.305021,1.543666,0.000000
167,0.761753,0.035613,9.424236,1.552743,-0.000000
168,0.754208,-0.000576,20.020033,1.558497,0.000000
169,0.747061,0.035435,9.721820,1.561311,0.000000
170,0.753423,0.011509,8.756414,1.562751,-0.000000
171,0.770026,0.005313,6.561169,1.570853,-0.000000
172,0.765139,0.008959,4.497306,1.569201,-0.000000
173,0.758795,-0.000139,3.784124,1.552665,0.000000
174,0.774746,-0.002043,7.050734,1.543956,0.000000
175,0.781433,0.008854,8.612079,1.546219,0.000000
176,0.786775,0.018287,9.527174,1.553022,-0.000000
177,0.741973,0.038026,11.175245,1.547343,-0.000000
178,0.782081,0.003608,11.783996,1.550239,0.000000
179,0.765653,0.019141,6.764239,1.547531,0.000000
180,0.764068,0.017728,8.414033,1.535392,0.000000
181,0.776915,0.004633,16.181425,1.522976,0.000000
182,0.786231,0.014455,17.574099,1.535231,-0.000000
183,0.776835,0.610614,10.838292,1.540195,-0.000000
184,0.755411,0.056654,11.416326,1.533366,0.000000
185,0.688138,0.026849,16.663530,1.524948,0.000000
186,0.763706,0.027257,11.749347,1.512456,0.000000
187,0.785719,0.043839,13.044436,1.513492,0.000000
188,0.732775,0.013424,13.890550,1.539868,0.000000
189,0.702201,0.040311,11.641563,1.563946,-0.000000
190,0.694675,0.045134,17.739218,1.577618,0.000000
191,0.684995,0.046654,3.957231,1.564217,0.000000
192,0.668763,0.028209,3.625543,1.541159,-0.000000
193,0.666882,0.024411,1.832671,1.526145,0.000000
194,0.650783,0.090844,1.437427,1.505471,0.000000
195,0.663388,0.029562,3.882275,1.482178,-0.000000
196,0.675218,0.035611,2.801595,1.465597,0.000000
197,0.710441,0.034719,2.289202,1.446045,-0.000000
198,0.680142,0.034310,2.398696,1.423532,0.000000
199,0.689688,0.030657,1.643087,1.396269,0.000000
200,0.673905,0.117552,2.991053,1.368763,-0.000000
201,0.737104,0.011810,3.039632,1.355098,0.000000
202,0.750129,0.014015,9.080567,1.349140,-0.000000
203,0.725778,0.015238,12.643119,1.345621,-0.000000
204,0.731095,0.006599,10.397805,1.370606,0.000000
205,0.708533,0.081063,2.493868,1.383668,0.000000
206,0.712362,0.012642,2.458847,1.366135,-0.000000
207,0.676165,0.103876,6.289081,1.344639,-0.000000
208,0.712318,0.056667,2.422892,1.336360,0.000000
209,0.719215,0.002663,6.801802,1.324260,0.000000
210,0.722412,0.004379,3.114303,1.316644,-0.000000
211,0.784866,0.008918,8.859958,1.330597,-0.000000
212,0.786553,0.009533,7.305797,1.345917,-0.000000
213,0.769917,0.004843,8.889413,1.346257,-0.000000
214,0.742315,0.001492,8.915908,1.351785,-0.000000
215,0.734942,0.014664,11.797453,1.346390,0.000000
216,0.782396,0.001193,3.049708,1.333357,0.000000
217,0.796880,0.001290,12.330080,1.333753,0.000000
218,0.800855,0.001161,11.433838,1.333538,-0.000000
219,0.793817,-0.000234,8.409880,1.336758,0.000000
220,0.785864,0.075754,6.334261,1.339924,0.000000
221,0.779635,0.010080,5.467775,1.326819,0.000000
222,0.780999,0.004075,2.673884,1.306496,0.000000
223,0.785276,0.026580,4.934771,1.291517,0.000000
224,0.787841,-0.001236,7.729441,1.289707,0.000000
225,0.778329,0.004561,7.822304,1.300183,-0.000000
226,0.741473,0.002410,10.385619,1.314868,0.000000
227,0.740932,0.002667,12.724460,1.328705,0.000000
228,0.770963,0.056696,12.399340,1.331970,-0.000000
229,0.778474,0.009804,7.264422,1.320391,0.000000
230,0.776105,0.008309,9.007694,1.313082,0.000000
231,0.716131,0.011465,33.950374,1.324564,-0.000000
232,0.740269,-0.000980,6.762439,1.332191,0.000000
233,0.650404,0.052774,44.532442,1.334899,0.000000
234,0.692669,0.025190,16.811596,1.337448,-0.000000
235,0.689438,0.012156,18.111509,1.341389,0.000000
236,0.594519,0.068819,15.574206,1.341073,0.000000
237,0.605933,0.066012,10.752662,1.331294,-0.000000
238,0.510976,0.014727,17.900288,1.321187,0.000000
239,0.532140,0.042036,8.038625,1.323912,0.000000
240,0.527561,0.003977,13.924792,1.322328,0.000000
241,0.590688,0.012079,7.554530,1.324193,-0.000000
242,0.595339,0.026316,3.548243,1.310832,0.000000
243,0.631517,0.560082,2.401135,1.286698,-0.000000
244,0.621594,0.007058,1.019438,1.268170,-0.000000
245,0.649546,0.086063,1.638277,1.243535,0.000000
246,0.650147,0.024549,2.592277,1.226350,0.000000
247,0.635139,0.029667,1.441398,1.212247,-0.000000
248,0.603382,0.034263,2.711183,1.186099,-0.000000
249,0.674123,-0.002565,0.909129,1.167128,-0.000000
250,0.668754,0.021076,0.924261,1.152043,0.000000
251,0.681381,0.001617,1.830456,1.155010,0.000000
252,0.703647,0.001683,2.058122,1.157548,0.000000
253,0.663146,0.016258,4.507541,1.145297,0.000000
254,0.706591,0.001283,6.652182,1.146172,0.000000
255,0.716967,0.015321,3.988506,1.151531,0.000000
256,0.771167,0.010104,6.800652,1.149619,0.000000
257,0.745373,-0.002857,13.165415,1.162114,0.000000
258,0.712876,0.010231,3.942616,1.174476,-0.000000
259,0.654218,0.010073,1.920976,1.176916,0.000000
260,0.707010,0.068153,7.072560,1.162476,-0.000000
261,0.685713,0.011478,4.060624,1.162818,0.000000
262,0.679747,0.003255,7.805902,1.173475,-0.000000
263,0.727995,0.002014,5.393687,1.174057,-0.000000
264,0.730092,0.006589,6.746216,1.165599,0.000000
265,0.734526,0.022741,2.877863,1.148116,-0.000000
266,0.774899,-0.001616,4.895353,1.142168,-0.000000
267,0.731535,0.016572,11.684538,1.160153,-0.000000
268,0.750892,0.007146,2.218305,1.160264,0.000000
269,0.728374,0.009939,5.491706,1.151730,0.000000
270,0.713572,0.058979,5.100409,1.137224,-0.000000
271,0.732210,0.005270,6.348051,1.120841,-0.000000
272,0.736169,0.052139,7.905610,1.124153,0.000000
273,0.764846,-0.005484,4.487905,1.120596,0.000000
274,0.775771,0.018798,5.887516,1.103855,0.000000
275,0.735170,0.008741,6.701385,1.110723,-0.000000
276,0.766201,-0.001127,6.962514,1.123352,-0.000000
277,0.742802,0.007107,10.454612,1.129357,-0.000000
278,0.784457,0.000855,7.969755,1.122694,0.000000
279,0.781810,0.008700,3.680670,1.118755,-0.000000
280,0.774209,-0.001276,4.054461,1.124357,0.000000
281,0.757823,0.016546,1.722246,1.123429,0.000000
282,0.779328,-0.004277,7.685611,1.117821,-0.000000
283,0.789706,-0.005106,16.120950,1.135381,0.000000
284,0.791141,0.002214,15.338586,1.168438,-0.000000
285,0.761178,0.002142,20.996566,1.189644,0.000000
286,0.796231,0.002235,14.737895,1.184889,-0.000000
287,0.798736,-0.002161,13.576787,1.180970,0.000000
288,0.787151,0.000351,8.443192,1.169703,0.000000
289,0.778548,0.594344,6.674181,1.160552,-0.000000
290,0.782283,0.012663,3.607385,1.166189,0.000000
291,0.789443,-0.003423,6.262876,1.168569,0.000000
292,0.798590,0.035303,1.922573,1.171575,-0.000000
293,0.793913,0.015850,3.363626,1.172790,0.000000
294,0.809807,0.006202,38.453965,1.193115,-0.000000
295,0.758301,0.003643,44.380326,1.220955,-0.000000
296,0.739928,0.001271,42.927285,1.237134,0.000000
297,0.591479,0.014121,41.392474,1.253727,0.000000
298,0.670785,0.013774,16.696481,1.249823,-0.000000
299,0.728711,-0.001907,5.333971,1.238252,-0.000000
300,0.754852,0.003247,8.060458,1.224062,-0.000000
301,0.739237,-0.004393,6.476359,1.212417,-0.000000
302,0.804014,0.011829,25.042762,1.204810,0.000000
303,0.781166,-0.002404,10.153823,1.203820,0.000000
304,0.775607,0.001721,20.990181,1.219922,-0.000000
305,0.778169,0.004103,11.337292,1.235597,0.000000
306,0.788533,-0.003142,18.855127,1.234168,-0.000000
307,0.790143,-0.002452,13.134874,1.226690,0.000000
308,0.796172,0.007919,11.350231,1.214629,0.000000
309,0.803079,0.008152,28.359002,1.209392,-0.000000
310,0.804716,0.013045,31.987333,1.209955,-0.000000
311,0.796108,0.002799,34.668153,1.214179,0.000000
312,0.800693,0.057428,19.693285,1.223817,0.000000
313,0.767763,0.008234,23.114421,1.235869,-0.000000
314,0.793813,0.001483,32.812490,1.239665,0.000000
315,0.756518,-0.003775,14.015783,1.243451,-0.000000
316,0.781794,0.048927,3.269196,1.242312,0.000000
317,0.780839,0.006687,5.213864,1.239417,0.000000
318,0.784007,0.003720,4.371501,1.243210,-0.000000
319,0.785492,-0.002206,5.040353,1.244015,0.000000
320,0.765939,0.015954,3.560098,1.244344,0.000000
321,0.792171,-0.002421,5.705069,1.234702,0.000000
322,0.780184,0.000215,11.847543,1.243697,0.000000
323,0.758188,-0.006619,21.691801,1.258237,-0.000000
324,0.785432,0.004450,9.469561,1.260754,0.000000
325,0.661565,0.031386,13.735754,1.257384,0.000000
326,0.594008,0.009148,16.018006,1.234388,0.000000
327,0.695759,0.042966,12.118292,1.225965,0.000000
328,0.727965,0.003681,19.856374,1.243883,0.000000
329,0.636182,0.009804,15.732208,1.252086,0.000000
330,0.676206,0.030984,11.147705,1.247708,-0.000000
331,0.720861,0.003481,6.761457,1.243247,0.000000
332,0.743323,0.002620,2.969504,1.226747,0.000000
333,0.741270,0.005255,12.028486,1.220361,0.000000
334,0.779435,-0.000574,10.425235,1.234800,0.000000
335,0.779241,0.012869,11.672441,1.255300,0.000000
336,0.780652,-0.002803,12.787043,1.255115,0.000000
337,0.783366,0.001776,8.734837,1.239963,0.000000
338,0.794520,0.010198,11.109753,1.234815,-0.000000
339,0.795403,-0.000810,8.046703,1.234324,0.000000
340,0.788406,-0.000443,16.651837,1.241711,-0.000000
341,0.776020,0.021061,9.649902,1.251005,0.000000
342,0.802843,0.004497,24.233196,1.239069,-0.000000
343,0.800359,0.009366,27.251267,1.238715,-0.000000
344,0.806877,-0.000596,33.262366,1.255292,0.000000
345,0.784014,0.001215,10.810306,1.286758,0.000000
346,0.791844,0.004550,9.131282,1.307192,-0.000000
347,0.792483,-0.002498,15.029321,1.318923,0.000000
348,0.797024,0.008844,18.837068,1.328987,-0.000000
349,0.801454,0.004167,14.882062,1.328907,-0.000000
350,0.806975,0.012976,18.212020,1.329034,0.000000
351,0.800185,0.001545,10.308878,1.336588,-0.000000
352,0.801381,0.007321,7.997320,1.334691,0.000000
353,0.798537,0.001456,10.142045,1.333321,-0.000000
354,0.782838,0.028638,8.969553,1.337343,-0.000000
355,0.796347,0.011006,14.029858,1.331618,0.000000
356,0.803695,-0.002744,17.994481,1.335686,0.000000
357,0.787140,0.040958,11.666285,1.336016,0.000000
358,0.793524,0.000421,10.365050,1.328608,0.000000
359,0.792725,0.000870,18.106989,1.344563,-0.000000
360,0.796433,-0.001357,16.516627,1.374530,0.000000
361,0.787580,0.015746,9.154719,1.371018,0.000000
362,0.783419,0.002702,8.241471,1.339630,-0.000000
363,0.793694,-0.002725,11.576577,1.328478,-0.000000
364,0.786347,0.014012,7.906645,1.335196,-0.000000
365,0.782931,0.000920,11.144839,1.318144,0.000000
366,0.780564,0.011590,8.244982,1.312612,-0.000000
367,0.783443,-0.000979,9.752646,1.326181,0.000000
368,0.773757,0.017374,6.408056,1.323774,-0.000000
369,0.770958,0.000675,8.377133,1.318296,-0.000000
370,0.778574,0.066068,17.598592,1.321012,0.000000
371,0.782048,0.000413,12.194169,1.310748,0.000000
372,0.773628,0.064134,10.699536,1.306237,0.000000
373,0.782044,0.010151,22.552231,1.311936,-0.000000
374,0.787832,0.003539,12.441421,1.323324,0.000000
375,0.782203,0.000624,11.507941,1.317996,0.000000
376,0.776778,0.002150,5.643476,1.299831,-0.000000
377,0.782068,-0.001914,11.406370,1.291374,-0.000000
378,0.779713,0.006000,8.211522,1.294870,-0.000000
379,0.788295,-0.003598,15.523100,1.317293,0.000000
380,0.777748,0.003187,13.306122,1.350697,-0.000000
381,0.778723,0.002953,8.895094,1.367256,0.000000
382,0.788317,0.022380,11.516459,1.373748,0.000000
383,0.790137,-0.005178,23.042395,1.387073,0.000000
384,0.786511,-0.002040,11.325086,1.387944,-0.000000
385,0.786067,-0.002565,22.603563,1.400140,-0.000000
386,0.782335,0.306555,24.128617,1.421620,0.000000
387,0.786688,0.268885,28.947628,1.429552,0.000000
388,0.786370,-0.001219,28.440423,1.453841,-0.000000
389,0.767274,0.008295,43.471219,1.462706,-0.000000
390,0.752276,0.018895,30.097640,1.474191,0.000000
391,0.768730,0.020137,28.061295,1.483914,-0.000000
392,0.792189,0.045994,31.712922,1.486312,0.000000
393,0.797042,0.003204,15.574278,1.477752,0.000000
394,0.768885,0.002130,28.119698,1.470845,-0.000000
395,0.796149,0.048038,20.097263,1.464460,0.000000
396,0.791388,0.030664,26.626305,1.471704,0.000000
397,0.803532,0.037176,23.675982,1.476001,-0.000000
398,0.790044,0.016887,21.658819,1.474877,-0.000000
399,0.794545,0.010355,31.977925,1.468381,-0.000000
400,0.802949,0.045794,29.301504,1.463453,0.000000
401,0.792775,0.012921,26.710613,1.459523,0.000000
402,0.793852,0.010795,28.040492,1.460305,0.000000
403,0.795308,0.009125,33.990377,1.477514,-0.000000
404,0.782835,0.019976,19.188637,1.473672,0.000000
405,0.764880,0.058360,28.495994,1.456741,0.000000
406,0.794124,0.025773,28.709943,1.439521,0.000000
407,0.770349,0.039280,34.645219,1.427283,-0.000000
408,0.683656,0.024285,33.096504,1.432418,-0.000000
409,0.726174,0.391278,25.054069,1.434051,-0.000000
410,0.713856,0.035792,21.891507,1.426469,0.000000
411,0.715880,0.012715,16.402016,1.424079,-0.000000
412,0.696354,0.053751,12.813667,1.431013,0.000000
413,0.728811,0.054984,8.874029,1.431116,-0.000000
414,0.710647,0.013946,7.852959,1.406686,-0.000000
415,0.707524,0.007019,4.331127,1.378976,-0.000000
416,0.726340,0.049206,5.792271,1.360650,0.000000
417,0.698014,0.074768,2.253376,1.342012,0.000000
418,0.737672,-0.003386,2.768459,1.319879,-0.000000
419,0.693361,0.006207,3.201134,1.314194,-0.000000
420,0.726648,-0.001982,2.372180,1.308943,0.000000
421,0.729652,0.024230,2.177639,1.299157,-0.000000
422,0.727275,0.010729,1.884359,1.281846,-0.000000
423,0.730341,0.040077,2.008728,1.259749,-0.000000
424,0.724800,0.004338,1.844255,1.237271,0.000000
425,0.686028,-0.006884,2.591035,1.235303,-0.000000
426,0.665659,0.014312,1.271433,1.253421,-0.000000
427,0.711381,0.026366,1.072263,1.252800,0.000000
428,0.738448,0.027320,2.275622,1.235802,-0.000000
429,0.746899,0.034111,2.966242,1.222501,0.000000
430,0.771882,0.027420,4.117272,1.215568,0.000000
431,0.750706,-0.000610,9.175156,1.204908,-0.000000
432,0.782671,0.000705,7.996428,1.194997,0.000000
433,0.801564,0.064007,10.403524,1.187919,0.000000
434,0.793806,0.010326,18.318177,1.193494,0.000000
435,0.800747,0.008951,10.484645,1.200120,0.000000
436,0.794721,-0.000230,10.252996,1.210981,-0.000000
437,0.790843,0.019115,9.868162,1.215424,-0.000000
438,0.796476,-0.003164,20.542619,1.226621,-0.000000
439,0.799420,0.014442,21.418510,1.237158,0.000000
440,0.796867,0.006378,14.533551,1.235639,0.000000
441,0.779326,0.003203,11.921965,1.227287,0.000000
442,0.756522,0.008053,13.746124,1.225986,-0.000000
443,0.758481,0.024475,6.847905,1.231455,0.000000
444,0.785895,0.024901,7.175169,1.227742,0.000000
445,0.768171,0.015497,4.050872,1.228491,0.000000
446,0.790813,0.015432,9.621965,1.227800,-0.000000
447,0.785220,-0.002157,7.936257,1.236378,0.000000
448,0.786086,0.015094,7.464475,1.256742,0.000000
449,0.764305,0.033464,6.343626,1.240142,0.000000
450,0.781557,0.015602,3.757977,1.214368,0.000000
451,0.730887,0.070229,5.248191,1.210587,0.000000
452,0.722611,0.169688,6.804676,1.212929,-0.000000
453,0.668292,0.237266,7.164185,1.212144,0.000000
454,0.728210,0.318211,1.701654,1.206848,-0.000000
455,0.685793,0.406238,3.289211,1.201239,-0.000000
456,0.720681,0.586484,2.323015,1.215204,-0.000000
457,0.655559,0.098750,4.124315,1.204873,0.000000
458,0.669448,0.078100,2.192572,1.194059,0.000000
459,0.686086,0.178378,3.269163,1.205066,0.000000
460,0.700786,0.258635,2.456018,1.206846,-0.000000
461,0.756072,0.041775,1.002735,1.180891,-0.000000
462,0.740718,0.112312,1.183317,1.149102,0.000000
463,0.763301,-0.000969,2.566717,1.149569,-0.000000
464,0.770736,0.000189,2.622918,1.152227,0.000000
465,0.774547,0.002586,9.166598,1.148204,-0.000000
466,0.762895,0.003707,4.185453,1.144639,-0.000000
467,0.771278,0.014210,4.475346,1.127704,0.000000
468,0.750144,0.011777,2.612332,1.119486,-0.000000
469,0.773914,0.019228,3.710429,1.122663,-0.000000
470,0.750687,0.114252,1.288635,1.123328,0.000000
471,0.770564,-0.000379,5.316093,1.127846,-0.000000
472,0.769708,0.009598,1.671904,1.135712,-0.000000
473,0.763246,0.081794,1.774650,1.120454,-0.000000
474,0.760377,0.005250,4.087388,1.110177,-0.000000
475,0.772225,0.007161,4.607686,1.101459,0.000000
476,0.768662,0.032905,2.456522,1.091486,0.000000
477,0.770551,0.060326,2.584359,1.073293,-0.000000
478,0.775287,-0.005582,2.252221,1.056077,0.000000
479,0.779210,0.002222,3.716593,1.049775,0.000000
480,0.766631,0.000321,1.202693,1.044747,0.000000
481,0.772556,-0.004059,4.636943,1.041797,-0.000000
482,0.769743,0.006818,1.200143,1.041688,0.000000
483,0.762528,0.005425,2.389132,1.046074,0.000000
484,0.758127,0.084971,1.608658,1.040837,0.000000
485,0.759678,-0.000335,1.719001,1.022262,0.000000
486,0.775146,0.019091,3.124898,1.004933,0.000000
487,0.765594,-0.003802,2.068925,0.991200,-0.000000
488,0.764682,-0.000511,0.739592,0.988570,0.000000
489,0.766430,-0.002852,1.678480,0.985833,-0.000000
490,0.760334,0.019093,1.820803,0.985964,0.000000
491,0.768395,0.026201,0.889182,0.988718,-0.000000
492,0.771419,-0.001048,0.830176,1.006310,0.000000
493,0.754751,0.005535,1.172950,1.012519,0.000000
494,0.755730,0.003357,0.913352,0.994542,0.000000
495,0.760748,0.002669,0.751923,0.985974,0.000000
496,0.745172,0.036912,2.058126,0.992238,-0.000000
497,0.743901,0.247117,0.926934,0.991484,0.000000
498,0.764814,0.010836,0.358831,0.988580,-0.000000
499,0.765921,-0.002181,0.659308,0.980099,-0.000000
500,0.771171,0.000372,3.641020,0.987317,0.000000
501,0.768602,-0.000094,1.954261,0.992670,0.000000
502,0.777426,-0.002118,3.421808,1.019818,0.000000
503,0.758169,0.002910,0.878628,1.033937,-0.000000
504,0.751316,0.001697,1.548944,1.022330,0.000000
505,0.748449,0.004581,1.824441,1.013860,-0.000000
506,0.763383,0.000781,2.158827,1.005251,0.000000
507,0.757636,-0.003191,0.732438,0.977234,-0.000000
508,0.760885,-0.001705,2.715471,0.961393,-0.000000
509,0.778044,0.006756,4.700718,0.965011,-0.000000
510,0.780041,0.009833,3.455161,0.974662,0.000000
511,0.787060,-0.004826,4.594051,0.986330,0.000000
512,0.770654,0.001776,2.085461,0.988373,0.000000
513,0.770390,0.001326,4.110962,0.998755,0.000000
514,0.725161,0.013985,25.306728,1.028806,0.000000
515,0.770214,0.011922,2.346598,1.037188,-0.000000
516,0.746760,0.071218,1.882147,1.012804,0.000000
517,0.729693,0.020325,13.106114,1.001435,0.000000
518,0.697916,-0.000067,16.216494,1.007130,0.000000
519,0.691948,0.003821,13.053291,1.015552,0.000000
520,0.697478,0.017730,2.464071,1.013553,0.000000
521,0.737352,0.019725,1.178408,0.985298,-0.000000
522,0.725641,0.024852,1.033706,0.978517,0.000000
523,0.743156,0.014267,0.537236,0.978988,-0.000000
524,0.702950,0.015351,11.292966,0.962156,0.000000
525,0.744930,0.011769,2.566251,0.957998,0.000000
526,0.709691,0.015107,5.407083,0.963745,-0.000000
527,0.702016,-0.000982,3.228020,0.964836,0.000000
528,0.768933,0.000065,3.161150,0.969199,0.000000
529,0.698234,0.023571,3.432329,0.967297,0.000000
530,0.768964,0.007499,3.522146,0.958405,0.000000
531,0.756513,0.016174,2.582922,0.959321,0.000000
532,0.774252,0.002174,3.170515,0.968041,0.000000
533,0.739369,0.022953,5.860441,0.984890,0.000000
534,0.760894,0.002794,2.175713,0.977124,-0.000000
535,0.765832,0.003488,3.625066,0.962076,-0.000000
536,0.795085,-0.005519,6.539215,0.967536,-0.000000
537,0.804807,0.203326,32.023061,0.990071,0.000000
538,0.794911,0.005804,8.583293,0.998845,-0.000000
539,0.799850,-0.005998,13.972932,1.018140,-0.000000
540,0.810040,-0.003212,16.623390,1.035466,-0.000000
541,0.816271,-0.005851,28.928287,1.059635,0.000000
542,0.807513,-0.006132,32.772219,1.090395,0.000000
543,0.806768,0.000173,12.018539,1.124666,-0.000000
544,0.808824,0.025193,19.922146,1.149650,0.000000
545,0.794423,0.006026,33.711850,1.170067,0.000000
546,0.782316,0.000792,14.715008,1.196867,0.000000
547,0.766923,0.033218,13.774283,1.215402,0.000000
548,0.775347,0.002104,12.824710,1.234516,-0.000000
549,0.789658,0.022094,27.613995,1.249827,0.000000
550,0.799829,-0.000054,18.208469,1.264860,-0.000000
551,0.807598,-0.002307,27.998803,1.285642,-0.000000
552,0.801489,0.007486,21.694948,1.295546,0.000000
553,0.792057,-0.004612,21.440143,1.289638,-0.000000
554,0.804524,0.033109,22.975154,1.290248,-0.000000
555,0.811518,-0.002754,24.650681,1.290200,-0.000000
556,0.816097,0.002052,37.191660,1.311504,0.000000
557,0.806953,0.014047,25.497742,1.318626,0.000000
558,0.796813,0.000989,22.581435,1.321045,-0.000000
559,0.764235,0.006581,17.564799,1.331196,-0.000000
560,0.670018,0.016046,34.080241,1.334398,0.000000
561,0.713248,0.056288,18.004658,1.339624,0.000000
562,0.668760,1.225959,9.613232,1.319410,-0.000000
563,0.686582,0.016270,2.048142,1.306309,-0.000000
564,0.690724,0.032446,1.430723,1.307724,-0.000000
565,0.709255,0.084700,1.942380,1.282651,-0.000000
566,0.718903,0.048997,6.693234,1.246073,-0.000000
567,0.727767,0.030514,5.907488,1.224477,0.000000
568,0.731901,0.089768,6.066544,1.210611,0.000000
569,0.732554,0.016075,4.976264,1.201353,0.000000
570,0.678962,0.021015,2.674391,1.193497,0.000000
571,0.744506,0.000768,5.362766,1.175013,0.000000
572,0.756189,0.003471,8.379636,1.157891,-0.000000
573,0.762647,4.776496,6.908409,1.146270,-0.000000
574,0.724628,0.034339,2.454586,1.133304,-0.000000
575,0.740635,0.004906,4.382412,1.124737,0.000000
576,0.777437,0.003424,5.840877,1.128397,-0.000000
577,0.720831,0.021686,3.303188,1.125450,0.000000
578,0.788326,0.014018,3.822160,1.117736,0.000000
579,0.763674,0.103668,7.100111,1.114420,0.000000
580,0.702658,0.019270,16.666056,1.116131,0.000000
581,0.708631,0.009669,12.683911,1.137739,0.000000
582,0.721882,-0.002077,6.905110,1.166541,0.000000
583,0.760477,0.009933,1.086895,1.173459,-0.000000
584,0.785125,0.013502,3.522093,1.155280,-0.000000
585,0.777196,0.003357,3.823183,1.138348,-0.000000
586,0.740460,0.116396,6.791934,1.128076,-0.000000
587,0.749003,-0.000252,9.583721,1.117791,-0.000000
588,0.787286,-0.001083,8.675394,1.119556,0.000000
589,0.789878,0.001394,4.973666,1.113419,-0.000000
590,0.786559,-0.000337,7.966870,1.121713,0.000000
591,0.800827,0.055646,7.015643,1.125125,0.000000
592,0.781747,0.006386,6.231950,1.128336,0.000000
593,0.800105,0.006762,14.411069,1.148956,0.000000
594,0.764645,0.002108,12.346335,1.168016,-0.000000
595,0.800403,0.003699,8.098293,1.176679,-0.000000
596,0.790487,0.000400,14.480276,1.170345,-0.000000
597,0.793514,0.020165,13.164900,1.169519,0.000000
598,0.791083,0.000822,10.445109,1.180021,-0.000000
599,0.745962,0.003466,8.237089,1.171368,0.000000
600,0.775872,-0.007120,18.543817,1.182506,-0.000000
601,0.776469,0.003012,7.675842,1.190088,0.000000
602,0.797056,0.004362,21.147143,1.185719,0.000000
603,0.790905,0.001069,6.147390,1.178700,0.000000
604,0.801063,-0.004339,14.232448,1.195611,0.000000
605,0.797440,-0.004471,17.933688,1.224687,0.000000
606,0.786045,0.001846,14.640277,1.244896,0.000000
607,0.785895,0.008091,4.140136,1.242406,-0.000000
608,0.794027,0.003305,14.851955,1.234141,-0.000000
609,0.786902,0.005207,7.839971,1.242018,0.000000
610,0.793219,0.015266,13.316679,1.237203,-0.000000
611,0.798438,0.002150,28.010010,1.224973,0.000000
612,0.796671,-0.000357,39.460163,1.236961,-0.000000
613,0.775509,-0.002569,34.116799,1.255423,0.000000
614,0.805793,-0.000597,35.705185,1.272064,-0.000000
615,0.793265,0.001989,20.899607,1.296128,-0.000000
616,0.808861,-0.003233,29.849236,1.339263,-0.000000
617,0.767158,0.028423,18.261109,1.367100,0.000000
618,0.807939,0.020344,26.226893,1.362013,-0.000000
619,0.754556,0.002263,10.387634,1.361872,-0.000000
620,0.770853,0.003694,14.948015,1.361675,0.000000
621,0.802672,-0.002975,19.147396,1.368390,-0.000000
622,0.803900,0.004486,13.507828,1.370449,-0.000000
623,0.808170,0.049672,7.771331,1.349618,0.000000
624,0.785075,0.008526,5.301377,1.322634,0.000000
625,0.803993,0.007727,14.826166,1.312224,-0.000000
626,0.804334,-0.001633,27.411950,1.336152,0.000000
627,0.791521,0.008975,36.538488,1.366812,-0.000000
628,0.774388,0.002421,41.905549,1.381716,0.000000
629,0.794666,-0.006058,36.998043,1.404818,0.000000
630,0.813605,0.014560,40.122931,1.421432,0.000000
631,0.797886,0.005233,29.929920,1.431188,-0.000000
632,0.799724,0.071923,25.203198,1.432964,-0.000000
633,0.799906,-0.000062,28.635491,1.428619,-0.000000
634,0.796618,0.001057,20.162732,1.438812,-0.000000
635,0.795063,-0.000915,24.579280,1.442535,0.000000
636,0.797900,0.006069,14.063352,1.449456,0.000000
637,0.798007,0.007282,13.850146,1.460839,0.000000
638,0.788270,0.015071,10.804298,1.458267,0.000000
639,0.742175,-0.001705,26.013282,1.461545,0.000000
640,0.769836,-0.000104,15.446377,1.479536,-0.000000
641,0.790646,0.000656,4.531308,1.480458,-0.000000
642,0.794555,-0.002718,2.632709,1.467461,0.000000
643,0.784543,0.055714,5.524158,1.452443,0.000000
644,0.789686,0.004147,3.354744,1.437757,0.000000
645,0.732222,0.001476,36.796721,1.439812,-0.000000
646,0.754537,0.079457,22.542191,1.457668,0.000000
647,0.766894,-0.003117,20.361637,1.474260,-0.000000
648,0.720268,0.020905,25.856804,1.465364,0.000000
649,0.659909,0.035854,28.788369,1.447188,0.000000
650,0.660544,0.053226,19.190115,1.443094,0.000000
651,0.494979,0.015272,12.391545,1.414929,0.000000
652,0.568680,0.057260,6.712395,1.392648,-0.000000
653,0.550626,0.017115,7.022920,1.388898,0.000000
654,0.563022,0.001676,4.606182,1.374816,0.000000
655,0.644981,0.033228,7.157519,1.356466,0.000000
656,0.743755,0.061507,4.529298,1.329572,-0.000000
657,0.787142,0.012952,3.617180,1.307101,-0.000000
658,0.748564,0.007875,4.207382,1.281189,-0.000000
659,0.782246,0.018183,4.547871,1.250715,0.000000
660,0.743866,0.010712,5.974862,1.228834,0.000000
661,0.765626,0.006129,2.737384,1.225971,-0.000000
662,0.746524,0.002085,4.250594,1.240341,-0.000000
663,0.701563,0.006065,6.697808,1.240092,-0.000000
664,0.712891,0.001252,3.168799,1.231826,-0.000000
665,0.761575,0.015635,2.776336,1.223226,0.000000
666,0.750015,0.042855,3.083928,1.209044,-0.000000
667,0.759190,0.025306,3.531302,1.192726,0.000000
668,0.774376,0.035616,4.005225,1.183998,-0.000000
669,0.764870,0.064461,2.515378,1.180693,0.000000
670,0.712163,-0.003717,6.804052,1.190433,0.000000
671,0.731196,0.001220,4.146085,1.202087,0.000000
672,0.761400,-0.000994,1.589984,1.209790,0.000000
673,0.741078,0.001900,1.857433,1.212772,0.000000
674,0.755555,0.011235,2.049120,1.236677,-0.000000
675,0.749235,0.005975,1.289225,1.253989,0.000000
676,0.716670,0.051156,1.064428,1.247126,-0.000000
677,0.752478,0.014231,2.541916,1.233753,0.000000
678,0.745931,0.001481,1.488919,1.220706,-0.000000
679,0.743349,0.011529,1.167340,1.199711,0.000000
680,0.707776,0.001543,1.922232,1.178363,0.000000
681,0.698001,0.036749,2.113855,1.176993,0.000000
682,0.726497,0.007679,1.285239,1.172825,-0.000000
683,0.747351,0.004300,1.943545,1.173136,0.000000
684,0.730602,0.006725,1.038255,1.184819,0.000000
685,0.754268,0.011077,1.642522,1.181497,0.000000
686,0.737067,-0.003731,2.004277,1.162713,0.000000
687,0.757899,0.003521,1.658492,1.152498,0.000000
688,0.754866,0.000525,1.092617,1.163158,0.000000
689,0.746617,0.010985,0.828125,1.150343,0.000000
690,0.760795,0.000656,1.252627,1.136152,-0.000000
691,0.769381,-0.001804,2.748005,1.157035,0.000000
692,0.763592,-0.002645,1.096191,1.165612,0.000000
693,0.774664,0.059545,3.480259,1.145330,-0.000000
694,0.766663,-0.000333,1.392341,1.131953,-0.000000
695,0.760685,0.011262,1.248069,1.134213,0.000000
696,0.762987,-0.002915,3.349856,1.152029,0.000000
697,0.778830,0.013321,3.759582,1.171673,0.000000
698,0.783449,-0.002666,5.694959,1.186027,0.000000
699,0.789653,-0.001720,11.999335,1.209112,0.000000
700,0.778475,0.023863,3.738128,1.220561,0.000000
701,0.799041,0.001628,14.402907,1.224799,0.000000
702,0.786742,-0.002881,3.446848,1.235931,-0.000000
703,0.819798,-0.002872,30.331575,1.244622,-0.000000
704,0.796465,0.056999,5.641683,1.256281,-0.000000
705,0.816366,-0.001825,33.419280,1.266134,0.000000
706,0.810253,0.363460,20.002037,1.274576,-0.000000
707,0.805621,-0.000660,20.372744,1.290436,0.000000
708,0.806495,-0.003485,20.715791,1.305280,-0.000000
709,0.807121,0.004439,16.997334,1.313232,-0.000000
710,0.812807,-0.000012,18.232738,1.329534,0.000000
711,0.792388,0.081675,9.235857,1.333658,-0.000000
712,0.810098,0.000478,8.336719,1.331974,-0.000000
713,0.811862,0.068636,14.766300,1.335451,0.000000
714,0.796627,-0.000221,5.738981,1.325588,-0.000000
715,0.797792,-0.003114,10.989086,1.326004,-0.000000
716,0.778397,-0.003874,24.348261,1.333817,-0.000000
717,0.778546,0.010686,16.807394,1.344181,-0.000000
718,0.795971,0.032089,2.873452,1.352539,0.000000
719,0.799840,0.003901,6.432882,1.349277,-0.000000
720,0.808259,-0.001663,25.376476,1.359859,-0.000000
721,0.809639,0.000818,34.728382,1.377889,0.000000
722,0.741529,0.118948,22.776851,1.368996,0.000000
723,0.791583,0.079723,3.260906,1.339210,-0.000000
724,0.703760,0.013054,28.956677,1.328046,-0.000000
725,0.719136,0.014292,29.221603,1.338832,-0.000000
726,0.587474,0.017382,24.206486,1.340319,-0.000000
727,0.722158,0.049300,35.449360,1.337517,0.000000
728,0.663627,0.530549,19.917100,1.339945,0.000000
729,0.704045,0.025687,12.003179,1.333320,-0.000000
730,0.770435,0.247574,7.220993,1.313121,0.000000
731,0.772292,0.029461,5.030382,1.273506,-0.000000
732,0.801192,0.005135,11.529945,1.263811,-0.000000
733,0.774238,0.021030,4.774647,1.255280,-0.000000
734,0.724727,0.042228,6.972073,1.239887,0.000000
735,0.705857,0.034032,5.891307,1.230645,-0.000000
736,0.687402,0.048178,9.067248,1.226393,-0.000000
737,0.736821,0.182787,12.274453,1.236455,0.000000
738,0.753712,0.046209,26.795709,1.246925,0.000000
739,0.717249,0.023285,16.692282,1.256695,-0.000000
740,0.736345,0.044081,8.091109,1.247047,0.000000
741,0.761445,0.007252,17.097404,1.233140,-0.000000
742,0.786392,-0.003401,28.103891,1.237231,0.000000
743,0.759056,0.009221,28.570953,1.252031,0.000000
744,0.762158,0.005527,26.787015,1.245089,0.000000
745,0.761190,0.073425,23.036042,1.242849,0.000000
746,0.760897,0.010743,12.066199,1.238481,0.000000
747,0.756459,0.004316,14.896994,1.232291,0.000000
748,0.794672,-0.001294,15.058750,1.245980,0.000000
749,0.807066,0.004804,25.529051,1.262883,-0.000000
750,0.753967,-0.001965,14.024873,1.278823,0.000000
751,0.808565,0.018017,19.334335,1.287019,-0.000000
752,0.780761,-0.002174,29.251162,1.302560,0.000000
753,0.803450,0.019882,25.802679,1.320795,0.000000
754,0.804345,0.003744,30.600105,1.333320,0.000000
755,0.811286,0.002117,32.750270,1.364811,0.000000
756,0.816810,0.000342,49.047102,1.396406,0.000000
757,0.815386,-0.002991,27.192374,1.420712,0.000000
758,0.806013,0.038344,44.088376,1.433498,-0.000000
759,0.815088,0.002559,49.403350,1.430805,-0.000000
760,0.808929,-0.003248,34.587873,1.443871,0.000000
761,0.719047,0.061222,48.130477,1.461746,0.000000
762,0.789008,0.002504,52.485295,1.458555,0.000000
763,0.783211,0.011762,43.492876,1.447501,-0.000000
764,0.753520,-0.002606,45.876940,1.453367,-0.000000
765,0.807494,0.001446,49.863994,1.467967,0.000000
766,0.720261,-0.000779,31.127265,1.490708,0.000000
767,0.779258,0.002391,27.371320,1.514112,-0.000000
768,0.809505,0.003296,41.043689,1.519989,-0.000000
769,0.777801,0.029113,34.358786,1.501494,0.000000
770,0.782826,0.003163,34.704792,1.495699,0.000000
771,0.811311,-0.000527,43.267831,1.508723,0.000000
772,0.789215,0.621790,32.541949,1.522199,0.000000
773,0.801861,0.009930,37.533618,1.539369,-0.000000
774,0.810465,0.086135,43.106407,1.557204,0.000000
775,0.811160,0.002125,39.390544,1.559274,-0.000000
776,0.781811,-0.001092,34.904528,1.560545,-0.000000
777,0.787583,0.019122,29.681296,1.579021,-0.000000
778,0.803562,0.051309,33.291304,1.577832,0.000000
779,0.775232,0.015795,30.330443,1.577436,-0.000000
780,0.706792,0.086548,32.060738,1.584968,-0.000000
781,0.697228,0.022899,20.040436,1.572772,-0.000000
782,0.773612,0.449264,29.536677,1.556500,0.000000
783,0.615111,0.049703,35.789519,1.544973,0.000000
784,0.648023,0.012534,27.507539,1.544096,0.000000
785,0.705482,0.025257,11.925500,1.551087,0.000000
786,0.666671,0.062358,9.177246,1.542958,0.000000
787,0.636830,0.127856,14.123203,1.526987,-0.000000
788,0.759503,0.011086,11.024722,1.525269,0.000000
789,0.644443,0.074149,2.690881,1.514715,0.000000
790,0.740523,0.001427,7.526528,1.493758,0.000000
791,0.805932,0.004882,15.423291,1.473897,0.000000
792,0.753399,0.013274,8.505844,1.458981,0.000000
793,0.743188,0.034178,13.312311,1.447995,-0.000000
794,0.800019,-0.002639,19.706493,1.439731,-0.000000
795,0.731138,0.035502,9.306714,1.434190,-0.000000
796,0.805649,0.008477,13.651229,1.425178,0.000000
797,0.744774,0.044740,13.258222,1.421829,0.000000
798,0.753420,0.008451,21.850621,1.423963,0.000000
799,0.796865,0.000604,16.943823,1.450061,-0.000000
800,0.807066,0.009612,25.229846,1.467447,0.000000
801,0.773350,0.004732,26.096337,1.470233,-0.000000
802,0.796656,0.058974,23.766079,1.474009,0.000000
803,0.775294,0.006592,25.728770,1.494419,-0.000000
804,0.799130,-0.003068,31.499057,1.513849,0.000000
805,0.799659,0.007406,33.206639,1.525655,-0.000000
806,0.768026,0.083811,23.074885,1.526510,0.000000
807,0.782121,0.001553,27.288693,1.533542,0.000000
808,0.806213,0.004131,35.642753,1.547474,0.000000
809,0.801862,0.028178,25.077069,1.543822,-0.000000
810,0.802190,0.001897,22.484470,1.549878,-0.000000
811,0.769603,-0.001635,32.227920,1.554565,0.000000
812,0.766269,-0.003432,38.754224,1.568322,-0.000000
813,0.769611,0.004495,21.202702,1.594740,-0.000000
814,0.777406,0.006972,28.073998,1.599775,-0.000000
815,0.724793,0.003819,20.260043,1.596817,-0.000000
816,0.749362,0.056269,27.419810,1.583482,-0.000000
817,0.731962,0.009897,22.626146,1.557956,0.000000
818,0.767905,0.000152,29.468741,1.543720,-0.000000
819,0.762993,0.013968,29.394703,1.531663,0.000000
820,0.767462,0.013332,23.770884,1.515394,0.000000
821,0.702079,0.004218,19.156416,1.508940,-0.000000
822,0.719455,-0.003137,27.908813,1.504411,-0.000000
823,0.754342,0.024447,21.898911,1.500116,0.000000
824,0.772517,0.005918,21.329752,1.507904,-0.000000
825,0.769353,0.044967,24.671796,1.513066,0.000000
826,0.703228,0.010227,26.981596,1.500915,-0.000000
827,0.774620,0.004140,24.398413,1.507331,0.000000
828,0.722266,0.041147,22.333002,1.517314,0.000000
829,0.781340,0.020251,22.362967,1.511630,0.000000
830,0.807241,0.006118,27.110280,1.505459,-0.000000
831,0.743805,0.003447,25.833134,1.498091,0.000000
832,0.768123,-0.001724,22.494815,1.513387,-0.000000
833,0.769097,0.019660,19.489691,1.525418,0.000000
834,0.810621,0.005868,34.658825,1.523714,-0.000000
835,0.736789,0.054618,19.494666,1.515019,0.000000
836,0.736605,0.023653,22.260261,1.518408,0.000000
837,0.774926,0.013954,22.878649,1.516278,0.000000
838,0.783762,0.018420,27.002125,1.508348,0.000000
839,0.767801,0.005743,34.191310,1.509556,0.000000
840,0.771766,0.002894,23.601140,1.517231,-0.000000
841,0.800148,-0.002982,41.265850,1.520681,-0.000000
842,0.802849,0.006358,38.185457,1.537129,0.000000
843,0.797003,0.017289,42.457229,1.563707,0.000000
844,0.799992,0.005566,34.473108,1.580263,-0.000000
845,0.798427,0.042692,36.912517,1.590833,-0.000000
846,0.741711,0.040933,22.863735,1.601996,-0.000000
847,0.658813,0.121240,4.284943,1.602772,0.000000
848,0.772351,0.024201,27.437280,1.594126,-0.000000
849,0.760468,0.020102,26.327542,1.579661,0.000000
850,0.766119,0.000522,24.442559,1.560538,-0.000000
851,0.796105,0.014389,33.599166,1.551929,0.000000
852,0.765271,0.008638,25.106758,1.557887,0.000000
853,0.802658,0.003195,37.673798,1.580745,0.000000
854,0.796199,0.884447,30.846983,1.587450,0.000000
855,0.792478,1.389143,35.336362,1.586695,0.000000
856,0.802363,0.000444,35.667016,1.599787,0.000000
857,0.740763,0.009096,28.239430,1.611855,-0.000000
858,0.798512,0.005185,31.244806,1.608044,-0.000000
859,0.760048,0.003428,19.492803,1.609639,-0.000000
860,0.796966,0.007314,24.508304,1.613324,0.000000
861,0.769272,0.000518,23.320076,1.615107,-0.000000
862,0.774465,0.044320,24.294371,1.631801,0.000000
863,0.811627,0.001064,34.660964,1.658190,0.000000
864,0.800335,0.028865,24.595286,1.668202,0.000000
865,0.769126,0.006747,35.869500,1.664805,-0.000000
866,0.772444,0.003030,33.218069,1.673974,0.000000
867,0.782038,0.002246,32.822151,1.685456,-0.000000
868,0.803860,0.006199,31.799312,1.692126,0.000000
869,0.772327,0.008006,29.585122,1.697535,0.000000
870,0.807278,0.109201,29.379592,1.708079,-0.000000
871,0.773021,0.005569,27.382762,1.707928,-0.000000
872,0.698005,1.076451,15.510754,1.710864,0.000000
873,0.806087,0.016244,28.518301,1.705373,0.000000
874,0.673666,0.081451,15.920001,1.703313,0.000000
875,0.730743,0.018761,12.764146,1.699271,-0.000000
876,0.715251,0.045871,8.369687,1.687340,0.000000
877,0.748750,0.073916,13.871480,1.658262,0.000000
878,0.720123,0.100639,6.908261,1.634634,0.000000
879,0.709836,0.007674,5.324604,1.618859,0.000000
880,0.721015,0.014078,6.958237,1.592533,0.000000
881,0.764120,0.018852,12.773418,1.557991,-0.000000
882,0.745811,0.032719,9.958727,1.533238,-0.000000
883,0.749492,0.018677,11.983977,1.507333,0.000000
884,0.767842,0.020982,13.299344,1.490066,0.000000
885,0.766920,0.010845,11.388093,1.475158,0.000000
886,0.798916,0.013719,13.173589,1.480145,-0.000000
887,0.809429,0.005400,19.539632,1.467478,0.000000
888,0.799795,0.033877,16.938970,1.453619,-0.000000
889,0.798594,0.001101,16.673484,1.451923,0.000000
890,0.757702,0.026635,19.444205,1.435795,-0.000000
891,0.768993,0.005157,19.456649,1.418320,0.000000
892,0.793652,0.011944,14.333136,1.406719,0.000000
893,0.768102,0.002194,15.719473,1.392017,-0.000000
894,0.768022,0.123761,11.794404,1.377570,-0.000000
895,0.779352,-0.000246,11.034107,1.367634,-0.000000
896,0.775322,0.002430,12.382270,1.354087,-0.000000
897,0.807695,0.000836,27.336792,1.357221,0.000000
898,0.800442,-0.002884,18.741530,1.360197,-0.000000
899,0.811742,0.002379,23.822635,1.350129,0.000000
900,0.801670,0.032146,19.554266,1.339337,0.000000
901,0.811173,0.008929,23.473809,1.346964,-0.000000
902,0.780083,0.018238,18.800050,1.341828,0.000000
903,0.798005,0.033724,20.287397,1.335949,-0.000000
904,0.798953,0.012600,16.121343,1.331494,0.000000
905,0.805045,0.008063,19.592430,1.321042,0.000000
906,0.777673,0.004852,18.150999,1.308941,0.000000
907,0.764896,0.012597,16.102515,1.297429,0.000000
908,0.699364,0.020406,6.802451,1.297473,-0.000000
909,0.705195,0.020293,19.888694,1.285238,-0.000000
910,0.767478,0.010297,15.060637,1.270863,-0.000000
911,0.755285,0.014194,9.710506,1.260386,0.000000
912,0.769611,0.009008,10.106638,1.242668,-0.000000
913,0.791272,0.020811,8.701362,1.225394,0.000000
914,0.767869,0.024496,4.856156,1.218344,-0.000000
915,0.727433,0.087025,11.136722,1.235687,-0.000000
916,0.764362,-0.000112,10.716247,1.255031,-0.000000
917,0.808360,0.000334,10.472214,1.251829,-0.000000
918,0.793037,0.087705,9.861892,1.227249,0.000000
919,0.765966,0.003155,11.368662,1.212247,-0.000000
920,0.761472,0.005973,7.453372,1.213095,-0.000000
921,0.787149,0.008539,7.566073,1.217361,-0.000000
922,0.799921,0.007654,7.206312,1.213448,0.000000
923,0.793792,0.001062,8.862952,1.198556,0.000000
924,0.800402,0.007919,7.043357,1.205609,-0.000000
925,0.803963,0.011899,10.552054,1.208678,0.000000
926,0.796560,0.013567,12.738879,1.204048,0.000000
927,0.772324,0.037201,11.884782,1.202300,0.000000
928,0.767421,0.004617,14.956111,1.198489,0.000000
929,0.799144,-0.002285,7.856020,1.192888,-0.000000
930,0.786988,0.015274,4.495700,1.181065,0.000000
931,0.801605,0.005934,8.327950,1.171939,0.000000
932,0.773096,0.000511,8.344596,1.179073,-0.000000
933,0.793234,0.010940,5.837824,1.180933,0.000000
934,0.791671,0.002519,7.261934,1.181409,0.000000
935,0.788256,0.000544,9.232468,1.191909,-0.000000
936,0.795966,0.002723,13.090779,1.193991,0.000000
937,0.791604,0.012816,7.214516,1.185534,0.000000
938,0.789309,-0.001228,9.679218,1.185269,-0.000000
939,0.802624,-0.000896,22.658744,1.197851,0.000000
940,0.787166,0.003896,11.754502,1.203551,0.000000
941,0.792271,0.001616,11.365385,1.195251,0.000000
942,0.760265,0.123343,9.612292,1.197558,0.000000
943,0.784852,0.009769,12.143434,1.211329,0.000000
944,0.798672,0.004498,12.835022,1.208305,-0.000000
945,0.788289,0.000338,12.113974,1.203418,0.000000
946,0.797538,0.003111,21.835274,1.220782,0.000000
947,0.782956,0.022178,21.145435,1.240810,0.000000
948,0.789809,0.000637,31.049136,1.236601,-0.000000
949,0.787885,-0.003106,26.608714,1.236385,0.000000
950,0.797603,-0.004404,22.588042,1.248602,0.000000
951,0.792944,0.007470,36.838663,1.277956,-0.000000
952,0.788175,-0.004145,44.011693,1.298951,-0.000000
953,0.797130,-0.000262,42.176808,1.310552,0.000000
954,0.774584,0.022971,21.641975,1.313904,-0.000000
955,0.760389,0.010274,38.131204,1.326900,-0.000000
956,0.775339,0.000399,48.379451,1.341196,-0.000000
957,0.795650,-0.000899,40.858839,1.347698,0.000000
958,0.794683,0.002013,39.078931,1.368552,-0.000000
959,0.795545,0.001572,49.012594,1.396636,0.000000
960,0.768976,0.007757,36.628421,1.421673,-0.000000
961,0.770111,0.034190,38.660822,1.454894,0.000000
962,0.799087,-0.003308,38.679955,1.466516,0.000000
963,0.780310,0.010279,30.377574,1.464611,-0.000000
964,0.678655,0.137916,18.626351,1.458279,0.000000
965,0.656582,0.105680,4.027736,1.440494,0.000000
966,0.663926,0.045152,4.614761,1.445294,-0.000000
967,0.689429,0.010380,6.845388,1.444866,0.000000
968,0.758631,0.030500,12.767674,1.436801,-0.000000
969,0.779346,0.035922,12.927176,1.447104,0.000000
970,0.760485,0.019360,15.314184,1.451612,0.000000
971,0.807213,0.023713,21.641260,1.450870,0.000000
972,0.757350,0.017922,13.256498,1.442225,0.000000
973,0.727584,0.026144,17.254850,1.438577,-0.000000
974,0.757453,0.023324,11.882896,1.429230,0.000000
975,0.770475,0.011041,23.191071,1.418011,-0.000000
976,0.759150,0.004006,21.334069,1.416006,0.000000
977,0.786321,0.018460,21.425873,1.418590,-0.000000
978,0.758739,0.004017,16.151153,1.417450,0.000000
979,0.795468,0.042789,30.508396,1.433653,0.000000
980,0.750606,0.016976,36.907783,1.442686,0.000000
981,0.795804,0.072749,37.895227,1.442332,0.000000
982,0.769308,0.003057,24.780499,1.448815,0.000000
983,0.771915,-0.000518,18.352872,1.468091,0.000000
984,0.734857,0.033225,24.325886,1.484144,-0.000000
985,0.713630,0.020466,23.637351,1.501672,-0.000000
986,0.666954,0.036516,9.649110,1.512936,0.000000
987,0.734064,0.027593,12.128121,1.500790,0.000000
988,0.728695,0.002410,10.931844,1.485913,0.000000
989,0.761625,0.000667,28.824997,1.473882,-0.000000
990,0.785814,0.022820,17.770890,1.458799,-0.000000
991,0.778385,0.007756,23.291109,1.451335,0.000000
992,0.771060,-0.003180,18.446349,1.464220,0.000000
993,0.765016,0.003325,17.621279,1.467588,0.000000
994,0.792786,0.018011,26.207739,1.459392,0.000000
995,0.798830,0.000115,29.770427,1.470035,-0.000000
996,0.802587,0.008929,32.080266,1.481106,-0.000000
997,0.798587,0.010225,30.450847,1.473729,-0.000000
998,0.795375,0.161577,29.547242,1.462203,-0.000000
999,0.799497,0.000279,25.516240,1.451823,-0.000000
1000,0.767389,0.242739,25.164613,1.424868,-0.000000
1001,0.790135,0.007418,32.496546,1.404852,-0.000000
1002,0.804096,0.012493,28.698916,1.403769,-0.000000
1003,0.776762,0.020238,24.360757,1.398602,0.000000
1004,0.714260,0.025883,33.037244,1.400565,0.000000
1005,0.748981,0.040127,14.036843,1.393902,-0.000000
1006,0.685388,0.040129,10.188334,1.377604,0.000000
1007,0.770210,0.018487,22.462577,1.376737,0.000000
1008,0.757018,0.035910,24.246838,1.381409,0.000000
1009,0.769735,0.006870,22.520875,1.386334,0.000000
1010,0.773725,0.075054,16.683224,1.396607,-0.000000
1011,0.778319,0.004604,21.437362,1.401720,-0.000000
1012,0.797428,-0.002915,33.286870,1.410931,-0.000000
1013,0.799924,0.002922,33.952628,1.427153,0.000000
1014,0.804939,0.004802,27.079350,1.430524,0.000000
1015,0.808377,0.155800,24.775465,1.420931,0.000000
1016,0.799586,0.986733,31.646157,1.415916,-0.000000
1017,0.802355,0.001376,29.040660,1.425978,0.000000
1018,0.777664,0.015453,26.462716,1.429535,-0.000000
1019,0.741176,0.014447,20.036370,1.428876,0.000000
1020,0.745780,0.010464,6.228291,1.428200,-0.000000
1021,0.756136,0.003474,14.071236,1.435108,0.000000
1022,0.767622,0.014998,16.074678,1.444918,-0.000000
1023,0.779522,0.012588,11.104869,1.435555,0.000000
1024,0.741972,0.003403,13.936132,1.424259,-0.000000
1025,0.793725,0.013438,22.662231,1.410652,-0.000000
1026,0.790383,0.005139,16.203785,1.410358,0.000000
1027,0.750124,0.020572,13.420707,1.432375,0.000000
1028,0.701755,0.072176,5.833464,1.446647,-0.000000
1029,0.698072,0.011557,4.036217,1.447373,0.000000
1030,0.749382,-0.001156,10.469653,1.450652,0.000000
1031,0.783384,0.000483,18.938831,1.451538,0.000000
1032,0.746592,0.002058,12.971019,1.465870,0.000000
1033,0.695763,0.012599,6.461795,1.471062,-0.000000
1034,0.750607,0.380765,8.190086,1.464753,-0.000000
1035,0.789764,0.006937,19.030416,1.467455,0.000000
1036,0.752989,0.015430,14.137484,1.473031,0.000000
1037,0.782948,0.008052,16.856814,1.472817,-0.000000
1038,0.779722,0.078609,8.575817,1.465711,-0.000000
1039,0.777384,0.077771,7.242009,1.449502,0.000000
1040,0.792156,0.003124,9.269753,1.427761,-0.000000
1041,0.778380,0.039966,5.398132,1.401351,0.000000
1042,0.749393,0.022588,5.975432,1.389801,0.000000
1043,0.780739,0.003639,4.781615,1.391717,0.000000
1044,0.786495,0.019519,8.022346,1.390772,0.000000
1045,0.789747,0.023552,10.520146,1.395342,0.000000
1046,0.788530,0.063474,5.428439,1.400001,0.000000
1047,0.781489,0.112856,7.578184,1.396162,0.000000
1048,0.782755,0.008913,6.780213,1.377449,-0.000000
1049,0.776888,0.002776,6.420984,1.359583,0.000000
1050,0.790737,-0.003934,10.183825,1.358080,-0.000000
1051,0.792029,0.033374,9.433651,1.370336,0.000000
1052,0.792444,0.006568,7.733943,1.381156,-0.000000
1053,0.795867,0.011475,12.328329,1.385905,0.000000
1054,0.788904,-0.002605,12.063935,1.397042,0.000000
1055,0.753120,0.011521,7.852959,1.400202,-0.000000
1056,0.775402,0.004620,3.742454,1.392535,0.000000
1057,0.566239,0.103130,14.754540,1.393359,-0.000000
1058,0.751722,0.040075,6.797837,1.388008,0.000000
1059,0.763984,0.161648,5.725335,1.393718,0.000000
1060,0.765332,0.096885,4.603440,1.394304,-0.000000
1061,0.782550,0.003004,7.034458,1.396015,-0.000000
1062,0.757404,0.018655,5.160316,1.389175,-0.000000
1063,0.789953,-0.003556,9.578587,1.383091,0.000000
1064,0.784010,0.003662,7.373542,1.387587,0.000000
1065,0.787361,0.045000,8.320789,1.366356,0.000000
1066,0.795654,0.007583,7.687850,1.353937,0.000000
1067,0.786417,0.018243,6.913485,1.354835,0.000000
1068,0.786602,0.016484,6.295583,1.351275,-0.000000
1069,0.791238,-0.005440,4.192366,1.351489,-0.000000
1070,0.791035,0.001825,6.767949,1.361445,-0.000000
1071,0.791533,0.000270,12.943570,1.370078,-0.000000
1072,0.796037,0.000145,3.435608,1.370886,0.000000
1073,0.788041,-0.000602,6.053527,1.379680,0.000000
1074,0.783290,0.015046,5.679907,1.379925,0.000000
1075,0.792701,0.240000,2.814937,1.388636,-0.000000
1076,0.777443,-0.001694,2.619434,1.396729,0.000000
1077,0.785690,0.004034,1.372706,1.393677,0.000000
1078,0.772013,0.008469,2.137482,1.372351,0.000000
1079,0.748396,-0.001820,9.023787,1.356708,0.000000
1080,0.751899,0.001106,7.741770,1.356268,-0.000000
1081,0.793793,0.009250,2.083371,1.346001,0.000000
1082,0.786099,0.000037,1.600370,1.351936,0.000000
1083,0.794707,0.009840,1.086923,1.351378,-0.000000
1084,0.791636,0.003516,2.934558,1.331012,-0.000000
1085,0.792670,0.007341,3.021962,1.328090,0.000000
1086,0.788021,0.007167,1.433538,1.327552,0.000000
1087,0.792093,0.088161,3.017315,1.319111,-0.000000
1088,0.784348,0.032542,3.699537,1.304517,-0.000000
1089,0.785814,0.004038,2.970321,1.289279,0.000000
1090,0.779829,0.008899,2.176542,1.275919,0.000000
1091,0.793066,0.002468,2.715473,1.262241,-0.000000
1092,0.792561,0.025198,3.087603,1.274301,-0.000000
1093,0.797145,0.011268,1.628147,1.296612,0.000000
1094,0.786665,0.157943,1.601839,1.282164,0.000000
1095,0.799393,0.010223,1.777786,1.260446,0.000000
1096,0.795542,0.000339,1.730040,1.237920,0.000000
1097,0.795044,0.019446,2.307615,1.212288,-0.000000
1098,0.803712,-0.002826,3.189604,1.206844,-0.000000
1099,0.792351,0.000853,1.708160,1.215739,0.000000
1100,0.798900,0.007873,8.587721,1.205915,0.000000
1101,0.801136,0.001067,7.979203,1.205304,0.000000
1102,0.799354,0.022094,4.108680,1.201750,-0.000000
1103,0.781776,0.008041,4.006948,1.188304,0.000000
1104,0.765297,0.014806,5.978140,1.182658,-0.000000
1105,0.797369,-0.001928,6.609868,1.187752,0.000000
1106,0.779641,-0.003450,5.332711,1.208795,0.000000
1107,0.784793,0.006191,19.652788,1.223421,-0.000000
1108,0.785116,0.022747,12.374427,1.223346,0.000000
1109,0.797918,0.009534,15.357073,1.220661,0.000000
1110,0.768013,0.006513,20.138956,1.211053,0.000000
1111,0.784456,0.036225,20.691064,1.193827,-0.000000
1112,0.807267,-0.002808,30.704655,1.206846,0.000000
1113,0.797872,0.016403,7.889344,1.223655,-0.000000
1114,0.782490,0.006507,17.323409,1.208286,0.000000
1115,0.778258,0.042610,20.503698,1.199288,-0.000000
1116,0.796594,0.001769,20.181712,1.197652,-0.000000
1117,0.709261,0.020802,30.227656,1.193731,0.000000
1118,0.805442,-0.004912,28.292477,1.201931,-0.000000
1119,0.782143,0.055727,19.717997,1.206911,0.000000
1120,0.800569,0.000608,13.748464,1.202201,0.000000
1121,0.795748,0.041554,5.189872,1.190558,0.000000
1122,0.785045,0.007145,3.335438,1.177366,0.000000
1123,0.772080,0.006182,3.995687,1.165824,0.000000
1124,0.750851,0.017622,4.714928,1.135670,-0.000000
1125,0.777210,0.000119,4.877469,1.129681,0.000000
1126,0.791770,-0.000619,17.616079,1.152279,0.000000
1127,0.796634,0.072849,18.335029,1.171651,0.000000
1128,0.761182,0.061271,20.837922,1.184879,-0.000000
1129,0.763682,0.024114,14.444463,1.191567,-0.000000
1130,0.799857,0.000744,10.520980,1.199616,0.000000
1131,0.800325,0.000428,25.364777,1.209455,0.000000
1132,0.807463,0.020420,24.153668,1.224731,0.000000
1133,0.809847,0.101893,25.783810,1.254627,-0.000000
1134,0.757085,1.042691,33.845333,1.271491,0.000000
1135,0.759752,0.011265,21.258909,1.263679,0.000000
1136,0.801370,0.004085,21.727014,1.275249,0.000000
1137,0.762900,0.047598,27.448758,1.284009,0.000000
1138,0.781205,0.003361,18.346448,1.283740,-0.000000
1139,0.694647,0.063191,15.046234,1.288232,-0.000000
1140,0.801693,0.051772,22.191225,1.283149,-0.000000
1141,0.800462,0.004788,23.136441,1.275261,-0.000000
1142,0.803093,-0.007553,27.190770,1.279053,-0.000000
1143,0.768746,0.000358,25.076875,1.300331,-0.000000
1144,0.809234,0.026114,18.454177,1.299026,0.000000
1145,0.811211,0.004592,23.692235,1.306713,0.000000
1146,0.805264,-0.003162,18.802792,1.314687,0.000000
1147,0.815262,0.001555,20.927348,1.316710,-0.000000
1148,0.806133,0.011819,8.306233,1.321859,0.000000
1149,0.806080,0.009272,18.481782,1.330476,-0.000000
1150,0.808294,0.027258,10.310073,1.332272,-0.000000
1151,0.810455,-0.002649,30.567142,1.340902,0.000000
1152,0.804429,0.007024,10.087111,1.353036,0.000000
1153,0.765913,0.009930,21.433599,1.371418,0.000000
1154,0.726869,0.022960,25.286198,1.387095,-0.000000
1155,0.692670,0.024747,19.238754,1.387965,0.000000
1156,0.776509,0.027763,12.217113,1.390037,-0.000000
1157,0.774548,0.002684,20.166877,1.375930,0.000000
1158,0.810373,-0.001907,15.853123,1.363178,0.000000
1159,0.765360,0.029755,12.611229,1.359407,-0.000000
1160,0.801117,0.223825,21.233958,1.342739,-0.000000
1161,0.737759,0.000318,17.560868,1.338518,0.000000
1162,0.806004,0.001433,24.850480,1.338703,0.000000
1163,0.806315,-0.003861,39.183951,1.332231,0.000000
1164,0.812292,-0.002171,54.726434,1.334576,-0.000000
1165,0.813878,0.021593,30.262336,1.336503,0.000000
1166,0.804042,0.000635,28.277450,1.321464,0.000000
1167,0.695194,0.249422,46.262958,1.321203,0.000000
1168,0.728045,0.028922,36.217016,1.320463,-0.000000
1169,0.691893,0.015835,18.957235,1.303407,0.000000
1170,0.782541,0.032838,24.341517,1.280426,-0.000000
1171,0.785111,0.004352,34.073760,1.277621,-0.000000
1172,0.762327,0.023842,24.879403,1.280116,0.000000
1173,0.772003,0.008054,29.098911,1.276435,0.000000
1174,0.809843,0.008102,36.107857,1.273013,0.000000
1175,0.786383,-0.002783,23.632565,1.281727,0.000000
1176,0.772027,0.073358,22.658372,1.292575,0.000000
1177,0.661256,0.011390,20.533474,1.309404,0.000000
1178,0.716578,0.017128,22.169545,1.323404,0.000000
1179,0.813188,0.003112,37.024873,1.337955,0.000000
1180,0.701925,0.005784,20.346861,1.351057,-0.000000
1181,0.768142,0.006078,34.364405,1.368300,0.000000
1182,0.734724,0.009935,14.517321,1.369786,0.000000
1183,0.727010,0.007715,11.584465,1.358339,0.000000
1184,0.778438,0.000448,31.751167,1.344533,0.000000
1185,0.811329,0.002258,35.465036,1.345703,-0.000000
1186,0.786062,0.001789,33.956093,1.367866,0.000000
1187,0.775813,0.169255,23.251684,1.374952,0.000000
1188,0.808450,0.080678,35.937922,1.384888,0.000000
1189,0.807817,0.002805,35.691208,1.405039,0.000000
1190,0.791561,0.005562,36.897070,1.396442,-0.000000
1191,0.821633,0.004889,33.480868,1.385383,0.000000
1192,0.779481,0.011911,29.066326,1.387979,-0.000000
1193,0.806460,0.030756,27.547180,1.383283,-0.000000
1194,0.800432,0.018426,20.878886,1.380037,-0.000000
1195,0.769596,0.044521,15.470958,1.364865,-0.000000
1196,0.773487,0.008422,9.498345,1.351247,-0.000000
1197,0.746153,0.025809,12.299369,1.341203,0.000000
1198,0.770077,0.049366,8.005405,1.330741,0.000000
1199,0.803387,0.020260,9.568428,1.305339,-0.000000
1200,0.763154,0.010751,8.353715,1.287035,-0.000000
1201,0.637668,0.009942,9.407944,1.287576,-0.000000
1202,0.721485,0.016985,5.542932,1.270671,0.000000
1203,0.787267,0.007245,5.232593,1.244589,-0.000000
1204,0.713404,0.457404,5.311507,1.210140,-0.000000
1205,0.761267,0.026053,5.497943,1.189388,-0.000000
1206,0.777873,0.123477,4.258326,1.177276,0.000000
1207,0.783987,0.091198,4.458383,1.157740,-0.000000
1208,0.785536,0.001193,7.041682,1.148761,0.000000
1209,0.751223,0.012988,2.150908,1.146692,-0.000000
1210,0.766846,0.001293,8.477794,1.161263,0.000000
1211,0.732176,0.049864,8.076556,1.169318,0.000000
1212,0.775266,0.012202,3.476103,1.146551,-0.000000
1213,0.784549,0.017583,3.228286,1.137386,-0.000000
1214,0.794834,0.000776,8.159948,1.157062,0.000000
1215,0.790465,0.007800,6.271915,1.174956,0.000000
1216,0.784702,0.002398,2.227623,1.178182,-0.000000
1217,0.797694,-0.003009,7.978049,1.184519,0.000000
1218,0.773621,-0.000859,19.168648,1.206892,0.000000
1219,0.805958,0.008287,7.696606,1.222725,-0.000000
1220,0.805840,-0.000813,5.576339,1.231706,0.000000
1221,0.803532,0.017749,3.246266,1.235108,-0.000000
1222,0.770683,0.005494,3.490337,1.227975,0.000000
1223,0.778334,0.013807,2.129736,1.211689,0.000000
1224,0.790513,0.011982,7.983439,1.197832,0.000000
1225,0.807097,0.002422,18.958646,1.212181,-0.000000
1226,0.804133,0.002781,27.466302,1.239094,-0.000000
1227,0.800866,-0.001088,24.368656,1.253992,-0.000000
1228,0.780812,-0.000157,54.872119,1.266174,0.000000
1229,0.793454,0.006376,19.202139,1.269606,0.000000
1230,0.768315,0.002779,21.258201,1.257735,-0.000000
1231,0.803333,0.017475,16.244504,1.245962,0.000000
1232,0.514518,0.046449,38.482349,1.235549,-0.000000
1233,0.469823,0.032398,7.684980,1.222803,0.000000
1234,0.489779,0.064109,4.333849,1.201445,-0.000000
1235,0.479431,0.023949,2.958488,1.175621,-0.000000
1236,0.568904,0.146533,5.633004,1.144715,-0.000000
1237,0.760399,0.021489,9.320506,1.117181,-0.000000
1238,0.714842,0.010904,8.631803,1.086489,-0.000000
1239,0.790844,0.048543,6.062883,1.055537,0.000000
1240,0.804002,0.002459,8.295906,1.040396,0.000000
1241,0.786025,0.009270,6.014476,1.027543,0.000000
1242,0.784261,0.010248,5.606434,1.017865,-0.000000
1243,0.784494,0.029327,4.657869,1.015318,0.000000
1244,0.795539,0.014147,10.868846,1.006978,0.000000
1245,0.735784,0.005935,31.434655,1.008411,0.000000
1246,0.789389,-0.000396,17.775789,1.023719,0.000000
1247,0.765688,-0.000525,2.993587,1.031330,-0.000000
1248,0.731049,0.005878,5.109597,1.015586,0.000000
1249,0.674950,0.049914,4.835966,0.999378,-0.000000
1250,0.743787,-0.002181,5.312425,0.985712,0.000000
1251,0.752324,0.017905,2.579849,0.982582,0.000000
1252,0.752220,0.021763,2.215924,0.987260,-0.000000
1253,0.739502,-0.000166,11.581726,0.985973,0.000000
1254,0.717992,0.001938,2.828336,0.976548,-0.000000
1255,0.713573,0.003419,3.282179,0.966314,0.000000
1256,0.759182,0.009197,10.705164,0.974162,0.000000
1257,0.724391,-0.001343,7.756533,0.992878,0.000000
1258,0.711803,0.004838,1.811509,0.982878,0.000000
1259,0.684446,0.015325,12.779578,0.977039,-0.000000
1260,0.712645,0.005001,3.152174,0.985309,0.000000
1261,0.739778,0.003738,3.170112,0.987310,-0.000000
1262,0.650761,0.031810,19.546236,0.987080,0.000000
1263,0.702760,0.004056,6.618863,0.982615,0.000000
1264,0.724942,0.004308,14.782600,0.973995,-0.000000
1265,0.692536,0.008258,6.867256,0.974396,0.000000
1266,0.683472,0.012519,3.569625,0.970276,-0.000000
1267,0.694481,0.005200,4.834867,0.958037,-0.000000
1268,0.707042,0.010602,3.556295,0.951104,0.000000
1269,0.772838,0.003310,4.254433,0.964270,0.000000
1270,0.730605,0.007538,1.578820,0.962933,-0.000000
1271,0.739123,0.030119,4.654615,0.939200,-0.000000
1272,0.771903,-0.002448,4.212675,0.938782,0.000000
1273,0.768976,0.058564,6.411449,0.948553,0.000000
1274,0.763949,-0.000656,3.276430,0.953720,-0.000000
1275,0.785497,-0.001569,11.940802,0.961632,-0.000000
1276,0.777610,-0.003588,11.905706,0.965577,0.000000
1277,0.764445,-0.000264,5.406130,0.963273,0.000000
1278,0.758356,0.001045,20.879331,0.972498,-0.000000
1279,0.683820,-0.000932,33.580319,0.988430,-0.000000
1280,0.748067,-0.001102,9.728365,1.009691,0.000000
1281,0.752584,0.003249,9.386052,1.014787,0.000000
1282,0.774203,0.000768,11.454803,1.026500,0.000000
1283,0.784011,-0.004489,10.128093,1.043885,-0.000000
1284,0.772116,0.008044,5.996417,1.036095,0.000000
1285,0.792215,-0.002555,9.979743,1.033036,-0.000000
1286,0.787464,0.000411,8.561290,1.059363,0.000000
1287,0.785522,-0.003960,7.475000,1.083989,-0.000000
1288,0.787713,-0.005204,15.315586,1.090679,0.000000
1289,0.800144,0.006112,27.032948,1.090107,0.000000
1290,0.757368,-0.003451,21.505913,1.110735,0.000000
1291,0.797564,-0.001763,16.116288,1.124611,-0.000000
1292,0.794374,-0.002626,8.953298,1.122041,0.000000
1293,0.797945,-0.002838,25.421931,1.127526,-0.000000
1294,0.803564,0.038153,26.124671,1.154551,0.000000
1295,0.816628,0.778892,58.020453,1.169688,0.000000
1296,0.794610,0.003939,23.860161,1.174369,0.000000
1297,0.805753,-0.000650,31.010310,1.169425,0.000000
1298,0.806655,-0.001943,35.629905,1.175656,0.000000
1299,0.805052,0.001477,35.239421,1.199108,-0.000000
1300,0.809005,0.004163,39.402320,1.214258,0.000000
1301,0.742353,0.001930,49.705862,1.232751,0.000000
1302,0.774286,0.003277,43.480264,1.259819,0.000000
1303,0.804014,0.021469,42.729019,1.280770,-0.000000
1304,0.799085,0.008705,28.966154,1.294389,0.000000
1305,0.644657,0.197810,44.184389,1.307917,-0.000000
1306,0.703452,0.022653,19.717103,1.306394,-0.000000
1307,0.725161,0.093492,12.881629,1.283613,0.000000
1308,0.744316,0.011187,11.108175,1.263692,0.000000
1309,0.796489,0.013486,10.639083,1.247313,-0.000000
1310,0.796621,0.013077,11.798159,1.229552,-0.000000
1311,0.788592,0.011400,13.213307,1.212244,-0.000000
1312,0.767614,0.005912,21.261253,1.195073,-0.000000
1313,0.764846,-0.000934,21.852463,1.204759,-0.000000
1314,0.796031,0.008698,20.217361,1.210427,0.000000
1315,0.702268,0.004640,22.763330,1.198611,-0.000000
1316,0.753384,0.014424,22.926408,1.193503,-0.000000
1317,0.687415,0.012790,10.839082,1.184354,-0.000000
1318,0.749350,0.049959,5.881584,1.165388,-0.000000
1319,0.679836,0.036607,6.251077,1.134572,0.000000
1320,0.710957,-0.000899,9.548593,1.127662,-0.000000
1321,0.680748,0.041978,9.048045,1.134120,0.000000
1322,0.701308,0.003836,8.351335,1.139458,-0.000000
1323,0.674276,0.010118,8.432060,1.150413,0.000000
1324,0.710996,0.011550,4.989810,1.142966,0.000000
1325,0.737733,-0.003802,7.890512,1.153062,0.000000
1326,0.696201,0.042494,4.959494,1.157204,0.000000
1327,0.778423,0.019617,10.209491,1.139498,-0.000000
1328,0.783416,-0.002365,11.429632,1.134203,-0.000000
1329,0.777814,-0.002329,14.471958,1.144392,0.000000
1330,0.786727,-0.001334,12.390533,1.167095,-0.000000
1331,0.785228,0.003531,13.362502,1.199753,0.000000
1332,0.790880,-0.001847,24.729077,1.213506,0.000000
1333,0.785267,-0.000950,14.639744,1.214615,-0.000000
1334,0.800819,-0.001288,26.418788,1.225735,0.000000
1335,0.799603,-0.005648,22.316627,1.263570,-0.000000
1336,0.805618,0.014312,44.817683,1.290978,-0.000000
1337,0.757874,-0.000723,30.404131,1.312144,0.000000
1338,0.772329,0.018082,19.834530,1.329831,0.000000
1339,0.799363,0.005032,43.725546,1.344456,0.000000
1340,0.779705,0.003660,40.084672,1.361698,0.000000
1341,0.783019,-0.001309,49.889663,1.380699,0.000000
1342,0.799265,0.000158,39.061945,1.393798,-0.000000
1343,0.801023,0.008208,34.381480,1.420784,0.000000
1344,0.795716,0.033267,29.986206,1.433342,0.000000
1345,0.806881,-0.002072,30.460305,1.433026,0.000000
1346,0.809456,-0.002949,44.607223,1.440502,0.000000
1347,0.807639,0.009483,24.188303,1.449033,-0.000000
1348,0.747168,0.015552,45.519376,1.449326,0.000000
1349,0.778006,0.003906,35.431432,1.456970,-0.000000
1350,0.776815,0.009414,28.960263,1.464293,0.000000
1351,0.705544,0.108832,8.030734,1.470448,0.000000
1352,0.734566,0.955766,19.331757,1.466685,-0.000000
1353,0.799718,0.037877,20.962777,1.457686,-0.000000
1354,0.779683,0.036594,18.598824,1.462607,-0.000000
1355,0.774792,-0.000077,21.298777,1.492409,0.000000
1356,0.772707,0.031072,21.523213,1.490802,0.000000
1357,0.799112,0.039307,21.265107,1.451608,-0.000000
1358,0.717976,0.002972,16.227150,1.455244,0.000000
1359,0.613755,0.030798,12.604167,1.474329,0.000000
1360,0.643711,0.010194,17.533442,1.482609,-0.000000
1361,0.735385,0.060704,9.180808,1.470949,-0.000000
1362,0.572034,0.031619,14.302481,1.453372,-0.000000
1363,0.734885,0.042231,7.688687,1.439955,-0.000000
1364,0.681871,0.023623,4.911162,1.409303,-0.000000
1365,0.739749,0.042184,15.360984,1.383077,-0.000000
1366,0.764436,-0.001817,8.656528,1.375175,0.000000
1367,0.739235,0.009053,9.017136,1.383149,0.000000
1368,0.760009,0.011633,6.611947,1.373220,-0.000000
1369,0.746294,0.057960,8.408218,1.355731,0.000000
1370,0.730926,0.003079,7.688458,1.357523,-0.000000
1371,0.793220,0.022455,9.323630,1.363129,0.000000
1372,0.800053,0.001692,14.503962,1.360279,0.000000
1373,0.783921,0.002692,10.274430,1.377793,-0.000000
1374,0.803450,0.001563,17.145733,1.402764,0.000000
1375,0.783098,0.029365,11.640242,1.415836,-0.000000
1376,0.779354,0.041212,10.176982,1.418260,-0.000000
1377,0.737359,0.013038,7.656797,1.419986,0.000000
1378,0.708280,-0.003416,12.829340,1.425384,0.000000
1379,0.753875,0.005157,9.952424,1.434856,0.000000
1380,0.787577,-0.003210,12.083543,1.424720,0.000000
1381,0.782427,0.001171,10.584250,1.407914,0.000000
1382,0.766232,0.008126,13.355416,1.413961,0.000000
1383,0.792902,0.005383,12.378687,1.429730,-0.000000
1384,0.804217,-0.001257,17.774517,1.444320,-0.000000
1385,0.760789,0.007094,16.417827,1.452258,-0.000000
1386,0.793386,0.352074,9.921274,1.444463,0.000000
1387,0.793323,0.011546,15.713216,1.441868,-0.000000
1388,0.801614,0.007238,24.260239,1.448476,0.000000
1389,0.794197,0.003642,14.816060,1.471533,0.000000
1390,0.757428,0.009863,8.735555,1.486416,0.000000
1391,0.797743,0.003014,11.904047,1.493800,-0.000000
1392,0.791362,0.002324,12.141595,1.508581,0.000000
1393,0.761429,0.001578,12.943841,1.526327,0.000000
1394,0.763317,-0.001723,23.060475,1.520668,0.000000
1395,0.784842,0.007101,7.703717,1.522427,0.000000
1396,0.801118,0.037124,10.595244,1.531975,-0.000000
1397,0.715629,0.015627,17.553434,1.531395,0.000000
1398,0.755407,0.016111,9.942376,1.521124,-0.000000
1399,0.748674,0.005287,11.368412,1.517084,-0.000000
1400,0.788099,0.041753,10.242279,1.520678,-0.000000
1401,0.795557,0.013530,11.708138,1.521250,0.000000
1402,0.802034,-0.001572,12.864337,1.537890,0.000000
1403,0.796440,0.037005,17.483758,1.547645,-0.000000
1404,0.786453,0.022872,12.861986,1.540504,0.000000
1405,0.787995,0.002740,22.778731,1.535938,0.000000
1406,0.754549,-0.001323,12.354685,1.525753,0.000000
1407,0.790075,0.011096,15.258710,1.537049,0.000000
1408,0.779147,0.002269,17.817676,1.535414,-0.000000
1409,0.800088,0.009421,14.250205,1.533476,0.000000
1410,0.786161,-0.002183,17.728659,1.545025,-0.000000
1411,0.795973,0.010067,25.696472,1.543014,-0.000000
1412,0.793815,0.163961,25.636004,1.548768,0.000000
1413,0.800043,0.028167,30.306337,1.551863,-0.000000
1414,0.798658,-0.001258,33.290889,1.552279,-0.000000
1415,0.804221,0.003606,27.060962,1.570295,-0.000000
1416,0.798041,0.029420,25.320342,1.580788,-0.000000
1417,0.804752,0.001902,25.016475,1.587626,0.000000
1418,0.801939,0.004641,32.751775,1.599382,-0.000000
1419,0.792426,0.011629,20.307013,1.616540,0.000000
1420,0.723131,-0.001809,35.170650,1.632726,-0.000000
1421,0.712205,0.027439,26.440521,1.647622,0.000000
1422,0.787166,0.014695,28.578343,1.649639,-0.000000
1423,0.719697,0.003093,18.674280,1.641740,0.000000
1424,0.798112,0.027397,32.951257,1.638489,-0.000000
1425,0.804274,0.026086,28.482387,1.623930,-0.000000
1426,0.806045,0.002759,29.136606,1.625476,-0.000000
1427,0.798278,0.127503,16.515588,1.618683,-0.000000
1428,0.804410,0.034008,14.557310,1.592847,0.000000
1429,0.809132,0.010395,9.512851,1.585461,-0.000000
1430,0.805081,0.009453,15.622636,1.599216,0.000000
1431,0.803217,0.040406,11.817125,1.595551,-0.000000
1432,0.806625,0.185316,10.269321,1.585541,0.000000
1433,0.803423,0.016270,15.822223,1.584407,-0.000000
1434,0.797638,0.039181,7.690301,1.574828,0.000000
1435,0.805239,0.033091,8.389502,1.555183,-0.000000
1436,0.810534,0.010183,15.825548,1.551657,-0.000000
1437,0.806535,0.014261,20.576093,1.555578,-0.000000
1438,0.798665,0.008145,8.716569,1.552520,0.000000
1439,0.801557,0.061081,15.612946,1.544622,-0.000000
1440,0.800085,0.029817,13.358827,1.556320,-0.000000
1441,0.794511,0.007925,17.356107,1.554183,-0.000000
1442,0.761892,0.091177,17.507313,1.549595,0.000000
1443,0.763387,0.022319,9.604838,1.562641,0.000000
1444,0.792763,0.038318,5.122849,1.564829,0.000000
1445,0.791443,0.011266,5.471798,1.550413,0.000000
1446,0.796034,0.028636,6.425908,1.534104,-0.000000
1447,0.797259,0.016535,5.942423,1.518974,-0.000000
1448,0.803508,0.020255,10.232107,1.514221,0.000000
1449,0.797759,0.010513,11.207593,1.512206,-0.000000
1450,0.789918,0.034072,10.039982,1.496146,0.000000
1451,0.802326,0.006612,11.342262,1.468316,0.000000
1452,0.798875,-0.004187,8.766390,1.462478,-0.000000
1453,0.810974,0.185585,7.956843,1.463255,-0.000000
1454,0.800859,0.003075,7.626801,1.452540,0.000000
1455,0.806456,0.001204,14.859976,1.448050,-0.000000
1456,0.800832,0.010005,11.372161,1.450861,0.000000
1457,0.800896,0.142415,3.204948,1.441778,-0.000000
1458,0.799556,0.011554,6.291222,1.427791,-0.000000
1459,0.798901,0.025594,16.898061,1.408443,-0.000000
1460,0.810881,-0.000261,15.091586,1.394821,-0.000000
1461,0.802622,-0.000941,12.763553,1.400570,-0.000000
1462,0.767259,0.045927,15.622594,1.398094,0.000000
1463,0.795943,0.024087,13.804652,1.386760,-0.000000
1464,0.815628,0.002029,11.504550,1.384948,-0.000000
1465,0.795353,0.020368,4.266837,1.373269,0.000000
1466,0.787863,0.010052,4.360164,1.358504,-0.000000
1467,0.802708,0.010341,4.045416,1.352177,-0.000000
1468,0.797928,0.075012,2.084002,1.328742,0.000000
1469,0.813197,0.001546,6.315674,1.312667,0.000000
1470,0.794034,0.001174,5.223568,1.307612,-0.000000
1471,0.794289,-0.000645,3.329914,1.297585,-0.000000
1472,0.794110,-0.002706,9.715255,1.288933,-0.000000
1473,0.730453,0.023804,17.307555,1.279481,0.000000
1474,0.690626,0.019623,9.297101,1.267506,-0.000000
1475,0.655488,0.047395,4.654616,1.247060,-0.000000
1476,0.762922,0.023664,4.982177,1.226617,-0.000000
1477,0.793181,0.021692,5.989289,1.199582,-0.000000
1478,0.796050,0.001574,4.036470,1.181105,-0.000000
1479,0.776520,-0.001504,6.052406,1.180087,0.000000
1480,0.730847,0.034935,3.410277,1.174163,-0.000000
1481,0.755311,0.249176,3.856584,1.172757,-0.000000
1482,0.750292,0.033086,5.323530,1.163266,0.000000
1483,0.765163,-0.000635,7.025920,1.146629,-0.000000
1484,0.713484,0.004194,4.986943,1.145132,0.000000
1485,0.748548,0.017252,5.683154,1.148531,-0.000000
1486,0.703586,0.126284,11.361900,1.139944,0.000000
1487,0.768831,0.003596,8.682802,1.137071,0.000000
1488,0.760065,-0.001100,6.043409,1.150981,-0.000000
1489,0.779699,-0.003483,6.529294,1.153768,0.000000
1490,0.754697,0.005146,17.363192,1.152365,-0.000000
1491,0.799435,0.028440,7.293264,1.153944,-0.000000
1492,0.787694,0.008295,6.137458,1.149506,0.000000
1493,0.770449,0.005007,20.536792,1.154235,-0.000000
1494,0.709390,-0.005222,17.940026,1.173015,0.000000
1495,0.805623,-0.004212,12.605881,1.196251,-0.000000
1496,0.782953,0.001658,18.144486,1.211415,-0.000000
1497,0.764118,0.018089,7.267011,1.206951,0.000000
1498,0.792699,0.003440,11.764517,1.200494,0.000000
1499,0.798938,-0.002283,27.233141,1.213039,-0.000000
1500,0.750436,0.050474,25.118787,1.232723,0.000000
1501,0.741364,-0.003773,23.426642,1.255204,-0.000000
1502,0.772918,0.001376,23.940475,1.281546,-0.000000
1503,0.742668,0.002539,7.458282,1.291498,-0.000000
1504,0.768236,0.007569,15.196351,1.275281,0.000000
1505,0.763546,0.022169,6.055979,1.241196,0.000000
1506,0.759157,0.023679,14.896352,1.219553,-0.000000
1507,0.759365,0.093628,9.865938,1.201771,-0.000000
1508,0.793438,0.021162,6.078661,1.167740,-0.000000
1509,0.749233,0.010547,12.594323,1.143505,0.000000
1510,0.684026,0.022135,7.030791,1.130424,0.000000
1511,0.797706,-0.003101,5.991897,1.131095,0.000000
1512,0.766013,0.634752,12.557106,1.146948,0.000000
1513,0.758335,0.011584,12.912702,1.166399,0.000000
1514,0.765595,0.022792,19.742364,1.182546,0.000000
1515,0.778909,-0.005194,11.635420,1.202241,0.000000
1516,0.807648,0.007584,28.512475,1.213440,-0.000000
1517,0.801789,0.008546,12.536323,1.219761,0.000000
1518,0.753299,0.006777,20.163231,1.222298,0.000000
1519,0.823156,0.000864,59.335850,1.221012,0.000000
1520,0.810689,0.008466,37.411046,1.255175,0.000000
1521,0.730357,0.026760,52.062022,1.288297,0.000000
1522,0.722965,0.005161,36.101134,1.314409,-0.000000
1523,0.709040,-0.002630,45.901357,1.338663,-0.000000
1524,0.750168,0.016231,36.898723,1.337869,-0.000000
1525,0.738932,0.049175,27.413177,1.326071,0.000000
1526,0.696816,0.032256,2.657308,1.315717,0.000000
1527,0.706872,0.011234,4.655435,1.285410,-0.000000
1528,0.720781,0.007606,6.282952,1.264259,0.000000
1529,0.723226,-0.003044,7.074682,1.272631,0.000000
1530,0.706651,-0.004456,3.287639,1.275449,-0.000000
1531,0.712783,0.029242,2.085183,1.274503,0.000000
1532,0.745944,0.002138,1.597769,1.276310,0.000000
1533,0.709352,0.010842,6.698061,1.264711,-0.000000
1534,0.748393,0.012411,3.743445,1.254765,0.000000
1535,0.742726,0.018951,3.968757,1.250359,-0.000000
1536,0.742005,0.038467,4.546571,1.246104,0.000000
1537,0.739417,0.010027,3.598027,1.237795,0.000000
1538,0.749245,0.037108,3.474201,1.219306,0.000000
1539,0.738980,0.038107,8.050913,1.202132,0.000000
1540,0.765355,0.004017,15.748916,1.204924,-0.000000
1541,0.809559,0.000130,18.846267,1.204085,0.000000
1542,0.797027,0.011046,16.376101,1.201188,-0.000000
1543,0.802787,0.004340,13.631914,1.206231,-0.000000
1544,0.782300,0.180212,13.910033,1.209185,0.000000
1545,0.803697,0.045196,15.379859,1.201417,0.000000
1546,0.806401,0.037547,17.048034,1.210863,0.000000
1547,0.794822,-0.000900,17.746693,1.211490,0.000000
1548,0.791509,0.013944,18.173295,1.208934,-0.000000
1549,0.785202,0.032642,10.108180,1.204623,-0.000000
1550,0.780740,0.433244,7.628411,1.200238,0.000000
1551,0.791796,-0.000001,10.342885,1.192758,0.000000
1552,0.777684,0.010921,9.812319,1.190439,0.000000
1553,0.782880,-0.002424,12.890699,1.212404,0.000000
1554,0.790376,-0.004709,10.654718,1.245407,0.000000
1555,0.793879,0.016716,14.465480,1.265838,0.000000
1556,0.802251,-0.002445,19.272092,1.288883,0.000000
1557,0.793879,-0.003466,16.259279,1.302477,-0.000000
1558,0.802549,0.004803,16.447591,1.328265,-0.000000
1559,0.792137,0.007810,17.150694,1.347859,-0.000000
1560,0.798491,-0.000504,15.464371,1.354405,0.000000
1561,0.802946,0.001669,21.594616,1.360738,0.000000
1562,0.803256,-0.002574,16.619415,1.369695,0.000000
1563,0.797846,0.024817,12.554926,1.367986,-0.000000
1564,0.797016,0.004198,11.831839,1.359639,0.000000
1565,0.794954,0.001407,8.320703,1.365780,-0.000000
1566,0.803672,0.000380,6.361292,1.358503,0.000000
1567,0.790731,0.013154,6.635525,1.338382,-0.000000
1568,0.793305,0.001828,8.111182,1.320616,0.000000
1569,0.777933,0.089096,3.866304,1.310675,0.000000
1570,0.716083,0.026274,5.739580,1.293321,-0.000000
1571,0.603747,0.451089,4.963238,1.290277,0.000000
1572,0.661268,0.055863,4.082369,1.284366,-0.000000
1573,0.536973,0.042667,9.865174,1.273075,-0.000000
1574,0.512731,0.085571,12.662191,1.265106,-0.000000
1575,0.567923,0.034205,5.236750,1.252314,-0.000000
1576,0.512959,0.047608,5.655964,1.240626,0.000000
1577,0.559800,0.739765,6.483070,1.221872,0.000000
1578,0.524713,0.036015,3.050654,1.209963,0.000000
1579,0.526092,0.019704,2.343766,1.203965,0.000000
1580,0.736973,0.034642,4.750160,1.181949,0.000000
1581,0.708728,0.086192,10.883814,1.171448,0.000000
1582,0.738713,0.041670,4.638663,1.177773,0.000000
1583,0.716781,0.003426,5.461856,1.184828,0.000000
1584,0.695791,0.022984,5.202911,1.175191,-0.000000
1585,0.724089,-0.001330,10.489429,1.166910,-0.000000
1586,0.781634,-0.003369,5.824810,1.173002,0.000000
1587,0.788712,0.000571,5.893288,1.184752,-0.000000
1588,0.786229,0.005126,4.913932,1.197089,0.000000
1589,0.716620,-0.001809,13.757824,1.205394,0.000000
1590,0.750794,0.067175,11.105111,1.217606,-0.000000
1591,0.697131,0.019869,9.261033,1.213123,0.000000
1592,0.712065,0.014555,4.429574,1.207947,-0.000000
1593,0.674721,0.001507,7.187250,1.214824,-0.000000
1594,0.701819,0.007814,9.854676,1.218218,0.000000
1595,0.678883,0.001177,5.104194,1.200719,0.000000
1596,0.704055,0.004455,4.627349,1.183224,-0.000000
1597,0.744892,0.027546,3.879494,1.167878,0.000000
1598,0.730525,0.099609,3.384075,1.158798,0.000000
1599,0.753335,0.003095,1.781226,1.149741,-0.000000
1600,0.721673,0.065484,2.239187,1.138548,0.000000
1601,0.779245,0.000633,2.665076,1.164019,-0.000000
1602,0.772845,0.007584,1.317545,1.192899,-0.000000
1603,0.755986,0.002002,1.930453,1.181161,0.000000
1604,0.775792,0.000252,4.909404,1.161242,0.000000
1605,0.774911,0.002031,3.250149,1.169838,0.000000
1606,0.777152,0.002101,1.610968,1.161830,-0.000000
1607,0.764521,0.060451,1.679520,1.148793,0.000000
1608,0.761748,0.020731,1.062688,1.125752,0.000000
1609,0.765195,-0.002937,2.473235,1.106304,0.000000
1610,0.763744,-0.000233,1.645751,1.101441,0.000000
1611,0.774204,-0.001151,1.602386,1.077280,0.000000
1612,0.769492,0.003781,2.136276,1.054963,0.000000
1613,0.771211,0.000009,3.914370,1.051676,-0.000000
1614,0.779273,0.001545,3.605852,1.061673,0.000000
1615,0.779448,0.167572,2.367673,1.073647,-0.000000
1616,0.787947,0.009750,4.649310,1.078174,0.000000
1617,0.784649,0.001106,2.433375,1.080099,0.000000
1618,0.794218,0.002328,5.127158,1.066570,0.000000
1619,0.781567,0.000880,2.156723,1.050628,0.000000
1620,0.786687,-0.008022,4.341997,1.032987,0.000000
1621,0.787863,0.033901,3.089482,1.017922,-0.000000
1622,0.786964,0.001579,3.057890,1.012283,0.000000
1623,0.790106,0.003347,4.786045,1.014207,0.000000
1624,0.787620,-0.003063,2.829814,1.027069,-0.000000
1625,0.789639,0.004872,3.210925,1.028871,0.000000
1626,0.788872,-0.002185,1.744493,1.022144,-0.000000
1627,0.791846,0.001316,4.774457,1.025366,0.000000
1628,0.787794,0.009765,5.319789,1.034726,0.000000
1629,0.794424,-0.001231,4.100551,1.045275,0.000000
1630,0.786346,-0.004278,4.790047,1.057738,0.000000
1631,0.797063,-0.002995,5.206443,1.077434,0.000000
1632,0.792562,-0.002223,5.800897,1.090049,-0.000000
1633,0.793159,-0.002494,6.429245,1.085486,-0.000000
1634,0.777829,0.010692,3.116001,1.068016,0.000000
1635,0.784691,0.674878,2.716084,1.048149,0.000000
1636,0.802292,0.009998,14.002897,1.052249,-0.000000
1637,0.799619,0.202684,6.328651,1.058670,0.000000
1638,0.792073,0.001827,3.333347,1.058741,0.000000
1639,0.795056,-0.000360,6.041040,1.068190,-0.000000
1640,0.802682,0.001801,12.764291,1.082162,0.000000
1641,0.805979,-0.000806,14.756468,1.087464,0.000000
1642,0.804812,-0.004088,7.369211,1.091034,0.000000
1643,0.799234,-0.003585,4.900671,1.111596,-0.000000
1644,0.800398,0.002469,11.353600,1.118252,0.000000
1645,0.804019,0.007314,7.327880,1.115394,-0.000000
1646,0.815874,0.007852,16.913490,1.123682,0.000000
1647,0.799812,0.004005,7.114599,1.128850,0.000000
1648,0.800591,0.000352,6.569115,1.107957,0.000000
1649,0.812732,0.006296,25.593369,1.104364,0.000000
1650,0.808931,0.010613,12.421494,1.115079,0.000000
1651,0.805199,-0.000818,7.452258,1.105873,-0.000000
1652,0.806903,-0.002492,17.829109,1.098797,0.000000
1653,0.824173,0.002391,36.831154,1.093753,-0.000000
1654,0.798173,0.009626,5.910204,1.080125,-0.000000
1655,0.805385,0.002741,11.017276,1.073537,0.000000
1656,0.810384,0.000736,16.149500,1.057151,-0.000000
1657,0.814357,-0.002780,31.230777,1.048152,0.000000
1658,0.816370,0.000838,33.598073,1.060453,0.000000
1659,0.820971,0.010838,39.455204,1.086822,0.000000
1660,0.816619,0.000869,31.323747,1.113810,-0.000000
1661,0.815281,0.002426,32.103215,1.123411,-0.000000
1662,0.812838,-0.005347,44.864309,1.126503,0.000000
1663,0.805747,0.007314,50.603231,1.136936,-0.000000
1664,0.809900,0.002779,51.500601,1.155467,0.000000
1665,0.789571,0.003393,45.902193,1.181312,-0.000000
1666,0.745181,-0.003521,48.092796,1.217773,0.000000
1667,0.744978,0.006412,52.562013,1.234140,0.000000
1668,0.812260,0.002530,41.447788,1.249005,0.000000
1669,0.813452,-0.000317,38.908642,1.274114,-0.000000
1670,0.812495,0.006416,40.028857,1.293592,-0.000000
1671,0.813363,0.010939,41.273471,1.293431,0.000000
1672,0.811290,0.028870,40.958306,1.289771,0.000000
1673,0.782461,0.036179,41.410462,1.307257,-0.000000
1674,0.808325,0.000149,43.277178,1.322068,0.000000
1675,0.812068,-0.006126,35.387133,1.344429,0.000000
1676,0.807350,0.024888,33.809737,1.358252,-0.000000
1677,0.809459,0.010437,29.389850,1.340774,0.000000
1678,0.811894,0.011045,27.258574,1.341622,-0.000000
1679,0.806568,0.004008,27.843003,1.363695,0.000000
1680,0.798636,0.003616,27.404986,1.386396,0.000000
1681,0.802977,0.010762,24.759354,1.404432,0.000000
1682,0.791814,0.050383,19.714307,1.415223,0.000000
1683,0.796229,0.022268,25.930509,1.413658,0.000000
1684,0.792816,0.007160,27.042289,1.410149,0.000000
1685,0.807207,0.003080,28.138779,1.414436,0.000000
1686,0.795953,0.012868,24.513425,1.423720,-0.000000
1687,0.782247,0.002880,23.037056,1.436201,0.000000
1688,0.800993,-0.003100,26.676002,1.456694,0.000000
1689,0.795939,-0.001275,21.555553,1.480764,0.000000
1690,0.793131,-0.003955,21.171496,1.502106,-0.000000
1691,0.789789,-0.001556,23.391911,1.499134,0.000000
1692,0.803525,0.005214,21.573922,1.497004,-0.000000
1693,0.804444,0.016978,27.699805,1.497536,-0.000000
1694,0.799364,-0.002309,28.130204,1.492909,0.000000
1695,0.800122,0.032568,26.996909,1.505141,-0.000000
1696,0.800593,0.014763,24.784876,1.508265,0.000000
1697,0.812389,0.008737,22.371164,1.497249,-0.000000
1698,0.796269,0.068954,23.322208,1.481745,0.000000
1699,0.688562,0.078088,38.681881,1.469502,0.000000
1700,0.701550,0.042605,31.326460,1.458879,-0.000000
1701,0.635206,0.062024,39.420692,1.442897,0.000000
1702,0.636468,0.091079,18.956293,1.450305,0.000000
1703,0.682799,0.133594,20.822129,1.452622,0.000000
1704,0.643388,0.951051,12.732484,1.443133,0.000000
1705,0.485522,0.064896,8.824769,1.425258,0.000000
1706,0.680167,0.066638,16.529623,1.418929,-0.000000
1707,0.724153,0.002751,10.522401,1.423505,0.000000
1708,0.782156,0.023703,18.434082,1.405172,-0.000000
1709,0.754897,0.005002,19.484722,1.385038,0.000000
1710,0.735430,0.021271,16.170017,1.371343,0.000000
1711,0.760066,0.092503,18.621174,1.366358,0.000000
1712,0.778415,0.028299,23.787556,1.365718,0.000000
1713,0.738436,-0.001280,27.170311,1.365872,0.000000
1714,0.806894,0.033274,30.493607,1.359236,-0.000000
1715,0.803367,0.007104,22.582209,1.366236,-0.000000
1716,0.803031,0.080138,22.018539,1.382164,0.000000
1717,0.773793,0.088166,20.402478,1.374687,0.000000
1718,0.749456,-0.000515,15.437241,1.379093,-0.000000
1719,0.766682,0.005345,23.340972,1.400427,0.000000
1720,0.762820,-0.001231,25.398351,1.412476,-0.000000
1721,0.751262,0.025080,14.130084,1.423419,-0.000000
1722,0.765206,0.033366,17.112579,1.428495,-0.000000
1723,0.780356,0.003611,20.462158,1.430965,-0.000000
1724,0.721683,0.046078,14.936528,1.443334,0.000000
1725,0.708337,1.428228,14.288376,1.462563,0.000000
1726,0.800520,-0.004013,27.477076,1.488600,0.000000
1727,0.796227,0.019705,21.375987,1.497650,0.000000
1728,0.713095,-0.003262,22.207349,1.496467,0.000000
1729,0.757038,0.004593,8.027708,1.494914,-0.000000
1730,0.768343,0.005751,13.437129,1.511591,-0.000000
1731,0.751620,0.008292,10.388156,1.521957,0.000000
1732,0.763352,0.038858,8.370200,1.520058,0.000000
1733,0.796003,0.011471,12.757139,1.522754,-0.000000
1734,0.776204,0.014044,8.604533,1.515108,0.000000
1735,0.762403,0.001105,9.089189,1.503243,0.000000
1736,0.753207,0.011153,5.726040,1.497858,-0.000000
1737,0.754124,0.011940,7.349541,1.489433,0.000000
1738,0.775451,0.033415,6.873113,1.477621,0.000000
1739,0.799639,0.004197,7.991892,1.468355,0.000000
1740,0.790302,0.414946,5.576626,1.464740,-0.000000
1741,0.789747,0.017761,5.132656,1.457785,-0.000000
1742,0.798872,0.000965,11.844284,1.450617,0.000000
1743,0.784514,0.043782,10.000077,1.446930,-0.000000
1744,0.790637,0.000230,6.539803,1.448658,-0.000000
1745,0.794211,0.000465,5.460622,1.454191,0.000000
1746,0.733418,0.007412,4.560301,1.457130,0.000000
1747,0.788195,0.012237,4.241794,1.465196,0.000000
1748,0.778555,0.001266,6.049754,1.469355,0.000000
1749,0.782482,0.006813,8.898407,1.465418,0.000000
1750,0.743937,0.012151,5.751254,1.438369,0.000000
1751,0.708905,0.005346,19.215304,1.431754,0.000000
1752,0.737392,0.032041,2.843651,1.412882,-0.000000
1753,0.773962,-0.000153,5.490807,1.372937,-0.000000
1754,0.791018,0.000811,7.139179,1.362379,0.000000
1755,0.810086,-0.003731,14.800076,1.356445,-0.000000
1756,0.787064,0.041164,5.104609,1.346449,0.000000
1757,0.800801,0.011977,12.992656,1.339192,-0.000000
1758,0.793639,0.099279,12.097026,1.349440,0.000000
1759,0.793944,0.010638,6.894403,1.354449,0.000000
1760,0.788623,0.032128,9.050983,1.344041,0.000000
1761,0.747047,-0.001100,16.330023,1.335584,-0.000000
1762,0.795183,0.017640,11.449910,1.340330,-0.000000
1763,0.709408,0.012279,18.276172,1.337541,0.000000
1764,0.743576,0.011337,11.548014,1.336969,0.000000
1765,0.762750,0.024590,10.692338,1.342708,-0.000000
1766,0.699271,0.000392,18.705309,1.350508,0.000000
1767,0.769639,0.520091,9.873635,1.366265,0.000000
1768,0.794499,0.013309,7.708908,1.381777,0.000000
1769,0.749898,0.010249,13.707210,1.382330,0.000000
1770,0.708042,0.005387,15.164237,1.388299,0.000000
1771,0.716353,0.015764,7.115264,1.378088,-0.000000
1772,0.797661,0.024191,15.445682,1.382704,0.000000
1773,0.798994,0.024677,5.915680,1.386432,0.000000
1774,0.804574,0.011868,12.257616,1.381736,0.000000
1775,0.797639,-0.001816,12.996854,1.408130,0.000000
1776,0.806923,-0.002410,15.595366,1.417296,-0.000000
1777,0.806734,-0.003376,30.495281,1.419378,-0.000000
1778,0.720466,0.023307,25.841602,1.408945,-0.000000
1779,0.799393,0.031350,5.655446,1.398042,0.000000
1780,0.804631,0.002779,9.360375,1.391789,-0.000000
1781,0.806057,0.007238,5.358821,1.372425,0.000000
1782,0.805387,0.012724,10.210083,1.356245,-0.000000
1783,0.802395,0.011963,4.550101,1.332662,-0.000000
1784,0.801138,0.002988,2.909524,1.318833,0.000000
1785,0.719065,0.023992,6.013462,1.312860,0.000000
1786,0.793962,0.004075,2.830654,1.293188,0.000000
1787,0.794825,0.485364,4.148886,1.271727,-0.000000
1788,0.769212,0.012391,8.297396,1.268495,0.000000
1789,0.738171,0.007408,7.643242,1.257864,-0.000000
1790,0.786967,0.000279,5.570680,1.246591,-0.000000
1791,0.775742,0.010728,2.939807,1.242307,-0.000000
1792,0.786597,0.010914,4.269381,1.231582,0.000000
1793,0.761879,-0.004238,13.612176,1.238784,0.000000
1794,0.780074,-0.000944,3.920786,1.255928,0.000000
1795,0.794034,-0.003107,13.701541,1.273264,0.000000
1796,0.802746,0.039313,14.820961,1.309484,-0.000000
1797,0.760477,0.013800,16.497825,1.315276,0.000000
1798,0.813779,0.007786,18.852699,1.305685,-0.000000
1799,0.795882,0.197684,4.093085,1.299196,-0.000000
1800,0.797013,0.013806,8.431135,1.278268,-0.000000
1801,0.809730,-0.003528,8.111932,1.275011,0.000000
1802,0.800500,-0.002018,9.163326,1.287131,-0.000000
1803,0.799630,0.036924,3.218581,1.301822,0.000000
1804,0.809413,0.861244,5.167831,1.309961,0.000000
1805,0.770049,0.003806,23.158002,1.326358,-0.000000
1806,0.756812,0.117211,9.336463,1.321777,-0.000000
1807,0.806526,0.000407,18.563989,1.307440,0.000000
1808,0.801988,-0.000718,25.640149,1.306516,0.000000
1809,0.808901,0.005075,11.476952,1.300791,0.000000
1810,0.733358,0.003218,25.884464,1.317565,0.000000
1811,0.793805,0.007219,10.703780,1.322090,0.000000
1812,0.767526,0.016891,15.783173,1.299793,0.000000
1813,0.799982,0.016695,5.363079,1.283402,0.000000
1814,0.767749,0.024124,8.416881,1.270784,-0.000000
1815,0.778351,0.010408,3.746749,1.251685,0.000000
1816,0.780478,0.056974,4.530083,1.217040,0.000000
1817,0.790896,0.007845,4.486831,1.198843,0.000000
1818,0.714887,-0.002240,20.237067,1.216297,0.000000
1819,0.794193,-0.003215,12.099777,1.241395,0.000000
1820,0.711618,0.005638,26.110287,1.254144,0.000000
1821,0.786889,0.021067,6.290541,1.260168,-0.000000
1822,0.795324,0.002144,15.791123,1.262353,0.000000
1823,0.797102,-0.006795,15.589814,1.260170,0.000000
1824,0.790137,0.129281,11.309882,1.243018,-0.000000
1825,0.796401,-0.004531,9.668888,1.244607,0.000000
1826,0.762342,0.001203,14.077674,1.270532,0.000000
1827,0.777351,0.005380,9.028404,1.289025,0.000000
1828,0.761193,0.157438,2.687355,1.270393,0.000000
1829,0.785249,0.006799,4.674212,1.254603,-0.000000
1830,0.757380,0.060238,2.367493,1.233092,0.000000
1831,0.668738,0.001779,18.932431,1.219354,0.000000
1832,0.764826,0.012740,10.074052,1.212755,-0.000000
1833,0.760614,0.038679,4.776459,1.192940,-0.000000
1834,0.748477,0.003343,15.181612,1.200780,-0.000000
1835,0.746173,-0.000017,6.573190,1.200962,-0.000000
1836,0.791524,0.025698,4.402776,1.178357,-0.000000
1837,0.801682,0.015208,6.156290,1.162185,0.000000
1838,0.797913,0.011132,3.532288,1.136663,-0.000000
1839,0.763305,0.003170,22.284007,1.127937,-0.000000
1840,0.751612,0.064151,12.521939,1.123785,0.000000
1841,0.722317,0.020039,22.997333,1.115789,-0.000000
1842,0.757149,-0.001969,25.781839,1.108558,0.000000
1843,0.596883,0.011541,35.393593,1.096196,-0.000000
1844,0.722609,0.003149,19.743952,1.100639,-0.000000
1845,0.770302,0.013294,15.873089,1.100431,0.000000
1846,0.704963,-0.000315,12.264659,1.088405,0.000000
1847,0.770613,0.008312,5.398441,1.080258,0.000000
1848,0.751479,0.009407,6.714335,1.072662,-0.000000
1849,0.756613,-0.001283,15.278255,1.071386,0.000000
1850,0.723335,0.050541,2.869563,1.072481,0.000000
1851,0.771601,0.191708,19.702990,1.054460,0.000000
1852,0.745649,0.002337,20.525233,1.055009,0.000000
1853,0.771030,-0.001721,7.888736,1.073686,0.000000
1854,0.764548,-0.002342,4.426887,1.088095,0.000000
1855,0.730121,0.003983,7.286710,1.103024,-0.000000
1856,0.750675,-0.000505,7.630531,1.116101,-0.000000
1857,0.706138,0.043635,8.370449,1.119891,-0.000000
1858,0.744626,-0.003024,16.179002,1.134937,-0.000000
1859,0.730829,0.008332,8.220721,1.150393,0.000000
1860,0.696721,0.006433,7.894789,1.143150,0.000000
1861,0.747335,0.000558,14.016743,1.133676,-0.000000
1862,0.693083,0.027156,7.832824,1.133190,0.000000
1863,0.791535,0.009963,16.784087,1.134723,-0.000000
1864,0.783169,0.021935,14.304238,1.135634,0.000000
1865,0.748270,0.004449,16.455743,1.144553,0.000000
1866,0.680076,0.018378,10.791735,1.151386,0.000000
1867,0.684380,0.003410,8.435449,1.151859,0.000000
1868,0.697720,0.034245,8.873514,1.144445,0.000000
1869,0.741733,0.020739,10.904218,1.143268,0.000000
1870,0.696587,0.176548,3.831091,1.141478,0.000000
1871,0.700016,0.157448,5.903147,1.130709,-0.000000
1872,0.728370,0.007087,8.024300,1.113347,0.000000
1873,0.693342,1.163803,8.626550,1.113366,0.000000
1874,0.731237,0.017807,9.644454,1.117919,-0.000000
1875,0.752839,0.040319,4.663806,1.120950,0.000000
1876,0.742700,0.003854,6.668199,1.143173,-0.000000
1877,0.711795,0.011209,5.940831,1.155338,0.000000
1878,0.765708,0.014603,4.790475,1.143418,-0.000000
1879,0.740516,0.021686,3.525607,1.135326,-0.000000
1880,0.709997,0.069314,4.211119,1.128088,-0.000000
1881,0.692860,0.013134,3.353423,1.121394,0.000000
1882,0.684519,0.052206,2.927252,1.113011,0.000000
1883,0.615432,0.017908,3.251219,1.102797,-0.000000
1884,0.662397,0.011499,7.118610,1.091325,-0.000000
1885,0.662345,0.099720,3.981553,1.100260,-0.000000
1886,0.693441,0.037714,5.100917,1.102503,-0.000000
1887,0.719937,0.026151,4.247061,1.098398,-0.000000
1888,0.667589,0.060527,4.125665,1.088788,-0.000000
1889,0.684947,0.015778,4.307654,1.078632,-0.000000
1890,0.691898,-0.000806,4.592942,1.074133,0.000000
1891,0.716058,0.010529,5.935869,1.077739,0.000000
1892,0.730375,-0.000243,11.493926,1.084081,0.000000
1893,0.748369,0.008045,11.165379,1.091531,0.000000
1894,0.741518,0.003138,6.360364,1.104387,-0.000000
1895,0.768618,0.001123,9.804932,1.134664,0.000000
1896,0.765017,0.006463,7.257416,1.149956,0.000000
1897,0.770474,0.001062,7.077369,1.139625,-0.000000
1898,0.780579,0.001733,8.090476,1.136673,-0.000000
1899,0.780066,0.011593,5.361094,1.146736,-0.000000
1900,0.768618,0.020191,3.831311,1.151971,-0.000000
1901,0.766840,-0.001294,5.079599,1.144967,-0.000000
1902,0.755053,0.003640,3.056175,1.142248,0.000000
1903,0.717248,0.004139,5.056543,1.134474,0.000000
1904,0.736510,0.011387,3.326757,1.124503,-0.000000
1905,0.714777,0.701191,3.545514,1.126479,0.000000
1906,0.740377,0.004328,2.913724,1.117720,0.000000
1907,0.745852,-0.003916,2.154163,1.112744,0.000000
1908,0.754053,0.009117,1.803000,1.117637,-0.000000
1909,0.752242,0.024695,2.574580,1.122435,0.000000
1910,0.758248,0.226869,1.886680,1.127981,-0.000000
1911,0.735090,0.002253,1.696065,1.147643,0.000000
1912,0.751395,0.117890,1.544656,1.149093,-0.000000
1913,0.716644,0.123373,4.072248,1.143846,-0.000000
1914,0.728377,0.008860,3.212052,1.146513,-0.000000
1915,0.723695,0.055360,1.918088,1.147421,-0.000000
1916,0.700885,0.042002,9.589153,1.140990,-0.000000
1917,0.683440,0.093589,3.651404,1.137970,0.000000
1918,0.706892,0.015843,1.634590,1.140807,-0.000000
1919,0.712478,0.027563,2.028030,1.136286,0.000000
1920,0.745804,0.010064,1.447377,1.135832,-0.000000
1921,0.758662,0.021162,2.007248,1.131554,0.000000
1922,0.760975,-0.000924,1.350785,1.109004,-0.000000
1923,0.741523,0.003180,1.072680,1.083634,0.000000
1924,0.756339,-0.001361,2.404708,1.070717,0.000000
1925,0.776658,0.027988,3.542181,1.074203,0.000000
1926,0.768411,0.025936,1.953663,1.075073,0.000000
1927,0.775436,0.235460,1.900744,1.071868,-0.000000
1928,0.776637,0.009454,2.941792,1.066991,-0.000000
1929,0.789720,0.000414,7.401983,1.087597,-0.000000
1930,0.794131,0.002643,5.044463,1.101857,-0.000000
1931,0.779386,0.007373,4.465997,1.088213,0.000000
1932,0.744819,-0.002674,10.996234,1.079481,-0.000000
1933,0.702394,0.006779,10.598144,1.086248,0.000000
1934,0.757354,0.000432,3.618037,1.091477,0.000000
1935,0.779213,0.006556,2.823911,1.094335,0.000000
1936,0.780901,0.053590,1.592760,1.087298,0.000000
1937,0.771228,0.173972,2.906008,1.082359,0.000000
1938,0.692326,0.019137,11.605816,1.077703,0.000000
1939,0.623521,0.010915,13.631006,1.069872,0.000000
1940,0.698124,0.006685,5.888258,1.070819,-0.000000
1941,0.647458,0.012992,8.182830,1.087018,-0.000000
1942,0.616958,0.011565,6.641379,1.083029,0.000000
1943,0.696814,0.029428,2.185777,1.069755,0.000000
1944,0.682344,0.048037,2.597182,1.053187,0.000000
1945,0.646884,0.072757,4.195450,1.048891,0.000000
1946,0.737465,0.020272,1.544716,1.053411,0.000000
1947,0.720528,0.004548,5.338688,1.050861,0.000000
1948,0.742231,-0.000982,2.024385,1.053591,-0.000000
1949,0.786622,0.001159,2.797740,1.034898,-0.000000
1950,0.767102,-0.002159,3.567744,1.007340,0.000000
1951,0.748519,0.001214,1.112803,0.996233,0.000000
1952,0.743202,0.039056,2.685618,0.992355,0.000000
1953,0.769425,0.006835,4.414115,1.008911,-0.000000
1954,0.768995,-0.004066,4.285810,1.028916,-0.000000
1955,0.783980,0.000637,8.394393,1.052965,-0.000000
1956,0.786768,-0.000918,5.934116,1.064187,0.000000
1957,0.792743,0.003805,2.841951,1.059488,-0.000000
1958,0.783916,0.002439,3.673191,1.058310,-0.000000
1959,0.762143,-0.003140,3.524017,1.083582,0.000000
1960,0.792873,-0.000749,6.013556,1.101690,-0.000000
1961,0.791353,0.036619,3.824723,1.103087,-0.000000
1962,0.787032,0.000581,4.464594,1.093737,0.000000
1963,0.790076,0.002471,7.875036,1.089885,0.000000
1964,0.779014,0.045642,11.522457,1.103982,-0.000000
1965,0.790164,0.001980,4.356733,1.127806,0.000000
1966,0.792864,0.020861,4.929199,1.136011,0.000000
1967,0.760056,0.001466,7.261751,1.139228,-0.000000
1968,0.785980,0.001125,2.755067,1.141761,-0.000000
1969,0.788103,-0.006300,4.067362,1.134731,0.000000
1970,0.792302,0.011264,7.490168,1.145841,-0.000000
1971,0.758715,0.003402,2.822114,1.142269,-0.000000
1972,0.724709,-0.002011,22.199812,1.130710,0.000000
1973,0.760529,0.029502,16.414178,1.143051,0.000000
1974,0.770105,0.001310,8.050823,1.147138,0.000000
1975,0.781907,-0.005373,7.561803,1.155457,-0.000000
1976,0.779305,0.012135,11.014246,1.162945,-0.000000
1977,0.776120,0.022585,6.774375,1.148197,0.000000
1978,0.722487,0.005663,8.668463,1.137069,0.000000
1979,0.787650,0.013586,6.147792,1.126315,-0.000000
1980,0.780527,0.012343,5.596000,1.114606,0.000000
1981,0.803531,0.025642,4.955604,1.117962,-0.000000
1982,0.778784,0.033170,4.755725,1.136203,-0.000000
1983,0.709844,0.044486,10.100515,1.140029,0.000000
1984,0.684874,0.025355,16.051663,1.135723,0.000000
1985,0.768195,0.003981,22.366651,1.135295,-0.000000
1986,0.688670,-0.005779,16.917991,1.144131,0.000000
1987,0.797631,0.015279,14.062616,1.144057,0.000000
1988,0.714015,0.019810,16.664929,1.136528,-0.000000
1989,0.768880,0.024701,16.329621,1.143887,-0.000000
1990,0.749360,0.008244,27.980842,1.141241,-0.000000
1991,0.803648,-0.002454,21.557328,1.155997,0.000000
1992,0.787580,-0.000004,17.185382,1.181341,0.000000
1993,0.803034,0.007985,11.725803,1.188093,0.000000
1994,0.816392,0.000655,10.821420,1.176350,0.000000
1995,0.810579,0.032641,4.619164,1.157954,0.000000
1996,0.794870,-0.001320,6.174559,1.144858,0.000000
1997,0.805468,0.005355,32.946260,1.142858,0.000000
1998,0.804763,-0.003592,33.403368,1.152402,0.000000
1999,0.780314,0.002961,30.239683,1.174553,-0.000000
2000,0.797085,0.000625,14.659760,1.181145,0.000000
2001,0.780924,0.010163,18.921801,1.177099,-0.000000
2002,0.803125,0.499685,9.751792,1.161158,0.000000
2003,0.718970,0.085236,14.042770,1.145765,0.000000
2004,0.665029,0.023167,12.553482,1.146964,0.000000
2005,0.726588,0.009307,10.837982,1.157419,0.000000
2006,0.722520,0.038157,10.458646,1.153443,-0.000000
2007,0.787082,-0.000188,17.324426,1.143899,0.000000
2008,0.768669,0.004945,19.273712,1.151496,-0.000000
2009,0.777327,0.244289,17.484242,1.162836,-0.000000
2010,0.806759,0.048542,26.286033,1.170329,-0.000000
2011,0.813268,0.072290,20.200727,1.187374,-0.000000
2012,0.808064,-0.003494,24.285982,1.198481,-0.000000
2013,0.759358,0.017949,21.038821,1.215429,0.000000
2014,0.790836,0.009530,18.464322,1.232768,-0.000000
2015,0.804296,0.017600,25.706691,1.240910,-0.000000
2016,0.753142,0.064036,18.466271,1.250889,0.000000
2017,0.682729,0.156321,8.274628,1.237766,-0.000000
2018,0.609442,0.033420,9.671620,1.208107,-0.000000
2019,0.701730,0.008551,6.727236,1.203955,-0.000000
2020,0.735991,0.050456,7.390124,1.203459,0.000000
2021,0.729071,0.017399,6.173835,1.183230,-0.000000
2022,0.778284,0.094377,9.307594,1.175982,0.000000
2023,0.775968,0.005869,9.745822,1.171997,-0.000000
2024,0.784640,0.029261,8.726592,1.168705,0.000000
2025,0.771327,0.007585,14.227877,1.164724,-0.000000
2026,0.662636,0.085824,10.369347,1.158972,0.000000
2027,0.684368,0.017450,7.633628,1.126890,0.000000
2028,0.761939,0.015390,5.174685,1.118209,-0.000000
2029,0.773320,0.034124,14.638242,1.125172,0.000000
2030,0.796779,0.004794,7.550484,1.121963,0.000000
2031,0.803979,-0.001642,10.383966,1.105830,-0.000000
2032,0.791747,0.012245,7.326422,1.088555,0.000000
2033,0.804393,0.000768,11.285300,1.081067,-0.000000
2034,0.812068,0.002876,7.307808,1.065383,0.000000
2035,0.795565,0.005741,3.234379,1.051385,0.000000
2036,0.794836,0.031962,5.850033,1.039673,0.000000
2037,0.807950,0.014592,9.269993,1.027532,0.000000
2038,0.810191,0.051775,8.758465,1.031301,0.000000
2039,0.807822,0.001732,11.953517,1.052434,0.000000
2040,0.798377,0.008138,4.813195,1.061049,-0.000000
2041,0.791219,0.013282,5.600203,1.051718,0.000000
2042,0.791749,0.018412,7.418153,1.033934,0.000000
2043,0.787211,0.000394,10.153566,1.025561,0.000000
2044,0.792158,-0.004943,7.026630,1.037561,-0.000000
2045,0.783662,-0.000719,5.536428,1.046265,0.000000
2046,0.800815,-0.001562,17.960938,1.070566,0.000000
2047,0.806367,0.014270,23.546012,1.088612,0.000000
2048,0.786813,-0.004406,9.132317,1.097206,-0.000000
2049,0.806296,0.009873,22.777976,1.103950,-0.000000
2050,0.758912,0.005620,6.467099,1.103526,0.000000
2051,0.782699,0.019165,5.733195,1.090059,-0.000000
2052,0.798045,0.000210,25.445715,1.079995,-0.000000
2053,0.800034,-0.001989,17.677178,1.087066,-0.000000
2054,0.796578,-0.001702,22.489210,1.103353,0.000000
2055,0.744889,0.024933,8.795401,1.117663,0.000000
2056,0.720432,0.118201,6.050171,1.106301,-0.000000
2057,0.582940,0.010417,44.792669,1.088504,-0.000000
2058,0.577371,0.021329,14.579805,1.075842,-0.000000
2059,0.664554,0.063672,20.317309,1.047694,-0.000000
2060,0.787085,0.052081,6.257027,1.026435,0.000000
2061,0.770610,0.017222,2.445149,1.014219,-0.000000
2062,0.792046,0.025846,6.795778,0.996344,0.000000
2063,0.767883,0.005667,1.875564,0.984996,0.000000
2064,0.786929,0.009777,3.294248,0.985927,0.000000
2065,0.800357,0.001206,6.437452,0.983457,-0.000000
2066,0.792043,0.006261,2.245748,0.978738,-0.000000
2067,0.786983,0.067912,1.730160,0.988128,0.000000
2068,0.803204,0.001166,3.887609,0.998528,-0.000000
2069,0.790530,0.003168,3.993980,1.004734,0.000000
2070,0.796732,0.003516,14.239945,1.024331,0.000000
2071,0.815388,0.004638,20.366227,1.033518,0.000000
2072,0.810089,0.002670,8.921516,1.036170,0.000000
2073,0.808294,-0.002962,8.953289,1.058378,0.000000
2074,0.808062,-0.004150,9.348719,1.079873,0.000000
2075,0.799898,0.007533,5.688422,1.094205,-0.000000
2076,0.802474,0.069446,6.351924,1.085859,0.000000
2077,0.796223,0.007196,3.189597,1.061859,0.000000
2078,0.801851,0.002071,5.331673,1.063263,0.000000
2079,0.792448,0.002590,11.207041,1.061990,-0.000000
2080,0.797992,0.001568,14.011018,1.067617,-0.000000
2081,0.789209,0.000975,8.294488,1.091955,-0.000000
2082,0.796297,0.003923,17.268903,1.112282,0.000000
2083,0.671885,0.002052,51.897385,1.122240,-0.000000
2084,0.663277,0.021778,45.162514,1.129358,-0.000000
2085,0.736765,0.007914,22.419590,1.117108,-0.000000
2086,0.517106,0.017119,10.225315,1.091816,-0.000000
2087,0.660706,0.014862,20.187783,1.082913,-0.000000
2088,0.613437,0.020040,4.509980,1.084510,-0.000000
2089,0.654525,0.005703,22.824333,1.088246,0.000000
2090,0.791792,0.000824,9.023014,1.080393,0.000000
2091,0.773181,0.018417,5.513173,1.058092,0.000000
2092,0.791085,0.030792,8.751229,1.042901,0.000000
2093,0.761385,0.001389,9.666613,1.048202,-0.000000
2094,0.755094,0.026557,8.657392,1.049309,-0.000000
2095,0.781080,0.115499,14.721146,1.028656,0.000000
2096,0.757302,-0.006556,12.057773,1.022604,-0.000000
2097,0.774726,0.082959,4.944855,1.025860,0.000000
2098,0.760656,0.001335,5.364858,1.014758,0.000000
2099,0.762283,0.121035,1.927023,0.984287,0.000000
2100,0.757220,0.055740,3.933452,0.944626,0.000000
2101,0.793250,-0.001350,14.328312,0.933969,-0.000000
2102,0.783337,-0.003074,12.254267,0.938753,-0.000000
2103,0.788485,-0.001731,17.544771,0.947061,-0.000000
2104,0.769411,0.012210,16.220736,0.976915,-0.000000
2105,0.778681,-0.000588,3.418445,1.001289,-0.000000
2106,0.782767,0.000358,7.409872,1.021254,-0.000000
2107,0.790366,0.003693,17.116808,1.037609,-0.000000
2108,0.755597,0.008376,3.885297,1.053501,0.000000
2109,0.770642,0.011945,4.248476,1.050557,-0.000000
2110,0.706583,0.023230,1.968470,1.020903,-0.000000
2111,0.740294,0.012010,1.361353,1.001571,0.000000
2112,0.793081,-0.002965,11.877625,1.008654,0.000000
2113,0.741482,0.013849,7.913219,1.022529,0.000000
2114,0.701668,0.001303,1.589394,1.030729,0.000000
2115,0.701270,-0.000901,2.596783,1.029042,0.000000
2116,0.732080,0.004662,4.219722,1.024923,-0.000000
2117,0.757031,-0.001530,8.041152,1.016349,0.000000
2118,0.771003,-0.002734,11.126233,1.012267,0.000000
2119,0.734987,0.003380,3.542416,1.014056,-0.000000
2120,0.739665,0.000269,5.783620,1.016609,0.000000
2121,0.748254,0.010617,18.635271,1.023168,0.000000
2122,0.771055,-0.004772,18.147374,1.046660,0.000000
2123,0.709260,-0.001615,34.325019,1.080518,-0.000000
2124,0.719060,0.009066,10.816665,1.081689,0.000000
2125,0.727085,0.032640,21.484858,1.077483,0.000000
2126,0.741739,0.000792,7.036829,1.069235,0.000000
2127,0.718115,0.001281,10.720993,1.063637,-0.000000
2128,0.802353,-0.003479,35.921906,1.076195,-0.000000
2129,0.765048,-0.005135,17.203623,1.091705,-0.000000
2130,0.699966,0.017158,3.340289,1.089546,0.000000
2131,0.761543,0.000392,18.937144,1.079187,0.000000
2132,0.739792,-0.002832,15.744843,1.087133,-0.000000
2133,0.664573,0.002640,1.033618,1.108464,0.000000
2134,0.633713,0.006192,0.756559,1.119040,-0.000000
2135,0.666258,0.061135,3.288336,1.121409,-0.000000
2136,0.681718,-0.006736,8.464157,1.152426,-0.000000
2137,0.735721,0.000805,15.467391,1.189379,0.000000
2138,0.776861,0.003533,13.211528,1.213593,0.000000
2139,0.673723,0.145402,0.885471,1.221589,0.000000
2140,0.750900,-0.002442,16.271845,1.237225,0.000000
2141,0.688208,0.013313,1.939604,1.263749,0.000000
2142,0.778186,-0.000306,7.483362,1.266595,-0.000000
2143,0.717420,0.001792,3.246812,1.266322,-0.000000
2144,0.743752,0.006642,16.749648,1.284100,-0.000000
2145,0.808898,-0.004466,38.024410,1.322303,0.000000
2146,0.800989,-0.002254,16.361011,1.354022,-0.000000
2147,0.775898,0.002072,20.892333,1.366317,0.000000
2148,0.719387,0.030054,4.327011,1.360856,-0.000000
2149,0.752516,0.032157,5.875404,1.361287,0.000000
2150,0.692307,0.005167,11.940283,1.368050,0.000000
2151,0.744444,-0.002438,5.434889,1.362996,0.000000
2152,0.565004,-0.003885,17.851340,1.361205,-0.000000
2153,0.605110,0.025599,12.374129,1.371104,-0.000000
2154,0.692970,0.006984,13.295401,1.362371,0.000000
2155,0.543804,0.004040,3.587647,1.360092,-0.000000
2156,0.698668,0.026453,13.714310,1.357837,0.000000
2157,0.683208,0.033486,5.459164,1.333929,-0.000000
2158,0.724129,0.006693,16.872443,1.321562,-0.000000
2159,0.759816,0.000270,15.744888,1.313335,-0.000000
2160,0.780882,0.014345,16.214876,1.318730,-0.000000
2161,0.775914,0.000054,12.813537,1.340787,-0.000000
2162,0.796635,-0.002511,25.940192,1.358705,0.000000
2163,0.710174,0.013296,2.031658,1.379104,0.000000
2164,0.776417,-0.002207,16.096176,1.381025,-0.000000
2165,0.766904,-0.000551,20.731749,1.375555,-0.000000
2166,0.756409,0.024707,14.515933,1.373401,0.000000
2167,0.785181,-0.001832,20.519521,1.382288,0.000000
2168,0.758530,0.012618,3.887230,1.382427,0.000000
2169,0.764051,0.001311,22.480209,1.386561,-0.000000
2170,0.795926,0.004097,23.199102,1.408318,-0.000000
2171,0.798765,0.003139,23.017585,1.421236,0.000000
2172,0.784216,0.098635,15.107125,1.415844,-0.000000
2173,0.775876,0.022210,37.512477,1.415728,0.000000
2174,0.785448,0.007721,30.793753,1.413839,-0.000000
2175,0.792867,0.024952,17.593677,1.384986,0.000000
2176,0.791396,0.003920,13.460864,1.372476,-0.000000
2177,0.764814,0.000878,12.640476,1.370733,0.000000
2178,0.795977,-0.001906,29.719110,1.385900,-0.000000
2179,0.786834,0.007465,18.101556,1.415118,0.000000
2180,0.707193,0.006416,40.624162,1.419128,-0.000000
2181,0.666256,0.007830,32.996650,1.423287,-0.000000
2182,0.778937,0.161659,37.210307,1.435187,-0.000000
2183,0.764566,0.003780,32.295656,1.452330,-0.000000
2184,0.769864,0.059592,22.678564,1.461409,0.000000
2185,0.787592,0.008882,19.080283,1.463882,0.000000
2186,0.774838,0.006376,31.377172,1.454398,0.000000
2187,0.801631,0.001010,38.930618,1.470751,0.000000
2188,0.801448,0.011116,21.527794,1.472369,-0.000000
2189,0.801498,0.002706,24.638348,1.470605,-0.000000
2190,0.791529,0.015607,9.330738,1.488080,0.000000
2191,0.795979,0.008434,18.958832,1.497509,-0.000000
2192,0.757198,0.019645,24.348821,1.502597,0.000000
2193,0.789557,0.003282,34.102195,1.506892,0.000000
2194,0.782904,0.041897,16.370344,1.498618,0.000000
2195,0.763511,-0.004746,26.381470,1.505321,-0.000000
2196,0.758172,0.015772,8.725982,1.505789,0.000000
2197,0.693243,0.031167,6.452253,1.490695,0.000000
2198,0.780841,0.124814,10.584759,1.491100,0.000000
2199,0.790258,0.009751,9.805361,1.477009,0.000000
2200,0.726209,0.013019,4.634575,1.448588,-0.000000
2201,0.742031,0.079990,7.542213,1.421674,0.000000
2202,0.714182,0.196782,4.158680,1.402710,0.000000
2203,0.579106,0.013556,22.772349,1.388045,-0.000000
2204,0.566089,0.040551,11.688465,1.372922,0.000000
2205,0.690449,0.018478,12.994936,1.357415,0.000000
2206,0.671943,0.039182,6.712838,1.344064,0.000000
2207,0.769112,0.005599,9.174137,1.332565,0.000000
2208,0.747100,0.031113,10.961139,1.326530,0.000000
2209,0.773703,-0.000637,10.801333,1.321928,0.000000
2210,0.781876,0.005830,10.463836,1.324405,0.000000
2211,0.728023,0.016353,4.431091,1.312743,-0.000000
2212,0.776093,0.008571,10.825911,1.300858,-0.000000
2213,0.768148,0.102273,6.188138,1.296039,-0.000000
2214,0.761801,-0.001567,10.376499,1.288296,0.000000
2215,0.738875,-0.001990,15.910773,1.294878,0.000000
2216,0.744333,0.042376,4.664211,1.309792,-0.000000
2217,0.766400,0.004987,6.889694,1.308364,-0.000000
2218,0.759323,0.015427,16.987598,1.296455,-0.000000
2219,0.777279,0.003586,20.091743,1.284371,0.000000
2220,0.772946,0.004400,9.522885,1.279523,0.000000
2221,0.727303,0.024541,9.026786,1.285724,0.000000
2222,0.781942,0.002249,9.891463,1.287188,-0.000000
2223,0.778127,0.020234,10.172488,1.285128,-0.000000
2224,0.787323,-0.007479,15.260162,1.289897,0.000000
2225,0.800699,0.008062,20.060780,1.315829,0.000000
2226,0.798026,0.048455,11.666172,1.344769,0.000000
2227,0.797102,0.039047,16.978575,1.363255,-0.000000
2228,0.802541,-0.000559,22.152747,1.380194,-0.000000
2229,0.805204,0.004557,14.053461,1.389826,0.000000
2230,0.796581,0.001817,13.111565,1.406336,0.000000
2231,0.791375,-0.000398,10.683548,1.415434,0.000000
2232,0.792097,0.025394,10.969294,1.412002,0.000000
2233,0.786892,0.003895,11.777648,1.390179,0.000000
2234,0.799021,-0.003317,24.001411,1.368111,0.000000
2235,0.791880,0.000920,8.954412,1.366077,0.000000
2236,0.782700,0.008955,6.915162,1.363766,0.000000
2237,0.779419,0.006461,7.582298,1.358656,-0.000000
2238,0.781079,-0.002252,7.750212,1.363676,0.000000
2239,0.785877,0.066174,8.044926,1.362273,-0.000000
2240,0.785015,0.035176,6.774867,1.346682,0.000000
2241,0.776522,0.008753,12.695967,1.353191,0.000000
2242,0.757228,0.056020,30.707557,1.358889,-0.000000
2243,0.725504,0.014172,12.264050,1.351052,-0.000000
2244,0.740072,0.329192,17.700014,1.338203,-0.000000
2245,0.708468,0.022099,22.086335,1.324468,0.000000
2246,0.676773,0.126898,15.704219,1.316930,-0.000000
2247,0.761490,0.026485,7.804486,1.323329,-0.000000
2248,0.746532,0.007841,9.523042,1.317849,-0.000000
2249,0.761630,0.025362,11.999129,1.303496,0.000000
2250,0.750237,0.045339,13.711128,1.292506,0.000000
2251,0.797328,0.010076,5.840880,1.292842,0.000000
2252,0.797921,-0.003299,7.460571,1.290663,0.000000
2253,0.798545,0.007330,4.111715,1.285355,0.000000
2254,0.796299,0.002150,12.723580,1.282377,0.000000
2255,0.807360,0.008601,9.982829,1.278753,0.000000
2256,0.763250,0.012322,5.088324,1.282001,0.000000
2257,0.788976,0.074962,3.830869,1.272472,-0.000000
2258,0.766983,0.028786,7.229910,1.249384,0.000000
2259,0.798648,0.005449,5.358437,1.233882,-0.000000
2260,0.793257,0.024098,4.428253,1.229333,0.000000
2261,0.800364,0.026092,4.798783,1.236215,0.000000
2262,0.792000,0.006285,5.018383,1.237043,0.000000
2263,0.791186,0.016311,6.736495,1.227425,-0.000000
2264,0.780409,0.004757,5.362200,1.214108,-0.000000
2265,0.786876,0.001970,2.947870,1.198959,-0.000000
2266,0.783323,0.015693,5.020785,1.202972,0.000000
2267,0.783734,0.020065,3.381005,1.202132,-0.000000
2268,0.785387,-0.000256,9.177677,1.207306,-0.000000
2269,0.778013,0.010553,3.096510,1.210567,-0.000000
2270,0.788151,0.008064,4.581994,1.206754,0.000000
2271,0.789790,-0.002296,11.350720,1.220112,0.000000
2272,0.784715,-0.005300,2.703797,1.239427,0.000000
2273,0.785638,0.022979,15.756842,1.246013,0.000000
2274,0.787413,-0.004082,11.780246,1.237067,0.000000
2275,0.740336,0.003881,11.223172,1.223557,0.000000
2276,0.768561,0.004204,15.693877,1.240731,-0.000000
2277,0.779912,0.065005,8.266226,1.248573,-0.000000
2278,0.759709,0.010844,2.884790,1.233304,-0.000000
2279,0.788010,0.023310,4.204937,1.223552,0.000000
2280,0.792313,0.001643,2.525458,1.208310,0.000000
2281,0.788685,-0.001007,2.707330,1.191810,-0.000000
2282,0.795764,0.004781,10.383850,1.179592,0.000000
2283,0.802664,0.013934,7.011927,1.178559,0.000000
2284,0.797737,0.004282,3.470467,1.180394,-0.000000
2285,0.797761,-0.004373,20.946366,1.192857,-0.000000
2286,0.797552,0.010670,9.549066,1.194271,0.000000
2287,0.802460,-0.007056,29.831929,1.191776,-0.000000
2288,0.805336,0.030957,20.920526,1.200713,0.000000
2289,0.806033,0.001087,22.782516,1.213205,-0.000000
2290,0.789762,-0.004234,14.888521,1.229711,-0.000000
2291,0.760979,0.006647,18.628757,1.232155,-0.000000
2292,0.784262,-0.000933,14.821263,1.227382,0.000000
2293,0.759737,-0.002639,19.941044,1.241885,0.000000
2294,0.701331,0.061434,12.464257,1.264304,-0.000000
2295,0.573816,0.009368,10.957397,1.271445,-0.000000
2296,0.673624,0.002835,8.359213,1.266245,0.000000
2297,0.709690,0.040645,4.209771,1.242806,0.000000
2298,0.708597,0.015871,5.539269,1.205523,0.000000
2299,0.735973,0.006784,10.719225,1.175366,0.000000
2300,0.752054,0.043748,0.994950,1.149855,-0.000000
2301,0.729177,0.042822,1.685460,1.130206,-0.000000
2302,0.739517,0.015055,1.226676,1.110480,0.000000
2303,0.688416,0.025237,2.024000,1.084128,0.000000
2304,0.625501,0.010962,3.370481,1.066312,-0.000000
2305,0.621623,0.019716,4.640259,1.067725,-0.000000
2306,0.640996,0.028057,2.188258,1.074128,-0.000000
2307,0.640912,0.112951,2.527678,1.072303,0.000000
2308,0.601539,-0.003853,6.622645,1.067564,0.000000
2309,0.655213,0.010001,1.352177,1.070326,0.000000
2310,0.687229,0.005353,1.469526,1.060716,0.000000
2311,0.675041,0.005836,1.706230,1.050755,-0.000000
2312,0.703175,0.030744,1.881033,1.043643,-0.000000
2313,0.729087,0.085453,8.810376,1.044110,0.000000
2314,0.708101,0.003880,1.283095,1.031598,0.000000
2315,0.697253,0.026198,16.156560,1.027713,-0.000000
2316,0.709912,0.014184,16.900979,1.022412,-0.000000
2317,0.685512,-0.006735,6.390491,1.029018,-0.000000
2318,0.778640,0.004090,12.798485,1.036931,-0.000000
2319,0.728273,0.006431,2.027653,1.017904,-0.000000
2320,0.778306,0.002572,13.781649,1.012016,0.000000
2321,0.757937,-0.002568,1.792963,1.018328,-0.000000
2322,0.740462,0.009160,1.079378,1.019883,0.000000
2323,0.725952,-0.003470,1.101774,1.011135,-0.000000
2324,0.730834,0.001794,1.642280,0.995898,-0.000000
2325,0.685992,0.013120,2.760550,0.980469,0.000000
2326,0.740008,-0.001963,3.848000,0.973264,0.000000
2327,0.766039,0.008704,9.385212,0.975832,0.000000
2328,0.679476,0.005393,1.005049,0.974482,0.000000
2329,0.782099,0.014299,9.725356,0.971340,-0.000000
2330,0.733827,0.001261,1.674076,0.987293,0.000000
2331,0.715511,0.003869,2.907626,0.983447,0.000000
2332,0.764150,-0.002178,5.119865,0.962296,-0.000000
2333,0.760420,-0.001910,11.781059,0.944162,-0.000000
2334,0.749798,-0.001137,7.059687,0.938399,-0.000000
2335,0.783557,0.003435,20.432382,0.953689,0.000000
2336,0.749731,-0.004411,15.555306,0.971248,-0.000000
2337,0.788050,0.000440,18.821847,0.983852,-0.000000
2338,0.799913,-0.004643,28.184271,0.982225,-0.000000
2339,0.795673,-0.004857,13.096454,1.005387,0.000000
2340,0.796172,-0.005347,17.793759,1.028432,0.000000
2341,0.767820,0.008568,3.773750,1.040164,-0.000000
2342,0.787568,-0.003011,8.261102,1.057522,-0.000000
2343,0.803872,-0.002539,15.076136,1.087084,-0.000000
2344,0.790496,0.005627,11.718713,1.089010,-0.000000
2345,0.811938,0.015326,21.522010,1.091566,-0.000000
2346,0.801109,0.008793,9.596655,1.097961,0.000000
2347,0.802910,0.003803,14.165111,1.095213,-0.000000
2348,0.808573,-0.003130,24.104746,1.093281,-0.000000
2349,0.809255,-0.002597,32.748805,1.112353,0.000000
2350,0.800160,0.002544,9.948085,1.117708,0.000000
2351,0.808157,-0.003253,33.889150,1.125161,0.000000
2352,0.808277,-0.002787,60.152451,1.157239,-0.000000
2353,0.778386,0.001282,36.704218,1.172315,0.000000
2354,0.728695,0.006296,40.640268,1.176025,0.000000
2355,0.755297,0.011141,11.030556,1.181953,-0.000000
2356,0.702748,0.004578,15.308619,1.195703,-0.000000
2357,0.811667,-0.005309,38.219845,1.224676,0.000000
2358,0.807647,0.014651,35.510491,1.262180,0.000000
2359,0.805339,-0.001671,33.376509,1.281845,0.000000
2360,0.810160,-0.003429,38.965197,1.297331,0.000000
2361,0.803597,0.001597,42.163627,1.315018,-0.000000
2362,0.722822,0.001766,31.551541,1.329165,0.000000
2363,0.771377,-0.000327,23.260039,1.347976,0.000000
2364,0.766888,-0.001911,15.748079,1.365441,0.000000
2365,0.806033,-0.000074,37.314096,1.377753,0.000000
2366,0.782893,-0.001072,27.140786,1.386429,0.000000
2367,0.796780,0.010289,27.093836,1.374749,0.000000
2368,0.807883,-0.000338,42.442428,1.385022,-0.000000
2369,0.773757,0.001088,20.630355,1.426795,0.000000
2370,0.799037,-0.004506,19.619300,1.437420,0.000000
2371,0.744548,-0.004380,32.386672,1.442998,0.000000
2372,0.806847,-0.004727,33.717616,1.459727,-0.000000
2373,0.798028,0.017469,26.013960,1.462331,0.000000
2374,0.807259,0.031758,16.562974,1.432512,0.000000
2375,0.737813,0.236865,21.037964,1.418321,0.000000
2376,0.804728,-0.004186,38.957053,1.434109,0.000000
2377,0.792770,0.048256,15.926612,1.434380,-0.000000
2378,0.798399,0.024965,13.845531,1.412315,-0.000000
2379,0.792411,0.111616,10.681601,1.391208,-0.000000
2380,0.739367,0.005996,18.417736,1.377634,-0.000000
2381,0.799550,0.022718,23.445089,1.387548,-0.000000
2382,0.767115,0.012250,14.722732,1.391135,0.000000
2383,0.735401,0.034853,9.307972,1.381856,0.000000
2384,0.725338,0.004873,20.663256,1.363782,-0.000000
2385,0.803205,0.064442,8.611452,1.357896,0.000000
2386,0.763569,0.018271,9.286788,1.353097,0.000000
2387,0.799544,0.000745,21.414674,1.348543,0.000000
2388,0.767623,0.013499,20.069124,1.336829,0.000000
2389,0.789799,0.003723,25.764160,1.326922,-0.000000
2390,0.799470,0.021975,26.000590,1.320832,-0.000000
2391,0.806331,0.000480,41.369293,1.320111,-0.000000
2392,0.813063,-0.001547,46.170694,1.337557,-0.000000
2393,0.736217,0.005136,47.298046,1.344469,-0.000000
2394,0.736605,-0.001432,21.762495,1.346593,0.000000
2395,0.774252,0.015223,29.525870,1.342591,-0.000000
2396,0.781063,0.007176,26.958222,1.351153,-0.000000
2397,0.765974,0.018113,28.792437,1.361829,-0.000000
2398,0.641807,0.026913,33.820851,1.359649,-0.000000
2399,0.799000,0.007001,28.341228,1.354515,-0.000000
2400,0.771866,0.008238,17.180964,1.346834,-0.000000
2401,0.755288,0.010095,18.233523,1.346471,-0.000000
2402,0.748385,0.151507,26.917286,1.338987,0.000000
2403,0.725984,0.044372,27.675858,1.346781,-0.000000
2404,0.741847,0.085318,7.527537,1.352178,0.000000
2405,0.768350,0.008603,12.583429,1.344565,0.000000
2406,0.800653,0.040159,8.953917,1.336277,-0.000000
2407,0.808283,-0.002144,10.445209,1.338368,0.000000
2408,0.804095,0.009385,15.853536,1.330142,0.000000
2409,0.752818,0.002744,11.270439,1.297418,0.000000
2410,0.809214,0.019123,8.721977,1.293021,-0.000000
2411,0.775376,0.005325,18.269034,1.296267,-0.000000
2412,0.758924,0.091077,18.745756,1.296413,0.000000
2413,0.736207,0.012305,5.201751,1.289873,-0.000000
2414,0.796610,0.078597,3.797954,1.282469,0.000000
2415,0.788840,0.008355,4.993566,1.261193,0.000000
2416,0.787551,0.007617,5.913907,1.237828,0.000000
2417,0.780851,0.064865,2.544600,1.219611,0.000000
2418,0.736374,0.011847,3.551331,1.191198,-0.000000
2419,0.789748,-0.000015,5.467764,1.168729,-0.000000
2420,0.706708,0.031842,3.093082,1.153703,0.000000
2421,0.734054,0.013045,2.906537,1.144417,0.000000
2422,0.704753,-0.000027,6.447295,1.141426,0.000000
2423,0.733642,0.020499,5.625007,1.120005,0.000000
2424,0.747296,0.093171,1.922470,1.097980,0.000000
2425,0.694050,0.013990,12.411489,1.108156,0.000000
2426,0.653364,0.158382,3.025507,1.112802,-0.000000
2427,0.742075,0.035104,4.917581,1.108627,-0.000000
2428,0.741620,0.104297,4.197706,1.103329,0.000000
2429,0.759017,0.011095,13.811675,1.098680,0.000000
2430,0.760720,0.002795,7.385305,1.097431,-0.000000
2431,0.813370,-0.000453,9.358750,1.099885,0.000000
2432,0.799336,0.023639,5.974058,1.097206,-0.000000
2433,0.775144,0.000620,26.195732,1.110763,0.000000
2434,0.797226,0.027345,11.676008,1.131156,0.000000
2435,0.808190,0.000312,32.901516,1.135298,-0.000000
2436,0.782244,0.002935,23.262136,1.152602,0.000000
2437,0.789627,-0.003192,20.992528,1.170690,0.000000
2438,0.750391,0.006510,9.317342,1.174708,0.000000
2439,0.793481,0.016535,5.310977,1.166820,-0.000000
2440,0.794854,0.010969,4.036996,1.137830,0.000000
2441,0.802549,0.011051,9.531098,1.115306,0.000000
2442,0.749819,0.145794,5.773653,1.113519,0.000000
2443,0.781901,0.013637,3.200356,1.097964,0.000000
2444,0.805451,0.034025,3.361655,1.087032,0.000000
2445,0.750187,0.026701,8.085851,1.073068,-0.000000
2446,0.726848,0.007661,4.724918,1.069388,-0.000000
2447,0.760372,0.013847,2.704222,1.068487,-0.000000
2448,0.736753,0.111348,14.492184,1.069328,-0.000000
2449,0.716180,0.031046,4.343915,1.061171,0.000000
2450,0.755076,-0.005237,10.641267,1.045371,0.000000
2451,0.775653,-0.001637,15.577816,1.045800,-0.000000
2452,0.785678,0.052254,4.599179,1.028295,0.000000
2453,0.790296,0.025112,2.337456,0.999389,-0.000000
2454,0.772987,0.008482,3.519693,1.002218,0.000000
2455,0.793140,0.021498,3.618106,1.008705,-0.000000
2456,0.783144,0.028480,3.478386,1.002063,-0.000000
2457,0.795300,0.003338,13.632928,0.988805,0.000000
2458,0.739608,-0.005699,9.869268,0.997906,-0.000000
2459,0.780187,0.019858,1.989908,0.998312,0.000000
2460,0.784617,0.011678,5.208997,0.985933,0.000000
2461,0.788520,0.003110,3.922717,0.979421,0.000000
2462,0.791229,-0.004158,17.655409,0.994318,-0.000000
2463,0.796126,0.011660,4.282718,1.000915,-0.000000
2464,0.764012,0.015480,11.686411,0.980281,-0.000000
2465,0.794143,0.001783,7.612616,0.970985,-0.000000
2466,0.800270,0.011554,6.453441,0.967130,0.000000
2467,0.779183,0.156051,3.140853,0.959821,0.000000
2468,0.756008,0.013350,3.639420,0.946926,-0.000000
2469,0.761586,0.008991,2.690264,0.943188,-0.000000
2470,0.770524,-0.004185,3.979050,0.956593,0.000000
2471,0.762715,0.028290,8.024787,0.975824,0.000000
2472,0.763493,0.055357,2.413743,0.973550,0.000000
2473,0.772845,0.015529,2.714110,0.967864,0.000000
2474,0.732510,0.020197,5.573692,0.981795,0.000000
2475,0.713421,-0.001482,5.939220,0.977924,0.000000
2476,0.725205,0.023038,1.740931,0.969604,0.000000
2477,0.739431,0.003023,14.682789,0.980222,0.000000
2478,0.700044,0.015126,7.214024,1.001063,0.000000
2479,0.723775,0.011323,16.494787,1.002831,0.000000
2480,0.736044,0.000971,22.817806,0.993604,-0.000000
2481,0.757889,-0.002256,20.951101,0.988936,0.000000
2482,0.805488,0.001148,11.293362,0.979723,0.000000
2483,0.780834,0.039380,5.261376,0.964471,0.000000
2484,0.784728,0.018956,2.011153,0.947861,-0.000000
2485,0.764712,0.033567,2.273331,0.919615,-0.000000
2486,0.677327,0.034137,2.667651,0.905634,-0.000000
2487,0.696553,0.004270,20.400401,0.902534,-0.000000
2488,0.590325,0.017808,12.471704,0.895097,0.000000
2489,0.678717,0.005326,8.250422,0.880006,-0.000000
2490,0.729146,0.000042,6.447665,0.889633,0.000000
2491,0.772061,0.014343,1.577705,0.894248,0.000000
2492,0.757248,0.012629,2.410693,0.885795,0.000000
2493,0.736123,0.015162,2.923518,0.868590,0.000000
2494,0.692642,0.024925,1.440344,0.856552,0.000000
2495,0.718848,0.004973,1.561343,0.849514,0.000000
2496,0.713277,0.026037,1.194618,0.828597,-0.000000
2497,0.714026,0.013586,1.181341,0.806739,0.000000
2498,0.718200,-0.002224,1.213020,0.799631,-0.000000
2499,0.756260,-0.004296,0.742952,0.810353,0.000000
2500,0.714477,0.003454,2.175642,0.817919,-0.000000
2501,0.736618,-0.002950,3.403511,0.824712,-0.000000
2502,0.772741,0.000176,2.349867,0.825090,0.000000
2503,0.765548,0.015688,1.394519,0.825819,-0.000000
2504,0.778633,-0.000445,2.763102,0.829919,0.000000
2505,0.753730,-0.001533,1.164833,0.824286,0.000000
2506,0.770883,-0.003046,3.139826,0.824061,-0.000000
2507,0.788175,0.001166,3.189048,0.833773,0.000000
2508,0.785935,-0.002876,2.770852,0.839538,0.000000
2509,0.790256,-0.008068,4.846523,0.857435,0.000000
2510,0.783158,0.014611,2.997937,0.858336,0.000000
2511,0.763155,0.008122,2.369497,0.855734,0.000000
2512,0.749281,-0.002164,2.015825,0.865887,-0.000000
2513,0.753884,0.007442,3.429613,0.866776,-0.000000
2514,0.775186,0.010113,3.514454,0.854905,0.000000
2515,0.773254,-0.003635,5.466050,0.853806,-0.000000
2516,0.773543,-0.000876,1.982372,0.869421,0.000000
2517,0.775865,0.011231,6.019364,0.885537,-0.000000
2518,0.776176,0.000704,1.295909,0.880321,-0.000000
2519,0.763010,0.002886,1.950298,0.862967,0.000000
2520,0.776123,0.000257,2.031173,0.859852,-0.000000
2521,0.793625,-0.007179,5.440781,0.860535,0.000000
2522,0.792906,-0.001657,3.939166,0.861613,-0.000000
2523,0.786272,0.006737,2.266617,0.871366,-0.000000
2524,0.798708,0.009428,6.263519,0.881991,-0.000000
2525,0.789294,0.002899,3.156061,0.893582,-0.000000
2526,0.797076,0.014589,1.909774,0.886522,0.000000
2527,0.792020,0.000254,4.392830,0.883992,-0.000000
2528,0.781405,0.004710,3.131521,0.879910,0.000000
2529,0.791422,0.001957,2.832368,0.867975,-0.000000
2530,0.805007,0.019127,10.380747,0.868072,-0.000000
2531,0.805954,-0.004528,5.760754,0.868989,-0.000000
2532,0.803019,0.000932,5.274326,0.874754,-0.000000
2533,0.804163,0.007733,13.951315,0.866024,-0.000000
2534,0.801466,0.010328,12.616465,0.862113,-0.000000
2535,0.806883,0.000047,15.363909,0.884049,-0.000000
2536,0.790368,0.003724,12.851761,0.895695,-0.000000
2537,0.796828,0.010290,8.358251,0.894852,0.000000
2538,0.784336,0.005241,3.356726,0.887556,-0.000000
2539,0.771430,0.008417,13.461738,0.876496,-0.000000
2540,0.767982,0.276861,12.894180,0.871140,-0.000000
2541,0.671111,0.159490,10.757001,0.867571,0.000000
2542,0.610363,0.039850,7.677017,0.859943,-0.000000
2543,0.635422,0.050352,4.640346,0.856738,0.000000
2544,0.641328,0.145806,4.499359,0.848255,0.000000
2545,0.631272,0.022830,4.367640,0.830101,0.000000
2546,0.625077,0.021006,3.337862,0.809031,0.000000
2547,0.694370,0.016055,8.667386,0.805167,-0.000000
2548,0.690543,0.020189,4.517195,0.809546,0.000000
2549,0.753750,0.019352,4.242839,0.795175,-0.000000
2550,0.667323,0.022924,4.649768,0.779157,0.000000
2551,0.746203,0.006914,5.412026,0.771366,-0.000000
2552,0.757563,0.011001,4.616549,0.760904,0.000000
2553,0.760144,0.251930,3.201770,0.752197,-0.000000
2554,0.792867,0.013202,4.821392,0.737721,-0.000000
2555,0.771037,0.026204,2.454703,0.724187,0.000000
2556,0.800656,0.008373,3.277886,0.729160,0.000000
2557,0.785060,0.002660,2.843418,0.736032,0.000000
2558,0.783370,-0.002074,7.053260,0.739520,-0.000000
2559,0.793677,0.000587,5.351364,0.753012,0.000000
2560,0.782927,-0.001402,9.372446,0.759735,-0.000000
2561,0.820279,-0.005244,21.057766,0.803365,0.000000
2562,0.793917,-0.001096,6.718731,0.847027,0.000000
2563,0.804448,-0.000944,5.214523,0.845242,-0.000000
2564,0.800662,0.003756,6.252292,0.861175,-0.000000
2565,0.811895,0.003508,23.293764,0.892910,0.000000
2566,0.814216,0.002446,44.064700,0.917142,0.000000
2567,0.808730,0.014191,25.331149,0.935159,0.000000
2568,0.811188,-0.000929,22.633976,0.939234,-0.000000
2569,0.808577,-0.006660,21.890604,0.944336,-0.000000
2570,0.801647,-0.004329,35.767242,0.943663,0.000000
2571,0.806038,0.014238,55.564744,0.947830,0.000000
2572,0.815778,0.100741,43.487166,0.966781,0.000000
2573,0.816813,0.002015,56.487397,0.976924,-0.000000
2574,0.810025,-0.004779,51.160994,0.996686,0.000000
2575,0.785415,-0.002807,43.675444,1.015902,-0.000000
2576,0.781179,-0.000909,39.413486,1.029463,-0.000000
2577,0.809083,-0.001252,41.250132,1.055119,0.000000
2578,0.767202,0.016551,45.299359,1.077774,-0.000000
2579,0.791875,0.002689,35.305257,1.079208,0.000000
2580,0.785800,0.003816,30.312909,1.087047,-0.000000
2581,0.737552,-0.003717,25.866541,1.117969,0.000000
2582,0.726806,0.000607,12.289436,1.143134,-0.000000
2583,0.698080,0.023776,5.276310,1.139091,0.000000
2584,0.704754,0.002732,3.849724,1.136788,0.000000
2585,0.750314,0.005934,4.638333,1.150697,-0.000000
2586,0.709962,0.007135,15.103946,1.155601,0.000000
2587,0.775915,0.008037,22.861991,1.147209,0.000000
2588,0.775508,-0.001921,17.347800,1.129352,-0.000000
2589,0.809323,-0.001128,21.869397,1.114161,-0.000000
2590,0.801845,-0.001473,22.168537,1.105642,-0.000000
2591,0.800393,0.004759,25.385885,1.125256,0.000000
2592,0.799244,0.004052,24.007350,1.143954,0.000000
2593,0.795492,0.000763,23.011843,1.143259,-0.000000
2594,0.791404,0.012902,16.676227,1.133181,-0.000000
2595,0.795622,-0.003850,9.516479,1.140292,-0.000000
2596,0.718080,0.080557,17.853771,1.155310,-0.000000
2597,0.781283,0.029217,6.109180,1.151255,0.000000
2598,0.723556,0.000820,13.065541,1.146474,0.000000
2599,0.590664,0.010248,27.145917,1.142946,-0.000000
2600,0.624320,0.040726,25.806254,1.133978,-0.000000
2601,0.485193,0.465350,5.241787,1.133144,0.000000
2602,0.777029,0.001181,8.034392,1.132182,-0.000000
2603,0.621627,0.033537,8.555217,1.127891,0.000000
2604,0.689839,-0.001398,16.186988,1.123449,0.000000
2605,0.726387,0.000805,13.568384,1.124788,-0.000000
2606,0.804870,-0.004933,15.033072,1.133256,0.000000
2607,0.791196,0.156758,8.869311,1.134940,0.000000
2608,0.768307,0.001060,12.333747,1.122686,-0.000000
2609,0.798069,0.004056,16.037997,1.118536,-0.000000
2610,0.809785,0.007514,20.128494,1.122533,-0.000000
2611,0.801084,0.015155,12.745139,1.128222,0.000000
2612,0.800976,-0.000673,10.066413,1.124619,0.000000
2613,0.790003,0.003905,10.603025,1.117876,-0.000000
2614,0.792273,0.004468,12.630250,1.110299,-0.000000
2615,0.790457,0.021466,9.168873,1.101356,0.000000
2616,0.798352,0.004805,17.353233,1.088179,-0.000000
2617,0.805065,0.006285,16.012318,1.077614,0.000000
2618,0.792916,0.018322,10.730395,1.062143,-0.000000
2619,0.797305,0.015425,13.214472,1.064657,0.000000
2620,0.789060,0.000619,10.824067,1.086771,-0.000000
2621,0.784243,0.011747,9.786566,1.072582,0.000000
2622,0.784260,0.001653,11.816715,1.057485,-0.000000
2623,0.790331,0.001237,13.085965,1.067926,0.000000
2624,0.771078,-0.001581,10.049664,1.073074,0.000000
2625,0.768342,0.005087,10.454293,1.076374,-0.000000
2626,0.755569,-0.004601,8.055227,1.081449,-0.000000
2627,0.761236,0.007054,9.452488,1.092705,0.000000
2628,0.768814,0.001986,6.047260,1.095517,-0.000000
2629,0.767369,-0.004123,4.761044,1.093336,-0.000000
2630,0.754953,0.009135,5.399076,1.099121,0.000000
2631,0.763195,0.007919,5.532134,1.104378,0.000000
2632,0.766025,0.278251,7.553751,1.091144,-0.000000
2633,0.762013,-0.002746,7.601403,1.088064,-0.000000
2634,0.766721,0.028630,5.328960,1.093267,0.000000
2635,0.766918,0.001337,8.362397,1.106114,0.000000
2636,0.761661,0.009060,8.979164,1.113428,-0.000000
2637,0.758292,0.022016,6.075302,1.132260,-0.000000
2638,0.761145,-0.005097,6.697304,1.164909,-0.000000
2639,0.761027,0.002696,4.782294,1.186140,0.000000
2640,0.768811,-0.002913,6.399096,1.204136,-0.000000
2641,0.771861,0.018358,3.376363,1.213193,-0.000000
2642,0.752132,0.001091,4.146064,1.223239,0.000000
2643,0.757433,-0.003998,4.792233,1.240347,-0.000000
2644,0.748595,0.001239,4.010684,1.245286,0.000000
2645,0.705617,-0.000516,7.765672,1.252345,0.000000
2646,0.749434,0.011507,3.046278,1.246891,0.000000
2647,0.703316,0.000878,12.285383,1.237575,-0.000000
2648,0.743946,0.033400,2.435286,1.244155,-0.000000
2649,0.743647,0.019271,2.308319,1.247831,0.000000
2650,0.728882,0.002140,7.460588,1.255258,0.000000
2651,0.709256,0.023191,3.234226,1.263713,-0.000000
2652,0.744054,0.002538,2.456563,1.254744,-0.000000
2653,0.696002,-0.001908,3.394225,1.231195,-0.000000
2654,0.709199,-0.000120,2.752630,1.232020,0.000000
2655,0.719675,0.003720,2.306656,1.223602,-0.000000
2656,0.722189,0.021980,1.618386,1.223080,-0.000000
2657,0.721399,0.029804,1.673501,1.215743,-0.000000
2658,0.721710,0.005103,3.137158,1.216052,0.000000
2659,0.691574,0.010230,2.684938,1.232895,0.000000
2660,0.710053,-0.001321,1.627459,1.235195,0.000000
2661,0.698138,0.003464,1.089889,1.234170,0.000000
2662,0.732225,0.003422,1.902904,1.228854,-0.000000
2663,0.699234,0.008237,3.223490,1.219289,0.000000
2664,0.733666,-0.000724,2.560132,1.222303,0.000000
2665,0.715913,-0.004776,1.899969,1.228501,0.000000
2666,0.732801,0.007291,1.524013,1.221580,0.000000
2667,0.735880,-0.002203,2.853327,1.208334,0.000000
2668,0.757616,0.001768,2.579565,1.198461,0.000000
2669,0.734364,-0.000625,1.641164,1.188218,0.000000
2670,0.748732,0.116968,2.200645,1.173101,-0.000000
2671,0.745219,0.001266,0.851427,1.152664,0.000000
2672,0.745530,0.000577,1.833352,1.139383,0.000000
2673,0.754665,0.010380,1.517355,1.133945,0.000000
2674,0.748397,-0.002057,1.654175,1.132368,0.000000
2675,0.757783,0.001677,2.478378,1.146054,0.000000
2676,0.765705,-0.006255,3.104202,1.163718,0.000000
2677,0.757236,-0.002011,1.627112,1.189583,-0.000000
2678,0.766652,0.004341,1.433598,1.202628,-0.000000
2679,0.770627,0.019092,3.311527,1.205709,0.000000
2680,0.768375,0.002356,1.977716,1.206999,-0.000000
2681,0.767716,0.003433,3.763311,1.220158,0.000000
2682,0.765273,0.000197,2.168587,1.229463,-0.000000
2683,0.757329,-0.001424,1.865030,1.229164,-0.000000
2684,0.765785,0.003683,1.377437,1.239583,0.000000
2685,0.759608,-0.001614,1.365650,1.239775,0.000000
2686,0.764356,0.005436,1.515302,1.226287,0.000000
2687,0.759187,0.013362,2.262948,1.225355,0.000000
2688,0.771146,0.057657,1.900345,1.236227,-0.000000
2689,0.770631,0.001436,3.189637,1.237798,0.000000
2690,0.749577,-0.001860,2.215662,1.220833,0.000000
2691,0.779241,0.013165,1.167600,1.213187,0.000000
2692,0.767734,0.000515,2.144552,1.211976,0.000000
2693,0.783780,0.001529,2.574774,1.207171,0.000000
2694,0.788787,-0.004343,2.661597,1.211886,0.000000
2695,0.778410,0.001708,1.632539,1.227950,0.000000
2696,0.777548,0.001347,4.734617,1.224588,0.000000
2697,0.778686,0.030138,3.676512,1.211595,-0.000000
2698,0.779678,-0.001337,3.589296,1.217933,0.000000
2699,0.777879,0.009711,2.323865,1.215259,-0.000000
2700,0.772097,-0.000258,2.516956,1.194479,0.000000
2701,0.774587,0.008360,4.282585,1.178097,-0.000000
2702,0.794664,-0.005730,4.919306,1.183887,0.000000
2703,0.782907,0.017760,6.679766,1.190974,0.000000
2704,0.789732,0.003564,5.270057,1.197003,0.000000
2705,0.798067,-0.003600,8.579979,1.229782,0.000000
2706,0.782821,0.100008,6.565873,1.253308,0.000000
2707,0.732165,0.002455,32.810862,1.275835,0.000000
2708,0.780925,-0.001726,8.063296,1.305465,0.000000
2709,0.789605,0.001322,7.783858,1.311663,0.000000
2710,0.786968,0.002019,4.354465,1.297872,0.000000
2711,0.789450,0.030494,4.307025,1.275546,-0.000000
2712,0.783163,-0.002652,6.993164,1.259022,0.000000
2713,0.786742,0.007933,3.548787,1.248872,-0.000000
2714,0.795674,0.006058,5.714666,1.219635,0.000000
2715,0.783381,0.000429,14.268584,1.207757,0.000000
2716,0.767843,0.199468,41.261705,1.227358,0.000000
2717,0.795931,-0.005572,39.539573,1.233666,-0.000000
2718,0.792175,0.015565,25.441011,1.229505,0.000000
2719,0.786114,0.001037,18.510051,1.235651,-0.000000
2720,0.800541,0.000808,29.875688,1.262434,0.000000
2721,0.765274,0.003544,39.385031,1.276379,0.000000
2722,0.735405,0.045795,41.229158,1.269542,0.000000
2723,0.763545,0.097947,29.377911,1.272421,-0.000000
2724,0.792387,0.013519,41.226466,1.290775,0.000000
2725,0.803261,0.004627,24.876420,1.312863,0.000000
2726,0.802397,0.660829,16.492925,1.316977,-0.000000
2727,0.790169,0.039189,14.895041,1.315298,0.000000
2728,0.807196,0.001715,20.763910,1.317464,0.000000
2729,0.797044,0.002664,19.596518,1.323812,0.000000
2730,0.800051,-0.000351,27.229758,1.311733,-0.000000
2731,0.724614,0.005515,22.863798,1.296639,-0.000000
2732,0.796141,0.007845,24.606593,1.303204,-0.000000
2733,0.773142,0.008613,21.229438,1.319240,0.000000
2734,0.771756,0.000410,16.348077,1.320728,0.000000
2735,0.736881,0.000749,10.501153,1.325350,-0.000000
2736,0.739574,0.007665,9.561090,1.338132,-0.000000
2737,0.784666,0.000372,18.729671,1.347882,0.000000
2738,0.809492,0.007251,32.050343,1.361954,0.000000
2739,0.773690,0.009161,24.594330,1.385654,0.000000
2740,0.799853,0.028909,39.700986,1.384333,-0.000000
2741,0.769362,0.001831,19.291817,1.389149,-0.000000
2742,0.784830,-0.000967,27.154973,1.414184,-0.000000
2743,0.770476,0.005944,27.193154,1.435346,0.000000
2744,0.778950,0.012641,28.225656,1.437040,-0.000000
2745,0.753493,0.026173,5.636353,1.419074,0.000000
2746,0.773314,0.014639,13.411847,1.404250,0.000000
2747,0.777858,-0.000911,12.545106,1.403239,0.000000
2748,0.810697,0.004442,16.361142,1.399353,-0.000000
2749,0.782234,0.020549,12.418649,1.397061,-0.000000
2750,0.794778,0.012918,8.603813,1.380907,0.000000
2751,0.810807,0.002305,11.562635,1.361371,0.000000
2752,0.775340,0.018054,10.211862,1.370124,-0.000000
2753,0.815877,0.077874,19.212791,1.369344,0.000000
2754,0.810645,0.000343,20.324660,1.373917,0.000000
2755,0.805048,-0.003277,14.778586,1.383779,-0.000000
2756,0.808748,-0.002600,14.678499,1.392642,0.000000
2757,0.810109,0.000047,16.900673,1.389214,0.000000
2758,0.802389,-0.000228,12.366569,1.384026,0.000000
2759,0.811777,-0.000874,13.496887,1.383540,0.000000
2760,0.800207,0.007598,9.555783,1.384145,0.000000
2761,0.808575,0.007379,18.677906,1.383943,0.000000
2762,0.795994,0.004260,10.467157,1.389749,0.000000
2763,0.740891,-0.002040,18.987305,1.396509,-0.000000
2764,0.759108,0.020750,20.657046,1.390108,-0.000000
2765,0.768523,0.172112,9.591897,1.381416,0.000000
2766,0.781042,0.019885,10.043095,1.375218,0.000000
2767,0.757902,0.000677,10.024361,1.376584,0.000000
2768,0.787028,0.014845,3.794054,1.368178,0.000000
2769,0.796272,0.000214,5.389448,1.347199,-0.000000
2770,0.781568,0.006039,3.955688,1.339689,-0.000000
2771,0.759297,0.017174,7.020982,1.324423,0.000000
2772,0.786756,0.029581,3.972986,1.307139,-0.000000
2773,0.799393,0.035073,4.884388,1.295606,-0.000000
2774,0.779303,0.019240,4.790876,1.283153,-0.000000
2775,0.727390,0.046746,15.428208,1.289369,0.000000
2776,0.788921,0.001222,5.272843,1.306821,-0.000000
2777,0.788779,0.012321,6.206896,1.305161,0.000000
2778,0.785968,0.002647,4.200160,1.295072,0.000000
2779,0.776296,0.005162,3.619625,1.283796,0.000000
2780,0.782039,0.005817,5.039867,1.274299,0.000000
2781,0.754274,-0.002567,2.383544,1.270556,0.000000
2782,0.784396,0.004207,1.919063,1.275055,-0.000000
2783,0.758104,0.023902,2.515173,1.262476,0.000000
2784,0.764814,0.002106,1.251497,1.237470,0.000000
2785,0.785909,0.007109,5.950163,1.221662,-0.000000
2786,0.775156,0.002296,2.416985,1.209649,0.000000
2787,0.772652,0.003232,1.271003,1.210774,-0.000000
2788,0.769251,0.013283,2.391343,1.222113,0.000000
2789,0.766893,0.029153,0.861234,1.218517,0.000000
2790,0.775619,-0.000973,1.477071,1.206949,0.000000
2791,0.790761,-0.000135,2.661019,1.216704,-0.000000
2792,0.784552,0.002967,3.132786,1.253898,0.000000
2793,0.765649,0.002844,3.800794,1.283748,0.000000
2794,0.746954,0.161961,4.552625,1.277913,0.000000
2795,0.788364,0.000612,2.922664,1.267479,-0.000000
2796,0.776852,0.380851,4.202421,1.276314,-0.000000
2797,0.798844,-0.002723,9.316992,1.283897,0.000000
2798,0.802584,0.070632,7.396503,1.298797,0.000000
2799,0.800753,0.003811,3.059662,1.293341,0.000000
2800,0.736738,0.295246,17.745908,1.284943,0.000000
2801,0.756615,0.002077,6.567377,1.286125,-0.000000
2802,0.757618,0.135559,10.175045,1.279589,-0.000000
2803,0.766247,0.001848,16.963970,1.272636,-0.000000
2804,0.793454,0.000485,7.932289,1.261828,-0.000000
2805,0.800071,0.086218,11.720179,1.243040,0.000000
2806,0.779579,0.025606,6.483479,1.240203,0.000000
2807,0.808930,-0.000037,14.543448,1.239622,-0.000000
2808,0.782735,-0.000386,16.423611,1.238034,-0.000000
2809,0.796370,0.107035,5.432016,1.232276,-0.000000
2810,0.758898,0.046969,16.376893,1.224945,0.000000
2811,0.715752,0.011028,12.497390,1.219063,0.000000
2812,0.772029,-0.000636,10.619192,1.206415,0.000000
2813,0.769842,0.009207,5.266185,1.201514,0.000000
2814,0.687128,0.064119,3.891550,1.195825,0.000000
2815,0.715594,0.012384,7.133882,1.194745,0.000000
2816,0.668857,0.008673,14.357060,1.207447,-0.000000
2817,0.705741,1.500687,7.666184,1.203846,-0.000000
2818,0.732031,0.005342,16.257984,1.193751,0.000000
2819,0.767453,0.255586,9.326962,1.197256,0.000000
2820,0.732300,0.023026,19.494753,1.192755,0.000000
2821,0.806002,0.006173,9.543390,1.194120,-0.000000
2822,0.807715,0.021070,9.444148,1.194807,-0.000000
2823,0.809177,0.109624,5.441019,1.199003,0.000000
2824,0.799274,0.031834,1.856882,1.187496,0.000000
2825,0.804822,0.021444,2.769245,1.156042,0.000000
2826,0.638468,0.030262,19.906262,1.141432,0.000000
2827,0.722185,0.003772,8.357863,1.144725,0.000000
2828,0.794162,0.006701,5.518661,1.138648,-0.000000
2829,0.751798,0.011877,4.276293,1.121592,-0.000000
2830,0.805549,0.007401,4.024632,1.102447,0.000000
2831,0.775174,0.020425,5.508492,1.103116,0.000000
2832,0.765237,-0.000771,4.169515,1.108937,-0.000000
2833,0.748599,0.093579,4.146715,1.093477,0.000000
2834,0.754039,0.016788,3.449775,1.090402,0.000000
2835,0.789488,0.003410,2.682245,1.079866,-0.000000
2836,0.796415,0.005408,3.993114,1.068296,0.000000
2837,0.806917,0.001573,2.108143,1.070549,0.000000
2838,0.807394,0.005227,5.368075,1.057451,-0.000000
2839,0.803818,-0.003939,16.782762,1.041845,0.000000
2840,0.813679,-0.003699,18.056239,1.041770,0.000000
2841,0.790043,0.000160,18.673836,1.047726,0.000000
2842,0.801652,0.005030,26.156767,1.051806,-0.000000
2843,0.805628,-0.001570,51.037360,1.055099,-0.000000
2844,0.809108,-0.002053,44.291443,1.077256,0.000000
2845,0.751653,-0.005818,48.731787,1.120046,-0.000000
2846,0.727019,0.007696,33.903985,1.139023,0.000000
2847,0.744674,0.004987,39.659010,1.136675,-0.000000
2848,0.754076,0.019817,14.274136,1.124084,0.000000
2849,0.740079,0.008178,31.976178,1.133054,0.000000
2850,0.778489,0.019129,12.693568,1.145730,0.000000
2851,0.734397,0.014975,18.115772,1.152213,0.000000
2852,0.762658,0.006700,21.016067,1.151619,-0.000000
2853,0.721940,0.014481,15.378115,1.153131,0.000000
2854,0.749292,0.004688,19.250325,1.159935,-0.000000
2855,0.784804,0.005720,19.435217,1.156576,0.000000
2856,0.783930,0.005296,23.123454,1.151064,0.000000
2857,0.787816,0.006559,22.249521,1.138206,0.000000
2858,0.778633,-0.002566,27.465210,1.128510,-0.000000
2859,0.793213,-0.000834,34.473496,1.140131,-0.000000
2860,0.802779,0.000711,34.591415,1.154269,0.000000
2861,0.808343,0.005794,23.221576,1.180745,0.000000
2862,0.801553,0.008154,23.752232,1.194600,0.000000
2863,0.814284,-0.004223,31.676719,1.198556,0.000000
2864,0.812887,-0.004151,25.928385,1.207921,-0.000000
2865,0.773570,0.004561,20.988689,1.211888,-0.000000
2866,0.798781,0.000787,17.345843,1.210764,-0.000000
2867,0.785305,0.002460,26.559992,1.229777,-0.000000
2868,0.740738,0.003283,34.653697,1.249419,0.000000
2869,0.784683,0.002915,31.518581,1.259252,-0.000000
2870,0.808897,-0.004838,27.611425,1.282862,-0.000000
2871,0.815281,-0.002644,26.664870,1.295523,-0.000000
2872,0.735215,0.007133,21.317427,1.289858,-0.000000
2873,0.801064,0.014673,27.752428,1.301184,0.000000
2874,0.805597,0.007800,14.226562,1.319991,-0.000000
2875,0.804982,0.006370,25.321010,1.329749,-0.000000
2876,0.741778,0.009179,41.580635,1.344148,0.000000
2877,0.728576,0.003652,36.945962,1.351034,-0.000000
2878,0.737781,0.004059,27.606915,1.359317,-0.000000
2879,0.779024,0.003146,44.690038,1.371853,0.000000
2880,0.767189,0.009527,26.113414,1.369335,-0.000000
2881,0.810203,0.003580,38.959744,1.361823,0.000000
2882,0.775744,0.007158,26.871512,1.374795,-0.000000
2883,0.804062,0.002656,40.200849,1.394092,0.000000
2884,0.811349,0.007031,29.364226,1.404367,-0.000000
2885,0.803520,0.401118,37.629255,1.399528,0.000000
2886,0.804763,-0.001838,30.552427,1.395392,-0.000000
2887,0.809532,0.010758,38.571874,1.404353,0.000000
2888,0.803087,0.009201,40.309338,1.418909,-0.000000
2889,0.797001,0.008758,39.020621,1.415224,0.000000
2890,0.690045,0.031874,58.536105,1.414808,0.000000
2891,0.713838,-0.001007,37.005551,1.424803,0.000000
2892,0.775259,-0.000497,29.278756,1.440253,0.000000
2893,0.777302,0.162503,35.618443,1.450104,0.000000
2894,0.779070,0.000037,33.778867,1.457077,-0.000000
2895,0.771740,0.008101,42.403441,1.448487,-0.000000
2896,0.748649,-0.003273,29.529980,1.437606,-0.000000
2897,0.693978,0.006144,47.161078,1.443456,0.000000
2898,0.775197,0.006777,32.876382,1.460429,0.000000
2899,0.774749,0.408438,30.439292,1.470673,-0.000000
2900,0.810227,0.004672,35.072113,1.456147,0.000000
2901,0.703285,0.011991,7.006662,1.442597,-0.000000
2902,0.763714,0.004386,17.814481,1.435579,0.000000
2903,0.697738,0.036147,2.646063,1.434721,0.000000
2904,0.669508,0.023241,4.534694,1.427183,-0.000000
2905,0.675906,0.052700,5.965026,1.414963,0.000000
2906,0.666244,0.015403,2.988660,1.387587,0.000000
2907,0.681497,0.018260,2.847932,1.357157,-0.000000
2908,0.711767,0.017397,2.610758,1.315114,-0.000000
2909,0.705726,0.091772,1.754674,1.284948,0.000000
2910,0.741178,0.008811,2.569453,1.263989,0.000000
2911,0.730428,0.017764,3.705157,1.241328,0.000000
2912,0.753715,0.007467,9.085723,1.236385,-0.000000
2913,0.773858,0.199111,16.765777,1.240874,0.000000
2914,0.779169,0.008076,10.955262,1.233212,-0.000000
2915,0.804853,-0.000342,15.198751,1.223199,0.000000
2916,0.795581,0.037838,10.944640,1.203853,-0.000000
2917,0.763565,0.007620,10.407020,1.199211,0.000000
2918,0.753803,0.024153,3.902617,1.196324,0.000000
2919,0.735617,0.018024,5.650689,1.178863,-0.000000
2920,0.720344,0.020019,3.756241,1.157711,0.000000
2921,0.757396,0.012268,3.808089,1.141561,0.000000
2922,0.709584,0.001283,6.462488,1.144602,0.000000
2923,0.749187,-0.002648,13.535733,1.167996,0.000000
2924,0.719260,0.002166,9.354206,1.195090,-0.000000
2925,0.782413,0.002778,14.146808,1.190973,0.000000
2926,0.759457,0.001032,18.078745,1.183365,0.000000
2927,0.808590,0.001149,13.883228,1.196602,0.000000
2928,0.759386,-0.003963,15.390970,1.209756,-0.000000
2929,0.768317,0.016867,9.971030,1.232047,0.000000
2930,0.683322,0.013179,18.541221,1.237395,-0.000000
2931,0.757519,0.006046,4.903107,1.222832,-0.000000
2932,0.773290,-0.000851,6.119109,1.206121,-0.000000
2933,0.796233,0.013385,5.063898,1.202548,0.000000
2934,0.767472,0.010174,6.045193,1.187266,-0.000000
2935,0.795147,0.044201,3.236741,1.157305,0.000000
2936,0.738407,0.017895,2.739282,1.144619,-0.000000
2937,0.805654,0.011594,6.954832,1.164316,-0.000000
2938,0.757909,0.089325,5.285796,1.187891,-0.000000
2939,0.716401,0.002442,9.430446,1.188640,0.000000
2940,0.794822,0.073368,4.141230,1.187035,0.000000
2941,0.779649,0.028987,2.286937,1.180334,0.000000
2942,0.697066,0.011878,2.194274,1.162850,0.000000
2943,0.790374,-0.002260,10.421074,1.159795,0.000000
2944,0.794068,-0.001470,13.037909,1.177819,0.000000
2945,0.804556,-0.001474,18.405556,1.193179,-0.000000
2946,0.808824,-0.002084,16.215434,1.202327,-0.000000
2947,0.806997,0.000893,14.478183,1.203401,0.000000
2948,0.800626,0.009321,8.207505,1.208282,0.000000
2949,0.796337,0.000748,8.723443,1.214532,-0.000000
2950,0.804940,-0.003726,17.390752,1.218711,-0.000000
2951,0.802011,0.002692,8.688602,1.226503,-0.000000
2952,0.796684,0.011436,7.209399,1.221866,-0.000000
2953,0.798292,0.002007,14.456479,1.206179,0.000000
2954,0.800604,-0.002184,5.836646,1.203974,-0.000000
2955,0.795563,0.002752,8.788276,1.203317,0.000000
2956,0.805745,0.002719,16.643008,1.210540,0.000000
2957,0.810163,-0.001612,16.188514,1.220030,0.000000
2958,0.808370,-0.002575,27.842310,1.242311,-0.000000
2959,0.784411,0.015542,15.397664,1.263379,-0.000000
2960,0.808912,0.049240,9.722481,1.254451,-0.000000
2961,0.749367,0.017293,11.677556,1.237706,0.000000
2962,0.760142,0.038322,10.791937,1.222004,0.000000
2963,0.813294,0.006065,16.935732,1.214013,0.000000
2964,0.807124,0.007237,17.527737,1.224347,0.000000
2965,0.756573,0.011479,23.399483,1.243686,0.000000
2966,0.802324,0.005813,21.474155,1.249941,-0.000000
2967,0.773275,0.031046,18.655124,1.254852,0.000000
2968,0.755747,0.013025,15.622136,1.267138,0.000000
2969,0.802858,0.003605,17.986338,1.268786,-0.000000
2970,0.799264,0.001661,20.800962,1.268848,0.000000
2971,0.803619,0.011455,22.423666,1.278652,0.000000
2972,0.802688,0.072061,26.752587,1.279227,-0.000000
2973,0.801112,-0.002395,17.733239,1.264832,-0.000000
2974,0.800879,0.031528,13.700720,1.262455,0.000000
2975,0.812489,0.030787,28.680775,1.271029,-0.000000
2976,0.805757,0.001788,21.409727,1.283840,-0.000000
2977,0.810790,-0.000207,26.239365,1.293183,0.000000
2978,0.806013,0.005089,21.588492,1.291135,0.000000
2979,0.799431,0.003202,10.997379,1.287589,-0.000000
2980,0.799871,-0.004739,13.942522,1.283584,-0.000000
2981,0.772028,0.014994,18.701278,1.269159,-0.000000
2982,0.805580,0.037507,15.398063,1.268840,0.000000
2983,0.795113,0.016079,11.897110,1.269309,0.000000
2984,0.797085,-0.001641,10.602181,1.267208,-0.000000
2985,0.793637,0.008820,9.743363,1.278841,0.000000
2986,0.747717,0.001680,10.808529,1.282410,0.000000
2987,0.765040,0.000279,9.794477,1.300858,0.000000
2988,0.771435,-0.000712,13.289066,1.322223,-0.000000
2989,0.799732,0.048853,10.536457,1.328032,-0.000000
2990,0.769507,0.001310,9.166657,1.330483,-0.000000
2991,0.763824,0.001375,6.368609,1.332929,0.000000
2992,0.804182,0.007791,7.720811,1.329282,0.000000
2993,0.802156,0.046728,5.728163,1.314584,0.000000
2994,0.801911,-0.000477,4.724756,1.307370,0.000000
2995,0.798019,0.062961,4.516283,1.290350,0.000000
2996,0.809423,-0.002689,10.412782,1.269337,0.000000
2997,0.805791,0.014895,6.495341,1.279734,0.000000
2998,0.806522,0.084228,5.811654,1.271393,-0.000000
2999,0.807293,0.125132,3.433080,1.249230,0.000000
3000,0.817481,-0.005501,11.635742,1.249750,-0.000000
3001,0.803166,0.104882,11.209826,1.254010,0.000000
3002,0.811737,0.006397,7.969196,1.267380,0.000000
3003,0.797127,0.152416,5.193193,1.262774,0.000000
3004,0.809871,0.005412,20.716304,1.253085,0.000000
3005,0.812186,0.409158,14.221523,1.256310,-0.000000
3006,0.810828,0.001344,13.700215,1.270414,0.000000
3007,0.803540,0.009345,10.903015,1.292345,0.000000
3008,0.801714,0.035939,10.142899,1.299242,0.000000
3009,0.790832,0.010548,14.160752,1.292655,-0.000000
3010,0.814190,0.013965,25.912267,1.308124,-0.000000
3011,0.799145,0.009190,9.291023,1.329987,0.000000
3012,0.807235,0.001682,14.817007,1.345332,0.000000
3013,0.805673,0.010154,5.793509,1.358390,0.000000
3014,0.804081,-0.010204,11.650740,1.362932,-0.000000
3015,0.795143,0.032589,8.583689,1.372497,0.000000
3016,0.785266,0.053569,3.336775,1.365273,0.000000
3017,0.812270,0.004382,3.825308,1.352197,-0.000000
3018,0.756375,0.061757,13.112902,1.338047,0.000000
3019,0.755551,0.020665,8.366677,1.328790,0.000000
3020,0.785778,0.024519,3.975930,1.310737,0.000000
3021,0.801566,0.007120,3.036208,1.301332,0.000000
3022,0.784615,0.041957,6.787128,1.294533,0.000000
3023,0.788710,0.056578,2.517918,1.279701,0.000000
3024,0.782724,0.046285,2.966162,1.262809,-0.000000
3025,0.770773,0.011305,1.345624,1.250017,0.000000
3026,0.711462,0.010274,11.510122,1.252695,0.000000
3027,0.650280,0.014862,7.731638,1.248742,-0.000000
3028,0.623612,0.060567,2.858034,1.230789,0.000000
3029,0.716818,0.021898,3.671175,1.209030,0.000000
3030,0.637860,0.106956,4.635976,1.188644,-0.000000
3031,0.740933,-0.002279,4.380102,1.174369,0.000000
3032,0.800814,0.022908,3.618817,1.173530,0.000000
3033,0.722967,0.030740,2.623735,1.162160,0.000000
3034,0.729952,0.023421,2.161527,1.134393,0.000000
3035,0.679299,0.019037,2.438813,1.120842,-0.000000
3036,0.684885,0.003127,3.973197,1.110326,0.000000
3037,0.692599,-0.000951,4.506820,1.086371,-0.000000
3038,0.712222,0.003510,3.244074,1.068645,-0.000000
3039,0.729830,0.016943,1.826131,1.060399,-0.000000
3040,0.763916,0.007500,3.294067,1.044905,0.000000
3041,0.695836,0.022365,3.958964,1.022317,-0.000000
3042,0.768968,0.001597,2.183688,1.005137,-0.000000
3043,0.775794,0.010205,1.078167,0.992524,0.000000
3044,0.768838,0.023556,2.804705,0.981759,0.000000
3045,0.776485,0.003410,2.284512,0.978411,-0.000000
3046,0.779420,0.012522,2.730317,0.974514,-0.000000
3047,0.787742,0.000641,2.237952,0.973157,-0.000000
3048,0.771618,-0.000061,6.051013,0.978575,0.000000
3049,0.788915,-0.000295,3.159135,0.979007,0.000000
3050,0.786443,0.017510,2.258777,0.980784,0.000000
3051,0.764157,-0.003936,5.547074,0.960181,0.000000
3052,0.783503,-0.000953,2.149873,0.954657,-0.000000
3053,0.780748,0.005755,3.074619,0.956921,0.000000
3054,0.741204,-0.000606,5.992093,0.944595,-0.000000
3055,0.756960,-0.006892,3.248450,0.940168,-0.000000
3056,0.749555,-0.000395,6.275015,0.940697,-0.000000
3057,0.755580,-0.004662,5.098370,0.950701,-0.000000
3058,0.769946,-0.001016,2.955245,0.969561,0.000000
3059,0.772799,-0.002272,4.791134,0.974554,0.000000
3060,0.789984,0.018962,2.559348,0.964013,0.000000
3061,0.799319,-0.003730,2.136567,0.957111,-0.000000
3062,0.800341,-0.006620,1.451162,0.955917,0.000000
3063,0.798163,-0.005537,6.441675,0.961944,0.000000
3064,0.728354,-0.005431,21.247412,0.964453,-0.000000
3065,0.785103,-0.000638,6.828958,0.963839,-0.000000
3066,0.760777,-0.003167,5.923224,0.979170,0.000000
3067,0.731977,0.006690,15.342133,0.999568,0.000000
3068,0.618760,0.003732,24.481143,1.005240,-0.000000
3069,0.785955,-0.000744,7.206099,1.007165,0.000000
3070,0.734614,-0.004186,11.246688,1.009608,0.000000
3071,0.796733,0.022962,3.252300,1.014593,0.000000
3072,0.766163,0.002311,5.563361,1.024529,0.000000
3073,0.794147,-0.000901,2.376360,1.023680,0.000000
3074,0.796605,0.013071,4.484169,1.013800,-0.000000
3075,0.801122,0.009223,3.725344,1.007842,0.000000
3076,0.800445,0.000711,3.940828,1.031629,-0.000000
3077,0.804360,0.007363,2.805214,1.064758,0.000000
3078,0.792366,0.009198,2.475544,1.064389,0.000000
3079,0.805022,-0.000520,5.867702,1.069531,0.000000
3080,0.806961,0.000297,4.854108,1.079493,0.000000
3081,0.808707,-0.002285,2.764959,1.080116,0.000000
3082,0.810772,-0.003561,6.023863,1.095363,0.000000
3083,0.804431,0.001072,11.059168,1.120050,0.000000
3084,0.816173,-0.003152,16.123616,1.139512,-0.000000
3085,0.812051,-0.004102,11.864816,1.167385,0.000000
3086,0.806165,0.006258,4.201052,1.176411,-0.000000
3087,0.795501,-0.003214,11.639121,1.175332,-0.000000
3088,0.802466,0.009341,6.014012,1.182563,0.000000
3089,0.813279,-0.004419,19.711131,1.194879,0.000000
3090,0.783324,0.022877,17.472612,1.217940,-0.000000
3091,0.807975,0.061463,3.173807,1.240677,0.000000
3092,0.732214,0.012162,21.716282,1.244683,0.000000
3093,0.797572,0.045914,4.352580,1.238553,-0.000000
3094,0.815231,0.000936,6.851641,1.235212,-0.000000
3095,0.720252,0.023589,17.373555,1.234636,-0.000000
3096,0.805788,0.042600,5.908554,1.219271,-0.000000
3097,0.807188,0.018768,9.937915,1.202269,-0.000000
3098,0.811874,0.011273,6.955737,1.206142,0.000000
3099,0.776846,-0.002223,11.056796,1.208941,-0.000000
3100,0.806573,0.000292,12.412488,1.211330,0.000000
3101,0.797844,-0.000091,11.783311,1.206474,0.000000
3102,0.804864,0.004538,16.957215,1.202316,-0.000000
3103,0.804181,0.014089,11.123040,1.200160,0.000000
3104,0.800836,0.057433,9.297429,1.187847,0.000000
3105,0.778513,0.007975,13.260164,1.178756,0.000000
3106,0.729237,0.014838,11.284480,1.181774,0.000000
3107,0.769159,-0.002773,14.338194,1.189665,-0.000000
3108,0.777354,0.009701,14.796535,1.199989,0.000000
3109,0.728681,0.106223,10.886700,1.210012,-0.000000
3110,0.807787,0.001552,18.925553,1.211043,-0.000000
3111,0.787907,0.003175,16.056628,1.228215,-0.000000
3112,0.768958,0.003893,12.530368,1.254137,0.000000
3113,0.777687,0.008321,7.234005,1.250725,-0.000000
3114,0.803071,-0.003604,10.564139,1.239858,0.000000
3115,0.807838,0.007732,17.799072,1.245492,0.000000
3116,0.781226,0.001582,13.368888,1.252986,0.000000
3117,0.818655,0.011291,13.898009,1.249476,0.000000
3118,0.778104,0.027752,6.766946,1.249954,0.000000
3119,0.776371,0.010299,15.127957,1.254677,0.000000
3120,0.770628,0.144925,11.716244,1.244672,-0.000000
3121,0.778890,-0.004711,8.495352,1.234495,0.000000
3122,0.808380,0.005586,5.532824,1.234971,0.000000
3123,0.769393,0.018629,4.991591,1.232732,0.000000
3124,0.800458,0.040465,2.018299,1.222972,-0.000000
3125,0.742549,0.023240,7.319339,1.216053,0.000000
3126,0.681006,0.019797,2.703110,1.213617,0.000000
3127,0.679789,0.040620,2.581670,1.206010,-0.000000
3128,0.726383,0.037284,6.067736,1.188053,-0.000000
3129,0.703834,0.014855,3.539230,1.184125,0.000000
3130,0.729147,0.028521,2.204199,1.177125,0.000000
3131,0.701854,0.013331,2.264441,1.142236,0.000000
3132,0.687438,0.004657,1.651782,1.127484,0.000000
3133,0.698332,0.025162,2.241260,1.118018,0.000000
3134,0.702500,0.001827,2.078656,1.098378,-0.000000
3135,0.740172,0.012573,2.445542,1.081908,-0.000000
3136,0.716613,0.007903,1.808672,1.075572,0.000000
3137,0.738455,0.042194,2.726280,1.064128,-0.000000
3138,0.696603,0.005635,1.470611,1.048841,-0.000000
3139,0.702888,0.016435,2.682316,1.041272,-0.000000
3140,0.719260,0.025527,2.100015,1.025831,-0.000000
3141,0.729091,0.018241,2.494874,1.006028,0.000000
3142,0.692921,0.005221,3.402433,1.019105,-0.000000
3143,0.680826,0.490640,4.271705,1.034447,0.000000
3144,0.725771,0.008418,2.353546,1.023277,0.000000
3145,0.698521,0.027340,2.168377,1.011930,0.000000
3146,0.708958,0.000331,3.331738,1.002342,-0.000000
3147,0.685984,-0.003103,2.804492,1.001762,0.000000
3148,0.711130,-0.003833,2.250403,1.006502,-0.000000
3149,0.695826,0.000999,1.299937,0.992400,-0.000000
3150,0.728939,0.007160,3.312218,0.975078,-0.000000
3151,0.722855,0.009931,2.434709,0.952983,-0.000000
3152,0.731742,0.039701,1.104773,0.931753,0.000000
3153,0.750730,0.002101,1.081647,0.922197,-0.000000
3154,0.702716,-0.005607,14.551696,0.936200,-0.000000
3155,0.746338,-0.003482,1.401221,0.943988,-0.000000
3156,0.726511,0.021952,4.625657,0.945378,0.000000
3157,0.788024,-0.003024,3.496095,0.957083,-0.000000
3158,0.782551,-0.001372,3.267678,0.959904,0.000000
3159,0.797403,-0.000144,7.425861,0.963686,0.000000
3160,0.800585,-0.000404,8.455761,0.982166,0.000000
3161,0.781227,0.006323,5.655699,0.992586,0.000000
3162,0.811470,-0.001239,21.515784,1.005128,0.000000
3163,0.796894,0.022130,14.155438,1.018508,0.000000
3164,0.785609,0.003037,10.056319,1.023474,0.000000
3165,0.808102,-0.007351,13.418627,1.043392,0.000000
3166,0.806298,0.006307,10.336811,1.068219,-0.000000
3167,0.772406,0.009924,11.249733,1.065003,-0.000000
3168,0.738356,0.012302,3.866640,1.044133,-0.000000
3169,0.757933,-0.003137,4.008091,1.033674,0.000000
3170,0.766774,0.010612,4.237886,1.045477,0.000000
3171,0.735343,0.014618,2.022900,1.055615,0.000000
3172,0.720889,-0.000018,1.761292,1.042394,-0.000000
3173,0.745958,0.000156,1.203583,1.049371,0.000000
3174,0.704046,0.021851,1.178273,1.060890,-0.000000
3175,0.757697,0.011938,6.848384,1.059539,-0.000000
3176,0.763040,0.018892,2.584151,1.052236,-0.000000
3177,0.759578,0.012606,2.592084,1.055000,0.000000
3178,0.768736,0.451410,5.544509,1.065675,0.000000
3179,0.715484,0.001743,6.417599,1.072682,0.000000
3180,0.760445,-0.005550,4.982746,1.072471,0.000000
3181,0.781759,-0.005017,9.373320,1.062503,-0.000000
3182,0.692530,-0.004829,0.610850,1.061987,0.000000
3183,0.752370,-0.002888,5.717981,1.078142,0.000000
3184,0.724537,0.002312,4.687260,1.079588,-0.000000
3185,0.735074,0.003996,1.679573,1.057535,0.000000
3186,0.757885,0.003827,6.720700,1.048906,-0.000000
3187,0.792895,-0.004141,18.444088,1.050320,-0.000000
3188,0.760859,-0.003391,15.689820,1.061899,0.000000
3189,0.739306,-0.003361,6.212906,1.072509,0.000000
3190,0.777251,-0.005955,7.193448,1.085601,0.000000
3191,0.792859,0.004895,4.285801,1.112775,-0.000000
3192,0.799021,-0.001732,7.482283,1.142798,-0.000000
3193,0.774631,0.005413,7.640250,1.172311,0.000000
3194,0.782380,-0.003722,28.128778,1.196252,-0.000000
3195,0.798904,-0.001715,57.851815,1.207436,-0.000000
3196,0.716752,0.116103,37.516783,1.214031,0.000000
3197,0.718262,0.016701,44.681926,1.221280,0.000000
3198,0.753636,-0.004091,33.077050,1.229015,-0.000000
3199,0.687920,0.035274,19.303407,1.224187,0.000000
3200,0.691380,0.049090,7.505978,1.210026,0.000000
3201,0.760751,-0.000242,15.148754,1.199665,0.000000
3202,0.737349,-0.000825,4.231015,1.201043,0.000000
3203,0.785940,-0.002046,25.729210,1.218016,0.000000
3204,0.803820,-0.003197,17.002919,1.248972,-0.000000
3205,0.775941,0.002065,17.542221,1.258520,0.000000
3206,0.794298,0.007728,18.194897,1.253005,-0.000000
3207,0.793568,-0.002136,12.305889,1.266440,0.000000
3208,0.765586,0.018032,9.109123,1.283014,-0.000000
3209,0.800180,-0.003874,20.981786,1.298059,0.000000
3210,0.817088,0.001500,30.686626,1.320895,0.000000
3211,0.812690,0.013039,39.919183,1.344408,0.000000
3212,0.816192,0.009844,22.275003,1.355526,-0.000000
3213,0.816632,0.002553,33.763378,1.337278,-0.000000
3214,0.802604,0.024441,16.463092,1.320967,-0.000000
3215,0.807781,0.005358,24.713181,1.314347,0.000000
3216,0.771895,0.043521,7.688922,1.305563,-0.000000
3217,0.799408,0.081153,8.199016,1.298348,-0.000000
3218,0.803709,0.024490,13.811334,1.308697,-0.000000
3219,0.806860,0.005688,16.235907,1.316415,0.000000
3220,0.812990,0.015318,27.291845,1.342411,0.000000
3221,0.810335,0.001426,27.045968,1.364699,-0.000000
3222,0.818913,0.051770,42.453833,1.361567,0.000000
3223,0.821888,0.000235,41.407226,1.372847,-0.000000
3224,0.806315,0.046647,30.071761,1.377922,-0.000000
3225,0.812622,0.002354,46.472769,1.365107,0.000000
3226,0.816315,0.007338,52.235315,1.365376,0.000000
3227,0.808386,0.161314,29.616203,1.365083,-0.000000
3228,0.781368,0.008542,32.146325,1.357360,0.000000
3229,0.737768,0.006889,42.932075,1.336244,-0.000000
3230,0.687351,0.008561,27.174320,1.318497,0.000000
3231,0.667056,0.020377,10.016953,1.305145,0.000000
3232,0.618338,0.030923,10.595701,1.295691,-0.000000
3233,0.689822,0.055525,4.427445,1.287749,-0.000000
3234,0.703875,0.028952,5.777848,1.279719,0.000000
3235,0.726059,0.022432,8.543806,1.279325,0.000000
3236,0.791154,0.002333,19.233364,1.280163,0.000000
3237,0.786123,0.003045,24.418539,1.284286,-0.000000
3238,0.741599,-0.000413,31.500239,1.293388,-0.000000
3239,0.583464,0.035442,26.191459,1.282942,0.000000
3240,0.751951,0.006188,24.603404,1.272333,0.000000
3241,0.804827,0.000315,31.180845,1.275106,0.000000
3242,0.812496,-0.001137,20.410827,1.265010,-0.000000
3243,0.784872,-0.001033,23.185892,1.262031,0.000000
3244,0.798247,0.010039,19.854782,1.270688,0.000000
3245,0.777496,-0.006012,20.438287,1.277428,-0.000000
3246,0.773445,0.007913,22.224386,1.281420,0.000000
3247,0.740442,0.048979,28.379263,1.288472,-0.000000
3248,0.784791,-0.000312,23.334724,1.291000,0.000000
3249,0.770553,0.008350,22.206533,1.314036,0.000000
3250,0.761823,0.008405,23.971184,1.326238,-0.000000
3251,0.776966,-0.001933,11.464672,1.336410,0.000000
3252,0.782124,0.009184,10.609181,1.341872,0.000000
3253,0.701268,0.054210,8.450114,1.329834,-0.000000
3254,0.746183,0.002333,3.518474,1.330300,-0.000000
3255,0.773142,0.008895,13.500504,1.327745,0.000000
3256,0.812163,0.021604,19.469699,1.312730,0.000000
3257,0.806090,0.002167,24.588048,1.321633,-0.000000
3258,0.811823,0.000669,29.047783,1.335979,-0.000000
3259,0.809459,0.007649,19.828828,1.340451,0.000000
3260,0.794570,0.009214,8.405131,1.343375,-0.000000
3261,0.806910,0.005724,16.903731,1.345056,0.000000
3262,0.804458,0.006236,9.351139,1.336549,0.000000
3263,0.793786,0.029330,6.972683,1.316897,-0.000000
3264,0.803514,0.007195,13.554200,1.316786,0.000000
3265,0.799937,0.052102,9.190955,1.316320,0.000000
3266,0.801242,0.004185,5.983414,1.305703,0.000000
3267,0.798174,0.010420,5.900603,1.286393,0.000000
3268,0.806935,0.005576,5.909504,1.250905,0.000000
3269,0.808643,0.008265,2.709806,1.243224,0.000000
3270,0.799570,0.051462,5.016064,1.248634,-0.000000
3271,0.797559,0.038226,2.718346,1.248472,0.000000
3272,0.793916,0.004265,4.687692,1.243036,0.000000
3273,0.800536,0.032016,6.430965,1.227786,-0.000000
3274,0.805002,-0.001626,6.094218,1.216896,0.000000
3275,0.755659,-0.005399,2.934053,1.213797,0.000000
3276,0.737271,0.021292,21.135264,1.206693,0.000000
3277,0.778805,0.002366,2.427510,1.201652,-0.000000
3278,0.791663,-0.001626,4.425922,1.188834,0.000000
3279,0.802219,-0.001004,12.749073,1.190386,-0.000000
3280,0.788690,-0.002669,3.422307,1.200882,-0.000000
3281,0.682562,0.013902,19.502426,1.201179,-0.000000
3282,0.725439,0.081616,17.937010,1.201974,0.000000
3283,0.756980,0.006439,13.736976,1.200404,0.000000
3284,0.760617,0.054832,16.421501,1.192576,0.000000
3285,0.757806,0.000652,11.406973,1.186790,0.000000
3286,0.749684,0.056245,3.628607,1.175312,0.000000
3287,0.759524,0.024989,4.309084,1.162042,0.000000
3288,0.683887,0.036870,7.084609,1.158861,0.000000
3289,0.723915,0.034922,7.460687,1.159081,-0.000000
3290,0.715766,0.010142,4.274056,1.144123,0.000000
3291,0.749627,0.043385,8.653804,1.128015,0.000000
3292,0.695392,0.062211,2.536228,1.113697,-0.000000
3293,0.697279,0.265319,4.427980,1.095969,-0.000000
3294,0.728303,0.021487,2.721046,1.080486,0.000000
3295,0.683589,0.021792,7.823627,1.078377,0.000000
3296,0.761620,0.029361,3.020496,1.075751,-0.000000
3297,0.750235,0.006360,2.167579,1.070155,0.000000
3298,0.782731,0.011156,3.034689,1.065235,0.000000
3299,0.768276,-0.001819,1.347293,1.057658,0.000000
3300,0.793654,-0.001134,9.147690,1.065838,-0.000000
3301,0.684346,0.003640,25.790505,1.066164,0.000000
3302,0.774200,0.007133,17.540566,1.066802,0.000000
3303,0.762362,0.002698,4.649749,1.080172,0.000000
3304,0.795579,0.007808,2.178777,1.079881,0.000000
3305,0.798465,0.000307,10.391803,1.084374,-0.000000
3306,0.709438,0.010895,29.184601,1.101632,0.000000
3307,0.778957,0.005029,9.227160,1.119288,0.000000
3308,0.753250,-0.008811,2.810593,1.130389,0.000000
3309,0.593778,0.030344,19.794218,1.147910,0.000000
3310,0.584489,0.088919,8.611543,1.150924,0.000000
3311,0.644115,0.158368,13.775766,1.146550,-0.000000
3312,0.723945,0.004265,7.388268,1.135763,0.000000
3313,0.742032,0.003093,6.750875,1.115192,0.000000
3314,0.664337,0.027611,9.925531,1.095866,0.000000
3315,0.693466,0.018014,1.569893,1.077705,0.000000
3316,0.714423,0.006439,2.069741,1.073655,-0.000000
3317,0.734049,-0.000224,2.159448,1.079314,0.000000
3318,0.701080,0.012921,4.730573,1.080498,0.000000
3319,0.762679,0.032012,2.247829,1.082197,-0.000000
3320,0.764878,0.021291,11.244956,1.085212,-0.000000
3321,0.691458,0.003658,27.266906,1.090197,0.000000
3322,0.777251,0.187188,21.122380,1.100587,-0.000000
3323,0.745259,0.001628,7.876713,1.100627,-0.000000
3324,0.694919,-0.001266,11.758678,1.103636,0.000000
3325,0.736731,0.016872,18.146202,1.113280,-0.000000
3326,0.716010,-0.001889,18.966550,1.113212,0.000000
3327,0.728525,0.012057,6.761248,1.108819,0.000000
3328,0.739798,0.002446,2.848553,1.101871,0.000000
3329,0.757941,0.000308,19.924083,1.112446,0.000000
3330,0.727013,0.001017,3.029864,1.107621,0.000000
3331,0.677272,0.013676,2.629828,1.099414,-0.000000
3332,0.674307,0.019145,3.157102,1.096121,-0.000000
3333,0.761505,0.003400,2.991070,1.093272,-0.000000
3334,0.758606,-0.005432,22.762665,1.097438,-0.000000
3335,0.747940,0.044576,17.329809,1.110135,-0.000000
3336,0.706629,0.004928,4.431830,1.122054,0.000000
3337,0.796769,-0.002460,25.595400,1.140610,0.000000
3338,0.771520,0.009341,12.542618,1.150451,0.000000
3339,0.704143,0.006547,14.216578,1.144466,0.000000
3340,0.772776,0.015360,12.483568,1.145233,-0.000000
3341,0.696345,0.039491,6.631887,1.140380,0.000000
3342,0.712223,-0.001998,21.669706,1.137792,0.000000
3343,0.769592,0.149076,20.717062,1.153309,-0.000000
3344,0.752099,-0.001698,20.457424,1.160343,0.000000
3345,0.785627,0.012027,28.150409,1.167042,0.000000
3346,0.659350,0.174886,29.370521,1.166799,-0.000000
3347,0.691438,-0.003158,21.620405,1.158235,0.000000
3348,0.683547,0.004452,6.138198,1.134893,-0.000000
3349,0.774367,0.009742,27.282586,1.113750,-0.000000
3350,0.798025,0.001693,33.145160,1.115012,0.000000
3351,0.805278,-0.004187,32.313341,1.130060,0.000000
3352,0.810997,-0.004470,28.304807,1.161571,-0.000000
3353,0.761636,-0.000998,19.873817,1.169157,-0.000000
3354,0.794252,-0.001467,31.829811,1.170893,-0.000000
3355,0.747725,0.043815,16.674612,1.176234,0.000000
3356,0.760982,-0.000242,10.650895,1.170031,-0.000000
3357,0.773745,0.005504,11.608264,1.165693,-0.000000
3358,0.796374,0.013479,17.671049,1.165289,-0.000000
3359,0.794071,0.000597,10.899751,1.165134,-0.000000
3360,0.798731,0.002248,7.616753,1.182256,-0.000000
3361,0.791212,0.004708,7.117697,1.187042,0.000000
3362,0.786419,0.009740,6.879149,1.190251,0.000000
3363,0.793214,0.078030,10.884261,1.195418,-0.000000
3364,0.773255,0.001213,4.270285,1.202023,-0.000000
3365,0.773841,-0.002008,4.587832,1.203977,-0.000000
3366,0.774398,0.006282,4.392180,1.201097,-0.000000
3367,0.779190,0.000532,2.730379,1.204506,-0.000000
3368,0.784002,0.004505,2.776428,1.211961,0.000000
3369,0.777105,-0.003231,2.212184,1.192454,-0.000000
3370,0.790416,0.084880,5.048596,1.177159,-0.000000
3371,0.756599,0.067575,2.658964,1.170258,-0.000000
3372,0.761611,0.445631,1.436372,1.151230,0.000000
3373,0.755503,-0.002672,1.156871,1.134839,0.000000
3374,0.774971,-0.003858,2.850651,1.120090,-0.000000
3375,0.748540,0.004067,2.968162,1.117026,-0.000000
3376,0.776111,0.006882,1.679038,1.122498,-0.000000
3377,0.726848,0.177539,5.104876,1.115459,0.000000
3378,0.776989,-0.001852,5.492009,1.109929,0.000000
3379,0.766550,0.013000,1.699564,1.113385,0.000000
3380,0.761368,0.015732,1.549400,1.104786,0.000000
3381,0.800116,-0.004906,9.051685,1.103148,-0.000000
3382,0.777411,0.004780,3.017231,1.107094,0.000000
3383,0.796364,-0.003264,4.137971,1.102335,0.000000
3384,0.791647,0.003539,5.467594,1.104518,-0.000000
3385,0.799680,0.004272,6.825193,1.111684,0.000000
3386,0.792247,-0.001076,4.696673,1.125164,-0.000000
3387,0.786248,0.026292,1.188067,1.127991,-0.000000
3388,0.783557,0.020882,3.613148,1.109361,-0.000000
3389,0.786201,0.002742,4.048585,1.095213,0.000000
3390,0.781907,0.009405,3.230347,1.100988,0.000000
3391,0.792671,0.001204,4.414924,1.108319,-0.000000
3392,0.795967,0.003769,5.729365,1.125847,-0.000000
3393,0.793181,0.010741,5.826166,1.141850,-0.000000
3394,0.779401,0.052607,4.056075,1.143975,-0.000000
3395,0.799610,0.000788,5.809855,1.140577,0.000000
3396,0.785977,0.006278,1.748007,1.137935,-0.000000
3397,0.749987,0.017363,7.208840,1.131128,0.000000
3398,0.707662,0.009064,2.737946,1.132558,-0.000000
3399,0.761863,0.065551,2.169522,1.132044,0.000000
3400,0.721869,0.017967,2.052741,1.107734,0.000000
3401,0.749161,0.011936,1.549586,1.089434,0.000000
3402,0.714776,0.092534,2.379465,1.080814,-0.000000
3403,0.700274,-0.001900,1.637387,1.080434,-0.000000
3404,0.704287,0.008830,2.805620,1.080338,0.000000
3405,0.755163,-0.001875,2.059888,1.085930,-0.000000
3406,0.757226,-0.003890,1.612584,1.088709,-0.000000
3407,0.767134,0.026084,2.435433,1.090971,0.000000
3408,0.723964,-0.001970,6.039658,1.100571,0.000000
3409,0.731933,-0.002899,3.052293,1.113830,0.000000
3410,0.738753,0.025683,1.606227,1.128624,-0.000000
3411,0.756779,0.010344,5.238417,1.145247,0.000000
3412,0.783071,0.014339,2.064931,1.159667,-0.000000
3413,0.785996,0.003989,3.338783,1.172191,0.000000
3414,0.784825,0.000451,1.898580,1.169600,0.000000
3415,0.786384,-0.000260,2.244026,1.140732,-0.000000
3416,0.785056,0.006106,4.162385,1.127255,-0.000000
3417,0.795492,-0.005056,5.806258,1.132618,-0.000000
3418,0.793678,-0.000098,5.789502,1.154975,0.000000
3419,0.804665,0.018699,2.020720,1.164283,-0.000000
3420,0.791278,0.009016,5.812030,1.155641,0.000000
3421,0.789115,0.001010,3.698515,1.151598,0.000000
3422,0.798572,-0.004016,5.080748,1.144218,-0.000000
3423,0.801469,0.001018,10.018073,1.139684,-0.000000
3424,0.805821,0.003913,11.933049,1.149725,0.000000
3425,0.777472,0.123720,16.829247,1.145822,-0.000000
3426,0.806580,0.001273,10.364345,1.132076,-0.000000
3427,0.805784,-0.000286,8.984445,1.125886,0.000000
3428,0.798128,0.003820,6.091777,1.136929,0.000000
3429,0.765975,0.021959,10.833733,1.130617,0.000000
3430,0.765684,0.002995,6.789878,1.125745,-0.000000
3431,0.800873,0.001608,7.320113,1.124268,-0.000000
3432,0.797366,0.008356,7.230898,1.112848,0.000000
3433,0.800335,-0.000475,5.829774,1.102512,0.000000
3434,0.801402,0.003601,6.475534,1.099840,0.000000
3435,0.801994,0.137964,7.085450,1.104804,-0.000000
3436,0.802546,-0.002607,5.034866,1.113367,-0.000000
3437,0.798420,-0.000373,5.390453,1.115892,0.000000
3438,0.800806,0.001883,6.832973,1.128722,0.000000
3439,0.797618,-0.003112,5.087678,1.145375,0.000000
3440,0.803306,0.020009,6.681044,1.162412,-0.000000
3441,0.800905,0.047415,3.677885,1.154097,0.000000
3442,0.790712,0.011832,2.895560,1.139585,-0.000000
3443,0.800989,0.012106,3.206428,1.141518,0.000000
3444,0.804244,0.001599,2.972102,1.147647,-0.000000
3445,0.792334,0.014695,2.640797,1.150158,-0.000000
3446,0.794775,0.000950,0.891371,1.139396,0.000000
3447,0.798086,0.014205,1.775633,1.140397,0.000000
3448,0.758694,-0.000129,6.397568,1.148704,-0.000000
3449,0.771153,0.002743,6.701145,1.144228,0.000000
3450,0.756926,0.006742,1.746095,1.141134,-0.000000
3451,0.779566,0.014141,1.938092,1.127256,0.000000
3452,0.759166,0.003697,4.690311,1.119840,0.000000
3453,0.752924,0.016037,3.206655,1.123291,0.000000
3454,0.786559,0.046477,0.965764,1.111324,-0.000000
3455,0.781021,0.069963,1.473201,1.089060,-0.000000
3456,0.767068,0.025950,0.690102,1.088729,-0.000000
3457,0.772343,0.038503,1.271127,1.099677,0.000000
3458,0.776061,-0.001340,1.520638,1.095367,-0.000000
3459,0.773136,-0.001114,1.805493,1.089218,0.000000
3460,0.774398,0.004508,1.250867,1.088360,-0.000000
3461,0.771814,0.015921,1.418211,1.075246,-0.000000
3462,0.784698,0.024723,0.648873,1.042091,-0.000000
3463,0.772931,0.001936,1.286301,1.016169,0.000000
3464,0.777455,0.014591,1.173113,1.019759,-0.000000
3465,0.777049,0.000654,0.768468,1.033308,0.000000
3466,0.782418,0.039674,0.370504,1.013481,0.000000
3467,0.785390,0.008286,0.956320,0.995589,-0.000000
3468,0.787422,-0.001249,1.756382,0.999000,0.000000
3469,0.787574,-0.001890,0.904152,1.015583,-0.000000
3470,0.790216,0.012184,0.604531,1.024009,-0.000000
3471,0.793991,-0.000972,1.960197,1.039487,-0.000000
3472,0.792949,0.013533,2.711172,1.056281,-0.000000
3473,0.790398,0.002072,1.011796,1.058088,-0.000000
3474,0.788495,-0.000693,0.977542,1.050708,0.000000
3475,0.787498,-0.000461,3.007279,1.049061,0.000000
3476,0.782642,0.003022,3.674304,1.050845,-0.000000
3477,0.791736,-0.000639,3.485214,1.047745,-0.000000
3478,0.787916,0.008980,1.640884,1.037096,0.000000
3479,0.788767,0.023213,1.759369,1.035859,-0.000000
3480,0.788833,-0.003539,1.727742,1.053397,-0.000000
3481,0.784677,-0.001597,1.410319,1.060701,-0.000000
3482,0.789179,-0.000775,1.188500,1.066139,0.000000
3483,0.788762,0.012571,4.805994,1.085805,0.000000
3484,0.788946,0.042629,1.350536,1.091532,0.000000
3485,0.795353,0.009055,2.835111,1.078523,0.000000
3486,0.795313,0.009091,1.248419,1.066561,0.000000
3487,0.806154,-0.003049,7.568850,1.073779,-0.000000
3488,0.801979,0.030864,2.685761,1.093096,0.000000
3489,0.804456,0.027772,7.683671,1.115541,0.000000
3490,0.803414,-0.006148,8.010929,1.144934,-0.000000
3491,0.805587,0.002950,8.169248,1.151860,-0.000000
3492,0.801814,0.013486,13.793673,1.148050,-0.000000
3493,0.809468,0.007045,7.533923,1.125419,-0.000000
3494,0.804101,5.087266,4.675933,1.105111,-0.000000
3495,0.802285,0.009688,4.359002,1.087878,-0.000000
3496,0.810069,-0.003303,3.294584,1.071044,0.000000
3497,0.811537,0.037623,4.918567,1.079290,-0.000000
3498,0.807953,0.134620,3.755476,1.089942,0.000000
3499,0.809737,0.009134,2.453073,1.087957,0.000000
3500,0.804778,0.011204,2.231107,1.066775,-0.000000
3501,0.764961,0.012283,7.415604,1.047136,0.000000
3502,0.796517,-0.000612,1.236126,1.036913,0.000000
3503,0.785907,0.060703,1.077349,1.018883,-0.000000
3504,0.793723,0.017117,0.634425,1.004336,-0.000000
3505,0.793185,0.001723,2.209028,1.011828,-0.000000
3506,0.787540,0.022813,0.600943,1.006374,0.000000
3507,0.801667,0.008195,0.832422,0.976629,0.000000
3508,0.774482,0.002469,1.659620,0.960334,0.000000
3509,0.766276,0.098051,1.088289,0.950536,-0.000000
3510,0.758835,0.004096,2.999768,0.942520,0.000000
3511,0.731374,0.000630,1.608100,0.945470,0.000000
3512,0.744134,0.023508,0.982212,0.957214,0.000000
3513,0.721105,0.126360,11.504867,0.951370,-0.000000
3514,0.749999,1.086662,1.577555,0.936374,0.000000
3515,0.779562,-0.007840,1.607394,0.931214,0.000000
3516,0.798360,0.000894,3.853798,0.940001,-0.000000
3517,0.795702,0.017649,2.674381,0.935598,0.000000
3518,0.791103,0.001239,4.619681,0.924911,0.000000
3519,0.758351,0.009986,0.663046,0.922318,0.000000
3520,0.775346,0.007279,1.053353,0.918001,-0.000000
3521,0.797162,-0.002886,3.196916,0.927464,0.000000
3522,0.774280,0.036228,2.140240,0.939917,0.000000
3523,0.785521,0.000687,1.127192,0.937694,-0.000000
3524,0.795655,0.010669,1.818690,0.939279,0.000000
3525,0.784580,0.051467,2.061897,0.940561,0.000000
3526,0.748232,0.033608,7.969800,0.932544,0.000000
3527,0.753294,-0.006517,7.677674,0.920206,0.000000
3528,0.740768,-0.000373,4.400925,0.926186,0.000000
3529,0.781401,0.000703,0.952786,0.927614,0.000000
3530,0.787609,-0.001032,1.097111,0.918628,0.000000
3531,0.786906,0.005801,3.353280,0.914057,-0.000000
3532,0.791073,-0.004012,2.260154,0.910920,0.000000
3533,0.799014,-0.000321,2.117633,0.910315,0.000000
3534,0.799396,0.000636,0.995632,0.913463,0.000000
3535,0.794992,-0.001348,0.731043,0.919155,-0.000000
3536,0.799117,0.063301,0.454579,0.902645,0.000000
3537,0.785707,-0.006586,1.944548,0.891126,-0.000000
3538,0.768875,-0.004190,7.064398,0.903126,0.000000
3539,0.795545,0.016968,1.074656,0.891746,-0.000000
3540,0.795523,-0.002684,4.108756,0.897883,0.000000
3541,0.798603,-0.004047,4.529015,0.915854,0.000000
3542,0.810006,-0.001760,11.998916,0.937334,-0.000000
3543,0.813578,-0.002267,16.595927,0.966733,0.000000
3544,0.805957,0.002985,5.451736,0.983385,0.000000
3545,0.792946,0.021637,3.968950,0.967324,-0.000000
3546,0.771039,0.000144,5.752840,0.971027,-0.000000
3547,0.774095,0.002537,5.862655,0.984521,-0.000000
3548,0.800232,-0.001213,4.090122,1.000228,-0.000000
3549,0.800842,0.000496,2.921716,1.029908,-0.000000
3550,0.742861,0.001755,17.577507,1.038713,0.000000
3551,0.740443,0.000035,17.775954,1.047883,0.000000
3552,0.703222,0.011763,13.961820,1.059064,-0.000000
3553,0.738530,0.114049,5.233355,1.058469,0.000000
3554,0.585872,0.009365,8.693064,1.049331,-0.000000
3555,0.629592,-0.002846,9.472854,1.033379,-0.000000
3556,0.627033,0.001596,8.450154,1.023157,0.000000
3557,0.625957,-0.000711,10.470904,1.027874,0.000000
3558,0.651180,0.000461,3.986068,1.036879,-0.000000
3559,0.648246,2.279581,9.409334,1.026759,0.000000
3560,0.689439,0.004188,3.398973,1.015910,-0.000000
3561,0.771165,0.011859,2.382569,1.005111,0.000000
3562,0.755452,0.006934,2.934585,0.994815,0.000000
3563,0.780322,0.000398,2.625855,0.972791,-0.000000
3564,0.769857,-0.001039,5.803137,0.955498,-0.000000
3565,0.765977,-0.000929,2.175583,0.965793,0.000000
3566,0.760524,0.004740,3.475580,0.963271,-0.000000
3567,0.772844,0.016707,3.857917,0.933596,0.000000
3568,0.759924,-0.002712,4.063248,0.906584,0.000000
3569,0.782673,0.001713,4.346072,0.905828,0.000000
3570,0.816267,0.005296,10.122028,0.911203,-0.000000
3571,0.769906,0.012366,4.478354,0.924708,0.000000
3572,0.781794,0.135319,6.473881,0.936178,-0.000000
3573,0.773264,-0.000969,5.988308,0.943731,-0.000000
3574,0.808092,0.015475,6.816997,0.939259,-0.000000
3575,0.776949,7.951414,6.451640,0.934293,0.000000
3576,0.816724,0.001362,8.903448,0.934375,-0.000000
3577,0.807076,-0.004276,6.122843,0.921660,0.000000
3578,0.805505,0.006161,9.633671,0.905538,-0.000000
3579,0.813135,-0.005738,4.982922,0.909240,-0.000000
3580,0.808368,0.010845,4.700085,0.923656,-0.000000
3581,0.787745,-0.002035,3.487231,0.929500,-0.000000
3582,0.802254,0.004266,3.417441,0.917417,0.000000
3583,0.803590,0.000156,13.353608,0.910828,-0.000000
3584,0.793304,0.002657,2.976924,0.920448,0.000000
3585,0.801423,0.006739,1.360834,0.927478,0.000000
3586,0.795553,0.019916,1.191545,0.933782,0.000000
3587,0.771976,0.048405,1.681666,0.933417,-0.000000
3588,0.793483,0.009580,5.437542,0.918557,0.000000
3589,0.822347,-0.002979,23.813856,0.915355,-0.000000
3590,0.767751,0.001208,3.716991,0.921759,0.000000
3591,0.800372,0.000366,13.388022,0.946752,0.000000
3592,0.806880,0.000871,3.213376,0.966795,0.000000
3593,0.756275,0.013655,7.000877,0.954819,-0.000000
3594,0.741440,0.003770,1.892667,0.931625,0.000000
3595,0.740770,0.041854,1.792909,0.905397,0.000000
3596,0.721476,0.293045,3.034556,0.880638,0.000000
3597,0.755913,0.000143,2.348019,0.859313,-0.000000
3598,0.763652,0.012288,1.624896,0.836347,-0.000000
3599,0.784938,0.035115,1.830761,0.819567,0.000000
3600,0.779353,0.003671,2.983763,0.828177,0.000000
3601,0.805212,0.001916,12.262950,0.834053,0.000000
3602,0.791481,-0.003171,7.748937,0.838542,-0.000000
3603,0.788665,0.013004,15.877501,0.842702,-0.000000
3604,0.788751,0.004123,2.012304,0.845309,-0.000000
3605,0.801092,0.012263,10.047004,0.870690,-0.000000
3606,0.764570,-0.004963,11.326089,0.894827,0.000000
3607,0.775852,-0.001310,8.505157,0.899191,0.000000
3608,0.769122,0.012921,3.305064,0.899206,0.000000
3609,0.772568,0.010548,7.354995,0.897238,0.000000
3610,0.733846,0.015397,6.109695,0.887718,0.000000
3611,0.728964,0.028111,4.867554,0.881393,0.000000
3612,0.738237,-0.005456,1.716778,0.885406,0.000000
3613,0.721833,-0.001798,2.402283,0.882242,0.000000
3614,0.682166,0.032107,2.348723,0.871202,-0.000000
3615,0.637689,0.176242,2.289852,0.857629,-0.000000
3616,0.706686,0.005773,1.984439,0.834682,0.000000
3617,0.645342,-0.003466,5.807362,0.828531,0.000000
3618,0.729914,0.002605,2.596846,0.836830,-0.000000
3619,0.702745,-0.002053,1.056079,0.840569,0.000000
3620,0.709717,-0.002838,10.631577,0.847102,0.000000
3621,0.709585,0.029631,3.324941,0.845065,-0.000000
3622,0.748481,0.007248,2.328616,0.831393,0.000000
3623,0.710438,-0.005518,23.053064,0.828164,-0.000000
3624,0.714332,-0.000404,17.033788,0.822225,0.000000
3625,0.712074,0.005557,12.609620,0.838522,0.000000
3626,0.689655,0.005826,24.175535,0.858790,0.000000
3627,0.713750,-0.000574,14.495182,0.864854,-0.000000
3628,0.716129,0.008242,9.251619,0.864320,0.000000
3629,0.754676,-0.001447,9.549485,0.874275,0.000000
3630,0.753000,0.010937,1.721066,0.877747,-0.000000
3631,0.690363,0.009724,14.132427,0.876504,0.000000
3632,0.732311,0.061804,1.010005,0.877078,0.000000
3633,0.755096,-0.003058,2.717171,0.867134,0.000000
3634,0.783602,0.005591,2.937193,0.868916,0.000000
3635,0.703077,0.005282,1.708229,0.865505,0.000000
3636,0.716447,-0.000990,1.164921,0.855137,0.000000
3637,0.714776,-0.000981,1.739677,0.845006,0.000000
3638,0.776904,-0.000006,11.908416,0.851444,0.000000
3639,0.765370,-0.002382,5.374898,0.845792,0.000000
3640,0.708650,-0.007786,3.197545,0.824820,0.000000
3641,0.811465,-0.003103,12.802118,0.845957,0.000000
3642,0.761896,0.005727,2.839440,0.869422,0.000000
3643,0.813163,-0.000949,20.776897,0.867149,-0.000000
3644,0.790059,0.003414,16.382189,0.895797,0.000000
3645,0.822943,-0.002937,13.923675,0.926884,0.000000
3646,0.766527,0.000368,5.542414,0.938352,-0.000000
3647,0.820974,-0.002036,19.602167,0.957061,0.000000
3648,0.804508,0.009284,18.435878,0.972044,-0.000000
3649,0.796134,0.003932,8.899732,0.971772,-0.000000
3650,0.809600,0.035454,21.171768,0.974755,-0.000000
3651,0.813228,-0.003142,21.009237,0.974774,-0.000000
3652,0.810985,0.005722,12.955706,0.981877,0.000000
3653,0.787296,0.018595,14.560089,1.000196,0.000000
3654,0.755173,0.001581,5.112053,1.007971,0.000000
3655,0.720805,0.104995,1.649022,1.009461,0.000000
3656,0.764247,0.010332,4.036429,1.004323,0.000000
3657,0.762826,0.024715,11.837438,0.993845,0.000000
3658,0.726063,0.004592,12.648851,1.002467,0.000000
3659,0.787088,0.039059,20.112179,1.012330,-0.000000
3660,0.770709,0.000470,14.686866,1.025629,0.000000
3661,0.779275,0.005054,17.418073,1.036476,0.000000
3662,0.726793,-0.003147,7.093651,1.048364,-0.000000
3663,0.751018,0.006085,6.656310,1.051184,0.000000
3664,0.725042,0.017461,6.558443,1.028052,0.000000
3665,0.768219,-0.005534,12.944725,1.042726,0.000000
3666,0.736462,0.001382,8.046546,1.060022,-0.000000
3667,0.759896,0.000131,6.483794,1.057803,-0.000000
3668,0.785280,0.001545,5.660050,1.063873,0.000000
3669,0.787959,0.019707,6.681478,1.069400,0.000000
3670,0.778438,0.000809,12.046558,1.077808,0.000000
3671,0.792418,0.008174,7.181546,1.089806,0.000000
3672,0.697650,0.062282,6.058250,1.069453,-0.000000
3673,0.758419,0.045848,9.487782,1.046389,-0.000000
3674,0.771790,0.002741,8.285192,1.044597,0.000000
3675,0.769521,0.000195,13.295129,1.051972,0.000000
3676,0.735116,0.031211,3.649439,1.056678,-0.000000
3677,0.733365,0.003085,1.122134,1.050291,0.000000
3678,0.727229,-0.000517,4.622884,1.057568,0.000000
3679,0.738278,0.043948,2.975802,1.041299,-0.000000
3680,0.749076,0.028904,8.520306,1.020008,-0.000000
3681,0.789667,0.088262,18.906064,1.008700,0.000000
3682,0.792394,0.023268,17.348949,1.007673,0.000000
3683,0.813763,0.003397,20.017093,1.006430,-0.000000
3684,0.758089,0.014378,8.288456,1.005837,0.000000
3685,0.780586,0.007197,16.132266,1.019470,-0.000000
3686,0.759806,0.012939,10.466854,1.046853,-0.000000
3687,0.764250,0.030464,6.898687,1.056884,0.000000
3688,0.758586,0.016990,6.959188,1.044187,-0.000000
3689,0.769636,0.002942,18.148684,1.054013,0.000000
3690,0.753979,0.003101,3.836277,1.057079,0.000000
3691,0.706039,0.099392,3.891818,1.043936,-0.000000
3692,0.727287,0.051430,5.800401,1.024401,-0.000000
3693,0.771290,0.002890,7.863798,1.018267,0.000000
3694,0.809508,0.006256,16.811457,1.032876,0.000000
3695,0.785752,-0.000297,7.505361,1.035316,0.000000
3696,0.772186,-0.002554,8.748945,1.032152,0.000000
3697,0.718285,0.065338,3.868611,1.031112,-0.000000
3698,0.801720,0.142398,11.388064,1.031001,-0.000000
3699,0.810078,-0.002000,14.676718,1.057548,-0.000000
3700,0.779379,0.013286,13.964984,1.085027,0.000000
3701,0.719036,0.005507,10.262098,1.079809,-0.000000
3702,0.754904,0.034055,1.773709,1.059747,0.000000
3703,0.783767,0.005724,9.373348,1.047335,0.000000
3704,0.755263,-0.002986,5.144338,1.057207,0.000000
3705,0.810354,0.001530,13.527730,1.066126,-0.000000
3706,0.758569,0.015477,2.386094,1.044903,0.000000
3707,0.782219,0.001535,3.447732,1.024387,0.000000
3708,0.756308,0.038357,11.490590,1.017229,0.000000
3709,0.764081,-0.004251,2.522336,1.011114,0.000000
3710,0.746028,0.009952,5.985937,1.016837,0.000000
3711,0.784017,0.034358,2.794155,1.025224,0.000000
3712,0.760789,0.002750,3.338494,1.031411,0.000000
3713,0.783140,0.239953,0.952460,1.025401,-0.000000
3714,0.768666,-0.001988,2.943139,1.019066,0.000000
3715,0.753472,0.041005,12.359133,1.031656,-0.000000
3716,0.758193,-0.002388,11.937767,1.049492,0.000000
3717,0.773937,0.019852,9.990903,1.050851,-0.000000
3718,0.792254,0.000076,12.086013,1.046871,-0.000000
3719,0.804490,-0.001494,10.610478,1.054545,0.000000
3720,0.816623,-0.001010,7.483913,1.086858,-0.000000
3721,0.796999,0.040142,3.652488,1.106004,-0.000000
3722,0.769443,0.573836,2.433695,1.090493,0.000000
3723,0.788091,0.015048,9.234723,1.075879,-0.000000
3724,0.769232,-0.004068,2.975704,1.085896,0.000000
3725,0.800879,0.002564,6.696262,1.100853,0.000000
3726,0.758127,-0.009125,8.858745,1.123940,0.000000
3727,0.802650,0.037878,4.073310,1.144385,-0.000000
3728,0.804541,-0.000661,6.526494,1.144503,-0.000000
3729,0.806780,-0.002623,8.393978,1.128357,-0.000000
3730,0.795840,0.183589,16.490047,1.121555,-0.000000
3731,0.812883,0.001774,25.843313,1.121887,0.000000
3732,0.805352,0.010702,12.374916,1.120355,0.000000
3733,0.809225,-0.002568,12.362351,1.127352,-0.000000
3734,0.805171,0.000280,40.166427,1.131565,-0.000000
3735,0.803494,-0.002278,37.796411,1.137134,-0.000000
3736,0.786273,0.051275,46.510436,1.154446,-0.000000
3737,0.775071,0.017435,27.624515,1.161335,0.000000
3738,0.777610,-0.003215,24.167566,1.141890,0.000000
3739,0.812354,0.005648,32.345973,1.121883,-0.000000
3740,0.766432,-0.003011,22.504488,1.108948,0.000000
3741,0.773753,0.499385,24.453080,1.099597,0.000000
3742,0.810446,0.008041,32.975233,1.108165,0.000000
3743,0.785688,0.087505,40.123339,1.125917,0.000000
3744,0.812890,-0.002748,45.728854,1.132331,0.000000
3745,0.788611,0.002012,51.768116,1.131660,-0.000000
3746,0.723026,-0.005401,44.082974,1.143258,-0.000000
3747,0.748879,-0.002534,46.756751,1.163185,0.000000
3748,0.741207,0.002384,38.638228,1.164449,-0.000000
3749,0.751392,0.005228,31.108616,1.158220,0.000000
3750,0.816165,0.009704,41.638565,1.148514,-0.000000
3751,0.806776,0.010541,36.623938,1.152597,-0.000000
3752,0.816478,0.001879,30.881892,1.163948,0.000000
3753,0.790358,0.004267,33.949376,1.153353,0.000000
3754,0.763848,-0.004114,23.405441,1.133949,0.000000
3755,0.782677,0.002446,15.285294,1.125227,0.000000
3756,0.811649,0.010215,15.631834,1.114348,-0.000000
3757,0.774508,-0.004911,20.826730,1.119183,0.000000
3758,0.813560,-0.001281,21.169618,1.136574,-0.000000
3759,0.802967,-0.003359,16.691198,1.148611,-0.000000
3760,0.802357,0.013823,19.489128,1.160995,0.000000
3761,0.796403,0.006432,16.870835,1.154243,-0.000000
3762,0.802694,0.026710,14.885373,1.161062,-0.000000
3763,0.759371,0.057674,6.289434,1.167135,0.000000
3764,0.751821,0.007511,17.657439,1.159157,0.000000
3765,0.726822,0.007804,15.998118,1.157296,-0.000000
3766,0.756283,0.021983,7.212041,1.161606,-0.000000
3767,0.758688,0.003610,12.548040,1.152819,-0.000000
3768,0.798968,0.011270,9.323668,1.127251,-0.000000
3769,0.751214,-0.000499,15.208899,1.117610,0.000000
3770,0.730205,0.000381,9.946256,1.117236,0.000000
3771,0.720401,0.010896,11.955256,1.102123,-0.000000
3772,0.711107,0.004230,2.449565,1.089972,-0.000000
3773,0.749869,0.004910,7.474400,1.077697,-0.000000
3774,0.755680,0.002019,5.640003,1.079916,0.000000
3775,0.739478,0.081036,14.039114,1.074445,-0.000000
3776,0.807528,0.001951,6.124021,1.063634,-0.000000
3777,0.760110,0.011901,6.046965,1.049363,0.000000
3778,0.786727,0.008855,3.491734,1.031853,0.000000
3779,0.757979,0.000590,3.593542,1.031482,-0.000000
3780,0.744256,0.024246,7.319960,1.031570,0.000000
3781,0.762203,0.023020,8.625460,1.030816,0.000000
3782,0.713607,0.033921,7.302609,1.028706,0.000000
3783,0.786466,-0.001620,1.543459,1.018284,0.000000
3784,0.793708,-0.001631,3.923646,1.003997,-0.000000
3785,0.762970,0.007958,3.168813,0.991786,0.000000
3786,0.766796,0.008992,2.355337,0.976144,-0.000000
3787,0.733958,0.011914,2.791281,0.975389,-0.000000
3788,0.705515,-0.000122,3.063134,0.981468,-0.000000
3789,0.771569,-0.001391,1.740644,0.977893,-0.000000
3790,0.767616,-0.000107,2.419009,0.976702,0.000000
3791,0.734535,0.067379,1.237947,0.968376,-0.000000
3792,0.682470,0.193592,1.499574,0.954584,0.000000
3793,0.742459,0.019877,0.961776,0.945143,-0.000000
3794,0.757975,0.007097,0.844948,0.934513,-0.000000
3795,0.768426,0.006035,1.076375,0.932748,0.000000
3796,0.774563,-0.002064,1.124968,0.927958,0.000000
3797,0.752839,0.016251,0.890651,0.908445,-0.000000
3798,0.720189,0.022852,1.327015,0.882846,-0.000000
3799,0.720570,0.001702,1.362675,0.876831,0.000000
3800,0.748414,0.007399,0.721410,0.865242,0.000000
3801,0.799151,-0.001770,1.383010,0.842577,-0.000000
3802,0.779866,0.002876,1.059564,0.825930,0.000000
3803,0.762137,0.003609,0.831643,0.802893,0.000000
3804,0.758453,0.241208,1.021287,0.799730,-0.000000
3805,0.783876,0.000268,0.822027,0.784354,-0.000000
3806,0.793241,-0.005732,2.369848,0.768277,-0.000000
3807,0.796409,0.002255,1.002948,0.767266,-0.000000
3808,0.802579,-0.001082,5.866456,0.770460,-0.000000
3809,0.804812,-0.000602,2.000879,0.783812,0.000000
3810,0.806732,0.243077,2.437303,0.804050,0.000000
3811,0.801880,-0.001445,2.184389,0.811674,-0.000000
3812,0.804720,-0.000035,2.154789,0.810293,0.000000
3813,0.801480,0.006199,1.206252,0.807867,0.000000
3814,0.804037,0.002917,1.892141,0.801395,0.000000
3815,0.800304,-0.003578,1.230621,0.794040,0.000000
3816,0.801040,-0.004661,2.918711,0.781406,-0.000000
3817,0.798879,-0.002486,2.379734,0.784272,-0.000000
3818,0.805600,-0.002515,1.934819,0.793362,-0.000000
3819,0.801820,-0.006593,0.866870,0.797684,0.000000
3820,0.801091,0.013128,0.821594,0.794298,-0.000000
3821,0.795017,-0.001219,0.878362,0.768582,0.000000
3822,0.791773,0.004016,0.779087,0.753338,0.000000
3823,0.808620,-0.004841,2.574445,0.752329,-0.000000
3824,0.803914,0.000498,7.426798,0.758470,0.000000
3825,0.796238,0.055621,0.703497,0.750241,0.000000
3826,0.807952,-0.002871,7.644175,0.745163,0.000000
3827,0.800671,0.022604,5.208501,0.765121,0.000000
3828,0.783936,-0.000941,13.437366,0.800965,0.000000
3829,0.794546,0.006337,8.554747,0.823264,0.000000
3830,0.798850,0.003331,4.796488,0.826834,-0.000000
3831,0.789286,-0.004211,5.121185,0.813935,0.000000
3832,0.813473,-0.003733,19.538895,0.813311,0.000000
3833,0.808756,-0.001685,9.033878,0.828038,0.000000
3834,0.807696,0.000732,12.730019,0.832556,0.000000
3835,0.812778,-0.004859,11.754544,0.842859,0.000000
3836,0.811311,0.002688,15.155621,0.851135,0.000000
3837,0.813593,-0.002143,10.045141,0.848335,-0.000000
3838,0.805971,-0.000951,12.475873,0.854268,-0.000000
3839,0.810958,0.002250,3.804026,0.883056,-0.000000
3840,0.817337,-0.001744,18.872528,0.915573,0.000000
3841,0.812555,-0.003661,21.163402,0.932949,0.000000
3842,0.812622,0.013315,18.354338,0.949256,0.000000
3843,0.813108,-0.005046,30.650396,0.964666,0.000000
3844,0.807634,-0.000062,32.024372,0.974825,0.000000
3845,0.809408,-0.004504,41.755824,1.002441,0.000000
3846,0.816467,-0.002754,39.245332,1.048046,0.000000
3847,0.810422,0.000313,48.028338,1.086330,0.000000
3848,0.818090,0.002562,32.787315,1.097451,0.000000
3849,0.784813,0.010890,52.075645,1.105420,-0.000000
3850,0.724775,0.003491,47.724174,1.100313,0.000000
3851,0.753657,0.064457,22.336438,1.087594,-0.000000
3852,0.752531,0.274812,25.360570,1.083690,-0.000000
3853,0.649046,0.010532,24.429109,1.080602,-0.000000
3854,0.678102,0.014040,8.428428,1.073284,-0.000000
3855,0.722425,0.027796,1.763777,1.056363,-0.000000
3856,0.710894,0.014230,2.941333,1.029242,0.000000
3857,0.702670,-0.003862,14.874282,1.035411,-0.000000
3858,0.734017,0.014542,1.915338,1.040678,-0.000000
3859,0.720423,0.009154,1.491793,1.015831,-0.000000
3860,0.729219,0.010434,1.925021,1.005099,-0.000000
3861,0.727251,0.007096,1.685234,0.992070,-0.000000
3862,0.684880,0.010661,8.255221,0.978604,-0.000000
3863,0.686027,0.008653,3.555042,0.974813,0.000000
3864,0.729303,0.142691,1.652547,0.969390,-0.000000
3865,0.710480,0.081573,1.690040,0.960046,0.000000
3866,0.698226,0.011336,8.005678,0.950792,-0.000000
3867,0.734405,-0.003475,1.354888,0.941336,0.000000
3868,0.745420,0.015495,2.217544,0.934345,0.000000
3869,0.658088,0.013514,13.773033,0.938579,-0.000000
3870,0.711687,0.000823,4.927605,0.932360,-0.000000
3871,0.726009,0.015366,2.140266,0.914495,0.000000
3872,0.714815,0.005594,6.595727,0.905339,-0.000000
3873,0.761391,0.015969,17.635354,0.893323,0.000000
3874,0.746270,0.007440,2.665439,0.894257,0.000000
3875,0.742858,0.003473,5.251439,0.906267,-0.000000
3876,0.754466,-0.001712,12.807528,0.902101,-0.000000
3877,0.761950,-0.006894,20.532692,0.903183,-0.000000
3878,0.744321,-0.003388,22.767096,0.917290,-0.000000
3879,0.676299,0.008880,27.245711,0.923634,-0.000000
3880,0.742952,-0.001459,25.257242,0.925488,0.000000
3881,0.814971,0.010170,22.366118,0.920362,-0.000000
3882,0.817119,0.001321,14.723065,0.905640,0.000000
3883,0.813971,0.006550,28.828268,0.899669,0.000000
3884,0.818537,-0.002521,15.844840,0.891626,-0.000000
3885,0.814507,0.007169,10.484513,0.877832,0.000000
3886,0.807674,0.002535,13.283582,0.873719,0.000000
3887,0.748440,0.008701,37.891977,0.889996,-0.000000
3888,0.750848,-0.004813,29.582036,0.901271,0.000000
3889,0.812023,0.009344,31.202746,0.912487,0.000000
3890,0.745735,-0.000078,46.406139,0.916937,-0.000000
3891,0.747799,0.007632,37.071745,0.914086,-0.000000
3892,0.807503,-0.001088,51.132977,0.925542,0.000000
3893,0.791296,0.002385,30.389080,0.939079,-0.000000
3894,0.787470,0.015358,37.736518,0.946951,-0.000000
3895,0.813421,0.103088,29.480482,0.951585,-0.000000
3896,0.803455,0.003663,22.683922,0.962018,0.000000
3897,0.813692,0.015644,21.343324,0.981831,0.000000
3898,0.810560,0.000953,27.201069,0.993996,-0.000000
3899,0.783201,-0.004673,28.272016,1.015346,-0.000000
3900,0.772014,-0.005064,23.410120,1.035871,0.000000
3901,0.771652,0.003035,22.338993,1.042957,-0.000000
3902,0.776975,-0.002391,30.689775,1.046312,-0.000000
3903,0.792723,0.001407,36.351707,1.057061,0.000000
3904,0.778567,0.001583,28.842516,1.067363,0.000000
3905,0.785396,0.002590,26.870448,1.070343,-0.000000
3906,0.792672,0.004015,26.954390,1.069316,-0.000000
3907,0.813180,-0.003224,32.152623,1.072619,-0.000000
3908,0.809394,-0.002801,26.122666,1.079967,0.000000
3909,0.804686,0.007235,26.115026,1.073347,-0.000000
3910,0.808751,-0.000049,35.161898,1.055200,0.000000
3911,0.817295,-0.001050,37.482772,1.056929,-0.000000
3912,0.768248,-0.002006,30.778882,1.073276,0.000000
3913,0.793891,-0.001853,22.760240,1.085476,-0.000000
3914,0.774996,0.063319,14.974164,1.090715,0.000000
3915,0.813324,0.003498,35.857658,1.090957,0.000000
3916,0.803835,-0.001177,25.738578,1.086585,0.000000
3917,0.775330,-0.001687,21.119465,1.098128,-0.000000
3918,0.790021,-0.002231,31.349061,1.120894,0.000000
3919,0.787761,-0.002150,31.962388,1.139981,0.000000
3920,0.745409,-0.001360,20.863437,1.163056,0.000000
3921,0.793480,-0.003705,30.383383,1.189614,0.000000
3922,0.794245,-0.000304,21.565409,1.208929,0.000000
3923,0.826776,0.017034,29.731702,1.225481,-0.000000
3924,0.755138,0.001638,29.394904,1.227960,-0.000000
3925,0.789455,-0.003662,28.108864,1.220927,0.000000
3926,0.757293,0.011214,19.239782,1.219752,0.000000
3927,0.798414,-0.000478,26.103988,1.215997,-0.000000
3928,0.787938,0.121214,15.175900,1.225177,0.000000
3929,0.791349,0.004410,15.308391,1.245921,-0.000000
3930,0.763418,-0.001240,10.420059,1.244021,-0.000000
3931,0.763080,0.018617,7.213099,1.241732,-0.000000
3932,0.789946,0.032959,16.211261,1.231050,0.000000
3933,0.759984,0.058570,19.902890,1.220304,0.000000
3934,0.782658,0.004667,14.653073,1.212772,0.000000
3935,0.723902,0.004623,3.786068,1.212142,0.000000
3936,0.728995,0.001273,4.828668,1.223937,0.000000
3937,0.716418,0.074344,12.176600,1.230183,0.000000
3938,0.727122,0.071558,21.424918,1.229707,0.000000
3939,0.758462,0.035765,12.882724,1.226077,0.000000
3940,0.756303,0.051982,10.654819,1.225082,0.000000
3941,0.776918,-0.002231,18.809971,1.219863,-0.000000
3942,0.753676,0.015373,8.987153,1.217134,-0.000000
3943,0.801288,-0.004145,27.592800,1.232903,-0.000000
3944,0.779363,0.005123,11.814189,1.244930,-0.000000
3945,0.791037,0.089594,5.429157,1.226265,-0.000000
3946,0.799829,-0.001674,13.764356,1.211777,-0.000000
3947,0.800727,0.076624,16.017106,1.208791,0.000000
3948,0.812487,0.004252,32.853940,1.213419,0.000000
3949,0.770038,0.013281,12.073549,1.218338,-0.000000
3950,0.805413,0.008198,33.710085,1.196873,-0.000000
3951,0.771716,0.011308,18.408664,1.191120,-0.000000
3952,0.747460,-0.001696,37.487942,1.206976,0.000000
3953,0.774461,0.112486,17.008014,1.212145,0.000000
3954,0.732102,0.015204,11.377573,1.211853,-0.000000
3955,0.717961,0.013849,10.955483,1.217675,-0.000000
3956,0.720366,0.020298,3.443360,1.209461,0.000000
3957,0.718981,0.006419,11.952572,1.194266,0.000000
3958,0.780031,-0.000124,16.095345,1.192213,-0.000000
3959,0.809582,0.004676,19.209202,1.191951,0.000000
3960,0.777931,0.005840,23.118169,1.196047,0.000000
3961,0.773788,0.029975,14.552748,1.188143,-0.000000
3962,0.800534,0.599696,13.623273,1.175167,0.000000
3963,0.806727,0.000646,10.220420,1.182832,0.000000
3964,0.789928,0.001173,10.262663,1.192485,-0.000000
3965,0.806078,0.003464,15.876338,1.176885,0.000000
3966,0.803232,0.003407,10.969210,1.157691,0.000000
3967,0.806860,0.005429,13.182061,1.157854,0.000000
3968,0.790562,0.003695,15.492696,1.162607,0.000000
3969,0.774499,0.001830,29.276697,1.165464,-0.000000
3970,0.743620,0.046921,32.072872,1.166584,0.000000
3971,0.752698,0.003907,11.232431,1.150755,0.000000
3972,0.800077,0.031780,13.083402,1.138669,-0.000000
3973,0.810493,-0.006277,32.487765,1.150820,-0.000000
3974,0.802815,0.002657,11.524506,1.177599,0.000000
3975,0.776542,0.097411,24.569225,1.183495,0.000000
3976,0.737556,0.000733,9.793690,1.174064,0.000000
3977,0.753266,0.000666,42.905572,1.182834,0.000000
3978,0.764403,0.008633,12.937924,1.193116,0.000000
3979,0.714997,-0.004742,21.978384,1.186620,-0.000000
3980,0.723423,0.078069,14.332195,1.184889,0.000000
3981,0.717843,0.021808,11.098350,1.187312,0.000000
3982,0.775938,0.025481,12.931947,1.189580,0.000000
3983,0.728191,0.000082,4.202691,1.177874,-0.000000
3984,0.713348,0.000637,1.532241,1.157044,-0.000000
3985,0.747648,0.005455,6.126160,1.151874,0.000000
3986,0.707282,0.004413,1.992625,1.158779,0.000000
3987,0.765162,0.001784,2.862927,1.159333,0.000000
3988,0.795205,0.022271,5.424473,1.145673,0.000000
3989,0.754288,0.012401,7.348965,1.124903,0.000000
3990,0.762342,0.080387,3.939543,1.112903,-0.000000
3991,0.782742,0.002789,4.961861,1.103087,0.000000
3992,0.780509,0.006146,6.237930,1.102811,0.000000
3993,0.801039,-0.000713,7.429441,1.104136,-0.000000
3994,0.800637,-0.004545,20.217789,1.100737,-0.000000
3995,0.732297,0.014815,19.793154,1.100018,0.000000
3996,0.665962,0.007038,27.278609,1.101614,-0.000000
3997,0.631478,0.129684,19.671397,1.104274,-0.000000
3998,0.723116,0.005626,3.953086,1.094376,-0.000000
3999,0.757418,0.043761,8.033524,1.080407,0.000000
4000,0.759074,0.004558,5.746460,1.077437,-0.000000
4001,0.726195,0.033366,6.136072,1.069151,-0.000000
4002,0.758918,-0.002112,11.164297,1.063632,-0.000000
4003,0.760341,0.000933,5.134287,1.061795,0.000000
4004,0.783393,0.002392,3.509116,1.069155,-0.000000
4005,0.788616,0.010259,4.000695,1.068782,0.000000
4006,0.711436,0.008012,16.655279,1.053907,-0.000000
4007,0.745035,-0.002218,2.431155,1.045368,0.000000
4008,0.784114,0.001034,1.987983,1.038290,-0.000000
4009,0.794481,0.009362,2.392444,1.037945,0.000000
4010,0.737955,0.040836,5.949587,1.043215,-0.000000
4011,0.739914,0.020812,2.158516,1.047525,-0.000000
4012,0.764391,0.003723,9.735467,1.055797,0.000000
4013,0.773213,0.006794,4.308178,1.051705,0.000000
4014,0.772948,-0.000097,2.481349,1.041857,0.000000
4015,0.754652,0.003971,4.393781,1.036688,-0.000000
4016,0.788849,0.016947,1.675319,1.032190,-0.000000
4017,0.803005,-0.000124,8.529922,1.050453,0.000000
4018,0.787337,0.040768,3.487493,1.065269,-0.000000
4019,0.740834,0.017225,9.872961,1.060338,0.000000
4020,0.777088,0.008452,4.287595,1.068096,-0.000000
4021,0.806977,-0.001149,5.536024,1.074651,-0.000000
4022,0.795882,0.005639,3.338954,1.078487,-0.000000
4023,0.777782,0.192807,7.733354,1.066461,-0.000000
4024,0.771090,-0.000096,2.486503,1.056149,0.000000
4025,0.809415,0.001196,31.267493,1.059454,0.000000
4026,0.813542,-0.003633,21.896386,1.077444,-0.000000
4027,0.810005,0.004544,23.410316,1.098864,0.000000
4028,0.810386,0.000916,15.417817,1.106051,0.000000
4029,0.808579,0.040211,19.039639,1.110509,0.000000
4030,0.781044,-0.000340,25.957070,1.142617,0.000000
4031,0.778414,0.103332,20.666829,1.164423,0.000000
4032,0.808293,-0.000458,29.804350,1.169346,0.000000
4033,0.797077,0.032952,32.130481,1.160921,0.000000
4034,0.763313,0.001664,30.610670,1.160896,-0.000000
4035,0.783077,0.009151,20.590761,1.173032,-0.000000
4036,0.783003,0.003025,33.409155,1.173188,-0.000000
4037,0.821174,0.001972,30.553980,1.173956,-0.000000
4038,0.807769,0.002498,20.144127,1.174359,0.000000
4039,0.774037,0.004809,20.410445,1.160277,0.000000
4040,0.807597,0.026169,15.397676,1.145296,-0.000000
4041,0.805054,0.001920,19.442184,1.140616,-0.000000
4042,0.807410,-0.000223,13.204419,1.139299,-0.000000
4043,0.803081,0.023521,9.252012,1.120725,-0.000000
4044,0.810608,0.000852,9.882614,1.118976,0.000000
4045,0.778501,-0.010184,18.130645,1.156954,0.000000
4046,0.803441,0.004372,17.674919,1.188419,0.000000
4047,0.805343,0.003052,9.760887,1.203790,-0.000000
4048,0.768763,0.003574,17.464485,1.216975,0.000000
4049,0.807662,0.038012,14.641434,1.220368,-0.000000
4050,0.802825,0.032708,5.151487,1.212223,0.000000
4051,0.811920,-0.000660,16.099962,1.225122,-0.000000
4052,0.809804,0.001162,24.631623,1.252444,0.000000
4053,0.812693,0.016182,10.690151,1.248666,0.000000
4054,0.797727,0.060030,12.681398,1.231866,0.000000
4055,0.800805,0.005285,21.178793,1.221392,0.000000
4056,0.799097,-0.000363,19.157192,1.228552,-0.000000
4057,0.774846,0.002174,21.008807,1.234599,0.000000
4058,0.752543,-0.000780,44.034124,1.234432,0.000000
4059,0.742374,-0.000871,31.126726,1.241620,0.000000
4060,0.745822,-0.000492,21.049270,1.266083,0.000000
4061,0.756725,0.002798,11.558298,1.286666,0.000000
4062,0.778793,-0.001269,27.041429,1.298827,0.000000
4063,0.729386,0.027170,15.433550,1.307400,0.000000
4064,0.714888,0.013923,5.041966,1.302586,0.000000
4065,0.775617,0.000875,7.926288,1.303739,0.000000
4066,0.743524,0.002159,13.461530,1.315420,-0.000000
4067,0.692630,0.063403,4.785995,1.310238,-0.000000
4068,0.733741,0.079216,5.917890,1.295299,-0.000000
4069,0.776064,0.001260,21.467860,1.300704,0.000000
4070,0.692559,0.004622,17.690305,1.326193,0.000000
4071,0.767349,0.063702,8.382056,1.338680,-0.000000
4072,0.635639,0.096475,20.655494,1.323023,-0.000000
4073,0.641283,0.006260,11.771535,1.304887,-0.000000
4074,0.718634,0.023609,1.752091,1.300216,-0.000000
4075,0.770788,0.017848,5.942607,1.298423,-0.000000
4076,0.765350,0.016931,8.307673,1.305092,0.000000
4077,0.720454,0.014110,6.743817,1.303236,-0.000000
4078,0.737974,0.040001,6.217604,1.285864,-0.000000
4079,0.805941,0.014011,9.298516,1.274130,-0.000000
4080,0.750886,0.030368,7.967422,1.269286,0.000000
4081,0.714356,0.032697,4.988507,1.249860,0.000000
4082,0.659965,0.006081,4.928075,1.211834,0.000000
4083,0.769386,0.019099,2.717508,1.190872,0.000000
4084,0.725144,0.032006,13.630623,1.183063,0.000000
4085,0.751951,0.029311,3.777282,1.169837,0.000000
4086,0.734722,0.001941,7.036534,1.154252,-0.000000
4087,0.783474,0.005713,1.921069,1.145941,0.000000
4088,0.792521,0.011453,6.407467,1.130090,-0.000000
4089,0.768457,0.042251,3.350468,1.113245,0.000000
4090,0.728058,0.038709,1.953838,1.100348,-0.000000
4091,0.771699,0.026077,1.755082,1.081938,-0.000000
4092,0.761740,0.025405,1.944300,1.060966,0.000000
4093,0.666579,0.043624,3.219619,1.049170,0.000000
4094,0.745011,0.018564,1.482954,1.030164,-0.000000
4095,0.742623,0.026393,2.262691,1.008496,0.000000
4096,0.735466,0.021405,1.168505,0.986637,-0.000000
4097,0.700319,0.007165,4.158901,0.975288,-0.000000
4098,0.727503,0.011593,0.925560,0.959671,0.000000
4099,0.749914,0.002973,2.415027,0.963813,0.000000
4100,0.764731,0.010812,1.295182,0.968305,0.000000
4101,0.784434,-0.001855,1.051443,0.949146,0.000000
4102,0.742409,0.013952,6.898113,0.938188,-0.000000
4103,0.790519,0.021628,1.996438,0.931592,-0.000000
4104,0.792452,0.007074,3.126716,0.942941,0.000000
4105,0.797060,0.026474,1.631921,0.959202,0.000000
4106,0.792998,0.011807,3.923176,0.946151,-0.000000
4107,0.809264,0.001283,8.925092,0.947180,0.000000
4108,0.809468,0.006654,5.297760,0.953717,-0.000000
4109,0.802437,0.015913,6.486417,0.950202,0.000000
4110,0.801493,-0.001526,4.607170,0.941432,0.000000
4111,0.799166,0.002839,4.114839,0.936123,-0.000000
4112,0.795956,0.004741,5.048621,0.932709,-0.000000
4113,0.798573,0.003896,7.592207,0.935460,-0.000000
4114,0.799935,-0.005238,17.119540,0.966430,0.000000
4115,0.775991,0.026921,20.037691,0.987146,0.000000
4116,0.800602,0.151416,10.122716,0.987745,0.000000
4117,0.765162,0.004840,5.982124,0.996375,0.000000
4118,0.792927,-0.004440,17.118968,1.010455,0.000000
4119,0.799715,-0.000225,16.000556,1.018897,-0.000000
4120,0.782535,-0.000840,15.207918,1.026757,-0.000000
4121,0.813025,0.016859,11.137419,1.022072,-0.000000
4122,0.805583,0.000925,10.591924,1.014802,-0.000000
4123,0.811492,0.014813,6.150293,1.019961,-0.000000
4124,0.809718,-0.000215,4.968742,1.024724,0.000000
4125,0.821512,0.009392,5.659520,1.030309,0.000000
4126,0.806710,-0.000640,10.324503,1.047322,0.000000
4127,0.808404,0.006048,7.396785,1.056988,0.000000
4128,0.806933,-0.004082,4.096411,1.059958,0.000000
4129,0.804194,0.004857,5.362629,1.062625,-0.000000
4130,0.780276,0.003235,15.546855,1.064714,0.000000
4131,0.801743,0.026557,8.666275,1.078024,0.000000
4132,0.821340,0.028922,19.017777,1.079163,0.000000
4133,0.803618,-0.002023,10.060198,1.082807,-0.000000
4134,0.815795,-0.001269,14.688660,1.088573,-0.000000
4135,0.815444,0.014677,11.292425,1.105199,0.000000
4136,0.821114,-0.000018,15.559735,1.113921,0.000000
4137,0.791249,0.007410,17.774667,1.111172,0.000000
4138,0.813773,0.003343,17.153478,1.094355,-0.000000
4139,0.785462,0.005418,19.688748,1.077116,-0.000000
4140,0.809837,0.002983,5.762470,1.088064,0.000000
4141,0.803622,0.023211,7.756074,1.106432,0.000000
4142,0.805591,0.024839,3.461931,1.094650,-0.000000
4143,0.802219,0.100227,8.299049,1.070621,-0.000000
4144,0.794420,0.018083,9.217631,1.036053,-0.000000
4145,0.796746,0.001988,4.784203,1.009185,0.000000
4146,0.795774,0.023128,4.210086,1.016881,0.000000
4147,0.791305,0.007063,4.112015,1.017216,-0.000000
4148,0.789371,0.002189,2.797023,1.020759,0.000000
4149,0.789422,0.006409,4.151349,1.034951,-0.000000
4150,0.772020,0.027924,3.857898,1.042928,-0.000000
4151,0.792539,0.003486,13.979810,1.061606,0.000000
4152,0.804360,-0.001443,24.356377,1.092191,-0.000000
4153,0.776480,0.014142,15.025102,1.106201,0.000000
4154,0.780701,0.051542,22.934784,1.092805,0.000000
4155,0.745087,0.035851,27.197556,1.090874,0.000000
4156,0.736767,0.001516,20.528080,1.081140,-0.000000
4157,0.738289,-0.005981,13.486754,1.075591,0.000000
4158,0.786960,0.004697,20.206273,1.082931,0.000000
4159,0.745203,0.007336,11.830518,1.081479,0.000000
4160,0.779870,0.010020,11.599906,1.077550,-0.000000
4161,0.795942,0.097165,3.561463,1.066547,-0.000000
4162,0.762919,0.006711,20.757734,1.053860,0.000000
4163,0.813080,-0.002368,38.028521,1.060817,-0.000000
4164,0.784354,-0.001947,32.469474,1.076417,-0.000000
4165,0.804385,0.001902,22.068376,1.083209,0.000000
4166,0.804783,0.000511,21.003094,1.091989,-0.000000
4167,0.801613,-0.007029,22.927192,1.112879,0.000000
4168,0.814708,-0.000708,24.118032,1.129843,0.000000
4169,0.801838,0.004990,10.146130,1.135053,-0.000000
4170,0.800642,0.083029,11.007493,1.124386,0.000000
4171,0.720104,0.013883,37.670079,1.110621,0.000000
4172,0.739525,0.003506,16.044522,1.104941,-0.000000
4173,0.711317,0.012589,24.617134,1.095783,-0.000000
4174,0.774662,0.009495,4.826889,1.092328,0.000000
4175,0.749102,0.017845,5.985100,1.090106,-0.000000
4176,0.742513,0.088481,7.117674,1.085437,0.000000
4177,0.779731,0.003018,2.915615,1.088250,0.000000
4178,0.784959,-0.005177,11.839631,1.100927,0.000000
4179,0.775039,0.006671,2.344898,1.105778,-0.000000
4180,0.758118,0.008210,1.346443,1.090813,-0.000000
4181,0.771075,0.011235,2.027387,1.070127,0.000000
4182,0.771751,0.008687,0.909051,1.052643,-0.000000
4183,0.765053,0.015239,1.402750,1.043810,0.000000
4184,0.714140,0.045623,1.703697,1.039060,0.000000
4185,0.689156,0.004031,3.652099,1.026543,-0.000000
4186,0.776777,0.008028,5.158657,1.025570,-0.000000
4187,0.736056,0.017018,4.131808,1.034493,0.000000
4188,0.750961,0.012062,6.195113,1.040963,0.000000
4189,0.740071,-0.005489,11.620453,1.048831,0.000000
4190,0.730091,0.014039,1.649475,1.036407,0.000000
4191,0.760339,0.015856,7.702204,1.037875,-0.000000
4192,0.737311,0.084502,0.852409,1.057422,0.000000
4193,0.699685,0.041139,3.085768,1.049882,0.000000
4194,0.781038,0.016952,16.068936,1.041827,0.000000
4195,0.617318,0.043626,29.097334,1.035291,-0.000000
4196,0.688480,0.039958,7.517449,1.024460,0.000000
4197,0.709315,2.700113,10.360430,1.014733,0.000000
4198,0.735601,0.017531,3.196021,1.004089,0.000000
4199,0.708491,0.153498,6.555134,0.990200,0.000000
4200,0.781821,0.028282,1.799354,0.976684,0.000000
4201,0.797400,-0.004265,3.270907,0.980663,0.000000
4202,0.693850,0.006177,4.736829,0.973282,-0.000000
4203,0.754822,0.004244,1.276604,0.963846,0.000000
4204,0.599990,0.115973,4.353679,0.955672,0.000000
4205,0.706640,0.008227,1.492694,0.942092,0.000000
4206,0.629528,0.022647,2.560559,0.936878,-0.000000
4207,0.685927,0.087378,2.811802,0.912187,0.000000
4208,0.699985,0.049198,2.192778,0.882571,-0.000000
4209,0.703300,0.017456,1.732914,0.867359,0.000000
4210,0.740783,0.002946,2.578385,0.863582,-0.000000
4211,0.731183,0.001332,0.907458,0.863109,-0.000000
4212,0.762915,0.004394,1.712943,0.872315,-0.000000
4213,0.712745,0.007542,9.620206,0.865049,0.000000
4214,0.719359,0.016022,0.794235,0.849143,0.000000
4215,0.751351,-0.003013,0.793165,0.836871,0.000000
4216,0.738595,0.002074,0.777276,0.827963,0.000000
4217,0.731146,0.014185,1.183803,0.813706,-0.000000
4218,0.726640,0.001913,1.401132,0.808140,0.000000
4219,0.751411,0.006385,0.768348,0.807542,0.000000
4220,0.756816,-0.006498,0.749118,0.798826,0.000000
4221,0.766762,0.017730,0.880413,0.781222,-0.000000
4222,0.722917,0.006507,1.376881,0.767562,0.000000
4223,0.763592,-0.001643,1.489636,0.773861,0.000000
4224,0.763787,0.005988,0.550821,0.776966,-0.000000
4225,0.778620,0.002023,1.629793,0.762056,-0.000000
4226,0.784743,-0.002794,1.150350,0.768694,-0.000000
4227,0.787267,0.002772,1.723016,0.804754,0.000000
4228,0.791119,0.002946,1.930670,0.819638,-0.000000
4229,0.802667,-0.000666,4.867725,0.834736,0.000000
4230,0.790944,0.021622,3.747127,0.859106,0.000000
4231,0.780699,0.010193,6.392620,0.872134,-0.000000
4232,0.756239,0.017171,11.338015,0.865484,0.000000
4233,0.767629,0.006533,7.240067,0.880986,-0.000000
4234,0.794289,0.010787,4.662322,0.903873,0.000000
4235,0.770313,0.001889,1.627826,0.910685,0.000000
4236,0.781347,0.184098,3.655726,0.908341,0.000000
4237,0.760438,0.004174,12.935388,0.890843,-0.000000
4238,0.734604,-0.000821,12.819993,0.889566,-0.000000
4239,0.773075,0.005911,9.361400,0.887643,0.000000
4240,0.733172,0.022568,7.589354,0.878928,-0.000000
4241,0.715742,0.005595,9.891995,0.887352,-0.000000
4242,0.762001,0.001422,3.008804,0.898321,0.000000
4243,0.776204,-0.004889,11.361427,0.886988,-0.000000
4244,0.719554,0.002365,15.630651,0.895030,-0.000000
4245,0.680000,0.094832,14.022391,0.911761,0.000000
4246,0.699777,0.002082,17.032123,0.898249,0.000000
4247,0.788281,0.046595,9.332021,0.883583,-0.000000
4248,0.682555,0.006986,19.484818,0.875345,-0.000000
4249,0.785697,0.078592,2.971896,0.868549,-0.000000
4250,0.756526,0.111755,10.880825,0.854510,-0.000000
4251,0.711692,0.029055,14.042770,0.850151,0.000000
4252,0.786673,0.019745,6.244057,0.842479,0.000000
4253,0.811711,0.000020,4.267634,0.836343,0.000000
4254,0.809099,0.009796,2.306083,0.847636,0.000000
4255,0.803645,0.014131,1.670191,0.837321,-0.000000
4256,0.811801,0.011473,6.605736,0.820609,0.000000
4257,0.805825,0.010791,2.186716,0.812036,-0.000000
4258,0.797063,0.098872,2.878691,0.794930,0.000000
4259,0.792093,0.001256,2.741651,0.796122,0.000000
4260,0.794166,0.001086,1.432721,0.824489,0.000000
4261,0.791237,0.007634,0.796005,0.842321,-0.000000
4262,0.796256,-0.001107,6.160290,0.840837,0.000000
4263,0.805954,-0.002540,2.197551,0.841937,0.000000
4264,0.796141,0.008835,2.362231,0.826404,-0.000000
4265,0.812076,-0.000972,3.458924,0.812791,0.000000
4266,0.801009,-0.000111,7.531743,0.814594,-0.000000
4267,0.817326,0.008541,5.877789,0.821061,0.000000
4268,0.752805,0.025640,12.221307,0.825577,-0.000000
4269,0.824339,0.005327,10.620634,0.839245,0.000000
4270,0.818725,0.057800,14.704194,0.840767,0.000000
4271,0.813299,-0.003385,16.823998,0.834142,-0.000000
4272,0.813873,0.001135,21.228832,0.846370,-0.000000
4273,0.821227,-0.002817,17.836359,0.854808,0.000000
4274,0.818866,-0.003461,26.735586,0.879826,0.000000
4275,0.779497,0.000561,22.128838,0.914470,-0.000000
4276,0.743895,0.000799,30.324994,0.924093,0.000000
4277,0.676127,-0.002513,34.202311,0.943505,-0.000000
4278,0.812289,0.005301,27.555227,0.957655,-0.000000
4279,0.788172,0.002074,28.233736,0.947338,-0.000000
4280,0.811669,0.007350,15.108562,0.933691,-0.000000
4281,0.813148,0.001944,26.911111,0.935281,-0.000000
4282,0.815046,-0.001836,46.254442,0.954357,-0.000000
4283,0.740532,0.043593,29.438025,0.977430,0.000000
4284,0.793115,-0.001394,42.887185,0.993909,0.000000
4285,0.748950,0.000672,46.021493,1.022877,0.000000
4286,0.812025,-0.004276,48.116953,1.052943,-0.000000
4287,0.548562,0.007738,22.858267,1.068560,-0.000000
4288,0.537988,0.039703,4.798705,1.083064,-0.000000
4289,0.618428,0.014032,15.114283,1.074064,0.000000
4290,0.676023,0.009012,25.044556,1.064072,0.000000
4291,0.691019,-0.004220,27.352118,1.060703,0.000000
4292,0.809547,0.010246,29.371725,1.052137,-0.000000
4293,0.541701,0.075728,8.465952,1.046941,0.000000
4294,0.543305,0.118044,4.910660,1.042349,-0.000000
4295,0.640275,-0.001905,14.802499,1.039620,0.000000
4296,0.772362,0.025372,24.489662,1.041265,-0.000000
4297,0.820814,-0.002227,28.702596,1.049807,-0.000000
4298,0.745635,-0.000688,25.452118,1.071873,-0.000000
4299,0.802935,-0.000627,31.321951,1.089048,0.000000
4300,0.722617,-0.000781,15.483728,1.109405,0.000000
4301,0.786788,0.004888,26.649147,1.125051,0.000000
4302,0.746693,0.006788,20.397446,1.126861,0.000000
4303,0.703299,0.501151,5.041783,1.108514,-0.000000
4304,0.732407,0.004502,15.660892,1.091419,-0.000000
4305,0.744663,0.024264,13.714065,1.079072,-0.000000
4306,0.774339,0.023244,20.975039,1.076783,0.000000
4307,0.722743,0.002509,8.566624,1.081144,-0.000000
4308,0.726529,0.012987,4.373885,1.077904,-0.000000
4309,0.746873,0.000821,12.984330,1.080569,-0.000000
4310,0.731190,0.012214,1.684759,1.092688,-0.000000
4311,0.720035,0.016093,2.053343,1.088200,0.000000
4312,0.747386,0.007489,5.514827,1.087295,-0.000000
4313,0.744518,0.500160,3.228927,1.082768,-0.000000
4314,0.786254,0.052581,9.446163,1.058714,0.000000
4315,0.800776,-0.002387,25.143949,1.044819,0.000000
4316,0.748640,0.007883,13.064258,1.052382,-0.000000
4317,0.773694,0.002369,18.425148,1.057462,-0.000000
4318,0.816570,0.005165,22.856180,1.054261,-0.000000
4319,0.744501,0.004403,12.547371,1.055093,0.000000
4320,0.819143,0.002169,30.085636,1.055565,-0.000000
4321,0.774857,0.027360,26.429716,1.050762,0.000000
4322,0.775633,-0.001068,24.695538,1.054144,-0.000000
4323,0.804107,0.101638,26.013402,1.061304,0.000000
4324,0.800239,-0.001391,21.661176,1.062981,0.000000
4325,0.778714,0.000517,28.603647,1.071886,0.000000
4326,0.738886,-0.003539,8.425459,1.082135,-0.000000
4327,0.773078,-0.004697,12.909174,1.084503,-0.000000
4328,0.732182,0.008482,8.931295,1.096859,-0.000000
4329,0.715680,0.030676,9.596634,1.101397,0.000000
4330,0.643446,0.047035,7.009462,1.092813,-0.000000
4331,0.619930,0.005298,4.551956,1.075777,-0.000000
4332,0.619429,0.066779,4.685552,1.071519,0.000000
4333,0.669392,0.025167,4.167704,1.055085,-0.000000
4334,0.668655,0.000672,7.493074,1.025566,-0.000000
4335,0.671346,0.004830,2.696245,0.999066,-0.000000
4336,0.605601,0.052610,9.080518,0.981902,0.000000
4337,0.642107,0.027231,3.555233,0.974750,-0.000000
4338,0.635149,0.000077,4.816180,0.969197,-0.000000
4339,0.661912,0.002176,4.694434,0.978849,0.000000
4340,0.654390,0.003413,3.204940,1.003878,0.000000
4341,0.714688,-0.000286,4.997708,1.004965,-0.000000
4342,0.675395,0.005591,5.643431,0.986936,0.000000
4343,0.735580,-0.006012,6.245186,0.982865,-0.000000
4344,0.724660,0.011320,5.565348,0.974790,-0.000000
4345,0.649272,-0.001197,4.685206,0.961883,0.000000
4346,0.617755,0.028803,6.675731,0.952666,0.000000
4347,0.714434,0.006775,7.129604,0.933188,-0.000000
4348,0.686146,0.027178,8.441441,0.929480,-0.000000
4349,0.691187,0.043533,3.998661,0.925088,-0.000000
4350,0.737856,0.011452,11.258342,0.925036,0.000000
4351,0.680703,0.014022,9.427145,0.927681,-0.000000
4352,0.701242,0.001300,6.870059,0.923393,-0.000000
4353,0.751717,0.048711,8.736556,0.927772,-0.000000
4354,0.707368,0.011951,2.266116,0.922918,0.000000
4355,0.686687,-0.000328,2.757998,0.904289,0.000000
4356,0.743697,0.006507,13.954586,0.908898,0.000000
4357,0.782089,0.010600,14.166262,0.916148,0.000000
4358,0.725228,-0.000393,3.974776,0.916234,-0.000000
4359,0.786688,-0.000049,15.539797,0.916464,0.000000
4360,0.800668,-0.003604,23.884454,0.921204,0.000000
4361,0.802554,0.001446,9.103222,0.933762,-0.000000
4362,0.719635,-0.002054,15.051963,0.931582,0.000000
4363,0.675076,0.027570,6.304921,0.919032,-0.000000
4364,0.759870,0.005084,3.648906,0.904409,0.000000
4365,0.746727,0.003478,3.778690,0.900627,0.000000
4366,0.790413,-0.004786,8.761535,0.899187,0.000000
4367,0.775641,-0.000658,10.143182,0.917394,-0.000000
4368,0.772164,0.024606,24.237164,0.926396,0.000000
4369,0.796496,-0.002894,13.387189,0.938610,0.000000
4370,0.804634,-0.000181,8.524307,0.936022,-0.000000
4371,0.781919,0.000541,3.437416,0.919009,-0.000000
4372,0.806223,0.002486,15.952879,0.922518,-0.000000
4373,0.774374,-0.001170,3.490616,0.926183,-0.000000
4374,0.791949,-0.002569,5.036978,0.929684,0.000000
4375,0.797370,0.008554,3.403368,0.928058,-0.000000
4376,0.796410,-0.001097,12.008079,0.927323,-0.000000
4377,0.791336,0.001603,3.432669,0.933992,0.000000
4378,0.787168,0.064035,8.050540,0.936649,0.000000
4379,0.787235,0.007733,2.572314,0.925533,0.000000
4380,0.786897,0.004925,4.584877,0.924133,-0.000000
4381,0.789435,0.003110,1.875764,0.915528,-0.000000
4382,0.801463,-0.000109,3.908624,0.895567,-0.000000
4383,0.795695,-0.003978,3.701837,0.871020,0.000000
4384,0.798984,0.002675,8.612381,0.861354,-0.000000
4385,0.812659,-0.000964,8.414561,0.874087,-0.000000
4386,0.783328,0.004042,5.922390,0.887454,0.000000
4387,0.806284,0.017917,7.497496,0.888392,0.000000
4388,0.818554,-0.002706,12.925113,0.897430,0.000000
4389,0.811046,0.001263,8.024273,0.914082,0.000000
4390,0.818894,-0.001903,18.967502,0.935676,-0.000000
4391,0.789585,0.033702,4.856350,0.942698,-0.000000
4392,0.782048,-0.000037,8.681361,0.931732,0.000000
4393,0.800307,0.002558,13.788732,0.923193,-0.000000
4394,0.817358,0.011425,14.175084,0.942301,0.000000
4395,0.822082,0.010958,9.931243,0.970546,0.000000
4396,0.811630,0.002174,7.654932,0.981235,0.000000
4397,0.806866,0.017829,4.407853,0.986738,-0.000000
4398,0.814210,-0.000497,12.533956,0.998443,0.000000
4399,0.802860,0.024269,2.621125,0.996126,0.000000
4400,0.814653,0.002641,3.139844,0.984232,-0.000000
4401,0.811510,0.004350,6.090722,0.991784,0.000000
4402,0.796413,0.013731,2.966540,0.997568,0.000000
4403,0.805233,-0.000567,3.458711,1.011512,-0.000000
4404,0.801024,-0.001303,9.859553,1.034613,-0.000000
4405,0.804937,0.019258,3.282532,1.029464,-0.000000
4406,0.802734,-0.000701,3.901358,1.029950,-0.000000
4407,0.799847,-0.005684,2.635304,1.045082,-0.000000
4408,0.785360,0.003418,16.583874,1.051755,-0.000000
4409,0.779256,-0.002243,19.009931,1.068575,-0.000000
4410,0.807257,0.005249,3.607660,1.071558,-0.000000
4411,0.726672,0.006190,22.873778,1.074240,-0.000000
4412,0.802334,0.002303,2.986856,1.061580,0.000000
4413,0.799396,-0.002971,3.142395,1.060177,-0.000000
4414,0.782154,0.044231,3.354589,1.053690,0.000000
4415,0.770991,0.016455,4.760880,1.026150,0.000000
4416,0.645128,0.016329,25.975116,1.015911,-0.000000
4417,0.689568,0.009205,18.049116,1.023978,-0.000000
4418,0.761065,-0.000522,3.642619,1.040729,0.000000
4419,0.758306,0.019730,3.698142,1.047084,0.000000
4420,0.750431,0.002019,5.201966,1.024178,-0.000000
4421,0.779224,0.009518,1.908853,1.022522,0.000000
4422,0.722194,0.021709,7.358898,1.038602,0.000000
4423,0.742732,0.082744,4.851031,1.027288,0.000000
4424,0.707178,0.023564,2.882108,1.008384,-0.000000
4425,0.740574,-0.005170,12.763749,1.011055,0.000000
4426,0.728620,-0.001847,2.636691,1.003885,0.000000
4427,0.756672,0.003130,14.983403,0.994003,0.000000
4428,0.678332,0.012551,10.256795,1.001752,-0.000000
4429,0.748809,0.005720,15.959390,0.998531,0.000000
4430,0.806653,0.001313,34.427445,1.002551,-0.000000
4431,0.738165,0.018676,19.716292,1.014025,-0.000000
4432,0.732389,-0.003953,17.526826,1.026503,0.000000
4433,0.705353,0.013788,19.941196,1.047849,-0.000000
4434,0.712121,0.029317,10.506700,1.057322,-0.000000
4435,0.780499,0.010128,31.094017,1.067166,-0.000000
4436,0.749663,0.034216,10.461670,1.069823,-0.000000
4437,0.785512,0.017111,8.234050,1.057862,-0.000000
4438,0.786701,0.000439,7.717147,1.045507,0.000000
4439,0.806160,0.003478,9.656385,1.031226,0.000000
4440,0.759396,0.017913,2.359128,1.025288,0.000000
4441,0.773797,0.001630,1.958652,1.036845,0.000000
4442,0.716335,0.004727,6.772783,1.036840,-0.000000
4443,0.719632,0.451128,15.251607,1.032300,0.000000
4444,0.766893,-0.008017,8.204962,1.044802,0.000000
4445,0.775209,-0.002111,6.194296,1.074321,-0.000000
4446,0.775433,0.003395,8.992711,1.091071,-0.000000
4447,0.761366,0.009902,7.652105,1.085274,-0.000000
4448,0.807164,-0.002146,17.087419,1.097568,-0.000000
4449,0.796717,0.034087,16.797862,1.121615,-0.000000
4450,0.787070,0.007212,35.671103,1.125336,-0.000000
4451,0.792987,0.000722,13.354870,1.119203,0.000000
4452,0.760674,0.082134,16.107223,1.119525,0.000000
4453,0.746952,0.019420,28.594554,1.114955,-0.000000
4454,0.762795,0.023694,34.249199,1.096851,0.000000
4455,0.751130,0.021959,21.688290,1.098102,0.000000
4456,0.766978,0.002889,23.560139,1.091114,0.000000
4457,0.734622,-0.000766,10.415980,1.076618,0.000000
4458,0.717692,0.016925,7.154923,1.068192,0.000000
4459,0.752699,0.054015,10.622058,1.048351,0.000000
4460,0.774667,0.003848,11.595054,1.033066,0.000000
4461,0.740330,0.008833,20.365218,1.026512,-0.000000
4462,0.776276,0.010935,20.012853,1.015945,-0.000000
4463,0.715442,0.046629,10.264400,1.007462,-0.000000
4464,0.745811,0.052100,12.491612,1.023346,0.000000
4465,0.704618,0.266311,6.566039,1.034360,-0.000000
4466,0.719293,0.013162,6.116692,1.022049,0.000000
4467,0.704058,0.036772,0.852160,1.009836,-0.000000
4468,0.687261,0.012758,4.622992,0.993550,-0.000000
4469,0.690058,0.013468,1.425228,0.979172,0.000000
4470,0.694117,0.001650,8.882193,0.975280,0.000000
4471,0.737645,0.016444,6.207180,0.967115,0.000000
4472,0.723729,0.009172,2.548003,0.953274,0.000000
4473,0.714218,-0.000032,8.016250,0.952894,0.000000
4474,0.698004,0.018249,4.749358,0.968492,0.000000
4475,0.742693,-0.003871,8.453612,0.991348,0.000000
4476,0.729117,0.141822,10.527935,1.011713,-0.000000
4477,0.727836,0.020987,9.283971,1.001316,-0.000000
4478,0.743892,0.019093,3.399658,0.973456,-0.000000
4479,0.750216,0.016515,1.283101,0.948990,-0.000000
4480,0.804136,0.013753,4.822784,0.953620,0.000000
4481,0.795620,-0.001649,2.629287,0.963988,-0.000000
4482,0.725329,0.044912,2.159759,0.950870,0.000000
4483,0.743358,0.001441,8.698469,0.939069,-0.000000
4484,0.774900,0.005237,2.100102,0.957460,0.000000
4485,0.804560,0.004993,9.315173,0.961366,0.000000
4486,0.812993,0.015357,5.892944,0.960116,0.000000
4487,0.793994,0.036749,11.981459,0.974456,0.000000
4488,0.701228,0.021210,31.554022,0.993301,-0.000000
4489,0.803661,0.003743,5.227332,0.997155,0.000000
4490,0.808657,0.062500,4.332442,0.999487,0.000000
4491,0.816087,0.032311,2.760796,0.992467,-0.000000
4492,0.772361,-0.003578,16.091073,0.992690,-0.000000
4493,0.803323,0.009744,4.680245,0.996943,0.000000
4494,0.809675,0.002864,3.884548,0.986919,0.000000
4495,0.805993,0.000078,2.425721,0.988435,0.000000
4496,0.719515,-0.000166,14.663396,0.992285,0.000000
4497,0.712631,0.010551,12.875179,0.998040,-0.000000
4498,0.701571,0.044765,3.665523,0.997720,-0.000000
4499,0.793524,0.000368,1.016998,0.976605,0.000000
4500,0.796540,0.002046,7.943986,0.973456,-0.000000
4501,0.799441,-0.002027,3.997138,0.974076,-0.000000
4502,0.813912,-0.000385,25.937397,0.973189,0.000000
4503,0.798036,-0.003521,20.545569,0.999737,0.000000
4504,0.810281,-0.003521,16.962687,1.039852,0.000000
4505,0.813838,-0.003364,47.024891,1.072082,0.000000
4506,0.783796,-0.001289,38.974842,1.080280,0.000000
4507,0.776415,-0.008329,17.430311,1.082750,-0.000000
4508,0.782339,-0.001275,37.297834,1.090278,-0.000000
4509,0.813098,0.031342,20.425387,1.098052,-0.000000
4510,0.792081,-0.002068,29.560361,1.113942,-0.000000
4511,0.782021,0.000879,21.997099,1.132779,0.000000
4512,0.677818,-0.001686,39.616442,1.151457,-0.000000
4513,0.778562,0.012766,38.559545,1.160630,0.000000
4514,0.714579,0.005619,34.112367,1.151799,0.000000
4515,0.781453,0.059033,46.384682,1.159869,0.000000
4516,0.789643,0.003100,45.352707,1.176401,-0.000000
4517,0.693046,0.010417,27.068696,1.180692,0.000000
4518,0.798637,0.003577,27.237323,1.194155,0.000000
4519,0.747447,0.010897,3.332009,1.179923,-0.000000
4520,0.736596,0.008367,5.441288,1.160113,0.000000
4521,0.740736,0.017134,4.035747,1.153403,0.000000
4522,0.741657,0.017100,3.366093,1.130434,0.000000
4523,0.748602,0.007989,2.528920,1.115499,0.000000
4524,0.783805,0.010467,22.998520,1.105382,0.000000
4525,0.698876,0.032847,5.908186,1.104177,0.000000
4526,0.736687,0.000914,1.396903,1.108603,-0.000000
4527,0.740082,0.008961,10.286213,1.104033,0.000000
4528,0.757519,-0.002383,6.124105,1.100059,-0.000000
4529,0.750231,0.018921,3.450555,1.117579,0.000000
4530,0.747663,0.008696,0.983123,1.131838,0.000000
4531,0.759947,0.002653,1.045389,1.134676,-0.000000
4532,0.772330,0.005921,8.572988,1.133345,0.000000
4533,0.795746,0.004651,11.812004,1.128708,0.000000
4534,0.787731,0.012342,7.842245,1.111181,-0.000000
4535,0.801906,-0.000811,23.358455,1.100267,0.000000
4536,0.814336,-0.002531,30.139943,1.107045,0.000000
4537,0.811658,0.002633,16.181558,1.097309,0.000000
4538,0.774702,0.141448,13.614234,1.082763,0.000000
4539,0.793297,0.000797,26.346097,1.081922,0.000000
4540,0.759031,0.007561,19.879723,1.095327,-0.000000
4541,0.744355,0.011961,3.778132,1.099826,-0.000000
4542,0.736914,0.002016,6.483011,1.101690,-0.000000
4543,0.716162,0.005888,1.085763,1.106284,-0.000000
4544,0.765776,-0.001409,11.714339,1.095908,0.000000
4545,0.748021,-0.001016,2.211991,1.098803,-0.000000
4546,0.771810,-0.001967,4.313715,1.108564,-0.000000
4547,0.772008,0.019133,4.511811,1.094122,0.000000
4548,0.790563,0.002131,6.655657,1.089538,-0.000000
4549,0.801812,0.008546,5.499537,1.083560,0.000000
4550,0.766240,0.007369,2.195747,1.062343,-0.000000
4551,0.761399,0.012268,8.115993,1.070037,0.000000
4552,0.721945,0.091978,3.969425,1.090856,-0.000000
4553,0.775565,0.020557,8.514467,1.075472,-0.000000
4554,0.754932,-0.000005,2.845287,1.055204,-0.000000
4555,0.747325,-0.002167,1.831666,1.049889,-0.000000
4556,0.793351,0.065224,3.543124,1.038239,-0.000000
4557,0.742529,0.030915,1.423503,1.004455,-0.000000
4558,0.818957,-0.002657,13.505560,1.000127,0.000000
4559,0.795069,0.005127,13.696310,1.019718,-0.000000
4560,0.818078,-0.003162,12.160119,1.035024,0.000000
4561,0.792770,-0.003965,7.873248,1.043374,0.000000
4562,0.808715,-0.004519,9.717536,1.069678,-0.000000
4563,0.787521,0.012985,6.719592,1.089568,0.000000
4564,0.790470,-0.001366,11.780585,1.093541,-0.000000
4565,0.796794,-0.002127,11.321624,1.107455,0.000000
4566,0.811062,0.001873,11.598156,1.130914,0.000000
4567,0.767749,0.002007,2.711699,1.134699,0.000000
4568,0.811360,0.008218,17.711110,1.132091,-0.000000
4569,0.754604,0.005663,6.664409,1.125433,-0.000000
4570,0.817281,-0.001261,11.337406,1.122138,0.000000
4571,0.764663,0.000888,2.199039,1.134126,0.000000
4572,0.813503,0.017977,8.271511,1.141279,-0.000000
4573,0.800661,0.122757,10.036758,1.156744,0.000000
4574,0.773715,0.034245,11.678653,1.171020,0.000000
4575,0.793537,0.005266,11.604997,1.177284,0.000000
4576,0.816297,0.033852,17.196656,1.175093,-0.000000
4577,0.740813,0.005724,10.075137,1.173236,0.000000
4578,0.808016,-0.003086,8.385302,1.162935,-0.000000
4579,0.818092,0.014641,12.012048,1.162162,0.000000
4580,0.815123,0.003445,11.536185,1.169681,-0.000000
4581,0.802867,0.035801,16.633972,1.169160,0.000000
4582,0.806839,0.001266,11.676545,1.162177,0.000000
4583,0.795558,0.060460,6.159794,1.155963,-0.000000
4584,0.812643,0.010184,15.644423,1.142783,0.000000
4585,0.814078,-0.005053,16.299097,1.145500,-0.000000
4586,0.813840,-0.004539,35.704065,1.147745,-0.000000
4587,0.787891,0.055584,44.098293,1.139692,0.000000
4588,0.804986,0.007306,35.748171,1.144069,-0.000000
4589,0.809854,0.006968,34.460871,1.140192,-0.000000
4590,0.813198,-0.003908,33.426450,1.138654,0.000000
4591,0.809131,0.007278,34.884275,1.140782,0.000000
4592,0.788490,-0.002920,39.470387,1.149686,-0.000000
4593,0.804345,0.018899,47.336046,1.162659,-0.000000
4594,0.779751,0.005249,21.233803,1.176576,0.000000
4595,0.784760,-0.000989,39.303644,1.191486,-0.000000
4596,0.815279,-0.001439,24.449931,1.200046,-0.000000
4597,0.785154,-0.001429,21.030560,1.198409,-0.000000
4598,0.800062,0.010611,20.675010,1.195529,0.000000
4599,0.805871,0.011782,21.013260,1.186056,-0.000000
4600,0.810144,0.000068,19.609285,1.185505,-0.000000
4601,0.805510,0.089695,22.793355,1.192284,0.000000
4602,0.806819,0.005641,19.164267,1.193431,-0.000000
4603,0.767315,0.019672,33.262227,1.188458,0.000000
4604,0.742938,-0.000654,30.374168,1.177251,0.000000
4605,0.762853,-0.005390,31.378965,1.180066,-0.000000
4606,0.742176,-0.006296,43.875968,1.195999,0.000000
4607,0.762183,0.011833,29.364594,1.212093,0.000000
4608,0.808082,0.001077,28.169037,1.222026,0.000000
4609,0.770521,0.000914,37.896519,1.224833,0.000000
4610,0.765454,-0.007208,30.884273,1.232451,0.000000
4611,0.805809,-0.002321,41.163191,1.240646,-0.000000
4612,0.809590,0.016399,42.399692,1.240322,0.000000
4613,0.811653,0.001358,48.481956,1.241872,0.000000
4614,0.739998,0.038325,43.964136,1.251249,-0.000000
4615,0.776738,0.077829,39.424782,1.260336,-0.000000
4616,0.781258,0.003719,33.712070,1.268921,-0.000000
4617,0.701603,0.003726,34.907111,1.247451,0.000000
4618,0.709728,0.001625,30.149999,1.224700,0.000000
4619,0.743843,0.006961,39.270929,1.228065,0.000000
4620,0.788353,0.032361,32.782627,1.234560,0.000000
4621,0.807098,0.017340,32.413647,1.236389,0.000000
4622,0.784318,0.001519,21.713267,1.251601,-0.000000
4623,0.737503,0.058535,35.746337,1.252305,0.000000
4624,0.788465,0.001537,33.562180,1.247525,-0.000000
4625,0.805055,0.034433,36.262477,1.272102,0.000000
4626,0.771548,0.002838,35.438801,1.282658,-0.000000
4627,0.773088,0.080065,33.564134,1.282341,0.000000
4628,0.809870,0.009134,28.830345,1.298668,0.000000
4629,0.703134,0.039686,22.599725,1.307788,0.000000
4630,0.722806,0.016706,16.361316,1.321323,0.000000
4631,0.786681,0.006158,28.756586,1.344453,-0.000000
4632,0.766143,0.015760,24.166904,1.358689,0.000000
4633,0.779304,0.031860,25.150116,1.355486,-0.000000
4634,0.789694,0.002356,18.739013,1.362924,0.000000
4635,0.804589,0.001033,38.645167,1.386352,-0.000000
4636,0.805075,0.018449,28.097963,1.386105,-0.000000
4637,0.796253,0.172584,31.140189,1.353992,0.000000
4638,0.802077,0.024889,30.052052,1.345229,0.000000
4639,0.802087,0.000974,26.155085,1.361992,-0.000000
4640,0.803253,0.004094,31.933802,1.370626,-0.000000
4641,0.802434,0.060999,21.060354,1.370463,0.000000
4642,0.802858,-0.002324,27.172592,1.379511,0.000000
4643,0.802399,0.007777,17.777401,1.399953,0.000000
4644,0.804020,0.019587,13.119543,1.398791,-0.000000
4645,0.807177,0.041238,28.189797,1.402805,-0.000000
4646,0.798279,0.000512,38.989975,1.421356,0.000000
4647,0.805386,0.034469,38.332714,1.447067,-0.000000
4648,0.801296,0.008199,30.671575,1.473610,-0.000000
4649,0.805448,0.069804,28.048932,1.480382,0.000000
4650,0.795157,0.118172,32.266193,1.475708,-0.000000
4651,0.790626,-0.000445,31.351047,1.469287,0.000000
4652,0.798360,-0.000967,20.321810,1.472158,-0.000000
4653,0.800658,0.002847,26.344653,1.494346,0.000000
4654,0.800563,0.016252,22.086258,1.508369,-0.000000
4655,0.801066,-0.004856,32.384017,1.518013,0.000000
4656,0.796538,0.015351,32.679075,1.524564,0.000000
4657,0.797323,0.014920,31.059796,1.526147,-0.000000
4658,0.774766,0.008521,28.315023,1.533672,0.000000
4659,0.799727,0.132992,21.951500,1.558201,-0.000000
4660,0.801098,0.039804,32.224392,1.561884,0.000000
4661,0.765369,0.019231,33.153861,1.563453,0.000000
4662,0.731404,0.013908,30.475713,1.573819,0.000000
4663,0.763085,-0.003093,24.071392,1.581212,-0.000000
4664,0.651832,0.015065,18.717789,1.576254,-0.000000
4665,0.654860,0.071993,9.636653,1.549149,0.000000
4666,0.652514,0.007893,3.494531,1.530605,-0.000000
4667,0.634874,0.006501,4.328113,1.518929,0.000000
4668,0.655473,0.007795,3.083937,1.505295,-0.000000
4669,0.683458,-0.002039,2.261343,1.478812,0.000000
4670,0.720701,0.013086,9.323695,1.463032,-0.000000
4671,0.725639,0.002924,8.203182,1.467444,-0.000000
4672,0.756408,0.032715,12.444876,1.475634,0.000000
4673,0.689005,0.004071,7.374879,1.493436,0.000000
4674,0.756657,0.009757,11.465866,1.490701,-0.000000
4675,0.784555,0.004722,15.685940,1.476173,-0.000000
4676,0.753305,0.000044,10.005092,1.462723,0.000000
4677,0.776332,0.000109,12.643051,1.458213,-0.000000
4678,0.761745,-0.003553,11.904100,1.452645,-0.000000
4679,0.768474,0.011870,13.773321,1.438811,-0.000000
4680,0.759908,0.009697,13.584132,1.427401,0.000000
4681,0.773955,0.026503,11.772929,1.424930,-0.000000
4682,0.770672,0.020339,10.464830,1.437497,-0.000000
4683,0.785960,-0.003422,8.342248,1.436637,0.000000
4684,0.769264,-0.002153,3.885337,1.429849,0.000000
4685,0.750837,0.000789,3.199155,1.408245,-0.000000
4686,0.778094,0.000373,6.653322,1.396202,-0.000000
4687,0.787028,0.018665,10.608316,1.392231,0.000000
4688,0.790046,0.135192,25.356299,1.409579,0.000000
4689,0.789462,-0.000393,31.406625,1.435921,-0.000000
4690,0.783035,0.003816,21.038482,1.449512,0.000000
4691,0.780673,0.008305,24.212131,1.462562,-0.000000
4692,0.786287,0.003545,15.958262,1.483198,0.000000
4693,0.785775,-0.001509,19.259264,1.506665,-0.000000
4694,0.779363,0.337310,19.321503,1.510348,0.000000
4695,0.778063,0.005648,11.687089,1.500803,-0.000000
4696,0.783262,-0.001625,9.097510,1.500989,-0.000000
4697,0.745982,0.110969,6.650580,1.497172,0.000000
4698,0.777938,0.017213,6.356144,1.487543,-0.000000
4699,0.758802,0.015308,2.052075,1.488579,0.000000
4700,0.775475,0.024301,3.606778,1.482958,-0.000000
4701,0.745290,0.199996,7.550323,1.470491,0.000000
4702,0.766995,0.013235,14.310277,1.465263,0.000000
4703,0.702222,0.044503,18.957616,1.467062,0.000000
4704,0.782278,0.009171,7.191850,1.460796,-0.000000
4705,0.768810,-0.000368,10.005851,1.451689,0.000000
4706,0.746888,0.048492,12.010697,1.449548,-0.000000
4707,0.748053,0.111529,18.378214,1.447521,-0.000000
4708,0.714784,0.051761,24.784536,1.443665,-0.000000
4709,0.707752,0.071719,3.060190,1.420829,0.000000
4710,0.768824,0.049217,10.915877,1.397822,0.000000
4711,0.768018,-0.001097,10.357730,1.401757,0.000000
4712,0.770995,0.001271,15.127672,1.424245,-0.000000
4713,0.752754,0.044555,7.690028,1.440464,0.000000
4714,0.752815,0.026981,7.099537,1.416546,0.000000
4715,0.774713,0.018851,16.748858,1.383345,-0.000000
4716,0.769502,0.022781,11.607074,1.366456,0.000000
4717,0.768644,0.036070,12.514625,1.355112,-0.000000
4718,0.776510,-0.004504,14.871876,1.362110,0.000000
4719,0.776067,0.005590,15.763030,1.367226,0.000000
4720,0.775987,0.006981,16.254693,1.358294,-0.000000
4721,0.775550,0.020867,18.484443,1.357143,0.000000
4722,0.775260,0.003030,16.049709,1.358031,-0.000000
4723,0.771236,-0.002039,17.201591,1.353576,0.000000
4724,0.775306,0.002646,17.522932,1.357294,0.000000
4725,0.778687,0.000549,15.079568,1.378848,-0.000000
4726,0.772470,0.004066,12.677547,1.383400,0.000000
4727,0.771746,-0.001401,14.818824,1.383791,0.000000
4728,0.720054,0.051868,14.753645,1.385184,-0.000000
4729,0.774215,0.011734,20.243935,1.376412,0.000000
4730,0.741207,0.025574,13.630759,1.389900,-0.000000
4731,0.643812,0.006117,12.329530,1.405131,0.000000
4732,0.775741,0.012444,19.306614,1.423163,-0.000000
4733,0.774618,0.184492,10.502599,1.438750,0.000000
4734,0.720952,0.027894,13.273593,1.439320,0.000000
4735,0.771563,0.027862,12.501657,1.442785,-0.000000
4736,0.764545,0.008591,6.886301,1.457998,-0.000000
4737,0.763720,0.282507,5.606779,1.463264,-0.000000
4738,0.760819,0.004166,6.269506,1.464978,-0.000000
4739,0.771315,0.004165,10.789004,1.470856,-0.000000
4740,0.768532,0.191467,18.873149,1.486159,-0.000000
4741,0.765482,0.003017,9.796898,1.488671,-0.000000
4742,0.767791,-0.002567,19.631720,1.490085,0.000000
4743,0.771683,0.000767,12.900163,1.502578,0.000000
4744,0.755789,0.011323,7.335712,1.494358,-0.000000
4745,0.768498,0.003259,11.775509,1.480764,-0.000000
4746,0.763310,0.009616,7.772651,1.476086,-0.000000
4747,0.762599,0.008579,15.593113,1.474214,0.000000
4748,0.758163,0.150372,14.479537,1.475734,0.000000
4749,0.761436,0.017152,18.088082,1.467880,-0.000000
4750,0.757822,0.008689,9.188684,1.455715,-0.000000
4751,0.752962,0.013600,12.250724,1.448835,-0.000000
4752,0.756911,0.002409,8.309687,1.436211,0.000000
4753,0.760208,0.012466,9.854463,1.426136,-0.000000
4754,0.760685,0.004858,8.738292,1.413149,0.000000
4755,0.757618,0.041505,9.135132,1.404038,-0.000000
4756,0.759362,0.002543,13.374275,1.395711,-0.000000
4757,0.754102,0.001022,8.574048,1.393363,0.000000
4758,0.756626,0.005601,8.653483,1.379673,-0.000000
4759,0.761287,0.001474,9.406964,1.370858,-0.000000
4760,0.751223,-0.000710,5.485510,1.387385,0.000000
4761,0.749853,0.005667,7.561122,1.384380,-0.000000
4762,0.757368,0.001720,8.511909,1.385505,0.000000
4763,0.748171,-0.002728,11.161453,1.391969,-0.000000
4764,0.755181,0.018170,8.966903,1.382255,0.000000
4765,0.752623,0.030319,8.234435,1.380718,0.000000
4766,0.754943,0.013710,14.837261,1.378617,0.000000
4767,0.753291,0.006318,10.575695,1.374182,-0.000000
4768,0.746219,-0.004589,13.635471,1.388549,-0.000000
4769,0.729945,0.019038,10.906361,1.392480,-0.000000
4770,0.725616,-0.002355,8.489772,1.384136,0.000000
4771,0.732529,0.009831,6.332989,1.382199,0.000000
4772,0.730182,-0.001588,8.673008,1.376396,-0.000000
4773,0.711387,0.001036,8.321756,1.379140,0.000000
4774,0.707155,-0.000845,7.723438,1.394780,0.000000
4775,0.698704,0.018715,7.030911,1.396692,0.000000
4776,0.713537,0.007602,5.662386,1.385213,-0.000000
4777,0.699121,0.001705,5.694826,1.371225,0.000000
4778,0.703434,0.002361,3.264836,1.355838,-0.000000
4779,0.709451,-0.001086,4.992157,1.338065,0.000000
4780,0.745403,-0.001631,8.233751,1.325348,0.000000
4781,0.725751,0.014991,6.503386,1.318462,-0.000000
4782,0.707691,0.002172,7.210179,1.313735,-0.000000
4783,0.726537,-0.001426,6.723568,1.308842,0.000000
4784,0.745165,0.005870,12.072533,1.310267,0.000000
4785,0.749231,-0.008515,10.027692,1.326675,0.000000
4786,0.748159,-0.001396,5.773446,1.357162,0.000000
4787,0.717560,-0.000107,6.438572,1.372261,-0.000000
4788,0.709589,0.011558,2.296503,1.368480,0.000000
4789,0.709141,0.003854,1.675621,1.371517,-0.000000
4790,0.714375,0.005999,1.865823,1.356127,0.000000
4791,0.731118,0.005055,3.372757,1.326042,0.000000
4792,0.754833,0.002431,5.523496,1.304566,0.000000
4793,0.746177,0.000157,4.589909,1.295400,-0.000000
4794,0.756601,-0.003021,7.777990,1.298280,-0.000000
4795,0.758824,0.000042,4.517849,1.297696,0.000000
4796,0.747099,0.050572,3.406311,1.285411,0.000000
4797,0.771393,0.031694,10.533467,1.298507,0.000000
4798,0.770396,0.005058,7.840025,1.320243,-0.000000
4799,0.767325,0.008144,6.204139,1.324479,0.000000
4800,0.783290,0.034190,11.104613,1.319989,0.000000
4801,0.777450,0.061281,5.140039,1.309198,-0.000000
4802,0.753020,0.033784,5.816614,1.291353,0.000000
4803,0.735100,0.058270,7.385934,1.283591,0.000000
4804,0.777064,0.007704,2.890193,1.278197,0.000000
4805,0.775127,-0.003455,7.797738,1.272562,0.000000
4806,0.771579,0.017492,4.305923,1.288557,0.000000
4807,0.778761,0.001921,11.736136,1.293992,0.000000
4808,0.761757,-0.000667,9.581502,1.310890,-0.000000
4809,0.740771,0.001932,7.304192,1.307821,0.000000
4810,0.779087,0.006890,9.594322,1.305527,-0.000000
4811,0.751925,0.001383,6.799875,1.308781,-0.000000
4812,0.758707,0.894703,4.105133,1.290116,-0.000000
4813,0.770197,0.005556,3.286151,1.271399,-0.000000
4814,0.765297,0.018098,4.295490,1.252796,0.000000
4815,0.770150,0.002043,3.343808,1.225249,-0.000000
4816,0.765660,0.002071,6.155511,1.216161,-0.000000
4817,0.768649,0.003669,6.569940,1.208648,0.000000
4818,0.758161,0.020468,8.014685,1.198800,-0.000000
4819,0.760995,0.004017,4.506602,1.178948,0.000000
4820,0.759055,0.010281,3.893953,1.155063,-0.000000
4821,0.759413,0.025742,2.033251,1.150177,-0.000000
4822,0.761816,0.000284,4.109180,1.150320,0.000000
4823,0.773274,0.000160,3.870113,1.157977,0.000000
4824,0.773837,0.014421,4.287389,1.171449,0.000000
4825,0.770965,-0.000403,11.706819,1.166974,0.000000
4826,0.774066,-0.000363,8.169789,1.184609,0.000000
4827,0.777426,-0.000153,4.344320,1.213522,0.000000
4828,0.766903,0.063172,11.168371,1.219424,-0.000000
4829,0.764111,0.013113,10.479833,1.251775,-0.000000
4830,0.768149,-0.007181,7.311926,1.279978,-0.000000
4831,0.768425,0.040002,9.676907,1.282562,-0.000000
4832,0.756507,0.001334,3.222807,1.276992,0.000000
4833,0.762535,0.001801,5.215675,1.267926,0.000000
4834,0.753437,0.008759,2.672825,1.242040,0.000000
4835,0.768609,-0.001973,2.937285,1.240988,0.000000
4836,0.752234,0.006045,3.252885,1.245861,-0.000000
4837,0.764241,-0.005764,5.044834,1.251857,0.000000
4838,0.765096,0.009854,3.787268,1.251683,0.000000
4839,0.762236,0.000813,3.300028,1.249730,-0.000000
4840,0.756527,0.035764,2.324373,1.263194,0.000000
4841,0.750233,0.040139,5.690825,1.260789,0.000000
4842,0.764404,0.018784,1.861104,1.241747,0.000000
4843,0.749773,0.076345,4.626301,1.217154,-0.000000
4844,0.753564,0.002875,9.216199,1.219012,-0.000000
4845,0.754274,-0.003015,2.861862,1.223048,-0.000000
4846,0.740008,0.015675,3.742175,1.216784,0.000000
4847,0.723967,0.053544,5.430673,1.206241,0.000000
4848,0.723376,0.034485,4.616904,1.192638,-0.000000
4849,0.758533,0.041501,3.114548,1.190964,0.000000
4850,0.746142,-0.003989,2.692342,1.201612,-0.000000
4851,0.758971,0.002821,3.852635,1.208126,0.000000
4852,0.756324,0.019296,1.748462,1.199775,-0.000000
4853,0.752494,-0.002444,1.537887,1.193259,-0.000000
4854,0.753614,0.001253,2.413458,1.198820,0.000000
4855,0.757804,-0.003713,2.534254,1.195621,-0.000000
4856,0.754420,0.002894,1.396690,1.177583,0.000000
4857,0.759415,0.006694,2.048822,1.164333,0.000000
4858,0.748151,0.030957,2.146369,1.141542,0.000000
4859,0.749205,0.009404,2.586914,1.115881,0.000000
4860,0.746703,0.014590,1.235559,1.096425,0.000000
4861,0.745190,0.009996,5.149399,1.075426,0.000000
4862,0.750843,0.004597,1.591950,1.061792,-0.000000
4863,0.754420,0.031889,1.818738,1.058334,0.000000
4864,0.751083,0.000719,0.992683,1.066034,0.000000
4865,0.752858,0.002257,1.448874,1.080660,-0.000000
4866,0.745480,0.035467,1.478160,1.087845,-0.000000
4867,0.746057,-0.003342,1.737860,1.097212,0.000000
4868,0.743286,0.011872,3.051389,1.093988,0.000000
4869,0.746984,0.013812,1.530551,1.071763,0.000000
4870,0.739108,0.041904,5.158349,1.049068,0.000000
4871,0.733032,0.004813,8.411930,1.019701,-0.000000
4872,0.737335,0.020627,1.713382,1.001661,0.000000
4873,0.737372,0.006788,0.551759,0.987340,0.000000
4874,0.743440,-0.004481,2.124097,0.983905,-0.000000
4875,0.750137,0.006460,2.102966,0.998619,0.000000
4876,0.754766,0.001014,1.547651,1.012679,-0.000000
4877,0.738456,0.015143,2.529019,1.021878,0.000000
4878,0.735515,0.002508,1.260652,1.023294,-0.000000
4879,0.749552,0.017229,1.326727,1.020554,-0.000000
4880,0.746864,0.018985,1.124965,1.013628,0.000000
4881,0.729777,-0.002688,3.876633,1.005441,-0.000000
4882,0.736746,0.001980,4.095704,1.000993,0.000000
4883,0.734049,0.016079,3.344018,0.990387,-0.000000
4884,0.728743,0.014110,1.845615,0.983566,0.000000
4885,0.726074,0.002383,0.903217,0.974892,0.000000
4886,0.721038,0.006100,4.408216,0.971481,0.000000
4887,0.725173,0.002749,0.898876,0.962967,-0.000000
4888,0.684854,0.001289,4.611603,0.958073,-0.000000
4889,0.613581,0.114889,5.732400,0.954527,-0.000000
4890,0.697490,0.002662,3.567135,0.942875,-0.000000
4891,0.733409,0.002863,3.191354,0.944805,0.000000
4892,0.629552,-0.002105,6.816502,0.956275,-0.000000
4893,0.686359,1.339263,3.758584,0.964870,-0.000000
4894,0.689604,-0.001143,6.074018,0.973244,-0.000000
4895,0.641529,0.001422,2.810387,0.973383,-0.000000
4896,0.699739,0.032681,1.532152,0.953898,0.000000
4897,0.706433,0.035601,2.252244,0.927559,0.000000
4898,0.644942,0.009202,2.982267,0.917942,-0.000000
4899,0.727601,0.034830,1.188148,0.918675,0.000000
4900,0.720405,0.021305,1.580494,0.924024,-0.000000
4901,0.672451,-0.001775,1.917499,0.923154,0.000000
4902,0.708874,0.014213,0.783403,0.918839,-0.000000
4903,0.722000,0.000952,0.669548,0.917398,0.000000
4904,0.716768,0.039657,0.701607,0.913457,0.000000
4905,0.715223,-0.000331,1.009609,0.907968,0.000000
4906,0.703877,-0.001647,1.149672,0.889324,-0.000000
4907,0.721472,0.002416,2.304446,0.883886,-0.000000
4908,0.726075,-0.003287,1.958954,0.913569,-0.000000
4909,0.700803,0.009356,0.710335,0.927349,0.000000
4910,0.692783,0.001419,1.390313,0.922422,-0.000000
4911,0.683139,0.011635,1.915477,0.910479,-0.000000
4912,0.673936,0.003574,1.135031,0.896774,0.000000
4913,0.648663,0.028254,1.007721,0.879356,0.000000
4914,0.676365,-0.000564,0.576832,0.869051,-0.000000
4915,0.705756,-0.004181,2.239670,0.869711,0.000000
4916,0.714575,-0.006050,0.524859,0.887454,0.000000
4917,0.737204,-0.004160,6.866060,0.907797,0.000000
4918,0.751882,-0.002465,3.691602,0.935939,-0.000000
4919,0.739718,-0.003652,1.857509,0.954021,0.000000
4920,0.742157,-0.002923,1.507180,0.983524,-0.000000
4921,0.760067,0.005575,3.262423,1.017285,0.000000
4922,0.754205,-0.006180,1.661053,1.033245,0.000000
4923,0.760693,-0.002999,3.457981,1.015753,0.000000
4924,0.760747,-0.000736,4.734054,1.000651,0.000000
4925,0.765424,-0.001330,3.230510,1.005144,0.000000
4926,0.764599,-0.005425,2.580141,1.030253,0.000000
4927,0.769188,-0.005032,1.066800,1.058782,0.000000
4928,0.772304,0.010750,1.032525,1.056139,0.000000
4929,0.778842,0.152076,1.761833,1.040407,-0.000000
4930,0.780951,0.000412,4.701253,1.045663,0.000000
4931,0.773660,-0.000192,2.119975,1.050542,0.000000
4932,0.781853,0.020847,1.009339,1.055578,0.000000
4933,0.783002,-0.002466,1.596033,1.079705,0.000000
4934,0.784278,0.005036,5.853307,1.112315,0.000000
4935,0.783323,0.001066,2.160026,1.125307,0.000000
4936,0.790887,-0.008182,1.633653,1.113461,0.000000
4937,0.798680,-0.001468,3.420059,1.120583,-0.000000
4938,0.789889,-0.006010,6.277054,1.152195,-0.000000
4939,0.768783,-0.001292,10.091537,1.177411,-0.000000
4940,0.798403,-0.000730,5.446280,1.179253,-0.000000
4941,0.801056,-0.005939,2.381224,1.169905,-0.000000
4942,0.792109,0.003984,6.992104,1.172419,-0.000000
4943,0.799780,0.002441,5.561699,1.187552,-0.000000
4944,0.801623,0.003517,2.334027,1.191968,0.000000
4945,0.791944,0.005506,2.948643,1.177680,-0.000000
4946,0.802784,0.004425,2.786908,1.162052,-0.000000
4947,0.803843,0.016885,6.892868,1.154438,0.000000
4948,0.807653,0.001845,7.292150,1.159555,0.000000
4949,0.803146,-0.001383,12.636509,1.170172,0.000000
4950,0.815089,0.001346,14.267649,1.179523,-0.000000
4951,0.800900,0.025380,8.691372,1.201345,-0.000000
4952,0.800699,0.064930,12.558242,1.223794,0.000000
4953,0.801924,-0.002293,2.814857,1.220255,0.000000
4954,0.793717,-0.005439,5.632288,1.235778,0.000000
4955,0.798484,0.104968,5.215919,1.247491,-0.000000
4956,0.793476,0.003256,9.994957,1.242220,0.000000
4957,0.809110,-0.004581,11.534512,1.258431,0.000000
4958,0.801709,0.054648,8.688567,1.267834,-0.000000
4959,0.809910,0.008792,17.671920,1.261613,-0.000000
4960,0.808966,-0.002080,16.991629,1.266071,-0.000000
4961,0.748928,0.124720,14.656923,1.279850,0.000000
4962,0.806351,0.002517,21.426333,1.282175,-0.000000
4963,0.795633,0.060213,3.985136,1.263331,0.000000
4964,0.807358,0.021481,8.182475,1.231508,-0.000000
4965,0.711508,0.002071,10.770155,1.220998,0.000000
4966,0.774451,0.006051,16.778827,1.220465,-0.000000
4967,0.815952,0.010779,20.070437,1.227805,-0.000000
4968,0.793116,0.021471,9.452847,1.236248,-0.000000
4969,0.803242,0.002027,9.068426,1.226950,0.000000
4970,0.780491,0.003514,11.541884,1.235829,0.000000
4971,0.799102,0.009004,9.261399,1.249124,0.000000
4972,0.802019,0.013132,12.918476,1.254690,0.000000
4973,0.800645,0.004737,2.315338,1.255432,0.000000
4974,0.799126,0.002383,2.085230,1.239787,-0.000000
4975,0.754737,0.004605,5.417255,1.241417,0.000000
4976,0.803349,-0.003489,1.568771,1.248986,0.000000
4977,0.776133,0.003747,34.057735,1.244950,0.000000
4978,0.779011,-0.006760,28.756751,1.273416,0.000000
4979,0.775033,0.006566,35.471916,1.309071,0.000000
4980,0.779738,-0.001600,28.777400,1.324070,0.000000
4981,0.802908,0.025456,25.595600,1.339464,-0.000000
4982,0.808274,-0.001255,26.076028,1.353550,0.000000
4983,0.779423,0.006917,25.534115,1.361556,-0.000000
4984,0.804057,0.008015,16.884838,1.353803,-0.000000
4985,0.806289,0.012024,14.164267,1.352612,0.000000
4986,0.810495,0.000093,7.092728,1.343516,-0.000000
4987,0.813294,0.001008,11.150133,1.336400,-0.000000
4988,0.800393,0.015286,8.393087,1.327691,0.000000
4989,0.761036,0.000999,14.485083,1.327685,-0.000000
4990,0.806720,-0.001002,20.796017,1.348451,-0.000000
4991,0.798584,0.004042,18.711074,1.364707,-0.000000
4992,0.803707,0.121517,14.638633,1.371078,-0.000000
4993,0.809735,0.002857,13.395345,1.374007,0.000000
4994,0.813196,-0.004853,21.969775,1.383840,0.000000
4995,0.808440,0.003577,21.660796,1.402464,-0.000000
4996,0.778986,0.024574,49.489969,1.420129,0.000000
4997,0.780998,-0.001008,28.747234,1.421357,0.000000
4998,0.802357,0.001511,25.231970,1.427037,0.000000
4999,0.804802,0.196631,32.815231,1.425761,0.000000
5000,0.818813,-0.002439,40.269000,1.438248,-0.000000
